CSI_DATA,22693,80:af:ca:27:52:2a,-54,11,1,0,1,1,1,0,0,0,0,-97,0,11,2,307156616,0,83,1,128,0,"[0,0,0,0,0,0,0,0,0,0,0,0,-3,0,-6,-1,-7,-1,-10,-3,-11,-3,-11,-3,-12,-3,-11,-3,-11,-3,-11,-3,-10,-3,-8,-3,-6,-2,-4,-1,-2,0,0,0,1,0,3,2,5,3,7,3,7,4,8,5,9,5,10,5,9,6,9,4,0,0,7,3,5,3,3,1,1,0,0,-1,-1,-2,-2,-4,-3,-5,-4,-7,-5,-7,-6,-8,-6,-8,-5,-9,-6,-9,-4,-8,-4,-7,-3,-6,-3,-5,-3,-3,-2,-2,-1,0,-1,0,0,2,0,3,0,4,0,5,0,0,0,0,0,0,0,0,0,0]"
CSI_DATA,22694,80:af:ca:27:52:2a,-54,11,1,2,1,1,1,0,0,0,0,-97,0,11,2,307162036,0,83,1,128,0,"[0,0,0,0,0,0,0,0,0,0,0,0,-2,-2,-4,-5,-5,-6,-6,-8,-7,-9,-7,-10,-7,-10,-7,-10,-7,-10,-6,-10,-5,-9,-5,-7,-4,-5,-2,-4,-1,-1,0,0,0,2,1,4,2,5,3,7,3,8,4,10,4,10,4,10,4,10,3,10,0,0,2,7,1,5,1,3,0,1,0,0,0,-2,0,-5,0,-6,0,-8,0,-9,0,-10,0,-10,0,-10,0,-10,0,-10,0,-8,0,-7,0,-5,0,-4,0,-2,-1,-1,-1,0,-2,1,-3,2,-4,3,-4,4,0,0,0,0,0,0,0,0,0,0]"
CSI_DATA,22695,80:af:ca:27:52:2a,-54,11,1,2,1,1,1,0,0,0,0,-97,0,11,2,307169406,0,83,1,128,0,"[0,0,0,0,0,0,0,0,0,0,0,0,-1,2,-3,4,-4,6,-5,8,-6,8,-7,9,-7,9,-7,9,-7,8,-7,8,-6,7,-5,6,-4,4,-3,3,0,1,0,0,2,-1,4,-3,5,-4,6,-4,8,-5,8,-5,9,-6,9,-6,9,-5,8,-5,0,0,6,-4,4,-3,3,-3,1,-2,0,-1,-2,-1,-4,0,-6,0,-8,0,-8,0,-9,0,-10,-1,-10,-1,-9,-1,-9,-1,-8,-1,-7,-1,-5,-1,-4,0,-3,0,-1,0,0,0,0,1,1,2,2,4,2,4,0,0,0,0,0,0,0,0,0,0]"
CSI_DATA,22696,80:af:ca:27:52:2a,-54,11,1,2,1,1,1,0,0,0,0,-97,0,11,2,307199792,0,83,1,128,0,"[0,0,0,0,0,0,0,0,0,0,0,0,1,-2,4,-4,6,-5,7,-6,9,-6,10,-6,11,-6,11,-6,10,-6,9,-5,9,-5,7,-4,5,-3,3,-2,0,-1,0,0,-3,0,-5,0,-6,1,-8,2,-10,2,-11,2,-12,2,-12,2,-12,2,-11,2,0,0,-8,1,-6,1,-5,0,-2,0,0,0,1,0,4,0,6,0,7,0,8,0,9,0,10,1,10,1,9,1,9,0,8,0,6,0,5,0,4,0,1,0,0,0,0,-1,-1,-2,-3,-3,-3,-4,-4,-5,0,0,0,0,0,0,0,0,0,0]"
CSI_DATA,22697,80:af:ca:27:52:2a,-54,11,1,0,1,1,1,0,0,0,0,-97,0,11,2,307208578,0,83,1,128,0,"[0,0,0,0,0,0,0,0,0,0,0,0,-1,3,-2,4,-3,6,-5,7,-5,8,-6,9,-6,9,-6,9,-6,9,-6,7,-6,7,-5,6,-3,4,-2,3,-1,0,0,0,0,-3,2,-4,3,-6,4,-6,5,-7,5,-9,6,-9,6,-10,6,-9,5,-9,0,0,3,-6,3,-5,1,-3,0,-2,-1,0,-2,0,-4,2,-5,3,-6,4,-6,5,-8,6,-8,5,-8,5,-8,5,-7,4,-6,4,-6,3,-4,3,-3,2,-1,1,0,0,0,0,2,0,3,0,4,0,5,0,0,0,0,0,0,0,0,0,0,0]"
CSI_DATA,22698,80:af:ca:27:52:2a,-54,11,1,0,1,1,1,0,0,0,0,-97,0,11,2,307216384,0,83,1,128,0,"[0,0,0,0,0,0,0,0,0,0,0,0,-8,0,-8,0,-7,0,-6,0,-4,0,-2,0,-1,0,0,0,1,0,3,0,4,0,6,0,7,0,7,0,7,0,8,0,7,0,7,0,6,0,5,0,3,0,2,0,1,0,0,0,-2,-1,-3,-1,0,0,-6,-2,-7,-2,-7,-2,-7,-2,-7,-2,-7,-2,-7,-2,-6,-2,-5,-2,-4,-1,-3,-1,-2,0,-1,0,0,1,1,1,2,2,2,3,3,3,3,3,3,3,3,4,3,3,3,3,3,3,2,3,1,2,0,0,0,0,0,0,0,0,0,0]"
CSI_DATA,22699,80:af:ca:27:52:2a,-54,11,1,2,1,1,1,0,0,0,0,-97,0,11,2,307223499,0,83,1,128,0,"[0,0,0,0,0,0,0,0,0,0,0,0,0,-3,1,-5,2,-7,4,-8,4,-9,4,-10,5,-11,5,-11,5,-10,4,-9,4,-8,4,-8,3,-5,1,-4,0,-2,0,0,-1,1,-2,3,-4,5,-4,6,-4,8,-5,8,-6,9,-6,9,-6,9,-5,8,0,0,-4,6,-3,5,-2,4,-1,1,0,0,1,-1,2,-3,4,-4,4,-5,5,-6,6,-7,6,-7,7,-7,6,-7,6,-7,5,-6,4,-5,3,-4,2,-3,0,-2,0,-1,-1,0,-3,0,-4,0,-4,0,-5,0,0,0,0,0,0,0,0,0,0,0]"
CSI_DATA,22700,80:af:ca:27:52:2a,-54,11,1,2,1,1,1,0,0,0,0,-97,0,11,2,307231351,0,83,1,128,0,"[0,0,0,0,0,0,0,0,0,0,0,0,0,-3,0,-5,1,-7,2,-9,3,-10,4,-11,4,-11,4,-11,4,-11,4,-10,4,-10,3,-8,2,-6,1,-4,0,-2,0,0,0,1,-2,4,-3,5,-3,7,-4,8,-4,9,-5,10,-5,10,-5,10,-5,9,0,0,-3,7,-3,5,-1,3,0,2,0,0,0,-1,2,-3,3,-5,4,-6,5,-7,5,-8,5,-8,5,-8,5,-8,5,-7,4,-6,3,-5,2,-5,1,-4,0,-2,0,-1,-1,0,-2,0,-4,0,-5,1,-5,1,0,0,0,0,0,0,0,0,0,0]"
CSI_DATA,22701,80:af:ca:27:52:2a,-54,11,1,0,1,1,1,0,0,0,0,-97,0,11,2,307242787,0,83,1,128,0,"[0,0,0,0,0,0,0,0,0,0,0,0,1,9,0,8,0,7,0,6,0,4,0,2,0,0,0,-1,0,-3,0,-4,0,-6,0,-8,0,-9,1,-9,1,-10,1,-10,1,-9,1,-8,1,-7,0,-6,0,-4,0,-3,0,-1,-1,0,-1,1,-2,3,0,0,-3,6,-4,7,-4,7,-4,8,-5,7,-4,7,-4,7,-4,6,-3,5,-2,4,-1,3,0,1,0,0,1,0,2,-1,3,-1,4,-2,5,-3,5,-3,5,-3,6,-3,6,-3,5,-3,4,-2,4,-2,3,-1,0,0,0,0,0,0,0,0,0,0]"
CSI_DATA,22702,80:af:ca:27:52:2a,-55,11,1,0,1,1,1,0,0,0,0,-97,0,11,2,307278074,0,83,1,128,0,"[0,0,0,0,0,0,0,0,0,0,0,0,-2,-1,-5,-2,-6,-3,-7,-5,-8,-5,-8,-6,-8,-6,-8,-6,-8,-6,-7,-6,-6,-5,-5,-5,-4,-3,-2,-2,-1,-1,0,0,1,1,2,2,3,3,5,5,5,5,6,6,6,6,6,6,6,7,6,6,0,0,5,5,3,3,2,2,1,0,0,0,0,-2,-1,-4,-2,-5,-2,-6,-3,-7,-4,-8,-3,-8,-3,-8,-3,-8,-3,-8,-3,-7,-2,-6,-2,-5,-2,-3,-2,-2,-1,0,-1,0,-1,1,-1,2,-1,3,-1,4,0,0,0,0,0,0,0,0,0,0]"
CSI_DATA,22703,80:af:ca:27:52:2a,-55,11,1,0,1,1,1,0,0,0,0,-97,0,11,2,307286924,0,83,1,128,0,"[0,0,0,0,0,0,0,0,0,0,0,0,0,-2,2,-4,4,-5,5,-6,5,-7,7,-7,7,-7,7,-7,7,-7,6,-7,6,-5,4,-5,3,-4,2,-2,0,-1,0,0,-2,1,-3,2,-4,3,-6,4,-7,4,-7,5,-8,5,-8,5,-8,5,-7,4,0,0,-6,4,-4,2,-3,2,-2,1,0,0,1,0,3,-1,4,-2,5,-2,7,-2,7,-2,7,-2,7,-2,7,-2,7,-2,6,-2,5,-2,4,-2,2,-1,1,-1,0,-1,-1,-1,-2,-1,-3,-1,-4,-1,-4,-2,0,0,0,0,0,0,0,0,0,0]"
CSI_DATA,22704,80:af:ca:27:52:2a,-54,11,1,2,1,1,1,0,0,0,0,-97,0,11,2,307292823,0,83,1,128,0,"[0,0,0,0,0,0,0,0,0,0,0,0,-1,-3,-1,-5,-1,-7,0,-8,0,-10,0,-11,0,-11,0,-11,0,-11,0,-10,0,-9,0,-8,0,-6,0,-4,0,-2,0,0,0,2,0,3,0,5,-1,7,0,8,-1,9,-1,10,-1,10,-1,10,-1,9,0,0,-1,7,0,5,0,3,0,2,0,0,0,-1,1,-3,2,-5,2,-6,2,-7,2,-8,3,-8,3,-8,3,-8,2,-8,2,-7,2,-5,1,-5,0,-3,0,-2,0,-1,-1,0,-2,0,-2,1,-4,2,-5,2,0,0,0,0,0,0,0,0,0,0]"
CSI_DATA,22705,80:af:ca:27:52:2a,-54,11,1,0,1,1,1,0,0,0,0,-97,0,11,2,307310550,0,83,1,128,0,"[0,0,0,0,0,0,0,0,0,0,0,0,-8,3,-7,3,-7,2,-6,1,-4,1,-2,0,-1,0,0,0,2,-1,3,-1,5,-1,7,-1,7,-1,8,-2,8,-1,8,-1,8,-1,7,-1,7,-1,6,-1,4,-1,2,-1,1,-1,0,-1,-2,-1,-3,-1,0,0,-6,-1,-7,-1,-8,-2,-8,-2,-9,-2,-8,-2,-8,-2,-7,-2,-6,-1,-5,-1,-3,-1,-2,0,-1,0,0,1,1,1,2,2,2,3,3,3,3,4,4,4,4,4,3,4,3,4,3,3,2,3,2,2,0,0,0,0,0,0,0,0,0,0]"
CSI_DATA,22706,80:af:ca:27:52:2a,-55,11,1,0,1,1,1,0,0,0,0,-97,0,11,2,307319786,0,83,1,128,0,"[0,0,0,0,0,0,0,0,0,0,0,0,-3,7,-3,6,-3,5,-3,4,-2,3,-1,2,0,1,0,0,1,-1,2,-3,3,-4,3,-5,4,-5,4,-6,4,-6,5,-6,4,-6,4,-5,4,-5,3,-4,2,-3,1,-2,0,-2,0,0,-1,0,-3,1,0,0,-4,2,-6,3,-6,3,-6,3,-7,3,-7,3,-6,3,-6,2,-5,2,-4,2,-3,1,-2,1,0,0,0,0,1,0,3,0,4,0,4,0,5,0,5,0,5,0,5,0,5,0,4,0,4,0,3,0,0,0,0,0,0,0,0,0,0,0]"
CSI_DATA,22707,80:af:ca:27:52:2a,-55,11,1,2,1,1,1,0,0,0,0,-97,0,11,2,307325259,0,83,1,128,0,"[0,0,0,0,0,0,0,0,0,0,0,0,1,1,2,2,4,4,5,5,5,7,5,8,6,8,6,8,5,8,5,8,5,7,4,6,3,5,2,3,1,1,0,0,0,-2,-2,-3,-2,-5,-3,-7,-4,-8,-4,-9,-4,-10,-5,-10,-4,-10,-4,-9,0,0,-3,-8,-2,-6,-2,-5,-1,-2,-1,0,0,0,0,2,0,4,0,6,0,7,0,8,0,8,0,8,0,8,0,8,0,7,0,6,0,5,0,3,0,2,0,0,0,0,1,-1,1,-2,2,-3,2,-4,0,0,0,0,0,0,0,0,0,0]"
CSI_DATA,22708,80:af:ca:27:52:2a,-55,11,1,0,1,1,1,0,0,0,0,-97,0,11,2,307336351,0,83,1,128,0,"[0,0,0,0,0,0,0,0,0,0,0,0,5,-4,5,-4,5,-3,4,-3,3,-2,2,-1,0,0,0,0,-1,0,-2,1,-3,2,-4,3,-5,3,-5,3,-6,4,-6,4,-6,4,-5,4,-5,3,-4,3,-3,2,-2,1,-1,0,0,0,0,0,1,-1,0,0,3,-3,4,-3,5,-4,5,-4,6,-4,5,-4,5,-4,4,-3,4,-3,3,-2,2,-2,1,-1,0,0,0,0,-1,0,-3,0,-4,0,-4,1,-5,1,-5,1,-5,1,-5,1,-5,1,-4,1,-4,0,-3,0,0,0,0,0,0,0,0,0,0,0]"
CSI_DATA,22709,80:af:ca:27:52:2a,-55,11,1,0,1,1,1,0,0,0,0,-97,0,11,2,307344293,0,83,1,128,0,"[0,0,0,0,0,0,0,0,0,0,0,0,6,-3,6,-3,5,-2,5,-2,3,-1,2,-1,1,0,0,0,-1,0,-2,0,-4,1,-5,1,-6,1,-6,1,-7,1,-7,2,-7,2,-6,1,-6,1,-5,1,-4,0,-3,0,-1,0,0,0,0,0,2,0,0,0,4,-1,5,-1,6,-1,7,-1,7,-1,7,-1,6,-1,6,0,5,0,4,0,2,0,1,0,0,0,0,0,-1,0,-3,-1,-4,-1,-4,-1,-5,-1,-5,-1,-5,-1,-5,-1,-5,-1,-4,-1,-4,-1,-3,-1,0,0,0,0,0,0,0,0,0,0]"
CSI_DATA,22710,80:af:ca:27:52:2a,-55,11,1,2,1,1,1,0,0,0,0,-97,0,11,2,307349559,0,83,1,128,0,"[0,0,0,0,0,0,0,0,0,0,0,0,0,-2,1,-4,2,-5,3,-7,4,-8,5,-8,5,-9,5,-9,5,-9,5,-9,5,-8,4,-7,3,-5,2,-4,1,-2,0,0,0,0,-2,2,-3,3,-4,5,-5,6,-5,8,-6,8,-6,8,-6,8,-6,8,0,0,-5,6,-4,5,-3,3,-2,2,0,0,0,0,2,-2,3,-3,4,-5,5,-5,6,-6,7,-6,7,-6,7,-5,6,-6,6,-5,5,-5,4,-4,2,-2,1,-2,0,-1,0,0,-2,0,-3,0,-4,0,-5,0,0,0,0,0,0,0,0,0,0,0]"
CSI_DATA,22711,80:af:ca:27:52:2a,-55,11,1,2,1,1,1,0,0,0,0,-97,0,11,2,307357840,0,83,1,128,0,"[0,0,0,0,0,0,0,0,0,0,0,0,0,-2,0,-4,0,-6,1,-8,1,-9,2,-10,2,-10,2,-11,2,-11,2,-10,1,-10,1,-8,1,-7,0,-5,0,-3,0,-1,0,0,0,2,0,5,0,6,0,8,0,9,0,10,-1,10,0,10,0,10,0,0,0,8,0,6,0,5,0,2,0,0,0,-1,0,-3,0,-5,0,-7,0,-8,0,-8,0,-9,1,-10,0,-9,0,-9,0,-8,0,-7,0,-6,0,-4,0,-2,0,-1,0,0,-1,1,-2,2,-2,3,-2,4,0,0,0,0,0,0,0,0,0,0]"
CSI_DATA,22712,80:af:ca:27:52:2a,-55,11,1,0,1,1,1,0,0,0,0,-97,0,11,2,307364649,0,83,1,128,0,"[0,0,0,0,0,0,0,0,0,0,0,0,1,-2,3,-3,6,-5,8,-5,9,-6,10,-7,11,-8,11,-8,11,-8,10,-8,10,-7,9,-6,7,-5,5,-3,2,-2,0,0,0,1,-2,2,-5,4,-6,6,-8,7,-8,8,-9,9,-9,9,-10,9,-9,9,0,0,-8,7,-6,5,-4,4,-3,2,-1,0,0,-1,2,-3,3,-5,5,-6,5,-8,6,-8,7,-9,7,-8,7,-9,6,-8,5,-8,5,-7,3,-5,2,-4,1,-2,0,-1,-1,0,-2,0,-3,2,-4,2,-5,3,0,0,0,0,0,0,0,0,0,0]"
CSI_DATA,22713,80:af:ca:27:52:2a,-54,11,1,0,1,1,1,0,0,0,0,-97,0,11,2,307381845,0,83,1,128,0,"[0,0,0,0,0,0,0,0,0,0,0,0,6,-4,6,-3,5,-3,5,-2,3,-2,2,-1,1,0,0,0,0,1,-1,2,-2,4,-2,5,-3,6,-3,6,-3,7,-3,7,-2,7,-2,7,-2,6,-1,5,-1,4,-1,3,-1,1,0,0,0,-1,-1,-2,0,0,-1,-5,-1,-6,-1,-7,-2,-8,-2,-8,-2,-8,-2,-7,-2,-6,-2,-5,-1,-4,-1,-3,0,-1,0,0,0,0,0,1,1,2,2,3,2,3,3,4,3,4,3,4,3,3,3,3,3,3,2,2,1,1,0,0,0,0,0,0,0,0,0,0]"
CSI_DATA,22714,80:af:ca:27:52:2a,-55,11,1,0,1,1,1,0,0,0,0,-97,0,11,2,307390563,0,83,1,128,0,"[0,0,0,0,0,0,0,0,0,0,0,0,-4,0,-6,0,-8,0,-11,-1,-12,-1,-13,-2,-14,-1,-13,0,-14,0,-13,0,-12,0,-11,0,-8,0,-6,0,-3,-1,-1,-2,0,-3,2,-4,4,-5,6,-6,7,-7,8,-8,8,-9,8,-10,8,-10,7,-10,0,0,5,-8,4,-6,3,-4,2,-2,1,0,0,2,0,4,0,6,-1,8,-1,8,-1,11,-1,11,-1,11,0,11,0,9,0,8,0,7,0,5,0,4,0,2,0,0,0,-1,-1,-2,-2,-4,-2,-6,-2,-6,0,0,0,0,0,0,0,0,0,0]"
CSI_DATA,22715,80:af:ca:27:52:2a,-55,11,1,0,1,1,1,0,0,0,0,-97,0,11,2,307398728,0,83,1,128,0,"[0,0,0,0,0,0,0,0,0,0,0,0,-7,-1,-7,-1,-6,-1,-5,-1,-4,-1,-3,-1,-2,-1,0,-1,0,-2,1,-2,2,-3,3,-4,4,-4,4,-5,4,-5,4,-6,4,-6,4,-6,3,-5,2,-4,2,-4,1,-3,1,-1,1,0,0,0,1,2,0,0,1,4,1,5,2,6,2,6,2,6,2,6,2,5,2,4,2,4,1,3,1,2,0,1,0,0,-1,0,-2,0,-3,-1,-4,-1,-4,-1,-4,-2,-5,-1,-5,-1,-4,-1,-4,-1,-4,-1,-4,0,-3,0,0,0,0,0,0,0,0,0,0,0]"
CSI_DATA,22716,80:af:ca:27:52:2a,-55,11,1,0,1,1,1,0,0,0,0,-97,0,11,2,307424499,0,83,1,128,0,"[0,0,0,0,0,0,0,0,0,0,0,0,3,-11,2,-9,2,-7,2,-6,1,-4,1,-1,1,0,2,1,3,4,3,5,4,7,4,8,5,9,5,9,6,9,6,9,6,7,5,6,4,6,3,4,1,3,0,2,-1,1,-3,0,-4,0,-6,-1,0,0,-9,-1,-10,-1,-11,-1,-11,0,-11,-1,-10,0,-9,0,-7,0,-6,0,-4,0,-3,0,0,0,0,-1,2,-1,3,-2,4,-3,5,-3,6,-4,6,-4,6,-4,6,-4,5,-4,4,-4,3,-4,3,-3,1,-3,0,0,0,0,0,0,0,0,0,0]"
CSI_DATA,22717,80:af:ca:27:52:2a,-56,11,1,0,1,1,1,0,0,0,0,-97,0,11,2,307434678,0,83,1,128,0,"[0,0,0,0,0,0,0,0,0,0,0,0,7,-2,7,-2,5,-1,4,-1,2,0,1,0,0,0,-2,1,-3,2,-5,2,-6,3,-7,4,-7,4,-7,5,-7,5,-7,5,-7,5,-6,3,-5,3,-4,2,-2,1,-2,0,0,0,0,-1,1,-2,2,-4,0,0,3,-6,4,-6,5,-7,4,-7,5,-7,4,-6,3,-6,2,-5,2,-4,1,-3,0,-2,0,-1,-1,0,-1,1,-2,2,-2,3,-3,4,-3,5,-3,5,-2,5,-3,5,-2,4,-2,4,-2,3,-1,3,-1,2,0,0,0,0,0,0,0,0,0,0]"
CSI_DATA,22718,80:af:ca:27:52:2a,-57,11,1,0,1,1,1,0,0,0,0,-97,0,11,2,307455478,0,83,1,128,0,"[0,0,0,0,0,0,0,0,0,0,0,0,6,-5,6,-5,5,-4,4,-3,3,-2,1,-1,0,0,-1,0,-3,0,-4,0,-5,1,-7,2,-7,2,-8,2,-8,2,-8,2,-8,2,-7,1,-6,1,-5,1,-4,0,-2,0,-1,0,0,0,1,0,3,0,0,0,6,0,7,0,7,0,8,0,8,0,7,0,7,0,6,0,5,0,4,0,3,0,1,0,0,0,-1,-1,-2,-1,-3,-2,-4,-3,-4,-3,-4,-3,-4,-3,-4,-4,-4,-4,-4,-4,-4,-3,-3,-3,-2,-2,0,0,0,0,0,0,0,0,0,0]"
CSI_DATA,22719,80:af:ca:27:52:2a,-56,11,1,0,1,1,1,0,0,0,0,-97,0,11,2,307463132,0,83,1,128,0,"[0,0,0,0,0,0,0,0,0,0,0,0,5,-4,4,-4,4,-3,3,-3,2,-2,1,-1,0,0,0,0,-1,1,-2,2,-3,3,-3,3,-4,4,-4,4,-4,4,-5,5,-4,4,-4,4,-3,3,-3,3,-2,2,-2,1,0,0,0,0,0,-1,1,-2,0,0,2,-4,3,-4,3,-5,3,-5,3,-5,3,-5,3,-4,3,-4,2,-3,1,-3,0,-2,0,-1,0,0,0,0,-1,0,-2,1,-3,2,-3,3,-3,3,-3,3,-3,3,-3,3,-3,2,-3,2,-2,2,-2,1,0,0,0,0,0,0,0,0,0,0]"
CSI_DATA,22720,80:af:ca:27:52:2a,-56,11,1,0,1,1,1,0,0,0,0,-97,0,11,2,307470910,0,83,1,128,0,"[0,0,0,0,0,0,0,0,0,0,0,0,7,3,6,3,5,2,4,2,3,2,1,1,0,1,-1,0,-3,0,-4,0,-6,0,-7,0,-8,0,-8,0,-8,0,-9,0,-8,0,-7,0,-6,0,-5,0,-4,0,-2,0,-1,0,0,-1,2,-1,3,-2,0,0,5,-3,6,-3,7,-3,7,-3,7,-3,7,-3,6,-3,5,-3,4,-2,3,-2,2,-1,0,-1,0,0,-2,0,-3,1,-3,2,-4,2,-5,3,-5,3,-5,3,-5,3,-5,3,-5,2,-4,2,-4,2,-3,1,0,0,0,0,0,0,0,0,0,0]"
CSI_DATA,22721,80:af:ca:27:52:2a,-55,11,1,0,1,1,1,0,0,0,0,-97,0,11,2,307479882,0,83,1,128,0,"[0,0,0,0,0,0,0,0,0,0,0,0,-10,-4,-9,-3,-7,-2,-6,-2,-4,-2,-2,-1,0,0,1,0,3,1,5,2,6,2,8,3,8,4,9,4,9,4,9,4,8,4,7,4,6,3,5,2,4,1,2,0,0,0,-1,-1,-2,-2,-4,-3,0,0,-6,-5,-8,-5,-8,-6,-8,-6,-8,-6,-8,-6,-7,-6,-6,-5,-5,-4,-4,-3,-3,-2,-2,0,-1,0,0,1,1,2,1,4,2,5,3,6,3,6,3,6,2,6,2,6,2,6,2,5,1,5,1,4,0,0,0,0,0,0,0,0,0,0]"
CSI_DATA,22722,80:af:ca:27:52:2a,-54,11,1,0,1,1,1,0,0,0,0,-97,0,11,2,307488242,0,83,1,128,0,"[0,0,0,0,0,0,0,0,0,0,0,0,4,-1,6,-1,7,-1,8,-1,10,-1,10,-1,10,0,10,0,9,0,8,0,7,0,6,0,4,0,2,0,0,0,-2,0,-4,0,-5,-1,-7,-1,-8,-2,-9,-2,-9,-2,-10,-2,-10,-2,-10,-2,-8,-2,0,0,-6,-2,-4,-1,-3,0,-1,0,0,0,2,2,3,2,4,3,5,4,6,4,6,4,6,5,6,5,6,4,5,4,4,4,4,3,2,2,2,1,1,0,0,0,0,-2,0,-2,-1,-4,-1,-4,-1,-5,0,0,0,0,0,0,0,0,0,0]"
CSI_DATA,22723,80:af:ca:27:52:2a,-54,11,1,0,1,1,1,0,0,0,0,-97,0,11,2,307505371,0,83,1,128,0,"[0,0,0,0,0,0,0,0,0,0,0,0,-2,4,-3,6,-4,8,-5,9,-6,10,-7,10,-7,10,-7,9,-7,9,-7,8,-7,7,-5,6,-4,4,-2,2,0,2,2,0,4,0,6,0,7,0,9,0,10,0,12,0,12,0,12,0,12,1,11,0,0,0,8,0,6,0,4,0,2,-1,0,-2,0,-4,-2,-6,-2,-7,-3,-9,-4,-9,-4,-11,-3,-10,-2,-11,-2,-10,-2,-9,-2,-9,-1,-7,-1,-6,-1,-4,-2,-2,-2,-1,-2,0,-3,0,-4,2,-5,2,-6,2,0,0,0,0,0,0,0,0,0,0]"
CSI_DATA,22724,80:af:ca:27:52:2a,-54,11,1,0,1,1,1,0,0,0,0,-97,0,11,2,307514917,0,83,1,128,0,"[0,0,0,0,0,0,0,0,0,0,0,0,0,2,0,5,0,7,0,9,0,10,0,11,0,12,0,12,0,12,0,11,-1,10,0,9,0,6,0,5,0,2,0,0,1,-2,2,-4,3,-5,4,-7,5,-8,5,-10,6,-10,6,-10,7,-10,6,-10,0,0,5,-7,4,-5,2,-5,0,-3,0,-2,-2,0,-5,0,-6,0,-8,0,-9,1,-10,1,-10,0,-10,0,-10,0,-10,0,-9,0,-8,0,-6,0,-5,0,-3,0,-1,0,0,0,0,1,2,2,2,3,3,4,0,0,0,0,0,0,0,0,0,0]"
CSI_DATA,22725,80:af:ca:27:52:2a,-53,11,1,0,1,1,1,0,0,0,0,-97,0,11,2,307522560,0,83,1,128,0,"[0,0,0,0,0,0,0,0,0,0,0,0,0,-3,0,-7,0,-9,1,-12,1,-14,2,-16,2,-16,2,-16,3,-16,3,-16,3,-15,3,-12,2,-9,1,-7,0,-4,0,0,-1,1,-2,4,-4,7,-5,9,-6,10,-7,12,-7,12,-8,14,-8,13,-7,12,0,0,-6,9,-5,8,-3,6,-1,3,0,0,1,0,4,-3,5,-5,7,-6,8,-8,9,-8,10,-8,10,-8,10,-8,9,-7,8,-7,7,-6,5,-5,3,-3,1,-2,0,-1,-1,-1,-3,0,-5,0,-7,0,-8,0,0,0,0,0,0,0,0,0,0,0]"
CSI_DATA,22726,80:af:ca:27:52:2a,-54,11,1,0,1,1,1,0,0,0,0,-97,0,11,2,307550258,0,83,1,128,0,"[0,0,0,0,0,0,0,0,0,0,0,0,-8,-4,-8,-3,-7,-3,-6,-3,-4,-2,-2,-2,-1,-1,0,-1,2,0,3,0,5,0,6,1,7,1,8,1,8,1,8,1,8,1,7,1,6,1,5,0,4,0,2,0,1,0,0,0,-2,0,-3,0,0,0,-6,0,-7,0,-8,0,-8,0,-8,0,-8,0,-7,0,-6,0,-6,0,-4,0,-3,0,-1,0,0,0,1,0,2,0,3,0,4,0,4,0,5,0,5,0,5,0,5,0,4,0,4,0,3,0,3,0,0,0,0,0,0,0,0,0,0,0]"
CSI_DATA,22727,80:af:ca:27:52:2a,-55,11,1,0,1,1,1,0,0,0,0,-97,0,11,2,307557709,0,83,1,128,0,"[0,0,0,0,0,0,0,0,0,0,0,0,-3,-1,-5,-2,-6,-4,-7,-5,-8,-6,-8,-6,-8,-6,-8,-6,-8,-6,-7,-6,-6,-6,-6,-4,-4,-4,-2,-2,-1,-1,0,0,2,0,3,2,4,2,6,3,6,4,8,4,8,4,8,4,8,4,7,4,0,0,5,2,4,2,2,0,1,0,0,-1,-2,-2,-3,-2,-4,-3,-6,-4,-6,-4,-7,-4,-7,-5,-6,-4,-7,-4,-6,-4,-6,-3,-5,-2,-4,-2,-3,-1,-2,0,-1,0,0,0,0,2,1,2,2,3,2,3,0,0,0,0,0,0,0,0,0,0]"
CSI_DATA,22728,80:af:ca:27:52:2a,-55,11,1,0,1,1,1,0,0,0,0,-97,0,11,2,307584200,0,83,1,128,0,"[0,0,0,0,0,0,0,0,0,0,0,0,2,-2,4,-2,6,-3,8,-4,8,-4,9,-4,10,-4,9,-4,10,-2,8,-2,8,-2,6,-2,5,-2,3,-1,1,-1,0,-1,-2,-1,-4,-1,-6,-2,-7,-2,-8,-2,-9,-3,-9,-3,-10,-3,-10,-4,-9,-3,0,0,-7,-3,-6,-2,-5,-2,-3,0,-2,0,0,1,0,2,1,4,2,5,3,6,3,7,3,8,2,8,2,8,2,8,2,7,1,6,1,5,0,4,0,2,0,0,1,0,1,-1,1,-2,2,-3,2,-4,0,0,0,0,0,0,0,0,0,0]"
CSI_DATA,22729,80:af:ca:27:52:2a,-55,11,1,0,1,1,1,0,0,0,0,-97,0,11,2,307591712,0,83,1,128,0,"[0,0,0,0,0,0,0,0,0,0,0,0,2,-1,4,-1,7,-2,8,-1,9,-2,10,-1,11,-1,11,-1,11,0,10,0,9,0,8,0,6,0,4,0,2,0,0,0,-2,-1,-4,-2,-5,-2,-7,-2,-8,-2,-9,-3,-10,-3,-10,-3,-10,-4,-10,-3,0,0,-8,-3,-7,-2,-4,-2,-3,0,-2,0,0,1,1,2,2,3,4,4,4,5,5,7,5,7,4,7,4,7,4,7,4,6,4,5,2,4,2,3,2,1,1,0,0,-1,0,-2,0,-3,0,-4,0,-5,0,0,0,0,0,0,0,0,0,0]"
CSI_DATA,22730,80:af:ca:27:52:2a,-54,11,1,0,1,1,1,0,0,0,0,-97,0,11,2,307600037,0,83,1,128,0,"[0,0,0,0,0,0,0,0,0,0,0,0,4,6,4,6,3,5,2,4,1,3,1,2,0,0,0,0,0,-1,-1,-2,-2,-4,-3,-5,-3,-6,-4,-6,-3,-7,-4,-7,-4,-7,-4,-6,-3,-6,-3,-5,-2,-4,-1,-3,-1,-1,0,0,0,0,0,2,0,0,1,4,2,5,2,6,2,7,2,7,2,7,2,7,1,6,1,5,1,4,1,3,0,1,0,0,0,0,0,-2,0,-3,0,-4,0,-5,0,-5,0,-6,0,-6,0,-6,0,-5,0,-5,0,-4,0,-3,0,0,0,0,0,0,0,0,0,0]"
CSI_DATA,22731,80:af:ca:27:52:2a,-54,11,1,2,1,1,1,0,0,0,0,-97,0,11,2,307607008,0,83,1,128,0,"[0,0,0,0,0,0,0,0,0,0,0,0,-3,0,-5,0,-7,0,-9,-1,-11,-2,-11,-2,-11,-3,-11,-3,-11,-3,-11,-3,-10,-3,-8,-2,-6,-2,-4,-1,-2,0,0,0,1,0,3,1,5,2,7,3,7,3,8,3,9,4,9,4,9,4,8,3,0,0,7,3,5,2,3,1,2,0,0,0,0,-2,-2,-3,-3,-4,-4,-6,-5,-7,-6,-7,-6,-8,-6,-8,-5,-8,-5,-7,-4,-7,-4,-6,-3,-5,-3,-3,-2,-2,-1,0,-1,0,0,1,0,3,0,3,0,4,0,0,0,0,0,0,0,0,0,0]"
CSI_DATA,22732,80:af:ca:27:52:2a,-55,11,1,0,1,1,1,0,0,0,0,-97,0,11,2,307616418,0,83,1,128,0,"[0,0,0,0,0,0,0,0,0,0,0,0,-1,-2,0,-5,0,-7,0,-8,0,-9,0,-10,1,-11,0,-10,1,-10,1,-10,1,-9,0,-8,0,-6,0,-4,0,-2,0,0,0,1,0,2,-1,5,-2,6,-2,7,-2,8,-2,8,-2,10,-2,10,-2,9,0,0,-2,7,-2,5,-1,4,0,2,0,0,0,-1,1,-2,2,-4,2,-5,2,-7,3,-8,3,-8,3,-8,3,-8,3,-7,3,-7,2,-6,2,-5,1,-4,0,-2,0,-1,-1,0,-2,0,-2,0,-3,1,-4,2,0,0,0,0,0,0,0,0,0,0]"
CSI_DATA,22733,80:af:ca:27:52:2a,-55,11,1,2,1,1,1,0,0,0,0,-97,0,11,2,307621724,0,83,1,128,0,"[0,0,0,0,0,0,0,0,0,0,0,0,0,2,0,4,0,6,0,8,0,9,0,10,0,11,0,11,0,10,0,10,-1,8,-1,8,0,5,0,4,0,2,0,0,0,-2,0,-4,0,-5,0,-8,0,-8,0,-9,1,-10,1,-11,1,-10,0,-10,0,0,0,-8,0,-6,0,-4,0,-2,-1,-1,-1,0,-2,2,-2,3,-3,5,-3,5,-4,6,-4,7,-5,7,-4,7,-4,7,-3,6,-3,5,-2,4,-2,3,-1,2,0,1,0,0,1,0,2,-1,2,-2,3,-2,0,0,0,0,0,0,0,0,0,0]"
CSI_DATA,22734,80:af:ca:27:52:2a,-56,11,1,2,1,1,1,0,0,0,0,-97,0,11,2,307627635,0,83,1,128,0,"[0,0,0,0,0,0,0,0,0,0,0,0,-2,-1,-4,-2,-5,-4,-6,-5,-7,-7,-7,-7,-7,-8,-7,-8,-7,-8,-6,-8,-6,-7,-4,-6,-4,-4,-2,-3,-1,-2,0,0,0,1,1,3,2,4,2,5,3,7,3,7,4,8,4,8,4,8,4,7,0,0,2,6,2,4,2,3,1,1,0,0,0,-2,0,-3,0,-4,0,-6,0,-7,0,-8,0,-8,0,-9,0,-9,0,-8,0,-7,0,-7,0,-5,0,-4,0,-3,-1,-2,-1,0,-2,0,-2,1,-2,2,-3,2,0,0,0,0,0,0,0,0,0,0]"
CSI_DATA,22735,80:af:ca:27:52:2a,-56,11,1,0,1,1,1,0,0,0,0,-97,0,11,2,307638459,0,83,1,128,0,"[0,0,0,0,0,0,0,0,0,0,0,0,2,-1,4,-1,5,-1,7,-1,8,-1,9,-1,9,-1,9,-1,9,-1,8,-1,7,0,6,0,4,0,2,0,0,0,0,0,-2,0,-4,0,-5,0,-7,0,-8,0,-9,0,-9,0,-9,0,-9,0,-9,0,0,0,-7,0,-5,0,-4,0,-2,0,0,0,1,0,2,0,4,0,5,0,7,0,7,0,8,0,8,1,8,0,7,0,7,0,6,0,5,0,3,0,2,0,1,0,0,-1,-1,-1,-2,-2,-3,-2,-3,-3,0,0,0,0,0,0,0,0,0,0]"
CSI_DATA,22736,80:af:ca:27:52:2a,-54,11,1,0,1,1,1,0,0,0,0,-97,0,11,2,307654129,0,83,1,128,0,"[0,0,0,0,0,0,0,0,0,0,0,0,0,-4,1,-5,2,-7,3,-8,4,-8,4,-9,4,-10,4,-9,4,-9,3,-8,3,-8,2,-7,2,-5,1,-3,1,-1,1,0,1,2,0,4,1,5,1,7,1,8,2,9,2,9,2,10,2,10,2,8,0,0,2,6,1,5,0,3,0,1,-1,0,-2,-2,-3,-3,-4,-5,-5,-5,-6,-6,-7,-7,-7,-7,-7,-7,-7,-6,-7,-5,-6,-5,-5,-4,-4,-2,-3,-2,-2,-1,0,0,0,0,1,1,2,2,3,2,4,2,0,0,0,0,0,0,0,0,0,0]"
CSI_DATA,22737,80:af:ca:27:52:2a,-55,11,1,0,1,1,1,0,0,0,0,-97,0,11,2,307670811,0,83,1,128,0,"[0,0,0,0,0,0,0,0,0,0,0,0,0,-4,1,-5,2,-7,3,-7,3,-8,4,-8,4,-8,4,-8,4,-7,3,-7,3,-5,2,-4,1,-2,1,-1,0,0,0,1,-1,2,-2,4,-2,5,-3,6,-4,7,-4,7,-4,7,-4,7,-4,7,-3,7,0,0,-2,4,-1,3,-1,1,0,0,0,-1,1,-2,2,-3,3,-4,4,-5,4,-6,4,-7,4,-6,4,-6,4,-6,4,-5,3,-5,2,-4,1,-4,0,-2,0,-1,-1,0,-2,0,-2,0,-3,1,-4,1,-4,1,0,0,0,0,0,0,0,0,0,0]"
CSI_DATA,22738,80:af:ca:27:52:2a,-56,11,1,0,1,1,1,0,0,0,0,-97,0,11,2,307678899,0,83,1,128,0,"[0,0,0,0,0,0,0,0,0,0,0,0,3,1,5,1,7,2,7,3,8,3,8,4,8,4,8,3,8,4,7,3,6,3,4,2,3,1,1,1,0,0,-1,-1,-3,-1,-4,-2,-5,-3,-7,-4,-7,-4,-8,-5,-8,-5,-8,-5,-8,-5,-7,-4,0,0,-5,-3,-4,-2,-2,-1,-1,0,0,0,1,1,2,3,3,3,4,4,4,5,5,6,4,6,4,6,4,6,4,5,3,4,3,3,2,2,2,1,1,0,0,0,0,-1,0,-2,0,-3,0,-4,-1,-4,0,0,0,0,0,0,0,0,0,0]"
CSI_DATA,22739,80:af:ca:27:52:2a,-55,11,1,0,1,1,1,0,0,0,0,-97,0,11,2,307687759,0,83,1,128,0,"[0,0,0,0,0,0,0,0,0,0,0,0,-2,2,-4,3,-5,4,-6,4,-7,4,-8,4,-8,4,-7,4,-7,4,-6,3,-6,2,-5,2,-3,1,-2,1,0,0,1,0,2,0,4,-1,5,-1,6,-1,7,-1,8,-1,8,-1,8,-1,8,-1,7,-1,0,0,5,-1,4,-1,2,-1,0,-1,-1,-1,-2,-1,-4,-2,-5,-2,-5,-2,-6,-2,-6,-3,-6,-3,-6,-4,-6,-3,-5,-3,-5,-2,-4,-2,-4,-1,-2,-1,-1,0,-1,0,0,1,0,1,0,2,0,3,1,3,0,0,0,0,0,0,0,0,0,0]"
CSI_DATA,22740,80:af:ca:27:52:2a,-55,11,1,0,1,1,1,0,0,0,0,-97,0,11,2,307695254,0,83,1,128,0,"[0,0,0,0,0,0,0,0,0,0,0,0,0,3,0,5,0,6,0,8,0,8,0,9,0,10,0,9,0,8,0,8,0,7,0,6,0,4,0,2,0,0,0,-1,0,-2,1,-4,1,-5,1,-6,2,-8,2,-8,3,-8,3,-9,3,-8,3,-8,0,0,2,-6,1,-5,0,-3,0,-1,-1,0,-2,0,-3,1,-4,2,-5,3,-6,3,-6,3,-6,3,-6,3,-6,3,-6,3,-5,2,-5,2,-3,1,-3,1,-1,0,0,0,0,0,1,0,2,0,3,0,3,0,0,0,0,0,0,0,0,0,0,0]"
CSI_DATA,22741,80:af:ca:27:52:2a,-54,11,1,0,1,1,1,0,0,0,0,-97,0,11,2,307703598,0,83,1,128,0,"[0,0,0,0,0,0,0,0,0,0,0,0,-6,9,-5,8,-5,6,-4,5,-3,3,-1,2,0,1,2,0,4,0,6,-1,8,-1,10,-2,10,-1,11,-1,11,-1,11,-1,10,-1,10,-1,8,0,6,0,5,0,3,-1,1,-1,0,-2,-2,-3,-4,-5,0,0,-6,-6,-6,-8,-7,-8,-7,-9,-6,-9,-6,-9,-5,-8,-5,-7,-4,-6,-3,-5,-3,-3,-2,-1,-2,0,-2,1,-2,3,-3,4,-3,5,-3,6,-4,6,-4,6,-5,6,-5,5,-5,5,-4,4,-4,3,-3,3,0,0,0,0,0,0,0,0,0,0]"
CSI_DATA,22742,80:af:ca:27:52:2a,-54,11,1,0,1,1,1,0,0,0,0,-97,0,11,2,307712389,0,83,1,128,0,"[0,0,0,0,0,0,0,0,0,0,0,0,-1,3,-1,5,-2,7,-3,8,-4,9,-4,9,-5,9,-5,8,-5,7,-4,7,-4,5,-3,5,-2,3,-1,2,0,1,1,0,3,0,4,0,5,-1,7,-1,8,-1,9,-1,9,0,9,0,9,0,8,0,0,0,6,0,4,0,3,0,1,-1,0,-2,-1,-3,-1,-4,-3,-5,-3,-6,-3,-7,-3,-7,-3,-7,-3,-7,-3,-7,-2,-7,-2,-6,-1,-5,-1,-4,-1,-3,-1,-1,-1,0,-2,0,-2,0,-3,1,-3,1,-4,2,0,0,0,0,0,0,0,0,0,0]"
CSI_DATA,22743,80:af:ca:27:52:2a,-54,11,1,2,1,1,1,0,0,0,0,-97,0,11,2,307717630,0,83,1,128,0,"[0,0,0,0,0,0,0,0,0,0,0,0,-9,2,-8,1,-7,1,-6,1,-5,0,-3,1,-1,1,0,1,1,1,2,2,4,2,5,4,6,4,6,5,6,5,7,5,6,5,5,5,5,4,4,4,3,2,2,1,1,0,1,-1,0,-2,0,-4,0,0,0,-7,0,-7,0,-8,1,-8,1,-8,1,-8,1,-8,1,-7,1,-5,1,-5,0,-4,0,-2,-1,-1,-2,0,-3,0,-4,0,-5,0,-5,0,-6,0,-6,0,-7,0,-6,0,-5,0,-5,0,-4,0,-4,0,0,0,0,0,0,0,0,0,0,0]"
CSI_DATA,22744,80:af:ca:27:52:2a,-54,11,1,0,1,1,1,0,0,0,0,-97,0,11,2,307727191,0,83,1,128,0,"[0,0,0,0,0,0,0,0,0,0,0,0,7,1,7,0,6,1,5,1,4,0,3,0,1,0,0,0,0,-2,-1,-3,-2,-4,-3,-5,-3,-6,-3,-6,-3,-7,-3,-7,-3,-7,-2,-7,-2,-6,-2,-5,-1,-4,-1,-3,-1,-2,-1,0,-1,0,-1,2,0,0,-2,4,-3,5,-4,6,-4,6,-4,6,-5,6,-5,5,-4,4,-4,4,-3,3,-2,2,-1,1,0,1,0,0,1,0,2,0,3,0,4,0,5,0,5,0,5,1,5,1,4,1,4,1,3,1,2,1,0,0,0,0,0,0,0,0,0,0]"
CSI_DATA,22745,80:af:ca:27:52:2a,-54,11,1,0,1,1,1,0,0,0,0,-97,0,11,2,307733649,0,83,1,128,0,"[0,0,0,0,0,0,0,0,0,0,0,0,0,-6,0,-6,0,-6,0,-5,0,-4,0,-3,0,-2,0,-1,-1,0,-1,1,-2,1,-3,2,-3,3,-4,3,-4,3,-5,4,-4,3,-4,3,-4,3,-4,3,-3,2,-2,1,-1,1,0,1,0,0,1,0,0,0,3,0,4,0,5,0,5,0,5,0,6,0,5,0,5,0,5,0,4,0,3,0,2,0,1,0,0,-1,0,-1,-1,-2,-1,-3,-1,-3,-2,-3,-2,-4,-1,-4,-1,-4,-1,-4,-1,-4,-1,-3,0,-3,0,0,0,0,0,0,0,0,0,0]"
CSI_DATA,22746,80:af:ca:27:52:2a,-54,11,1,0,1,1,1,0,0,0,0,-97,0,11,2,307743002,0,83,1,128,0,"[0,0,0,0,0,0,0,0,0,0,0,0,3,-4,2,-4,2,-4,2,-3,2,-3,1,-2,1,-1,0,-1,0,0,-1,0,-2,1,-2,1,-3,2,-3,2,-4,2,-4,3,-4,3,-4,3,-4,2,-3,2,-3,2,-2,1,-1,1,-1,0,0,0,1,0,0,0,2,0,3,-1,4,-1,4,-1,4,-1,5,-1,5,-1,4,-1,4,0,3,0,2,0,2,0,1,0,0,0,0,0,-1,-1,-2,-1,-2,-1,-3,-1,-3,-1,-3,-2,-3,-2,-3,-2,-3,-2,-3,-2,-2,-1,0,0,0,0,0,0,0,0,0,0]"
CSI_DATA,22747,80:af:ca:27:52:2a,-54,11,1,2,1,1,1,0,0,0,0,-97,0,11,2,307748593,0,83,1,128,0,"[0,0,0,0,0,0,0,0,0,0,0,0,0,0,3,0,6,0,8,0,10,0,11,0,12,0,12,0,12,0,12,0,12,0,10,0,8,0,6,0,3,0,1,0,0,0,-3,0,-6,-1,-7,-1,-10,-1,-11,-2,-12,-2,-13,-2,-13,-2,-12,-2,0,0,-11,-1,-9,-1,-7,-1,-5,0,-3,0,0,0,1,0,3,1,6,2,6,3,8,4,9,5,9,5,9,5,9,5,8,5,7,4,6,3,4,2,3,1,1,0,0,0,0,-1,-1,-3,-2,-4,-3,-5,0,0,0,0,0,0,0,0,0,0]"
CSI_DATA,22748,80:af:ca:27:52:2a,-54,11,1,0,1,1,1,0,0,0,0,-97,0,11,2,307765753,0,83,1,128,0,"[0,0,0,0,0,0,0,0,0,0,0,0,-5,0,-8,-1,-10,-2,-12,-5,-14,-5,-15,-5,-15,-6,-15,-5,-15,-6,-15,-5,-13,-5,-11,-4,-9,-3,-6,-3,-3,-2,0,-2,2,-1,5,-1,8,-1,10,-1,12,-1,14,-1,14,-2,15,-3,15,-3,14,-3,0,0,10,-3,9,-2,6,-1,3,0,0,0,-2,0,-5,1,-7,2,-9,3,-10,4,-11,5,-12,5,-12,5,-12,5,-11,5,-10,5,-9,5,-6,4,-5,2,-3,1,-1,0,0,0,1,-1,3,-2,5,-3,5,-4,0,0,0,0,0,0,0,0,0,0]"
CSI_DATA,22749,80:af:ca:27:52:2a,-55,11,1,0,1,1,1,0,0,0,0,-97,0,11,2,307783026,0,83,1,128,0,"[0,0,0,0,0,0,0,0,0,0,0,0,1,2,1,5,0,6,0,8,0,9,0,10,0,10,0,10,0,10,1,9,0,8,0,7,0,5,0,3,0,1,-2,0,-2,-1,-3,-2,-5,-4,-6,-5,-7,-6,-8,-6,-8,-6,-8,-6,-8,-6,-8,-5,0,0,-6,-4,-5,-3,-3,-2,-2,-2,0,-1,2,0,3,0,5,0,6,0,7,0,8,0,8,0,8,0,8,0,7,0,7,0,5,0,4,-1,2,0,1,0,0,0,-1,0,-2,0,-3,0,-5,0,-5,1,0,0,0,0,0,0,0,0,0,0]"
CSI_DATA,22750,80:af:ca:27:52:2a,-55,11,1,0,1,1,1,0,0,0,0,-97,0,11,2,307799816,0,83,1,128,0,"[0,0,0,0,0,0,0,0,0,0,0,0,-6,5,-6,5,-5,4,-5,3,-3,2,-2,1,-1,0,0,0,0,-2,0,-3,1,-4,2,-6,2,-6,3,-7,3,-7,3,-8,2,-7,2,-7,2,-6,1,-5,1,-4,1,-3,0,-1,0,0,0,1,0,2,0,0,0,5,0,6,-1,7,0,7,-1,7,0,7,0,7,0,6,0,5,0,4,0,2,0,1,0,0,0,-1,0,-2,0,-3,0,-4,0,-5,0,-5,0,-5,0,-6,0,-5,0,-5,0,-5,0,-4,0,-3,0,0,0,0,0,0,0,0,0,0]"
CSI_DATA,22751,80:af:ca:27:52:2a,-54,11,1,0,1,1,1,0,0,0,0,-97,0,11,2,307809624,0,83,1,128,0,"[0,0,0,0,0,0,0,0,0,0,0,0,-2,-9,-2,-8,-2,-7,-1,-6,-1,-4,0,-3,0,-1,0,0,1,1,2,2,2,4,3,5,3,6,4,6,4,7,4,7,4,6,4,6,3,5,3,4,2,3,1,2,0,1,-1,0,-2,-1,-3,-2,0,0,-4,-3,-6,-4,-6,-4,-7,-4,-7,-4,-6,-4,-6,-4,-5,-3,-4,-3,-3,-2,-2,-1,-1,-1,0,0,0,0,1,1,2,1,3,2,4,2,4,2,4,2,4,2,4,2,4,2,3,1,3,1,2,1,0,0,0,0,0,0,0,0,0,0]"
CSI_DATA,22752,80:af:ca:27:52:2a,-54,11,1,0,1,1,1,0,0,0,0,-97,0,11,2,307824670,0,83,1,128,0,"[0,0,0,0,0,0,0,0,0,0,0,0,3,0,5,0,7,1,9,3,10,3,11,3,11,3,11,3,11,3,11,3,10,3,8,2,6,2,4,1,1,1,0,1,-3,0,-5,0,-7,0,-8,0,-10,0,-11,0,-11,1,-12,2,-12,1,-11,2,0,0,-8,1,-7,0,-4,0,-2,0,0,0,1,-1,3,-2,4,-3,7,-3,7,-4,7,-5,7,-5,8,-5,7,-5,7,-4,6,-4,5,-3,3,-3,2,-2,0,-1,0,0,-1,0,-2,0,-3,1,-4,2,-4,2,0,0,0,0,0,0,0,0,0,0]"
CSI_DATA,22753,80:af:ca:27:52:2a,-54,11,1,0,1,1,1,0,0,0,0,-97,0,11,2,307847733,0,83,1,128,0,"[0,0,0,0,0,0,0,0,0,0,0,0,3,-10,3,-9,3,-8,3,-6,2,-5,1,-3,1,0,1,1,1,3,1,5,1,6,2,8,3,8,3,9,3,9,3,9,3,8,3,7,3,6,2,5,1,3,0,2,0,1,-2,0,-3,-1,-5,-2,0,0,-7,-3,-8,-3,-9,-4,-9,-3,-9,-3,-9,-3,-8,-3,-6,-2,-5,-1,-4,-1,-2,0,-1,0,0,0,2,0,3,0,5,0,6,0,6,-1,6,-1,6,-1,6,-1,6,-1,5,-1,5,-1,3,-1,2,-1,0,0,0,0,0,0,0,0,0,0]"
CSI_DATA,22754,80:af:ca:27:52:2a,-55,11,1,0,1,1,1,0,0,0,0,-97,0,11,2,307889692,0,83,1,128,0,"[0,0,0,0,0,0,0,0,0,0,0,0,2,-9,1,-8,1,-7,1,-6,1,-4,0,-2,0,0,-1,0,-2,2,-3,3,-5,4,-6,5,-7,6,-7,6,-7,5,-8,6,-7,5,-7,4,-6,3,-4,2,-3,2,-2,1,0,1,1,0,2,0,4,0,0,0,7,0,8,0,8,0,8,0,8,0,8,0,7,0,6,0,5,0,4,0,3,0,1,-1,0,-1,0,-2,-1,-3,-2,-3,-2,-4,-3,-5,-3,-5,-3,-5,-3,-6,-3,-6,-2,-5,-2,-5,-2,-4,-2,-3,0,0,0,0,0,0,0,0,0,0]"
CSI_DATA,22755,80:af:ca:27:52:2a,-55,11,1,0,1,1,1,0,0,0,0,-97,0,11,2,307907410,0,83,1,128,0,"[0,0,0,0,0,0,0,0,0,0,0,0,-2,1,-4,3,-5,3,-7,4,-7,5,-8,5,-9,5,-8,5,-8,4,-7,3,-7,3,-6,2,-4,1,-2,1,-1,0,0,0,1,0,3,-1,5,-1,6,-1,7,-1,8,-1,9,-1,9,-1,9,-1,8,-1,0,0,6,-1,4,-1,3,-1,1,-1,0,-1,-1,-1,-3,-1,-5,-1,-6,-2,-7,-2,-8,-3,-7,-3,-7,-3,-7,-3,-7,-3,-6,-3,-5,-2,-4,-1,-3,-1,-2,0,-1,0,0,0,0,1,0,2,1,3,1,3,0,0,0,0,0,0,0,0,0,0]"
CSI_DATA,22756,80:af:ca:27:52:2a,-54,11,1,0,1,1,1,0,0,0,0,-97,0,11,2,307922847,0,83,1,128,0,"[0,0,0,0,0,0,0,0,0,0,0,0,1,1,2,3,3,5,4,8,5,8,5,9,5,10,5,10,5,10,5,9,4,8,3,7,2,5,1,3,0,1,0,0,-2,-2,-3,-3,-4,-5,-5,-6,-5,-8,-6,-8,-7,-9,-8,-9,-8,-9,-7,-8,0,0,-5,-6,-4,-5,-3,-4,-2,-2,0,0,0,1,2,2,2,4,4,5,5,6,5,7,5,8,5,8,5,8,5,7,4,6,3,5,2,3,2,2,1,1,0,0,0,-1,0,-2,-1,-4,-2,-5,-2,-5,0,0,0,0,0,0,0,0,0,0]"
CSI_DATA,22757,80:af:ca:27:52:2a,-54,11,1,0,1,1,1,0,0,0,0,-97,0,11,2,307931850,0,83,1,128,0,"[0,0,0,0,0,0,0,0,0,0,0,0,-5,-7,-5,-6,-4,-6,-3,-5,-2,-4,-1,-3,-1,-1,0,0,1,1,2,2,3,4,3,5,4,5,4,6,4,6,5,6,4,6,4,6,4,5,3,4,2,3,1,2,0,1,0,0,-1,-2,-2,-3,0,0,-3,-5,-4,-6,-4,-7,-4,-7,-4,-7,-4,-7,-4,-6,-3,-6,-3,-5,-2,-4,-2,-3,-1,-1,-1,0,0,1,0,2,0,3,0,4,1,5,1,5,1,5,1,6,0,5,0,5,0,4,0,4,0,3,0,0,0,0,0,0,0,0,0,0]"
CSI_DATA,22758,80:af:ca:27:52:2a,-55,11,1,0,1,1,1,0,0,0,0,-97,0,11,2,307941109,0,83,1,128,0,"[0,0,0,0,0,0,0,0,0,0,0,0,0,-2,0,-4,2,-6,2,-7,3,-9,3,-9,3,-10,3,-9,4,-9,3,-9,3,-8,2,-7,2,-5,1,-3,0,-2,0,0,0,1,-1,3,-2,4,-2,6,-2,7,-2,8,-2,9,-2,9,-2,9,-2,9,0,0,-2,7,-1,4,-1,3,0,2,0,0,0,-2,0,-3,1,-4,1,-7,2,-7,2,-8,2,-8,2,-8,2,-8,2,-7,1,-7,1,-6,0,-4,0,-3,0,-2,0,-1,-1,0,-2,1,-2,2,-2,2,-3,3,0,0,0,0,0,0,0,0,0,0]"
CSI_DATA,22759,80:af:ca:27:52:2a,-54,11,1,0,1,1,1,0,0,0,0,-97,0,11,2,307953956,0,83,1,128,0,"[0,0,0,0,0,0,0,0,0,0,0,0,-3,0,-5,0,-8,0,-9,-2,-10,-2,-11,-2,-11,-2,-11,-2,-11,-2,-10,-2,-9,-2,-8,-2,-5,-2,-4,-1,-2,0,0,0,2,0,3,0,5,0,7,1,8,1,9,2,9,2,10,2,10,2,9,1,0,0,7,1,5,0,3,0,1,0,0,0,-2,-1,-3,-2,-5,-2,-6,-3,-8,-3,-8,-4,-8,-4,-8,-4,-8,-4,-8,-3,-7,-3,-6,-2,-5,-2,-3,-1,-2,0,-1,0,0,0,0,1,2,2,2,3,2,3,0,0,0,0,0,0,0,0,0,0]"
CSI_DATA,22760,80:af:ca:27:52:2a,-55,11,1,0,1,1,1,0,0,0,0,-97,0,11,2,307961210,0,83,1,128,0,"[0,0,0,0,0,0,0,0,0,0,0,0,1,-3,3,-4,4,-5,7,-6,7,-6,8,-6,8,-7,8,-6,8,-5,7,-5,7,-4,6,-4,4,-2,2,-1,0,0,0,0,-2,1,-4,2,-5,2,-7,3,-8,4,-9,4,-9,4,-9,4,-9,4,-8,4,0,0,-6,2,-4,2,-3,1,-1,0,0,0,2,0,4,0,5,-1,7,-1,7,-2,8,-2,8,-2,8,-2,8,-2,7,-2,7,-2,5,-2,4,-2,2,-1,1,-1,0,-1,-1,-1,-2,-1,-3,-2,-4,-2,-4,-2,0,0,0,0,0,0,0,0,0,0]"
CSI_DATA,22761,80:af:ca:27:52:2a,-55,11,1,0,1,1,1,0,0,0,0,-97,0,11,2,307978979,0,83,1,128,0,"[0,0,0,0,0,0,0,0,0,0,0,0,-2,-2,-4,-3,-6,-4,-6,-6,-7,-6,-7,-7,-8,-7,-7,-7,-7,-7,-6,-6,-6,-6,-5,-5,-4,-4,-2,-3,-1,-1,0,0,1,1,2,2,3,4,4,4,5,6,6,6,6,6,6,6,6,6,6,6,0,0,4,4,3,3,2,2,1,0,0,0,0,-2,-2,-3,-2,-4,-3,-6,-4,-6,-4,-7,-4,-8,-4,-8,-4,-8,-4,-7,-4,-6,-3,-6,-3,-4,-2,-3,-2,-2,-1,0,0,0,0,2,0,3,0,4,0,4,0,0,0,0,0,0,0,0,0,0]"
CSI_DATA,22762,80:af:ca:27:52:2a,-55,11,1,0,1,1,1,0,0,0,0,-97,0,11,2,307990380,0,83,1,128,0,"[0,0,0,0,0,0,0,0,0,0,0,0,2,2,2,4,4,5,4,7,4,8,4,9,4,9,4,9,4,9,4,8,3,7,2,6,2,4,1,3,0,1,-1,0,-2,-2,-3,-3,-4,-4,-5,-7,-6,-7,-7,-8,-7,-8,-7,-9,-7,-9,-7,-8,0,0,-5,-6,-4,-4,-3,-3,-2,-2,0,0,0,1,2,3,3,4,4,5,4,6,5,7,5,7,5,7,5,7,5,7,4,6,4,4,3,3,2,2,1,1,0,0,0,-1,0,-2,-1,-4,-2,-4,-2,-5,0,0,0,0,0,0,0,0,0,0]"
CSI_DATA,22763,80:af:ca:27:52:2a,-54,11,1,2,1,1,1,0,0,0,0,-97,0,11,2,307996827,0,83,1,128,0,"[0,0,0,0,0,0,0,0,0,0,0,0,0,-2,3,-3,5,-3,7,-4,8,-4,9,-4,10,-5,10,-5,10,-4,10,-4,9,-3,7,-3,6,-3,3,-1,1,0,0,0,-2,0,-3,1,-6,2,-7,3,-8,3,-10,3,-11,4,-11,4,-11,4,-10,4,0,0,-7,3,-6,2,-4,2,-3,1,0,0,1,0,3,0,4,-1,7,-2,7,-2,8,-3,9,-3,9,-2,9,-3,9,-3,8,-2,7,-2,5,-2,3,-2,2,-1,0,-1,0,-1,-2,-1,-3,-1,-4,-1,-5,-1,0,0,0,0,0,0,0,0,0,0]"
CSI_DATA,22764,80:af:ca:27:52:2a,-55,11,1,0,1,1,1,0,0,0,0,-97,0,11,2,308007959,0,83,1,128,0,"[0,0,0,0,0,0,0,0,0,0,0,0,-7,-2,-7,-2,-6,-2,-5,-2,-4,-1,-2,-1,-1,-1,0,0,1,0,2,0,4,0,5,0,6,0,6,0,7,0,7,0,7,0,6,-1,6,0,5,0,4,0,2,0,1,0,0,0,-1,0,-2,0,0,0,-4,1,-5,2,-6,2,-6,2,-7,2,-7,2,-6,2,-5,2,-5,2,-3,1,-2,1,-1,0,0,0,0,0,1,0,2,-1,3,-2,3,-2,4,-2,4,-2,4,-3,4,-2,3,-2,3,-2,3,-2,2,-1,0,0,0,0,0,0,0,0,0,0]"
CSI_DATA,22765,80:af:ca:27:52:2a,-54,11,1,0,1,1,1,0,0,0,0,-97,0,11,2,308016772,0,83,1,128,0,"[0,0,0,0,0,0,0,0,0,0,0,0,2,8,2,7,1,6,1,5,0,4,0,3,0,1,-1,0,-1,-1,-2,-3,-3,-4,-4,-5,-4,-6,-5,-6,-5,-6,-5,-6,-5,-6,-5,-5,-5,-5,-4,-4,-3,-3,-2,-2,-1,-1,0,0,1,0,2,1,0,0,4,2,5,3,6,3,6,3,6,3,6,3,6,3,5,2,5,2,4,1,2,1,1,0,0,0,-1,0,-2,-1,-3,-1,-4,-2,-4,-2,-5,-2,-5,-2,-5,-2,-5,-2,-5,-2,-4,-2,-4,-1,-3,-1,0,0,0,0,0,0,0,0,0,0]"
CSI_DATA,22766,80:af:ca:27:52:2a,-54,11,1,0,1,1,1,0,0,0,0,-97,0,11,2,308026136,0,83,1,128,0,"[0,0,0,0,0,0,0,0,0,0,0,0,-2,-2,-3,-5,-4,-6,-4,-8,-5,-9,-5,-10,-5,-10,-5,-10,-5,-10,-5,-9,-3,-9,-3,-8,-2,-5,-1,-4,0,-2,0,0,1,1,2,3,2,5,4,6,4,7,5,8,5,8,6,8,5,9,5,8,0,0,4,6,3,5,2,2,1,1,0,0,0,-2,-2,-3,-2,-5,-4,-6,-4,-7,-5,-8,-5,-8,-5,-8,-5,-8,-4,-8,-4,-7,-3,-5,-3,-5,-2,-3,-2,-2,-1,0,0,0,0,2,0,2,0,3,0,4,0,0,0,0,0,0,0,0,0,0]"
CSI_DATA,22767,80:af:ca:27:52:2a,-54,11,1,0,1,1,1,0,0,0,0,-97,0,11,2,308033953,0,83,1,128,0,"[0,0,0,0,0,0,0,0,0,0,0,0,-5,6,-5,6,-4,5,-3,4,-3,3,-2,1,-1,0,0,-1,0,-2,1,-3,2,-5,2,-6,2,-7,2,-8,2,-8,2,-8,2,-8,2,-7,2,-7,1,-6,1,-5,1,-3,0,-1,0,0,0,1,0,3,0,0,-1,5,-1,7,-1,7,-1,8,-1,7,-1,8,-1,7,-1,6,-1,5,-1,4,0,2,0,1,0,0,0,-1,0,-2,0,-3,0,-5,0,-5,0,-6,0,-6,1,-6,1,-6,1,-5,1,-5,1,-4,0,-3,0,0,0,0,0,0,0,0,0,0]"
CSI_DATA,22768,80:af:ca:27:52:2a,-54,11,1,0,1,1,1,0,0,0,0,-97,0,11,2,308040295,0,83,1,128,0,"[0,0,0,0,0,0,0,0,0,0,0,0,1,-8,1,-8,1,-7,1,-6,0,-4,0,-3,0,-1,0,0,0,1,0,3,0,4,0,6,1,7,1,7,1,8,1,8,1,7,1,7,1,6,1,5,1,4,0,2,0,1,0,0,-1,-1,-2,-2,0,0,-3,-5,-3,-6,-4,-7,-4,-7,-4,-7,-4,-7,-4,-6,-3,-6,-3,-4,-2,-3,-2,-2,-1,-1,0,0,0,0,1,1,1,2,2,3,2,3,3,4,3,4,3,4,3,4,2,3,2,3,2,2,1,2,0,0,0,0,0,0,0,0,0,0]"
CSI_DATA,22769,80:af:ca:27:52:2a,-55,11,1,0,1,1,1,0,0,0,0,-97,0,11,2,308052009,0,83,1,128,0,"[0,0,0,0,0,0,0,0,0,0,0,0,0,2,-2,3,-2,4,-4,6,-4,7,-5,8,-5,9,-5,9,-5,9,-4,8,-4,7,-3,7,-2,4,-2,3,-2,1,-2,0,-1,-2,-1,-4,-1,-5,-1,-7,-1,-8,-2,-9,-2,-9,-2,-10,-2,-10,-3,-9,0,0,-2,-7,-2,-6,-1,-4,0,-2,0,0,1,0,2,2,2,3,4,4,4,5,5,6,5,6,5,6,5,6,4,5,4,4,4,4,3,2,2,2,1,0,0,0,-1,0,-2,-1,-2,-2,-3,-2,-4,-3,0,0,0,0,0,0,0,0,0,0]"
CSI_DATA,22770,80:af:ca:27:52:2a,-56,11,1,0,1,1,1,0,0,0,0,-97,0,11,2,308060708,0,83,1,128,0,"[0,0,0,0,0,0,0,0,0,0,0,0,6,4,5,3,5,3,4,3,3,2,2,2,1,1,0,1,-1,1,-2,1,-4,1,-5,1,-6,1,-7,2,-7,2,-8,2,-7,2,-6,2,-5,2,-5,2,-4,1,-3,0,-2,0,-1,0,0,-2,0,-3,0,0,1,-5,2,-6,2,-7,2,-7,2,-7,1,-7,1,-7,0,-6,0,-5,0,-4,0,-2,0,-1,0,0,0,0,0,2,0,2,1,4,1,4,1,5,2,4,2,5,2,4,2,4,2,3,1,3,1,2,0,0,0,0,0,0,0,0,0,0]"
CSI_DATA,22771,80:af:ca:27:52:2a,-56,11,1,0,1,1,1,0,0,0,0,-97,0,11,2,308067869,0,83,1,128,0,"[0,0,0,0,0,0,0,0,0,0,0,0,0,-8,0,-8,0,-7,0,-5,0,-4,0,-2,1,0,1,0,1,2,2,3,2,5,3,6,4,6,4,7,4,7,4,7,4,7,4,6,4,5,3,4,1,3,0,2,0,0,-1,0,-2,0,-4,-1,0,0,-7,-2,-8,-3,-8,-3,-8,-3,-8,-3,-8,-3,-8,-2,-7,-1,-6,-1,-4,0,-3,0,-1,0,0,0,1,0,2,0,4,0,5,0,6,0,6,0,6,0,6,0,6,0,6,0,5,0,4,0,3,-1,0,0,0,0,0,0,0,0,0,0]"
CSI_DATA,22772,80:af:ca:27:52:2a,-56,11,1,0,1,1,1,0,0,0,0,-97,0,11,2,308086728,0,83,1,128,0,"[0,0,0,0,0,0,0,0,0,0,0,0,7,5,6,4,5,4,4,4,2,2,1,1,0,0,-1,0,-2,-2,-4,-3,-5,-4,-6,-5,-6,-6,-6,-6,-6,-6,-7,-6,-6,-6,-6,-5,-5,-5,-4,-4,-3,-3,-2,-2,-1,0,0,0,1,2,2,3,0,0,4,5,4,6,5,6,5,6,4,6,4,6,4,6,3,5,3,4,2,3,2,2,1,0,0,-1,0,-2,0,-3,-1,-4,-1,-5,-2,-5,-2,-6,-2,-6,-2,-6,-2,-6,-1,-5,-1,-5,-1,-4,-1,-3,0,0,0,0,0,0,0,0,0,0]"
CSI_DATA,22773,80:af:ca:27:52:2a,-55,11,1,0,1,1,1,0,0,0,0,-97,0,11,2,308096208,0,83,1,128,0,"[0,0,0,0,0,0,0,0,0,0,0,0,8,-1,7,-1,6,-1,5,0,3,0,1,0,0,0,-2,-1,-3,-1,-5,-1,-7,-2,-8,-2,-8,-3,-9,-3,-9,-4,-9,-4,-8,-3,-7,-3,-7,-3,-5,-2,-4,-2,-2,-1,-1,0,0,1,1,2,2,3,0,0,3,6,4,7,4,7,5,7,4,7,3,7,3,7,3,6,2,5,2,3,2,2,1,1,1,0,1,-1,1,-3,1,-4,1,-5,1,-6,1,-6,1,-6,2,-6,2,-6,2,-6,1,-5,1,-5,1,-4,0,0,0,0,0,0,0,0,0,0]"
CSI_DATA,22774,80:af:ca:27:52:2a,-55,11,1,0,1,1,1,0,0,0,0,-97,0,11,2,308104949,0,83,1,128,0,"[0,0,0,0,0,0,0,0,0,0,0,0,-5,7,-5,6,-4,5,-4,4,-3,2,-1,1,0,0,1,-1,2,-2,4,-3,5,-4,6,-4,7,-5,7,-5,7,-5,8,-5,7,-5,7,-4,6,-3,5,-3,3,-2,2,-2,0,-1,-1,-1,-3,0,-4,0,0,0,-7,0,-9,0,-9,0,-10,0,-9,0,-9,0,-9,0,-7,0,-6,0,-5,0,-3,0,-2,0,-1,1,0,1,2,2,3,2,4,3,4,3,4,3,5,3,5,4,4,4,4,4,4,3,3,3,2,2,0,0,0,0,0,0,0,0,0,0]"
CSI_DATA,22775,80:af:ca:27:52:2a,-56,11,1,0,1,1,1,0,0,0,0,-97,0,11,2,308124971,0,83,1,128,0,"[0,0,0,0,0,0,0,0,0,0,0,0,-3,0,-5,-1,-6,-2,-7,-3,-8,-3,-8,-4,-8,-4,-8,-4,-7,-4,-7,-4,-6,-3,-5,-2,-3,-2,-2,-1,0,-1,0,0,2,0,3,0,5,1,5,1,7,2,7,2,7,2,8,1,8,2,7,1,0,0,5,1,4,0,2,0,1,0,0,0,-1,-1,-3,-1,-4,-1,-5,-2,-7,-2,-7,-2,-7,-2,-7,-2,-7,-2,-7,-2,-6,-1,-5,-1,-4,-1,-3,0,-1,0,-1,0,0,0,1,1,2,1,2,2,3,2,0,0,0,0,0,0,0,0,0,0]"
CSI_DATA,22776,80:af:ca:27:52:2a,-55,11,1,0,1,1,1,0,0,0,0,-97,0,11,2,308133427,0,83,1,128,0,"[0,0,0,0,0,0,0,0,0,0,0,0,-2,-9,-2,-7,-1,-6,-1,-5,0,-4,0,-2,0,0,0,1,0,2,1,4,0,5,1,6,1,7,1,8,1,8,1,9,1,8,1,7,1,6,0,5,0,4,0,2,0,1,0,-1,0,-2,0,-4,0,0,0,-6,0,-7,0,-9,0,-9,0,-9,0,-9,0,-8,0,-7,0,-6,0,-5,0,-3,0,-2,-1,-1,-1,0,-1,2,-2,3,-2,4,-2,4,-2,5,-2,5,-3,5,-3,5,-3,5,-2,4,-2,4,-2,3,0,0,0,0,0,0,0,0,0,0]"
CSI_DATA,22777,80:af:ca:27:52:2a,-54,11,1,0,1,1,1,0,0,0,0,-97,0,11,2,308150565,0,83,1,128,0,"[0,0,0,0,0,0,0,0,0,0,0,0,0,9,0,8,0,7,-1,6,-1,4,0,2,0,0,0,-1,1,-2,2,-4,3,-5,3,-6,5,-7,5,-7,5,-7,6,-8,5,-7,5,-6,4,-6,3,-5,2,-3,1,-3,0,-2,-1,-1,-2,0,-3,0,0,0,-6,1,-7,1,-8,1,-8,1,-8,1,-8,1,-8,1,-7,1,-6,0,-5,0,-3,0,-2,0,-1,1,0,1,1,1,2,2,3,2,3,3,4,3,4,3,4,3,3,3,3,3,3,3,2,3,2,2,0,0,0,0,0,0,0,0,0,0]"
CSI_DATA,22778,80:af:ca:27:52:2a,-54,11,1,0,1,1,1,0,0,0,0,-97,0,11,2,308161161,0,83,1,128,0,"[0,0,0,0,0,0,0,0,0,0,0,0,-6,6,-5,5,-5,4,-5,3,-3,2,-2,1,0,1,1,0,2,0,4,0,5,0,6,0,8,0,8,0,8,0,9,0,8,0,7,0,6,0,5,0,4,0,3,0,1,-1,0,-1,-1,-2,-2,-2,0,0,-4,-4,-5,-5,-5,-6,-5,-6,-5,-6,-5,-6,-5,-6,-4,-6,-4,-5,-3,-4,-2,-3,-2,-2,-1,-1,-1,0,-1,1,-1,2,-1,4,-1,4,-2,5,-2,5,-2,5,-2,5,-3,4,-3,4,-2,3,-2,2,0,0,0,0,0,0,0,0,0,0]"
CSI_DATA,22779,80:af:ca:27:52:2a,-54,11,1,0,1,1,1,0,0,0,0,-97,0,11,2,308168290,0,83,1,128,0,"[0,0,0,0,0,0,0,0,0,0,0,0,-8,-4,-7,-4,-7,-4,-6,-3,-4,-3,-2,-2,-1,0,0,0,1,1,2,2,3,4,4,5,4,6,5,6,5,6,6,7,5,6,4,6,4,5,3,4,2,3,2,2,1,1,0,0,0,-2,-1,-3,0,0,-2,-6,-2,-7,-2,-8,-2,-8,-2,-8,-2,-8,-2,-8,-2,-7,-1,-6,-1,-5,-1,-3,-1,-2,-1,-1,-1,0,-1,1,-1,2,-2,3,-2,4,-2,4,-2,5,-2,5,-2,5,-2,4,-2,4,-2,3,-2,3,0,0,0,0,0,0,0,0,0,0]"
CSI_DATA,22780,80:af:ca:27:52:2a,-54,11,1,2,1,1,1,0,0,0,0,-97,0,11,2,308173894,0,83,1,128,0,"[0,0,0,0,0,0,0,0,0,0,0,0,-1,2,-3,4,-5,5,-5,7,-7,8,-8,9,-8,10,-8,9,-8,9,-8,8,-7,7,-6,5,-5,5,-3,3,-1,1,0,0,1,0,3,-2,5,-4,5,-5,7,-5,8,-6,9,-7,9,-7,9,-7,8,-6,0,0,6,-5,5,-5,4,-3,2,-2,0,-1,-1,0,-3,0,-5,0,-7,0,-8,0,-10,1,-10,0,-10,0,-10,0,-10,0,-9,0,-8,0,-6,0,-5,0,-3,0,-1,0,0,0,0,0,2,1,3,1,4,2,0,0,0,0,0,0,0,0,0,0]"
CSI_DATA,22781,80:af:ca:27:52:2a,-55,11,1,0,1,1,1,0,0,0,0,-97,0,11,2,308186079,0,83,1,128,0,"[0,0,0,0,0,0,0,0,0,0,0,0,-3,-1,-5,-3,-6,-3,-8,-5,-9,-6,-10,-6,-10,-7,-10,-6,-10,-7,-10,-6,-9,-6,-7,-5,-6,-4,-4,-3,-2,-2,0,0,1,0,3,1,5,2,6,3,7,3,9,4,9,4,10,4,10,4,10,3,0,0,7,3,6,2,4,1,3,0,0,0,-1,-1,-3,-2,-5,-3,-6,-3,-7,-4,-9,-4,-9,-5,-9,-5,-9,-5,-8,-4,-8,-4,-6,-3,-6,-3,-4,-2,-3,-1,-1,0,0,0,0,0,1,2,2,3,3,3,0,0,0,0,0,0,0,0,0,0]"
CSI_DATA,22782,80:af:ca:27:52:2a,-55,11,1,0,1,1,1,0,0,0,0,-97,0,11,2,308196908,0,83,1,128,0,"[0,0,0,0,0,0,0,0,0,0,0,0,1,3,1,6,1,8,0,10,0,11,0,12,0,13,0,12,0,12,0,10,0,10,0,8,0,5,0,3,0,1,-1,0,-1,-2,-2,-5,-2,-7,-2,-9,-3,-10,-3,-11,-4,-11,-5,-12,-4,-12,-4,-10,0,0,-3,-8,-2,-6,-2,-5,-1,-2,0,0,0,1,0,3,1,5,2,7,3,8,3,9,3,9,3,9,3,9,3,8,3,8,2,6,2,5,2,3,1,1,0,0,0,-1,0,-2,0,-4,0,-5,-1,-6,0,0,0,0,0,0,0,0,0,0]"
CSI_DATA,22783,80:af:ca:27:52:2a,-55,11,1,0,1,1,1,0,0,0,0,-97,0,11,2,308205340,0,83,1,128,0,"[0,0,0,0,0,0,0,0,0,0,0,0,2,0,4,2,5,3,6,4,7,5,7,6,8,6,7,6,7,6,7,5,6,5,5,4,4,3,2,2,0,0,0,0,-2,0,-4,-1,-5,-2,-7,-3,-7,-3,-9,-4,-9,-4,-9,-4,-9,-4,-9,-3,0,0,-7,-2,-6,-2,-4,-2,-2,-1,0,0,1,0,2,0,4,1,5,2,7,2,7,2,7,2,7,2,7,2,7,2,7,1,5,1,4,0,3,0,2,0,0,0,0,0,-2,-1,-2,-2,-3,-2,-4,-2,0,0,0,0,0,0,0,0,0,0]"
CSI_DATA,22784,80:af:ca:27:52:2a,-54,11,1,0,1,1,1,0,0,0,0,-97,0,11,2,308231740,0,83,1,128,0,"[0,0,0,0,0,0,0,0,0,0,0,0,0,-4,1,-6,3,-7,3,-9,4,-10,4,-11,5,-11,4,-11,4,-11,4,-10,3,-8,3,-7,2,-5,1,-3,0,-1,0,0,0,2,-1,3,-2,6,-2,7,-3,8,-3,10,-3,10,-2,11,-3,11,-2,10,0,0,-1,7,-1,5,0,3,0,2,0,0,0,-2,0,-3,0,-6,0,-7,0,-8,0,-9,1,-10,1,-10,0,-10,0,-9,0,-8,0,-7,0,-5,0,-3,0,-2,0,0,0,0,-1,1,-1,3,-1,3,-2,4,0,0,0,0,0,0,0,0,0,0]"
CSI_DATA,22785,80:af:ca:27:52:2a,-54,11,1,0,1,1,1,0,0,0,0,-97,0,11,2,308288558,0,83,1,128,0,"[0,0,0,0,0,0,0,0,0,0,0,0,-9,-3,-8,-2,-7,-2,-6,-2,-4,-2,-2,-2,0,-1,1,-1,2,-1,4,0,6,0,7,0,8,0,8,0,8,0,9,0,8,0,7,0,7,0,5,0,4,0,2,0,1,0,0,0,-2,0,-3,1,0,0,-6,1,-7,1,-8,2,-8,2,-8,2,-8,2,-8,2,-7,2,-6,2,-5,1,-3,1,-1,1,0,0,1,0,2,0,3,-1,4,-1,5,-2,5,-2,5,-2,6,-2,6,-2,5,-2,5,-2,4,-2,3,-1,0,0,0,0,0,0,0,0,0,0]"
CSI_DATA,22786,80:af:ca:27:52:2a,-54,11,1,0,1,1,1,0,0,0,0,-97,0,11,2,308313250,0,83,1,128,0,"[0,0,0,0,0,0,0,0,0,0,0,0,0,3,0,5,-2,7,-2,8,-2,9,-2,10,-2,10,-2,10,-2,10,-2,9,-2,8,-2,7,-1,5,-1,2,-1,1,-1,0,-2,-2,-2,-4,-2,-6,-3,-8,-3,-8,-4,-9,-4,-10,-5,-10,-5,-10,-5,-9,0,0,-4,-7,-3,-5,-2,-4,-1,-2,0,0,1,0,2,2,3,3,5,4,5,5,6,5,6,5,6,5,6,5,6,5,5,4,5,2,3,2,2,1,1,0,0,0,-1,0,-2,-1,-3,-2,-4,-2,-5,-2,0,0,0,0,0,0,0,0,0,0]"
CSI_DATA,22787,80:af:ca:27:52:2a,-55,11,1,0,1,1,1,0,0,0,0,-97,0,11,2,308320904,0,83,1,128,0,"[0,0,0,0,0,0,0,0,0,0,0,0,0,-4,2,-6,3,-8,4,-9,5,-10,6,-10,6,-10,5,-10,5,-10,4,-9,4,-8,3,-7,2,-5,2,-3,1,0,1,1,0,3,0,5,0,7,0,8,0,10,1,10,1,11,2,11,2,11,2,10,0,0,1,8,0,5,0,4,0,2,-1,0,-2,-2,-3,-4,-4,-6,-5,-7,-6,-7,-6,-8,-6,-8,-6,-8,-6,-8,-6,-7,-6,-6,-5,-5,-4,-4,-2,-2,-2,-1,0,0,0,0,2,1,2,2,3,3,4,3,0,0,0,0,0,0,0,0,0,0]"
CSI_DATA,22788,80:af:ca:27:52:2a,-56,11,1,0,1,1,1,0,0,0,0,-97,0,11,2,308344735,0,83,1,128,0,"[0,0,0,0,0,0,0,0,0,0,0,0,0,-3,1,-4,3,-6,4,-6,4,-7,4,-7,5,-8,5,-8,5,-7,4,-7,4,-7,3,-6,2,-4,1,-3,0,-1,0,0,0,1,-1,3,-2,4,-3,6,-3,6,-3,7,-3,7,-3,8,-3,8,-3,7,0,0,-2,6,-1,4,-1,3,-1,1,0,0,0,-1,0,-3,0,-4,1,-5,1,-6,1,-7,1,-7,1,-7,1,-7,1,-6,1,-6,1,-5,0,-4,0,-3,0,-1,0,0,0,0,0,1,-1,1,-1,2,-1,3,0,0,0,0,0,0,0,0,0,0]"
CSI_DATA,22789,80:af:ca:27:52:2a,-55,11,1,0,1,1,1,0,0,0,0,-97,0,11,2,308356113,0,83,1,128,0,"[0,0,0,0,0,0,0,0,0,0,0,0,3,-1,5,-2,6,-2,8,-1,8,-1,9,-1,9,-1,9,-1,8,-1,8,-1,6,-1,5,-1,3,0,1,0,0,0,-1,0,-3,0,-4,0,-6,0,-7,0,-8,0,-9,0,-8,0,-9,0,-9,0,-8,0,0,0,-6,0,-5,0,-3,0,-1,0,0,0,1,0,3,0,4,0,5,1,6,1,6,1,6,1,6,1,6,1,6,1,5,1,4,0,3,0,2,0,1,0,0,0,0,-1,-1,-1,-2,-2,-3,-3,-3,-3,0,0,0,0,0,0,0,0,0,0]"
CSI_DATA,22790,80:af:ca:27:52:2a,-55,11,1,0,1,1,1,0,0,0,0,-97,0,11,2,308364711,0,83,1,128,0,"[0,0,0,0,0,0,0,0,0,0,0,0,1,-4,2,-6,3,-8,5,-8,5,-9,6,-10,6,-10,6,-10,6,-9,5,-8,5,-7,4,-6,3,-5,1,-3,0,-1,0,0,-1,2,-3,3,-4,5,-5,6,-6,7,-6,8,-6,8,-6,8,-6,8,-6,8,0,0,-4,5,-3,4,-2,3,-1,1,0,0,1,-1,3,-3,3,-4,5,-5,5,-6,6,-6,6,-6,6,-6,6,-6,6,-6,5,-5,4,-5,3,-3,1,-3,0,-1,0,-1,-1,0,-2,0,-4,1,-5,1,-5,1,0,0,0,0,0,0,0,0,0,0]"
CSI_DATA,22791,80:af:ca:27:52:2a,-55,11,1,0,1,1,1,0,0,0,0,-97,0,11,2,308378214,0,83,1,128,0,"[0,0,0,0,0,0,0,0,0,0,0,0,-2,2,-3,3,-4,4,-6,5,-7,6,-7,7,-7,7,-7,7,-7,7,-7,6,-6,5,-5,4,-4,3,-2,2,-1,0,0,-1,0,-2,1,-4,2,-5,3,-7,3,-7,4,-8,4,-9,4,-9,4,-9,3,-9,0,0,2,-7,2,-5,1,-4,0,-2,0,0,-1,1,-2,2,-2,4,-3,5,-3,7,-3,7,-4,7,-4,7,-4,7,-3,7,-3,6,-2,4,-2,4,-1,2,0,1,0,0,0,-1,0,-2,1,-3,2,-4,2,-4,0,0,0,0,0,0,0,0,0,0]"
CSI_DATA,22792,80:af:ca:27:52:2a,-54,11,1,0,1,1,1,0,0,0,0,-97,0,11,2,308387524,0,83,1,128,0,"[0,0,0,0,0,0,0,0,0,0,0,0,2,-8,1,-8,1,-7,1,-6,1,-5,1,-3,0,-2,1,0,0,1,1,3,1,4,1,5,2,6,2,7,2,7,3,8,3,7,2,7,2,6,2,5,1,4,1,3,0,1,-1,0,-2,-1,-3,-2,0,0,-5,-4,-6,-4,-6,-5,-7,-5,-7,-5,-7,-5,-6,-5,-6,-4,-5,-3,-4,-2,-3,-2,-1,-1,0,0,1,0,2,0,3,1,4,1,5,1,5,1,5,1,5,1,5,1,5,1,4,1,4,1,3,0,0,0,0,0,0,0,0,0,0,0]"
CSI_DATA,22793,80:af:ca:27:52:2a,-54,11,1,0,1,1,1,0,0,0,0,-97,0,11,2,308395624,0,83,1,128,0,"[0,0,0,0,0,0,0,0,0,0,0,0,7,3,7,3,6,2,5,2,4,2,2,1,1,1,0,1,-2,0,-3,0,-5,0,-6,0,-7,0,-8,1,-8,1,-8,1,-8,1,-7,1,-7,1,-6,1,-4,1,-3,0,-2,0,0,-1,0,-2,2,-2,0,0,4,-4,5,-5,5,-5,5,-6,6,-6,5,-6,5,-6,4,-5,3,-5,3,-4,2,-2,1,-1,0,0,0,1,-1,2,-2,3,-2,4,-2,4,-2,5,-2,5,-3,5,-3,5,-2,5,-2,4,-2,3,-1,3,0,0,0,0,0,0,0,0,0,0]"
CSI_DATA,22794,80:af:ca:27:52:2a,-54,11,1,0,1,1,1,0,0,0,0,-97,0,11,2,308413185,0,83,1,128,0,"[0,0,0,0,0,0,0,0,0,0,0,0,-4,-2,-6,-3,-6,-4,-8,-6,-9,-6,-10,-7,-10,-7,-10,-6,-10,-7,-9,-6,-8,-6,-6,-5,-5,-3,-3,-3,-1,-2,0,-1,3,0,4,0,6,0,8,0,9,0,10,0,10,0,10,0,10,0,10,-1,0,0,6,-1,5,0,3,0,1,0,0,0,-2,0,-4,1,-6,2,-7,3,-7,3,-8,3,-8,3,-8,3,-8,3,-6,3,-6,3,-5,3,-3,2,-2,1,0,0,0,0,0,-1,2,-2,3,-3,3,-3,3,-3,0,0,0,0,0,0,0,0,0,0]"
CSI_DATA,22795,80:af:ca:27:52:2a,-54,11,1,0,1,1,1,0,0,0,0,-97,0,11,2,308421644,0,83,1,128,0,"[0,0,0,0,0,0,0,0,0,0,0,0,-12,-2,-11,-2,-9,-2,-7,-2,-5,-1,-2,-1,0,-1,2,0,4,0,7,0,9,0,10,1,11,1,11,1,11,1,12,1,11,1,9,0,8,0,6,0,4,0,1,0,0,0,-1,0,-4,-1,-6,-1,0,0,-9,-1,-11,-1,-11,-2,-11,-1,-11,-2,-11,-2,-10,-1,-8,-1,-7,-1,-5,0,-3,0,-1,0,0,1,1,1,3,1,5,2,5,3,7,3,7,3,7,3,7,3,6,2,5,2,5,1,4,1,3,0,0,0,0,0,0,0,0,0,0,0]"
CSI_DATA,22796,80:af:ca:27:52:2a,-55,11,1,2,1,1,1,0,0,0,0,-97,0,11,2,308454636,0,83,1,128,0,"[0,0,0,0,0,0,0,0,0,0,0,0,-2,-1,-4,-3,-4,-4,-6,-6,-7,-7,-7,-7,-7,-7,-7,-8,-6,-8,-5,-7,-5,-7,-4,-6,-3,-4,-2,-3,-1,-1,0,0,0,1,1,3,2,4,2,6,3,7,3,7,3,8,3,9,3,9,3,8,0,0,2,6,2,4,1,3,1,1,0,0,0,-2,0,-3,0,-5,0,-7,0,-7,0,-8,0,-9,0,-9,1,-9,0,-8,0,-7,0,-7,0,-5,0,-4,0,-2,-1,-2,-1,0,-2,0,-2,1,-3,2,-4,2,0,0,0,0,0,0,0,0,0,0]"
CSI_DATA,22797,80:af:ca:27:52:2a,-55,11,1,2,1,1,1,0,0,0,0,-97,0,11,2,308459852,0,83,1,128,0,"[0,0,0,0,0,0,0,0,0,0,0,0,0,2,-2,4,-3,5,-4,6,-5,7,-6,7,-6,8,-6,7,-6,7,-6,6,-5,6,-4,4,-3,3,-2,2,-1,0,0,0,1,-2,2,-3,3,-4,4,-6,5,-6,5,-7,6,-7,6,-8,6,-7,5,-7,0,0,4,-5,3,-4,2,-3,0,-2,0,-1,-2,0,-4,1,-4,2,-6,2,-6,3,-7,4,-8,4,-8,3,-8,3,-7,3,-6,3,-6,2,-4,2,-3,2,-2,1,0,0,0,0,2,0,2,0,4,0,4,0,0,0,0,0,0,0,0,0,0,0]"
CSI_DATA,22798,80:af:ca:27:52:2a,-55,11,1,2,1,1,1,0,0,0,0,-97,0,11,2,308465068,0,83,1,128,0,"[0,0,0,0,0,0,0,0,0,0,0,0,-2,-1,-4,-2,-5,-4,-7,-5,-8,-6,-8,-7,-8,-8,-8,-8,-8,-8,-8,-7,-7,-6,-5,-5,-5,-4,-3,-3,-1,-2,0,0,1,0,2,2,4,3,5,4,6,5,8,5,8,5,8,5,8,5,8,5,0,0,5,4,5,3,3,2,1,0,0,0,-1,-1,-2,-2,-4,-3,-5,-5,-5,-5,-6,-6,-6,-6,-6,-6,-6,-6,-6,-6,-5,-5,-5,-5,-4,-3,-3,-2,-2,-1,-1,0,0,0,0,1,0,2,1,3,1,4,0,0,0,0,0,0,0,0,0,0]"
CSI_DATA,22799,80:af:ca:27:52:2a,-55,11,1,0,1,1,1,0,0,0,0,-97,0,11,2,308478797,0,83,1,128,0,"[0,0,0,0,0,0,0,0,0,0,0,0,2,-2,4,-3,6,-3,8,-3,9,-4,9,-3,10,-4,10,-4,9,-3,9,-3,8,-2,7,-2,4,-2,3,-1,0,0,-1,0,-2,0,-4,0,-6,0,-7,1,-9,1,-9,1,-10,2,-10,2,-10,2,-9,2,0,0,-7,1,-6,1,-4,0,-2,0,0,0,1,0,3,0,4,0,6,0,7,0,8,0,8,0,8,0,8,0,7,0,7,0,6,0,4,0,3,0,2,0,0,0,0,-1,-2,-2,-2,-2,-3,-2,-4,-3,0,0,0,0,0,0,0,0,0,0]"
CSI_DATA,22800,80:af:ca:27:52:2a,-55,11,1,0,1,1,1,0,0,0,0,-97,0,11,2,308485668,0,83,1,128,0,"[0,0,0,0,0,0,0,0,0,0,0,0,-3,2,-4,3,-6,4,-8,4,-8,4,-10,4,-10,4,-9,4,-9,3,-8,3,-8,2,-6,2,-4,1,-2,0,0,0,0,0,2,0,4,0,6,-1,7,-1,8,-1,9,-1,9,-1,9,-1,9,-1,8,-1,0,0,6,-1,4,0,3,-1,1,-1,0,-2,-2,-2,-4,-2,-5,-2,-6,-3,-7,-3,-8,-4,-8,-4,-8,-4,-8,-4,-7,-4,-6,-3,-6,-3,-4,-2,-3,-1,-2,0,-2,0,0,1,0,2,0,2,0,4,1,4,0,0,0,0,0,0,0,0,0,0]"
CSI_DATA,22801,80:af:ca:27:52:2a,-55,11,1,0,1,1,1,0,0,0,0,-97,0,11,2,308507490,0,83,1,128,0,"[0,0,0,0,0,0,0,0,0,0,0,0,-8,4,-7,3,-6,3,-6,2,-4,1,-3,0,-1,0,0,0,1,-1,3,-2,4,-2,5,-3,6,-3,7,-3,7,-3,7,-3,7,-3,6,-3,6,-3,4,-2,3,-2,2,-1,1,-1,0,0,-2,0,-3,0,0,0,-5,1,-6,1,-7,1,-7,2,-8,2,-7,1,-7,1,-6,1,-5,1,-4,1,-3,1,-2,0,0,0,1,0,2,0,3,0,4,0,4,0,5,0,5,0,5,0,5,0,5,0,4,0,4,0,3,0,0,0,0,0,0,0,0,0,0,0]"
CSI_DATA,22802,80:af:ca:27:52:2a,-54,11,1,0,1,1,1,0,0,0,0,-97,0,11,2,308516543,0,83,1,128,0,"[0,0,0,0,0,0,0,0,0,0,0,0,-9,0,-9,0,-7,0,-6,-1,-4,-1,-3,-1,-1,-1,0,-1,2,-1,3,-1,5,-1,6,-1,7,-1,8,-1,8,-1,9,-1,7,-1,7,-1,6,-1,5,-1,4,-1,2,-1,1,0,0,0,-2,0,-3,0,0,0,-6,1,-7,1,-8,1,-8,2,-9,1,-8,1,-7,1,-6,1,-6,1,-4,1,-3,1,-2,0,0,0,1,0,2,0,3,0,4,0,5,-1,5,0,5,-1,6,0,5,0,5,-1,5,-1,4,0,3,0,0,0,0,0,0,0,0,0,0,0]"
CSI_DATA,22803,80:af:ca:27:52:2a,-55,11,1,0,1,1,1,0,0,0,0,-97,0,11,2,308524903,0,83,1,128,0,"[0,0,0,0,0,0,0,0,0,0,0,0,0,-3,0,-5,0,-7,1,-9,1,-9,2,-10,2,-11,2,-10,2,-10,2,-9,2,-9,1,-7,1,-5,0,-3,0,-2,0,0,0,2,0,3,0,5,-1,7,-1,8,-1,9,-1,9,0,9,-1,9,0,9,0,0,0,7,0,5,0,3,0,2,0,0,0,-2,0,-3,0,-5,0,-7,0,-7,0,-9,0,-9,0,-9,0,-9,0,-8,0,-7,0,-7,0,-5,0,-4,0,-2,0,-1,-1,0,-1,1,-2,2,-2,3,-2,4,0,0,0,0,0,0,0,0,0,0]"
CSI_DATA,22804,80:af:ca:27:52:2a,-54,11,1,2,1,1,1,0,0,0,0,-97,0,11,2,308539150,0,83,1,128,0,"[0,0,0,0,0,0,0,0,0,0,0,0,2,0,4,2,6,3,8,4,8,5,9,6,10,7,10,7,10,6,9,6,8,5,7,4,5,3,4,2,1,1,0,0,-2,0,-4,-1,-6,-3,-8,-4,-9,-4,-10,-4,-11,-4,-12,-4,-11,-4,-11,-4,0,0,-8,-3,-7,-3,-5,-2,-3,-1,-1,0,0,0,3,0,4,1,6,2,7,2,8,3,8,3,8,3,8,3,8,3,7,2,6,2,4,1,4,0,2,0,0,0,0,0,-2,-1,-3,-2,-4,-3,-4,-3,0,0,0,0,0,0,0,0,0,0]"
CSI_DATA,22805,80:af:ca:27:52:2a,-53,11,1,2,1,1,1,0,0,0,0,-97,0,11,2,308565768,0,83,1,128,0,"[0,0,0,0,0,0,0,0,0,0,0,0,2,-2,5,-3,6,-4,8,-4,10,-5,10,-5,10,-5,10,-5,10,-5,10,-5,9,-5,7,-4,5,-3,4,-2,1,0,0,0,-2,0,-4,2,-5,3,-7,4,-9,5,-10,5,-10,5,-10,5,-10,5,-9,5,0,0,-7,4,-5,3,-4,2,-2,0,0,0,0,-1,3,-2,5,-3,5,-4,7,-5,7,-5,8,-5,8,-5,8,-5,7,-5,7,-4,5,-4,4,-3,3,-2,1,-1,0,0,-1,0,-3,0,-4,0,-5,0,-5,0,0,0,0,0,0,0,0,0,0,0]"
CSI_DATA,22806,80:af:ca:27:52:2a,-54,11,1,0,1,1,1,0,0,0,0,-97,0,11,2,308575585,0,83,1,128,0,"[0,0,0,0,0,0,0,0,0,0,0,0,-3,0,-6,-1,-8,-2,-11,-3,-11,-3,-13,-4,-14,-4,-14,-4,-14,-4,-13,-3,-11,-4,-10,-3,-7,-3,-5,-2,-3,-1,0,-1,2,0,4,0,7,0,9,0,11,0,12,0,12,0,13,0,13,0,12,0,0,0,10,0,7,0,5,0,3,0,0,0,-2,0,-4,0,-7,0,-9,0,-10,0,-11,0,-11,0,-12,0,-12,0,-11,0,-10,0,-8,0,-7,0,-5,0,-3,0,-1,0,0,0,2,0,3,0,5,0,6,0,0,0,0,0,0,0,0,0,0,0]"
CSI_DATA,22807,80:af:ca:27:52:2a,-55,11,1,0,1,1,1,0,0,0,0,-97,0,11,2,308585063,0,83,1,128,0,"[0,0,0,0,0,0,0,0,0,0,0,0,-2,1,-4,2,-5,2,-8,2,-8,2,-10,2,-11,3,-10,3,-11,3,-10,2,-9,2,-8,2,-6,2,-5,0,-2,0,-1,0,0,-1,2,-2,4,-2,5,-3,6,-4,8,-5,8,-5,8,-5,8,-5,8,-5,0,0,6,-4,5,-3,3,-2,2,-2,0,0,-1,0,-2,0,-4,2,-5,2,-6,3,-8,3,-8,3,-8,3,-8,3,-8,3,-7,3,-6,2,-5,2,-4,2,-2,1,-1,0,0,0,1,0,2,0,3,-1,4,-1,0,0,0,0,0,0,0,0,0,0]"
CSI_DATA,22808,80:af:ca:27:52:2a,-54,11,1,0,1,1,1,0,0,0,0,-97,0,11,2,308593883,0,83,1,128,0,"[0,0,0,0,0,0,0,0,0,0,0,0,-4,-8,-4,-7,-3,-6,-2,-6,-2,-4,-1,-3,0,-1,0,0,1,1,2,2,3,3,3,4,4,5,5,5,5,6,5,5,5,5,5,5,4,4,4,4,3,3,2,2,1,1,0,0,-1,-1,-2,-1,0,0,-5,-3,-5,-4,-6,-4,-6,-4,-7,-4,-6,-4,-6,-4,-5,-4,-5,-3,-4,-2,-3,-2,-2,-1,-1,0,0,0,1,1,2,1,3,2,4,2,4,3,4,3,4,3,4,3,4,2,4,2,3,2,2,1,0,0,0,0,0,0,0,0,0,0]"
CSI_DATA,22809,80:af:ca:27:52:2a,-54,11,1,0,1,1,1,0,0,0,0,-97,0,11,2,308602285,0,83,1,128,0,"[0,0,0,0,0,0,0,0,0,0,0,0,3,7,3,7,2,6,1,5,1,4,0,2,0,1,-1,0,-1,-1,-2,-2,-3,-3,-5,-5,-5,-5,-5,-6,-5,-6,-6,-6,-6,-6,-6,-5,-5,-5,-4,-4,-3,-3,-2,-2,-1,-1,0,0,1,0,2,1,0,0,4,2,5,2,6,3,6,3,6,3,6,3,6,2,5,2,5,2,3,1,2,1,1,0,0,0,-1,0,-2,-1,-3,-1,-4,-2,-5,-2,-5,-2,-5,-2,-5,-2,-5,-2,-5,-2,-5,-2,-4,-1,-3,-1,0,0,0,0,0,0,0,0,0,0]"
CSI_DATA,22810,80:af:ca:27:52:2a,-53,11,1,2,1,1,1,0,0,0,0,-97,0,11,2,308618231,0,83,1,128,0,"[0,0,0,0,0,0,0,0,0,0,0,0,4,0,6,0,8,0,10,0,10,0,11,1,12,1,11,1,10,1,10,1,9,1,6,0,5,0,2,0,0,0,-1,0,-4,0,-5,0,-7,0,-10,0,-10,0,-11,0,-12,0,-12,0,-11,0,-10,0,0,0,-8,0,-6,0,-4,0,-2,0,0,0,1,0,4,0,5,0,7,0,8,0,9,0,10,0,9,0,9,0,9,0,7,0,6,0,5,0,3,0,1,0,0,-1,0,-1,-2,-1,-3,-2,-5,-3,-5,-3,0,0,0,0,0,0,0,0,0,0]"
CSI_DATA,22811,80:af:ca:27:52:2a,-55,11,1,0,1,1,1,0,0,0,0,-97,0,11,2,308627646,0,83,1,128,0,"[0,0,0,0,0,0,0,0,0,0,0,0,-3,2,-5,2,-7,2,-8,2,-9,3,-9,3,-10,3,-9,3,-9,3,-9,2,-8,2,-7,2,-4,1,-3,0,-1,0,0,-1,1,-2,3,-2,4,-3,5,-4,7,-4,7,-5,7,-5,7,-6,7,-6,7,-5,0,0,4,-4,3,-3,2,-2,0,-1,0,0,-2,0,-3,2,-4,2,-5,3,-6,4,-7,4,-7,4,-7,4,-7,4,-6,4,-5,4,-4,3,-4,2,-2,2,-1,1,0,0,0,0,1,0,2,-1,3,-2,4,-2,0,0,0,0,0,0,0,0,0,0]"
CSI_DATA,22812,80:af:ca:27:52:2a,-55,11,1,0,1,1,1,0,0,0,0,-97,0,11,2,308636844,0,83,1,128,0,"[0,0,0,0,0,0,0,0,0,0,0,0,2,0,4,0,6,1,7,2,8,2,8,2,9,2,9,2,9,2,8,2,7,2,6,1,4,1,2,1,1,0,0,0,-2,0,-4,0,-6,0,-7,1,-8,1,-9,2,-9,2,-10,2,-10,2,-8,2,0,0,-6,2,-5,1,-4,0,-2,0,0,0,1,-1,2,-2,4,-2,5,-3,6,-4,6,-4,7,-4,7,-4,6,-5,6,-4,5,-4,4,-4,3,-3,2,-2,1,-1,0,0,-1,0,-2,0,-3,1,-4,2,-4,2,0,0,0,0,0,0,0,0,0,0]"
CSI_DATA,22813,80:af:ca:27:52:2a,-55,11,1,0,1,1,1,0,0,0,0,-97,0,11,2,308644956,0,83,1,128,0,"[0,0,0,0,0,0,0,0,0,0,0,0,0,3,-2,5,-3,7,-5,9,-5,9,-6,10,-6,11,-6,11,-6,11,-4,10,-4,9,-4,8,-3,5,-2,3,-2,1,-2,0,-1,-3,-1,-5,-1,-7,-1,-9,-2,-11,-2,-12,-2,-12,-3,-12,-2,-12,-3,-12,0,0,-2,-9,-2,-7,-2,-4,0,-2,0,0,1,1,2,3,3,5,4,7,5,7,6,8,6,9,6,9,6,8,5,7,5,7,4,5,4,4,2,2,1,1,0,0,-1,-1,-2,-2,-3,-3,-4,-4,-4,-4,0,0,0,0,0,0,0,0,0,0]"
CSI_DATA,22814,80:af:ca:27:52:2a,-55,11,1,0,1,1,1,0,0,0,0,-97,0,11,2,308656117,0,83,1,128,0,"[0,0,0,0,0,0,0,0,0,0,0,0,-4,-1,-6,-3,-7,-4,-8,-6,-9,-6,-9,-7,-10,-7,-10,-6,-10,-6,-9,-6,-8,-6,-7,-4,-5,-4,-3,-3,-1,-2,0,-2,2,-2,4,-2,6,-2,8,-2,9,-2,10,-2,10,-2,10,-4,10,-3,10,-3,0,0,7,-3,5,-2,4,-2,2,0,0,0,-2,2,-3,3,-4,4,-6,6,-6,6,-6,7,-7,7,-6,7,-6,8,-6,7,-4,6,-4,6,-3,4,-2,2,-1,1,0,0,0,-1,0,-2,1,-4,1,-5,2,-6,0,0,0,0,0,0,0,0,0,0]"
CSI_DATA,22815,80:af:ca:27:52:2a,-55,11,1,0,1,1,1,0,0,0,0,-97,0,11,2,308665548,0,83,1,128,0,"[0,0,0,0,0,0,0,0,0,0,0,0,-10,-2,-9,-1,-8,-1,-7,-1,-5,-1,-3,-1,-2,-1,0,-1,2,-1,3,-2,5,-2,6,-3,7,-3,8,-3,8,-3,9,-4,8,-4,7,-4,7,-4,5,-3,4,-2,3,-1,1,-1,0,0,-1,1,-2,2,0,0,-4,5,-5,6,-5,6,-5,7,-6,7,-5,7,-5,6,-4,6,-4,5,-3,4,-2,2,-1,1,0,0,0,-1,1,-3,1,-4,1,-5,2,-6,2,-6,2,-6,2,-6,2,-6,1,-6,1,-5,1,-4,1,-3,0,0,0,0,0,0,0,0,0,0]"
CSI_DATA,22816,80:af:ca:27:52:2a,-54,11,1,0,1,1,1,0,0,0,0,-97,0,11,2,308674469,0,83,1,128,0,"[0,0,0,0,0,0,0,0,0,0,0,0,-1,3,-3,6,-5,7,-7,9,-7,10,-8,11,-8,12,-8,12,-8,11,-7,10,-7,10,-6,8,-4,6,-3,3,-2,1,-1,-1,0,-3,0,-6,1,-8,2,-10,3,-11,3,-13,3,-13,3,-13,3,-13,2,-13,0,0,1,-10,1,-7,0,-5,0,-3,0,0,0,2,0,4,0,6,-1,8,0,10,0,10,-1,10,-1,10,0,10,0,10,0,9,0,7,0,5,0,3,0,1,0,0,0,-1,0,-3,0,-4,0,-6,0,-6,0,0,0,0,0,0,0,0,0,0]"
CSI_DATA,22817,80:af:ca:27:52:2a,-54,11,1,0,1,1,1,0,0,0,0,-97,0,11,2,308683024,0,83,1,128,0,"[0,0,0,0,0,0,0,0,0,0,0,0,8,-1,7,-1,7,-1,6,0,4,0,2,0,0,0,-1,0,-2,1,-3,1,-6,1,-7,2,-7,2,-8,2,-8,2,-8,2,-8,2,-7,2,-6,2,-5,1,-4,1,-2,0,-1,0,0,0,1,-1,2,-2,0,0,5,-3,6,-3,6,-3,7,-4,7,-4,6,-4,6,-3,5,-3,4,-3,3,-2,2,-1,1,-1,0,0,-1,0,-2,0,-3,1,-5,1,-5,2,-5,2,-5,2,-5,2,-5,2,-5,2,-5,1,-3,1,-3,1,0,0,0,0,0,0,0,0,0,0]"
CSI_DATA,22818,80:af:ca:27:52:2a,-55,11,1,0,1,1,1,0,0,0,0,-97,0,11,2,308691806,0,83,1,128,0,"[0,0,0,0,0,0,0,0,0,0,0,0,3,8,3,7,2,7,2,6,1,4,0,2,0,1,-1,0,-2,-2,-3,-3,-4,-5,-5,-6,-5,-6,-6,-7,-6,-7,-6,-7,-6,-7,-6,-6,-5,-5,-4,-5,-3,-3,-2,-2,-1,-1,0,0,1,0,2,1,0,0,5,3,6,3,6,4,7,3,7,4,6,4,6,3,5,3,5,2,3,1,2,1,1,0,0,0,-1,-1,-2,-1,-3,-2,-5,-2,-5,-2,-5,-3,-6,-3,-6,-3,-5,-3,-5,-2,-5,-2,-4,-2,-3,-1,0,0,0,0,0,0,0,0,0,0]"
CSI_DATA,22819,80:af:ca:27:52:2a,-54,11,1,0,1,1,1,0,0,0,0,-97,0,11,2,308707425,0,83,1,128,0,"[0,0,0,0,0,0,0,0,0,0,0,0,0,8,0,7,0,7,-1,6,-1,4,0,3,-1,1,-1,0,-1,-1,-1,-3,-2,-4,-2,-6,-2,-6,-3,-7,-3,-7,-3,-7,-4,-7,-3,-6,-3,-6,-3,-5,-2,-4,-1,-3,-1,-2,0,0,1,0,2,1,0,0,4,3,5,4,5,4,5,4,5,4,5,4,5,4,4,3,4,3,3,2,2,1,1,1,0,0,-1,-1,-2,-1,-3,-2,-4,-2,-4,-2,-5,-3,-5,-2,-5,-3,-5,-3,-5,-2,-4,-2,-4,-2,-3,-1,0,0,0,0,0,0,0,0,0,0]"
CSI_DATA,22820,80:af:ca:27:52:2a,-54,11,1,0,1,1,1,0,0,0,0,-97,0,11,2,308714944,0,83,1,128,0,"[0,0,0,0,0,0,0,0,0,0,0,0,5,5,5,5,4,4,4,4,2,3,1,2,0,1,-1,1,-2,0,-3,0,-5,-1,-6,-1,-7,-2,-7,-2,-8,-2,-8,-2,-8,-1,-7,-1,-6,-1,-5,-1,-4,-1,-3,-1,-1,-1,0,-1,1,-1,2,-1,0,0,5,-2,6,-2,7,-2,7,-3,7,-3,7,-3,6,-3,5,-2,5,-2,3,-2,2,-1,1,-1,0,0,-1,0,-2,1,-3,1,-4,2,-4,2,-5,3,-5,3,-5,3,-5,3,-4,3,-4,3,-3,2,-3,2,0,0,0,0,0,0,0,0,0,0]"
CSI_DATA,22821,80:af:ca:27:52:2a,-55,11,1,0,1,1,1,0,0,0,0,-97,0,11,2,308723466,0,83,1,128,0,"[0,0,0,0,0,0,0,0,0,0,0,0,0,2,-1,4,-2,6,-3,7,-3,8,-3,8,-4,8,-3,8,-4,8,-3,8,-3,7,-2,6,-2,4,-2,2,-1,1,0,0,0,-2,0,-4,0,-6,0,-7,0,-8,0,-9,0,-9,0,-10,0,-10,0,-10,0,0,0,-7,0,-6,0,-4,0,-2,0,0,0,1,0,3,-1,4,-1,6,-1,7,-1,8,-1,8,-2,8,-1,8,-1,8,-1,7,-1,6,0,4,0,3,0,2,0,0,0,0,0,-2,1,-3,1,-4,2,-4,0,0,0,0,0,0,0,0,0,0]"
CSI_DATA,22822,80:af:ca:27:52:2a,-54,11,1,0,1,1,1,0,0,0,0,-97,0,11,2,308744192,0,83,1,128,0,"[0,0,0,0,0,0,0,0,0,0,0,0,8,2,7,2,6,1,5,2,3,1,2,1,0,0,-1,0,-2,-1,-3,-1,-5,-2,-6,-2,-7,-3,-8,-3,-8,-3,-8,-3,-8,-3,-7,-3,-7,-2,-6,-2,-4,-1,-3,-1,-2,0,0,0,1,0,2,1,0,0,5,2,6,3,6,3,7,3,6,3,6,3,6,3,5,2,5,2,3,1,2,1,1,0,0,0,0,-1,-1,-2,-2,-2,-2,-3,-3,-3,-3,-4,-3,-4,-3,-5,-3,-5,-3,-4,-3,-3,-2,-3,-2,-2,0,0,0,0,0,0,0,0,0,0]"
CSI_DATA,22823,80:af:ca:27:52:2a,-53,11,1,0,1,1,1,0,0,0,0,-97,0,11,2,308753219,0,83,1,128,0,"[0,0,0,0,0,0,0,0,0,0,0,0,-9,5,-9,4,-7,3,-7,2,-5,1,-3,0,-1,0,0,-1,2,-1,4,-2,6,-3,7,-3,9,-3,9,-4,9,-4,9,-4,9,-4,8,-3,7,-3,5,-3,4,-2,2,-1,0,-1,-1,0,-2,0,-5,0,0,0,-7,1,-9,1,-9,1,-10,1,-10,1,-10,1,-9,1,-8,1,-7,1,-5,0,-3,0,-1,0,0,0,1,0,2,0,3,0,5,1,5,0,6,1,6,1,6,1,6,1,5,1,5,1,4,1,3,0,0,0,0,0,0,0,0,0,0,0]"
CSI_DATA,22824,80:af:ca:27:52:2a,-54,11,1,0,1,1,1,0,0,0,0,-97,0,11,2,308760699,0,83,1,128,0,"[0,0,0,0,0,0,0,0,0,0,0,0,-1,2,-2,5,-4,6,-5,8,-5,8,-6,9,-7,9,-6,9,-7,8,-5,8,-5,7,-5,5,-3,4,-2,2,0,0,0,0,1,-2,2,-4,3,-5,5,-6,5,-7,5,-8,5,-8,6,-9,6,-8,5,-8,0,0,4,-6,3,-5,2,-3,0,-2,0,0,-2,0,-3,2,-5,2,-6,4,-6,5,-7,5,-8,5,-8,5,-7,5,-7,4,-6,3,-5,2,-4,2,-2,1,-1,0,0,0,1,0,2,0,3,0,4,0,5,0,0,0,0,0,0,0,0,0,0,0]"
CSI_DATA,22825,80:af:ca:27:52:2a,-55,11,1,0,1,1,1,0,0,0,0,-97,0,11,2,308781519,0,83,1,128,0,"[0,0,0,0,0,0,0,0,0,0,0,0,-2,0,-5,-1,-7,-2,-8,-3,-9,-3,-10,-4,-10,-5,-10,-5,-10,-5,-9,-5,-8,-5,-7,-4,-5,-3,-3,-2,-2,-1,0,0,1,0,2,2,4,2,5,3,6,4,8,5,8,5,8,5,8,6,8,5,0,0,5,4,5,3,3,2,2,0,0,0,0,-2,-1,-3,-2,-5,-3,-6,-4,-7,-5,-8,-4,-8,-4,-8,-4,-8,-4,-8,-4,-7,-3,-6,-3,-5,-2,-3,-2,-2,-2,0,-1,0,-1,1,-1,2,-1,3,-1,4,0,0,0,0,0,0,0,0,0,0]"
CSI_DATA,22826,80:af:ca:27:52:2a,-55,11,1,0,1,1,1,0,0,0,0,-97,0,11,2,308790735,0,83,1,128,0,"[0,0,0,0,0,0,0,0,0,0,0,0,-6,-4,-5,-4,-4,-3,-4,-3,-3,-2,-2,-1,0,0,0,0,0,0,1,1,2,2,3,3,4,4,4,4,4,4,4,4,4,4,4,4,4,3,3,3,2,2,1,1,0,0,0,0,0,-1,-1,-2,0,0,-2,-4,-3,-5,-3,-5,-4,-6,-3,-6,-3,-6,-3,-6,-3,-5,-2,-4,-2,-3,-1,-2,-1,-1,0,0,0,0,0,1,0,2,0,3,0,4,0,4,0,4,0,4,0,4,0,4,0,4,0,3,0,3,0,0,0,0,0,0,0,0,0,0]"
CSI_DATA,22827,80:af:ca:27:52:2a,-55,11,1,0,1,1,1,0,0,0,0,-97,0,11,2,308801229,0,83,1,128,0,"[0,0,0,0,0,0,0,0,0,0,0,0,6,1,6,1,5,1,4,1,3,1,2,0,0,0,0,0,-1,0,-2,0,-3,-1,-4,-2,-5,-2,-6,-2,-6,-2,-6,-3,-6,-2,-5,-2,-5,-2,-4,-2,-3,-1,-3,-1,-1,0,0,0,0,0,1,0,0,0,3,2,4,2,4,3,5,3,5,3,5,3,4,3,4,3,3,2,3,2,2,1,1,0,0,0,0,0,0,-1,-1,-2,-2,-3,-2,-3,-2,-3,-2,-3,-2,-4,-2,-4,-2,-3,-2,-3,-2,-3,-1,-2,0,0,0,0,0,0,0,0,0,0]"
CSI_DATA,22828,80:af:ca:27:52:2a,-56,11,1,0,1,1,1,0,0,0,0,-97,0,11,2,308808710,0,83,1,128,0,"[0,0,0,0,0,0,0,0,0,0,0,0,-2,0,-4,0,-6,0,-8,-1,-9,-1,-10,-1,-10,-2,-10,-1,-10,-2,-9,-2,-8,-2,-8,-1,-6,-1,-4,-1,-2,0,0,0,1,0,3,0,4,0,6,0,7,0,8,0,9,0,10,0,10,1,9,0,0,0,7,0,6,0,4,0,2,0,0,0,-1,-1,-3,-1,-4,-2,-6,-2,-7,-2,-8,-2,-8,-3,-8,-3,-8,-3,-8,-2,-7,-2,-6,-2,-5,-2,-4,-1,-2,0,-2,0,0,0,0,1,2,2,2,2,3,2,0,0,0,0,0,0,0,0,0,0]"
CSI_DATA,22829,80:af:ca:27:52:2a,-55,11,1,0,1,1,1,0,0,0,0,-97,0,11,2,308848714,0,83,1,128,0,"[0,0,0,0,0,0,0,0,0,0,0,0,2,2,2,3,2,5,2,6,3,7,3,8,4,8,3,8,3,8,3,7,2,6,2,6,2,4,0,2,0,1,-1,0,-2,-1,-3,-2,-4,-4,-5,-5,-6,-6,-6,-6,-7,-6,-8,-6,-8,-6,-7,-6,0,0,-6,-4,-4,-4,-3,-2,-2,-1,0,0,1,0,2,2,4,2,5,3,6,4,7,4,7,4,7,4,7,4,6,4,6,3,5,2,4,2,2,0,1,0,0,0,0,-1,-2,-2,-3,-2,-4,-3,-4,-3,0,0,0,0,0,0,0,0,0,0]"
CSI_DATA,22830,80:af:ca:27:52:2a,-55,11,1,0,1,1,1,0,0,0,0,-97,0,11,2,308857395,0,83,1,128,0,"[0,0,0,0,0,0,0,0,0,0,0,0,-1,-3,0,-5,0,-7,0,-8,0,-9,0,-9,0,-10,0,-10,0,-10,0,-9,0,-9,0,-7,0,-6,0,-4,0,-2,0,0,1,1,2,2,2,4,3,5,4,7,4,7,5,7,6,7,6,7,6,7,0,0,4,5,3,4,2,2,1,1,0,0,-2,0,-3,-2,-4,-2,-6,-3,-7,-3,-8,-4,-8,-4,-8,-4,-8,-4,-7,-3,-7,-3,-6,-2,-4,-2,-3,-1,-2,-1,0,0,0,0,2,0,2,0,4,0,4,0,0,0,0,0,0,0,0,0,0,0]"
CSI_DATA,22831,80:af:ca:27:52:2a,-55,11,1,0,1,1,1,0,0,0,0,-97,0,11,2,308867261,0,83,1,128,0,"[0,0,0,0,0,0,0,0,0,0,0,0,-7,3,-6,3,-6,2,-5,2,-4,1,-2,0,-1,0,0,0,0,-1,1,-2,2,-4,3,-5,3,-5,4,-6,4,-6,4,-7,4,-6,3,-6,3,-5,2,-5,2,-3,1,-2,0,-1,0,0,0,1,0,2,0,0,-1,5,-1,6,-1,6,-1,7,-1,7,-1,7,-1,6,-1,5,0,5,0,3,0,2,0,1,0,0,0,-1,0,-2,0,-3,0,-4,0,-5,0,-5,0,-5,0,-5,0,-5,0,-5,0,-4,0,-3,0,-3,0,0,0,0,0,0,0,0,0,0]"
CSI_DATA,22832,80:af:ca:27:52:2a,-54,11,1,0,1,1,1,0,0,0,0,-97,0,11,2,308876917,0,83,1,128,0,"[0,0,0,0,0,0,0,0,0,0,0,0,-4,0,-5,-2,-8,-2,-8,-4,-9,-4,-10,-5,-10,-5,-10,-5,-10,-5,-9,-4,-8,-4,-7,-3,-5,-2,-3,-2,-1,-1,0,0,2,0,4,0,6,0,8,0,8,0,10,0,10,0,10,0,10,0,10,0,0,0,7,0,5,0,3,0,1,0,0,0,-2,0,-5,0,-6,0,-8,0,-9,0,-10,0,-10,0,-10,0,-10,0,-9,0,-8,0,-7,0,-5,0,-3,0,-2,0,0,0,0,0,2,0,3,0,4,0,5,0,0,0,0,0,0,0,0,0,0,0]"
CSI_DATA,22833,80:af:ca:27:52:2a,-54,11,1,0,1,1,1,0,0,0,0,-97,0,11,2,308891397,0,83,1,128,0,"[0,0,0,0,0,0,0,0,0,0,0,0,-5,0,-7,0,-9,0,-10,-1,-12,-1,-12,-2,-13,-2,-13,-1,-12,-2,-11,-1,-10,-2,-8,-1,-6,-1,-4,-1,-1,-1,0,-1,2,-1,5,-2,6,-2,8,-2,9,-2,10,-3,10,-3,11,-4,11,-4,10,-4,0,0,7,-3,5,-2,3,-2,1,-1,0,0,-2,0,-5,2,-6,2,-8,3,-8,4,-10,5,-10,4,-10,4,-9,5,-8,4,-8,4,-6,3,-5,2,-3,2,-1,0,0,0,1,0,2,-1,3,-2,5,-2,5,-2,0,0,0,0,0,0,0,0,0,0]"
CSI_DATA,22834,80:af:ca:27:52:2a,-54,11,1,0,1,1,1,0,0,0,0,-97,0,11,2,308900099,0,83,1,128,0,"[0,0,0,0,0,0,0,0,0,0,0,0,-4,6,-4,6,-3,5,-3,4,-2,3,-2,1,-1,0,-1,-1,0,-2,0,-4,0,-5,0,-6,0,-7,1,-7,0,-7,1,-8,0,-7,0,-7,0,-6,0,-5,0,-4,0,-3,0,-1,0,0,0,1,0,3,0,0,1,5,1,6,1,7,1,7,1,7,1,7,1,6,1,6,1,5,1,3,0,2,0,1,0,0,0,-1,0,-3,-1,-4,-1,-5,-1,-5,-1,-5,-2,-5,-1,-6,-1,-6,-1,-5,-1,-5,-1,-4,-1,-3,0,0,0,0,0,0,0,0,0,0]"
CSI_DATA,22835,80:af:ca:27:52:2a,-55,11,1,0,1,1,1,0,0,0,0,-97,0,11,2,308908623,0,83,1,128,0,"[0,0,0,0,0,0,0,0,0,0,0,0,-5,5,-4,5,-4,4,-4,3,-3,2,-2,1,-1,0,0,-1,0,-3,0,-4,1,-5,1,-6,1,-7,1,-8,2,-8,1,-8,1,-8,1,-7,1,-6,1,-5,0,-4,0,-3,0,-1,0,0,0,2,0,3,0,0,0,6,0,7,0,8,1,8,1,8,0,8,0,7,0,6,0,5,0,4,0,3,0,1,0,0,0,-2,0,-3,-1,-4,-1,-5,-1,-6,-1,-6,-1,-6,-1,-7,-1,-6,-1,-6,-1,-5,-1,-4,-1,-3,0,0,0,0,0,0,0,0,0,0]"
CSI_DATA,22836,80:af:ca:27:52:2a,-55,11,1,0,1,1,1,0,0,0,0,-97,0,11,2,308916693,0,83,1,128,0,"[0,0,0,0,0,0,0,0,0,0,0,0,-4,0,-6,0,-7,0,-8,0,-9,0,-10,0,-10,0,-10,0,-10,0,-8,0,-8,0,-6,0,-5,0,-3,0,-1,0,0,-1,2,-1,4,-1,6,-2,7,-2,8,-2,8,-2,9,-3,9,-3,9,-3,8,-3,0,0,6,-2,4,-2,3,-1,1,0,0,0,-2,0,-4,0,-6,1,-7,1,-8,2,-9,2,-10,2,-10,2,-9,2,-8,2,-8,1,-6,1,-5,1,-3,0,-2,0,0,0,1,0,2,0,3,0,4,0,5,0,0,0,0,0,0,0,0,0,0,0]"
CSI_DATA,22837,80:af:ca:27:52:2a,-55,11,1,0,1,1,1,0,0,0,0,-97,0,11,2,308925377,0,83,1,128,0,"[0,0,0,0,0,0,0,0,0,0,0,0,7,1,6,0,5,0,4,1,3,0,2,0,0,0,0,0,-2,0,-3,0,-5,0,-6,0,-7,0,-7,0,-7,0,-8,0,-8,0,-7,0,-6,0,-5,0,-4,0,-3,0,-1,0,0,0,1,0,2,0,0,0,5,0,6,0,7,0,7,0,7,0,7,0,7,0,6,0,5,0,4,0,2,0,1,0,0,0,-1,0,-2,0,-3,0,-4,-1,-5,-1,-5,-1,-5,-1,-6,-1,-5,-1,-5,-1,-4,-1,-4,-1,-3,0,0,0,0,0,0,0,0,0,0,0]"
CSI_DATA,22838,80:af:ca:27:52:2a,-55,11,1,0,1,1,1,0,0,0,0,-97,0,11,2,308933761,0,83,1,128,0,"[0,0,0,0,0,0,0,0,0,0,0,0,-2,2,-4,4,-6,6,-8,6,-8,7,-10,8,-10,8,-10,8,-10,7,-8,7,-8,6,-7,5,-5,4,-3,2,-2,0,0,-1,1,-2,2,-4,4,-6,5,-7,6,-8,7,-9,6,-9,7,-10,7,-10,6,-9,0,0,4,-7,4,-5,2,-4,1,-2,0,0,-2,1,-3,2,-4,4,-6,6,-6,6,-6,7,-7,7,-7,7,-7,7,-6,6,-6,6,-5,4,-4,4,-2,2,-1,1,0,0,0,0,2,-1,3,-2,4,-2,4,-3,0,0,0,0,0,0,0,0,0,0]"
CSI_DATA,22839,80:af:ca:27:52:2a,-55,11,1,0,1,1,1,0,0,0,0,-97,0,11,2,308942607,0,83,1,128,0,"[0,0,0,0,0,0,0,0,0,0,0,0,-3,8,-2,7,-2,6,-2,5,-2,2,-2,1,0,1,-1,-1,2,-2,-1,-4,-1,-4,0,-5,0,-6,0,-6,1,-6,2,-10,1,-9,1,-6,1,-6,0,-6,0,-4,0,-3,0,-1,0,0,-1,1,-1,3,0,0,-1,5,-2,7,-2,8,-2,7,-2,7,-1,8,-2,7,0,6,-1,6,0,3,0,2,0,1,0,0,0,-1,2,-2,2,-4,1,-3,2,-4,2,-5,2,-6,2,-5,2,-6,2,-4,2,-3,2,-3,2,-2,0,0,0,0,0,0,0,0,0,0]"
CSI_DATA,22840,80:af:ca:27:52:2a,-55,11,1,0,1,1,1,0,0,0,0,-97,0,11,2,308952103,0,83,1,128,0,"[0,0,0,0,0,0,0,0,0,0,0,0,3,-7,2,-7,2,-5,2,-4,1,-3,1,-2,0,0,0,1,-1,2,-1,3,-3,4,-3,5,-3,6,-3,7,-4,7,-3,7,-3,6,-3,6,-3,5,-2,4,-2,3,-1,2,0,1,0,0,1,-2,1,-3,0,0,3,-5,3,-6,4,-7,4,-7,4,-7,4,-7,4,-6,3,-6,3,-5,2,-4,1,-3,0,-2,0,-1,-1,0,-2,1,-3,2,-4,2,-4,3,-5,3,-5,3,-5,3,-5,3,-5,2,-4,2,-4,2,-3,1,0,0,0,0,0,0,0,0,0,0]"
CSI_DATA,22841,80:af:ca:27:52:2a,-55,11,1,2,1,1,1,0,0,0,0,-97,0,11,2,308960143,0,83,1,128,0,"[0,0,0,0,0,0,0,0,0,0,0,0,-2,-2,-3,-3,-3,-5,-4,-6,-5,-7,-5,-7,-5,-8,-5,-8,-5,-7,-5,-7,-4,-6,-3,-5,-3,-4,-1,-2,-1,-1,0,0,0,1,1,2,2,4,3,5,3,6,4,7,5,7,5,7,5,7,4,7,0,0,3,5,3,3,1,2,1,1,0,0,0,-1,-1,-3,-1,-5,-2,-6,-3,-7,-3,-8,-3,-9,-3,-9,-3,-8,-2,-8,-2,-7,-1,-6,-1,-5,-1,-3,-1,-1,0,0,0,0,0,1,-1,3,-1,3,-1,4,0,0,0,0,0,0,0,0,0,0]"
CSI_DATA,22842,80:af:ca:27:52:2a,-55,11,1,0,1,1,1,0,0,0,0,-97,0,11,2,308972193,0,83,1,128,0,"[0,0,0,0,0,0,0,0,0,0,0,0,8,-3,7,-3,6,-2,5,-2,4,-1,2,-1,0,0,-1,0,-3,0,-4,1,-6,1,-7,2,-8,2,-9,2,-9,2,-10,2,-9,2,-8,2,-8,2,-6,2,-5,1,-3,1,-1,0,0,0,2,0,4,-1,0,0,7,-1,8,-1,9,-1,10,-1,10,-1,10,-1,9,-1,8,0,7,0,5,-1,4,-1,2,0,0,-1,-1,-1,-3,-1,-4,-2,-6,-2,-6,-2,-7,-3,-7,-3,-7,-3,-7,-3,-7,-3,-6,-3,-5,-3,-4,-2,0,0,0,0,0,0,0,0,0,0]"
CSI_DATA,22843,80:af:ca:27:52:2a,-54,11,1,0,1,1,1,0,0,0,0,-97,0,11,2,308989963,0,83,1,128,0,"[0,0,0,0,0,0,0,0,0,0,0,0,1,-3,3,-3,6,-4,7,-4,8,-5,9,-5,10,-6,9,-6,10,-6,8,-6,8,-5,6,-4,5,-3,3,-2,1,0,0,0,-1,1,-3,3,-4,4,-6,6,-6,6,-7,7,-7,7,-7,9,-7,8,-6,8,0,0,-5,6,-4,4,-3,3,-2,1,0,0,0,-2,1,-3,3,-5,3,-6,3,-7,4,-9,4,-9,5,-9,4,-9,4,-8,3,-7,3,-6,2,-5,1,-3,0,-2,0,0,0,0,-1,1,-2,3,-3,3,-3,3,0,0,0,0,0,0,0,0,0,0]"
CSI_DATA,22844,80:af:ca:27:52:2a,-55,11,1,0,1,1,1,0,0,0,0,-97,0,11,2,309006088,0,83,1,128,0,"[0,0,0,0,0,0,0,0,0,0,0,0,2,-2,5,-2,8,-2,10,-2,10,-3,11,-3,12,-3,12,-3,11,-3,10,-3,10,-2,8,-2,5,-1,3,0,1,0,0,0,-2,2,-4,2,-5,4,-7,5,-8,6,-9,7,-9,7,-9,8,-9,8,-8,8,0,0,-6,5,-5,4,-3,2,-2,1,0,0,1,-2,2,-4,3,-5,4,-7,5,-8,5,-9,5,-9,5,-9,5,-9,5,-8,4,-8,3,-6,2,-5,1,-3,0,-2,0,0,-1,0,-2,2,-2,2,-3,3,-4,4,0,0,0,0,0,0,0,0,0,0]"
CSI_DATA,22845,80:af:ca:27:52:2a,-54,11,1,0,1,1,1,0,0,0,0,-97,0,11,2,309026421,0,83,1,128,0,"[0,0,0,0,0,0,0,0,0,0,0,0,3,1,3,3,5,4,6,6,6,6,6,6,7,7,7,6,6,6,6,6,6,6,5,4,3,3,2,2,0,0,-1,0,-3,0,-4,-2,-6,-3,-7,-3,-8,-3,-10,-4,-10,-4,-10,-3,-10,-4,-10,-3,0,0,-7,-3,-6,-2,-4,-1,-2,0,0,0,1,0,3,0,5,0,6,1,8,1,9,1,9,2,9,2,9,1,8,1,7,1,6,0,4,0,3,0,1,0,0,0,-1,0,-3,-1,-3,-1,-5,-2,-6,-2,0,0,0,0,0,0,0,0,0,0]"
CSI_DATA,22846,80:af:ca:27:52:2a,-53,11,1,0,1,1,1,0,0,0,0,-97,0,11,2,309035613,0,83,1,128,0,"[0,0,0,0,0,0,0,0,0,0,0,0,-4,2,-6,3,-10,4,-12,3,-13,5,-14,5,-15,5,-15,5,-15,5,-13,5,-12,4,-10,4,-8,2,-5,1,-3,0,0,-1,0,-3,3,-5,5,-7,6,-9,8,-10,9,-11,9,-12,9,-13,10,-13,8,-12,0,0,6,-10,5,-8,3,-5,1,-3,0,0,-1,2,-2,5,-4,7,-5,9,-5,10,-5,12,-6,12,-6,12,-5,12,-5,11,-5,10,-4,9,-3,7,-2,5,-1,2,0,0,0,-1,0,-3,1,-5,2,-6,2,-8,0,0,0,0,0,0,0,0,0,0]"
CSI_DATA,22847,80:af:ca:27:52:2a,-54,11,1,0,1,1,1,0,0,0,0,-97,0,11,2,309066162,0,83,1,128,0,"[0,0,0,0,0,0,0,0,0,0,0,0,0,-10,-1,-9,-1,-8,0,-7,0,-5,0,-3,0,-1,1,0,1,1,3,3,3,5,4,6,4,7,4,7,5,7,6,7,5,6,5,6,4,5,3,4,3,3,1,2,0,1,-1,0,-2,-1,-4,-1,0,0,-6,-3,-7,-4,-8,-4,-9,-4,-9,-4,-9,-4,-8,-3,-7,-3,-6,-2,-4,-1,-3,-1,-1,0,0,0,1,0,3,0,4,0,5,1,6,1,6,1,6,0,6,1,6,0,6,0,4,0,4,0,3,0,0,0,0,0,0,0,0,0,0,0]"
CSI_DATA,22848,80:af:ca:27:52:2a,-54,11,1,0,1,1,1,0,0,0,0,-97,0,11,2,309077068,0,83,1,128,0,"[0,0,0,0,0,0,0,0,0,0,0,0,-9,4,-8,3,-7,3,-6,1,-4,0,-2,0,0,0,1,-1,3,-2,4,-3,6,-3,7,-4,8,-4,8,-5,8,-5,9,-5,8,-5,7,-4,6,-3,5,-3,3,-2,2,-1,0,-1,-1,0,-3,0,-5,1,0,0,-8,2,-9,2,-10,3,-10,3,-10,2,-10,2,-10,2,-8,1,-7,1,-5,1,-3,1,-1,0,0,0,1,0,3,0,5,0,6,0,6,0,7,0,7,0,7,0,7,0,6,0,6,0,5,0,3,0,0,0,0,0,0,0,0,0,0,0]"
CSI_DATA,22849,80:af:ca:27:52:2a,-55,11,1,0,1,1,1,0,0,0,0,-97,0,11,2,309098613,0,83,1,128,0,"[0,0,0,0,0,0,0,0,0,0,0,0,0,3,-1,5,-2,7,-4,7,-4,9,-4,9,-4,9,-4,9,-4,9,-4,9,-4,7,-3,6,-2,4,-2,2,-1,0,-1,-1,0,-3,0,-4,0,-7,0,-8,0,-9,0,-10,0,-11,-1,-11,-1,-11,-1,-10,0,0,-1,-8,0,-6,0,-4,0,-2,0,0,0,2,0,3,1,5,1,7,2,8,2,9,2,9,2,9,2,9,2,8,2,7,2,6,1,4,0,2,0,1,0,0,0,-1,0,-2,-1,-4,-1,-4,-1,-5,0,0,0,0,0,0,0,0,0,0]"
CSI_DATA,22850,80:af:ca:27:52:2a,-54,11,1,0,1,1,1,0,0,0,0,-97,0,11,2,309106996,0,83,1,128,0,"[0,0,0,0,0,0,0,0,0,0,0,0,-3,2,-6,2,-8,3,-10,3,-11,4,-11,4,-12,4,-11,5,-12,5,-10,5,-10,3,-8,3,-6,2,-4,0,-2,0,0,-2,0,-3,2,-5,3,-7,4,-8,5,-10,5,-11,5,-11,5,-12,5,-12,4,-11,0,0,2,-8,2,-6,1,-4,0,-2,0,0,0,2,0,5,-1,7,-1,8,0,10,0,11,-1,11,0,11,0,11,0,10,0,9,0,8,0,5,0,3,0,1,0,0,0,-2,0,-3,0,-5,0,-6,0,-7,0,0,0,0,0,0,0,0,0,0]"
CSI_DATA,22851,80:af:ca:27:52:2a,-54,11,1,0,1,1,1,0,0,0,0,-97,0,11,2,309117121,0,83,1,128,0,"[0,0,0,0,0,0,0,0,0,0,0,0,0,2,0,5,0,6,0,8,0,8,0,9,0,10,0,10,0,10,0,8,0,8,0,7,0,5,0,2,0,1,0,0,-1,-2,-1,-4,-1,-6,-2,-8,-2,-8,-2,-10,-2,-10,-2,-10,-2,-10,-2,-9,0,0,-2,-7,-1,-5,-1,-4,0,-2,0,0,0,2,0,3,0,5,0,7,1,8,1,8,1,8,0,9,1,8,0,8,0,7,0,5,0,4,0,2,0,1,0,0,0,-1,0,-2,0,-4,0,-5,0,-5,0,0,0,0,0,0,0,0,0,0]"
CSI_DATA,22852,80:af:ca:27:52:2a,-54,11,1,0,1,1,1,0,0,0,0,-97,0,11,2,309125901,0,83,1,128,0,"[0,0,0,0,0,0,0,0,0,0,0,0,2,9,2,8,2,7,1,6,0,4,0,2,0,1,-1,0,-1,-2,-2,-4,-2,-5,-4,-6,-4,-7,-4,-8,-4,-8,-5,-8,-5,-8,-4,-7,-4,-6,-3,-5,-2,-4,-2,-3,-1,-1,0,0,1,1,2,2,0,0,4,5,4,6,5,6,5,6,5,7,5,6,5,6,4,5,4,5,2,3,2,2,1,1,0,0,-1,-1,-1,-2,-2,-4,-2,-5,-3,-5,-3,-5,-4,-5,-3,-6,-3,-5,-3,-5,-2,-5,-2,-4,-2,-3,0,0,0,0,0,0,0,0,0,0]"
CSI_DATA,22853,80:af:ca:27:52:2a,-53,11,1,0,1,1,1,0,0,0,0,-97,0,11,2,309134007,0,83,1,128,0,"[0,0,0,0,0,0,0,0,0,0,0,0,-1,8,-1,8,-1,7,-1,6,-1,4,-1,2,0,1,0,0,0,-2,0,-4,1,-5,1,-6,1,-8,1,-8,1,-8,1,-9,1,-8,1,-8,1,-7,0,-6,0,-5,0,-3,0,-2,0,0,-1,1,-1,2,0,0,-2,5,-2,6,-2,7,-2,8,-3,8,-3,7,-2,7,-2,6,-2,5,-1,4,-1,3,0,1,0,0,0,-1,1,-1,2,-2,2,-4,2,-4,3,-4,3,-5,3,-5,3,-4,3,-4,3,-4,2,-3,2,-2,0,0,0,0,0,0,0,0,0,0]"
CSI_DATA,22854,80:af:ca:27:52:2a,-54,11,1,0,1,1,1,0,0,0,0,-97,0,11,2,309143315,0,83,1,128,0,"[0,0,0,0,0,0,0,0,0,0,0,0,-7,4,-7,4,-6,3,-5,2,-4,2,-2,1,-1,0,0,0,1,-1,3,-2,4,-2,6,-3,6,-3,7,-3,7,-3,8,-3,7,-3,7,-3,6,-3,5,-2,4,-2,2,-1,1,-1,0,-1,-1,0,-3,0,0,0,-6,0,-7,1,-8,1,-8,1,-8,0,-8,0,-8,0,-7,0,-6,0,-5,0,-3,0,-2,0,-1,0,0,0,1,1,2,1,4,1,4,1,5,2,5,2,5,2,5,2,4,2,4,2,3,2,2,1,0,0,0,0,0,0,0,0,0,0]"
CSI_DATA,22855,80:af:ca:27:52:2a,-54,11,1,2,1,1,1,0,0,0,0,-97,0,11,2,309149221,0,83,1,128,0,"[0,0,0,0,0,0,0,0,0,0,0,0,0,3,-1,4,-3,6,-3,7,-4,9,-4,9,-5,10,-4,10,-5,10,-4,9,-4,8,-3,7,-3,5,-2,3,-1,1,0,0,0,-2,0,-4,1,-6,1,-7,2,-9,2,-10,2,-11,2,-11,2,-11,2,-11,0,0,1,-8,0,-7,0,-5,0,-3,0,-1,0,0,-1,3,-2,4,-2,6,-3,7,-3,8,-3,9,-3,9,-3,9,-3,8,-3,7,-2,6,-2,5,-1,3,0,2,0,0,0,0,0,-2,1,-3,2,-3,3,-4,0,0,0,0,0,0,0,0,0,0]"
CSI_DATA,22856,80:af:ca:27:52:2a,-54,11,1,0,1,1,1,0,0,0,0,-97,0,11,2,309157488,0,83,1,128,0,"[0,0,0,0,0,0,0,0,0,0,0,0,-7,3,-6,3,-5,3,-5,2,-4,1,-2,0,-1,0,0,0,0,-1,0,-2,1,-3,2,-4,2,-5,3,-5,3,-6,3,-6,3,-6,2,-6,2,-5,1,-5,1,-4,0,-3,0,-1,0,0,0,0,0,2,0,0,0,4,0,5,0,6,0,6,0,6,0,6,0,6,0,5,0,5,0,3,0,2,0,1,0,0,0,0,0,-1,0,-3,0,-4,0,-4,0,-5,0,-5,0,-5,0,-5,0,-5,0,-4,0,-3,0,-3,0,0,0,0,0,0,0,0,0,0]"
CSI_DATA,22857,80:af:ca:27:52:2a,-54,11,1,0,1,1,1,0,0,0,0,-97,0,11,2,309166219,0,83,1,128,0,"[0,0,0,0,0,0,0,0,0,0,0,0,1,-7,0,-7,0,-6,0,-6,0,-4,0,-3,0,-2,0,0,0,0,1,1,1,3,2,4,2,5,2,5,2,6,3,6,3,6,3,5,3,4,2,4,2,3,1,2,0,1,0,0,-1,0,-2,0,0,0,-4,-2,-5,-2,-6,-3,-6,-3,-6,-3,-6,-3,-6,-2,-5,-2,-5,-2,-4,-1,-3,-1,-1,0,0,0,0,0,1,0,2,0,3,0,4,0,4,0,4,0,5,0,5,0,4,0,4,0,3,0,2,0,0,0,0,0,0,0,0,0,0,0]"
CSI_DATA,22858,80:af:ca:27:52:2a,-54,11,1,0,1,1,1,0,0,0,0,-97,0,11,2,309176619,0,83,1,128,0,"[0,0,0,0,0,0,0,0,0,0,0,0,-3,-2,-4,-4,-5,-6,-6,-8,-6,-8,-6,-9,-6,-10,-6,-10,-6,-10,-6,-8,-6,-8,-5,-6,-3,-5,-2,-3,0,-2,0,-1,2,0,4,0,6,1,7,2,8,3,10,3,10,3,10,2,10,2,10,2,0,0,7,0,6,0,4,0,1,0,0,0,-2,0,-4,0,-6,0,-8,0,-9,0,-10,0,-10,0,-10,0,-10,0,-10,0,-9,0,-7,0,-6,0,-4,0,-2,0,0,0,0,0,2,0,3,0,4,0,5,-1,0,0,0,0,0,0,0,0,0,0]"
CSI_DATA,22859,80:af:ca:27:52:2a,-54,11,1,0,1,1,1,0,0,0,0,-97,0,11,2,309212482,0,83,1,128,0,"[0,0,0,0,0,0,0,0,0,0,0,0,0,10,0,9,0,7,-1,5,-1,3,-1,1,-1,0,-1,-2,-1,-4,-1,-5,-1,-8,-1,-9,-1,-10,-1,-11,-1,-11,-1,-11,-1,-10,-1,-9,-1,-7,-1,-6,-1,-5,0,-3,0,-1,0,0,0,3,1,4,0,0,1,7,1,9,1,9,2,9,2,9,1,9,1,9,1,7,1,5,1,4,1,2,0,1,0,0,0,-2,0,-3,0,-5,0,-7,-1,-7,0,-7,-1,-7,0,-7,0,-7,-1,-7,0,-6,0,-5,0,-4,0,0,0,0,0,0,0,0,0,0]"
CSI_DATA,22860,80:af:ca:27:52:2a,-55,11,1,0,1,1,1,0,0,0,0,-97,0,11,2,309224353,0,83,1,128,0,"[0,0,0,0,0,0,0,0,0,0,0,0,0,8,0,7,0,6,0,5,0,3,0,2,-1,0,-1,-1,-1,-3,-1,-4,-1,-6,-1,-7,-1,-8,-1,-8,-1,-8,-1,-9,-1,-8,-1,-8,-1,-7,-1,-6,-1,-4,0,-2,0,-1,0,0,0,2,0,3,0,0,1,6,1,7,1,8,1,8,1,8,1,8,1,7,1,6,1,5,1,4,0,2,0,1,0,0,0,-2,0,-3,0,-4,0,-6,0,-6,0,-7,0,-7,0,-7,0,-6,0,-6,0,-5,0,-4,0,-3,0,0,0,0,0,0,0,0,0,0]"
CSI_DATA,22861,80:af:ca:27:52:2a,-55,11,1,0,1,1,1,0,0,0,0,-97,0,11,2,309233313,0,83,1,128,0,"[0,0,0,0,0,0,0,0,0,0,0,0,0,-3,0,-5,0,-6,1,-8,1,-8,1,-9,1,-9,1,-9,1,-8,1,-8,1,-7,1,-6,0,-4,0,-3,0,-1,0,0,0,2,-1,3,-1,5,-1,6,-2,7,-2,8,-2,8,-2,8,-2,8,-1,8,0,0,-1,5,-1,4,0,3,0,1,0,0,1,-1,1,-3,2,-5,3,-6,3,-6,3,-7,4,-7,4,-7,4,-7,3,-6,3,-6,2,-5,1,-4,1,-3,0,-1,0,-1,-1,0,-2,0,-3,1,-4,1,-5,1,0,0,0,0,0,0,0,0,0,0]"
CSI_DATA,22862,80:af:ca:27:52:2a,-56,11,1,0,1,1,1,0,0,0,0,-97,0,11,2,309240324,0,83,1,128,0,"[0,0,0,0,0,0,0,0,0,0,0,0,1,1,3,2,3,3,4,5,4,6,5,6,5,6,5,6,4,7,3,6,3,6,3,5,1,3,1,2,0,0,0,-1,0,-2,-1,-3,-1,-5,-2,-6,-2,-7,-2,-8,-2,-8,-2,-9,-2,-9,-2,-8,0,0,-1,-6,-1,-5,-1,-3,-1,-2,-1,0,-1,1,-1,3,-1,4,-1,5,-2,6,-3,7,-3,7,-3,7,-3,7,-3,6,-3,6,-2,5,-1,4,-1,3,0,2,0,1,0,0,1,0,2,-1,3,-1,3,-1,0,0,0,0,0,0,0,0,0,0]"
CSI_DATA,22863,80:af:ca:27:52:2a,-56,11,1,0,1,1,1,0,0,0,0,-97,0,11,2,309247142,0,83,1,128,0,"[0,0,0,0,0,0,0,0,0,0,0,0,-2,-2,-2,-3,-3,-5,-3,-6,-4,-6,-4,-8,-4,-8,-3,-8,-3,-8,-3,-7,-2,-6,-2,-5,-1,-4,-1,-2,0,-1,0,0,0,1,0,3,0,4,1,5,1,6,1,7,1,8,1,8,1,8,1,8,0,0,1,6,0,4,0,3,0,1,0,0,0,-1,1,-3,1,-4,1,-5,1,-6,1,-8,2,-8,2,-8,2,-8,2,-7,2,-7,2,-6,1,-5,1,-4,0,-2,0,-1,-1,0,-2,0,-2,1,-4,1,-4,1,0,0,0,0,0,0,0,0,0,0]"
CSI_DATA,22864,80:af:ca:27:52:2a,-55,11,1,0,1,1,1,0,0,0,0,-97,0,11,2,309256481,0,83,1,128,0,"[0,0,0,0,0,0,0,0,0,0,0,0,-7,3,-7,3,-6,2,-5,1,-3,0,-2,0,0,0,0,-1,1,-1,2,-2,4,-3,5,-3,6,-3,6,-4,6,-4,6,-4,6,-4,5,-3,5,-3,4,-2,3,-2,1,-1,0,0,0,0,-1,0,-3,1,0,0,-5,2,-6,2,-7,3,-7,3,-7,3,-7,3,-7,3,-6,2,-5,2,-4,1,-3,1,-1,0,0,0,0,0,1,0,3,0,4,0,4,-1,5,-1,5,-1,5,0,5,0,5,0,4,0,4,0,3,0,0,0,0,0,0,0,0,0,0,0]"
CSI_DATA,22865,80:af:ca:27:52:2a,-55,11,1,0,1,1,1,0,0,0,0,-97,0,11,2,309264425,0,83,1,128,0,"[0,0,0,0,0,0,0,0,0,0,0,0,-2,2,-4,3,-6,4,-7,4,-8,5,-9,4,-9,5,-9,5,-9,4,-8,4,-8,4,-7,3,-4,2,-3,1,-1,0,0,0,1,-2,2,-2,4,-3,6,-4,7,-4,7,-5,7,-6,8,-7,8,-6,7,-6,0,0,6,-4,4,-4,3,-2,1,-2,0,0,-2,0,-4,0,-5,1,-7,2,-7,2,-9,3,-9,3,-9,3,-9,2,-9,2,-8,2,-7,2,-5,2,-4,1,-2,0,-1,0,0,0,2,0,3,0,4,0,4,0,0,0,0,0,0,0,0,0,0,0]"
CSI_DATA,22866,80:af:ca:27:52:2a,-54,11,1,0,1,1,1,0,0,0,0,-97,0,11,2,309285301,0,83,1,128,0,"[0,0,0,0,0,0,0,0,0,0,0,0,3,2,4,4,5,5,5,7,6,7,6,8,6,8,6,7,5,7,4,7,4,6,3,4,2,3,0,2,0,0,-1,-1,-2,-2,-3,-4,-4,-5,-5,-7,-6,-7,-7,-7,-7,-7,-7,-7,-7,-8,-6,-7,0,0,-4,-4,-3,-4,-2,-2,-1,0,0,0,0,2,2,3,2,4,3,6,4,7,4,7,4,7,4,7,4,7,3,6,3,6,2,4,2,3,1,2,0,0,0,0,0,-2,0,-2,0,-4,0,-4,0,-5,0,0,0,0,0,0,0,0,0,0]"
CSI_DATA,22867,80:af:ca:27:52:2a,-54,11,1,0,1,1,1,0,0,0,0,-97,0,11,2,309318196,0,83,1,128,0,"[0,0,0,0,0,0,0,0,0,0,0,0,-4,6,-4,6,-3,5,-3,4,-2,3,-2,1,-1,0,0,-1,0,-2,1,-3,2,-5,2,-6,2,-6,3,-7,3,-7,3,-7,2,-7,2,-6,2,-6,2,-5,1,-4,1,-3,0,-1,0,0,-1,1,-1,2,0,0,-2,5,-3,6,-3,6,-3,7,-3,7,-3,6,-3,6,-3,5,-2,5,-2,4,-1,3,0,1,0,0,1,-1,1,-2,2,-2,2,-3,3,-4,3,-4,3,-5,3,-4,3,-4,3,-4,3,-4,2,-3,2,-3,0,0,0,0,0,0,0,0,0,0]"
CSI_DATA,22868,80:af:ca:27:52:2a,-54,11,1,2,1,1,1,0,0,0,0,-97,0,11,2,309333861,0,83,1,128,0,"[0,0,0,0,0,0,0,0,0,0,0,0,0,3,-2,5,-2,6,-4,8,-5,8,-5,9,-5,9,-5,9,-5,8,-5,8,-5,6,-4,5,-2,3,-2,2,0,0,0,-1,1,-2,2,-4,3,-5,3,-7,4,-8,5,-8,5,-9,5,-9,5,-9,4,-8,0,0,2,-6,2,-5,1,-4,0,-2,-1,-1,-2,0,-3,2,-5,3,-5,4,-6,5,-7,5,-7,5,-7,5,-7,5,-7,5,-6,5,-5,4,-4,3,-2,2,-2,1,0,0,0,0,2,0,2,0,4,-1,5,-1,0,0,0,0,0,0,0,0,0,0]"
CSI_DATA,22869,80:af:ca:27:52:2a,-55,11,1,0,1,1,1,0,0,0,0,-97,0,11,2,309348729,0,83,1,128,0,"[0,0,0,0,0,0,0,0,0,0,0,0,6,5,6,4,5,4,4,3,2,2,1,1,0,0,-1,-1,-2,-2,-4,-3,-4,-5,-5,-5,-6,-6,-6,-6,-6,-6,-7,-6,-6,-6,-6,-5,-5,-5,-4,-4,-3,-2,-2,-1,-1,0,0,0,1,2,1,3,0,0,3,5,4,6,4,6,5,7,4,7,4,7,4,6,4,5,3,5,2,4,1,2,1,1,0,0,0,-1,0,-3,0,-4,0,-5,-1,-6,-1,-6,-1,-6,-1,-6,0,-6,0,-6,0,-6,0,-5,0,-4,0,0,0,0,0,0,0,0,0,0]"
CSI_DATA,22870,80:af:ca:27:52:2a,-55,11,1,0,1,1,1,0,0,0,0,-97,0,11,2,309364693,0,83,1,128,0,"[0,0,0,0,0,0,0,0,0,0,0,0,-8,2,-7,2,-6,1,-6,1,-4,0,-2,0,-1,0,1,0,2,0,4,-1,5,0,7,-1,7,0,8,0,8,0,8,0,8,0,7,0,6,0,5,0,4,0,2,0,1,-1,0,-1,-2,-1,-4,-1,0,0,-6,-2,-7,-3,-8,-3,-8,-3,-8,-3,-8,-3,-7,-3,-7,-3,-6,-2,-5,-2,-3,-1,-2,0,-1,0,0,1,0,2,1,3,2,4,3,4,3,5,3,5,3,5,2,5,2,5,2,5,1,4,1,3,0,0,0,0,0,0,0,0,0,0]"
CSI_DATA,22871,80:af:ca:27:52:2a,-56,11,1,0,1,1,1,0,0,0,0,-97,0,11,2,309374438,0,83,1,128,0,"[0,0,0,0,0,0,0,0,0,0,0,0,7,-4,6,-3,6,-2,5,-2,3,-1,1,0,0,0,-1,0,-3,0,-4,0,-6,0,-7,0,-8,0,-8,0,-8,0,-8,0,-8,0,-8,0,-7,0,-6,0,-4,0,-3,0,-1,0,0,0,1,1,2,2,0,0,5,3,6,4,6,4,7,5,6,5,6,5,6,5,5,4,4,4,4,3,3,2,2,0,1,0,0,-1,0,-2,0,-4,0,-5,0,-6,0,-6,0,-7,0,-7,0,-7,0,-7,0,-6,0,-5,0,-4,0,0,0,0,0,0,0,0,0,0]"
CSI_DATA,22872,80:af:ca:27:52:2a,-55,11,1,0,1,1,1,0,0,0,0,-97,0,11,2,309394164,0,83,1,128,0,"[0,0,0,0,0,0,0,0,0,0,0,0,2,0,5,0,7,0,8,1,10,2,10,2,10,2,10,2,10,2,10,2,8,2,7,2,5,1,3,1,1,0,0,0,-2,0,-5,0,-6,-1,-8,-1,-9,-1,-10,-1,-10,-1,-11,-1,-11,-1,-10,0,0,0,-8,0,-6,0,-5,0,-2,0,0,0,1,0,2,0,5,0,6,0,7,0,8,0,8,1,8,1,8,0,8,0,7,0,6,0,5,0,3,0,2,0,0,0,0,0,-2,-1,-2,-2,-4,-2,-4,-2,0,0,0,0,0,0,0,0,0,0]"
CSI_DATA,22873,80:af:ca:27:52:2a,-54,11,1,0,1,1,1,0,0,0,0,-97,0,11,2,309403992,0,83,1,128,0,"[0,0,0,0,0,0,0,0,0,0,0,0,8,5,7,4,5,4,4,3,2,2,1,1,0,0,-2,0,-3,-1,-4,-2,-6,-3,-7,-4,-8,-4,-8,-4,-8,-5,-9,-5,-8,-4,-7,-4,-7,-3,-5,-2,-4,-2,-2,-1,-1,0,0,0,1,1,3,1,0,0,5,3,7,4,7,4,8,4,8,4,7,4,7,3,6,3,5,2,4,1,3,1,1,0,0,0,0,-1,-2,-2,-2,-3,-4,-4,-4,-4,-5,-5,-5,-5,-5,-5,-5,-5,-4,-5,-4,-4,-3,-4,-2,-3,0,0,0,0,0,0,0,0,0,0]"
CSI_DATA,22874,80:af:ca:27:52:2a,-54,11,1,0,1,1,1,0,0,0,0,-97,0,11,2,309412464,0,83,1,128,0,"[0,0,0,0,0,0,0,0,0,0,0,0,0,-11,0,-10,1,-8,0,-6,1,-4,1,-1,0,-1,1,1,3,5,2,0,3,0,5,0,6,0,8,1,8,3,8,8,8,5,6,5,5,4,6,1,3,0,1,2,2,-1,1,0,-1,0,-3,1,0,0,-8,2,-10,2,-10,4,-10,2,-9,2,-11,5,-7,4,-7,3,-6,5,-3,1,-1,0,0,0,0,-1,1,-2,2,-2,3,-5,3,-5,3,-5,3,-8,3,-6,3,-8,0,-8,3,-5,2,-4,1,-3,1,-2,0,0,0,0,0,0,0,0,0,0]"
CSI_DATA,22875,80:af:ca:27:52:2a,-55,11,1,0,1,1,1,0,0,0,0,-97,0,11,2,309433968,0,83,1,128,0,"[0,0,0,0,0,0,0,0,0,0,0,0,-3,1,-5,1,-7,1,-8,0,-9,0,-9,0,-10,0,-9,0,-8,0,-8,0,-6,0,-5,0,-3,0,-1,0,0,0,1,0,3,0,4,0,6,0,7,0,8,0,8,0,8,0,8,0,8,0,7,0,0,0,5,0,3,0,2,0,0,0,-1,-1,-2,-1,-4,-2,-5,-2,-6,-3,-7,-3,-8,-3,-8,-3,-7,-4,-7,-3,-6,-3,-6,-3,-5,-2,-4,-1,-3,-1,-1,0,-1,0,0,1,0,2,1,3,1,3,1,4,0,0,0,0,0,0,0,0,0,0]"
CSI_DATA,22876,80:af:ca:27:52:2a,-56,11,1,0,1,1,1,0,0,0,0,-97,0,11,2,309443455,0,83,1,128,0,"[0,0,0,0,0,0,0,0,0,0,0,0,7,0,5,0,5,0,4,0,3,0,1,0,0,0,-1,0,-2,-1,-3,-1,-4,-2,-5,-3,-6,-3,-6,-4,-6,-4,-6,-4,-6,-4,-5,-3,-4,-3,-4,-2,-3,-1,-2,-1,-1,0,0,0,0,1,1,2,0,0,2,4,3,5,3,5,3,6,3,6,3,6,3,5,2,5,2,4,2,3,1,2,1,1,0,0,0,-1,0,-2,0,-3,0,-4,0,-4,0,-5,0,-5,1,-5,1,-5,1,-5,1,-4,1,-4,0,-3,0,0,0,0,0,0,0,0,0,0]"
CSI_DATA,22877,80:af:ca:27:52:2a,-55,11,1,0,1,1,1,0,0,0,0,-97,0,11,2,309451247,0,83,1,128,0,"[0,0,0,0,0,0,0,0,0,0,0,0,4,-8,3,-7,3,-6,3,-5,2,-3,1,-2,0,0,-1,1,-2,2,-3,3,-4,4,-5,5,-5,6,-6,6,-6,6,-6,6,-6,6,-5,5,-5,5,-4,3,-3,3,-2,2,0,1,0,0,2,-1,3,-2,0,0,6,-3,6,-4,7,-4,7,-4,8,-4,7,-4,7,-3,6,-3,5,-3,4,-3,2,-2,1,-2,0,-1,-1,-1,-3,-1,-4,-1,-5,-1,-6,-1,-6,-1,-6,-1,-7,-1,-6,-1,-6,-1,-6,-1,-5,-1,-4,-1,0,0,0,0,0,0,0,0,0,0]"
CSI_DATA,22878,80:af:ca:27:52:2a,-55,11,1,0,1,1,1,0,0,0,0,-97,0,11,2,309459208,0,83,1,128,0,"[0,0,0,0,0,0,0,0,0,0,0,0,3,0,5,0,6,0,8,1,9,2,9,2,10,2,9,2,9,2,8,2,7,2,6,2,4,1,2,0,0,0,-1,0,-2,-1,-4,-2,-6,-2,-7,-3,-8,-4,-8,-4,-9,-4,-9,-4,-9,-4,-8,-4,0,0,-6,-2,-5,-2,-4,-1,-2,0,0,0,0,1,2,2,3,3,4,4,5,4,6,5,6,5,6,5,6,5,5,4,5,4,4,4,3,2,2,2,2,0,0,0,0,-1,0,-2,0,-3,-1,-4,-1,-4,0,0,0,0,0,0,0,0,0,0]"
CSI_DATA,22879,80:af:ca:27:52:2a,-54,11,1,0,1,1,1,0,0,0,0,-97,0,11,2,309470521,0,83,1,128,0,"[0,0,0,0,0,0,0,0,0,0,0,0,-1,-5,-1,-7,-1,-8,0,-10,0,-11,0,-11,0,-12,0,-11,1,-11,0,-10,0,-9,0,-8,0,-5,0,-3,0,-1,-1,0,-1,2,-2,4,-2,5,-3,8,-3,8,-4,9,-4,9,-4,10,-4,10,-3,9,0,0,-2,7,-2,5,-1,4,0,2,0,0,1,-1,2,-2,4,-4,5,-5,5,-6,6,-7,7,-7,7,-7,7,-6,6,-5,6,-5,5,-5,4,-4,2,-2,1,-2,0,-1,-1,-1,-2,0,-4,0,-5,0,-5,0,0,0,0,0,0,0,0,0,0,0]"
CSI_DATA,22880,80:af:ca:27:52:2a,-54,11,1,0,1,1,1,0,0,0,0,-97,0,11,2,309488317,0,83,1,128,0,"[0,0,0,0,0,0,0,0,0,0,0,0,-3,-3,-5,-5,-5,-8,-6,-9,-7,-11,-7,-11,-7,-12,-7,-11,-6,-11,-6,-10,-5,-10,-4,-8,-3,-5,-2,-4,0,-1,0,0,2,2,2,4,4,5,5,7,5,8,6,9,6,9,7,9,6,10,6,8,0,0,5,6,3,5,2,2,1,1,0,0,-1,-2,-2,-5,-3,-6,-4,-8,-5,-8,-5,-10,-5,-10,-5,-10,-5,-10,-5,-9,-5,-8,-4,-7,-3,-5,-2,-3,-2,-2,-1,0,0,1,0,2,0,4,0,5,0,5,0,0,0,0,0,0,0,0,0,0]"
CSI_DATA,22881,80:af:ca:27:52:2a,-55,11,1,0,1,1,1,0,0,0,0,-97,0,11,2,309506196,0,83,1,128,0,"[0,0,0,0,0,0,0,0,0,0,0,0,-2,1,-4,2,-6,2,-8,3,-9,3,-10,3,-10,3,-10,3,-10,2,-9,2,-8,2,-7,2,-5,1,-3,0,-1,0,0,0,2,0,3,-1,5,-2,6,-2,8,-2,9,-2,9,-2,10,-2,10,-2,9,-2,0,0,7,-2,6,-2,4,-1,2,-1,0,-1,-2,-1,-4,-1,-6,-1,-7,-1,-8,-1,-9,-2,-10,-2,-10,-2,-10,-2,-9,-2,-8,-2,-7,-2,-6,-1,-4,-1,-3,0,-1,0,0,0,0,1,2,2,2,2,3,3,0,0,0,0,0,0,0,0,0,0]"
CSI_DATA,22882,80:af:ca:27:52:2a,-54,11,1,0,1,1,1,0,0,0,0,-97,0,11,2,309523231,0,83,1,128,0,"[0,0,0,0,0,0,0,0,0,0,0,0,6,6,6,6,4,5,3,4,2,3,1,2,0,0,-1,0,-2,-2,-3,-3,-4,-4,-5,-6,-6,-6,-6,-7,-6,-7,-6,-7,-6,-7,-5,-6,-4,-5,-4,-4,-3,-3,-2,-2,-1,-1,0,0,0,1,2,2,0,0,3,4,4,6,4,6,4,7,4,7,4,7,4,6,3,5,3,4,2,3,1,2,1,1,0,0,0,-1,0,-2,-1,-4,-1,-4,-1,-5,-1,-6,-1,-6,-1,-6,-1,-6,-1,-6,-1,-5,-1,-4,-1,-3,0,0,0,0,0,0,0,0,0,0]"
CSI_DATA,22883,80:af:ca:27:52:2a,-54,11,1,2,1,1,1,0,0,0,0,-97,0,11,2,309541896,0,83,1,128,0,"[0,0,0,0,0,0,0,0,0,0,0,0,0,-3,2,-4,4,-6,6,-7,7,-7,7,-8,8,-9,8,-8,8,-8,7,-7,7,-7,6,-6,4,-4,3,-3,1,-1,0,0,-1,1,-3,3,-4,4,-5,5,-6,7,-7,7,-7,8,-7,8,-7,8,-7,7,0,0,-5,6,-4,4,-3,3,-1,2,0,0,0,-1,2,-3,3,-3,4,-5,5,-6,6,-7,6,-7,6,-7,6,-7,6,-7,5,-6,4,-5,3,-4,2,-3,0,-2,0,-1,-1,0,-2,0,-3,0,-4,1,-4,1,0,0,0,0,0,0,0,0,0,0]"
CSI_DATA,22884,80:af:ca:27:52:2a,-55,11,1,0,1,1,1,0,0,0,0,-97,0,11,2,309557389,0,83,1,128,0,"[0,0,0,0,0,0,0,0,0,0,0,0,0,3,-1,5,-2,8,-3,8,-3,10,-4,10,-4,10,-3,10,-4,10,-3,9,-3,8,-2,7,-2,5,-2,2,-1,0,-1,-1,-1,-3,-1,-5,-1,-7,-2,-8,-2,-10,-2,-10,-2,-10,-2,-10,-2,-10,-3,-10,0,0,-2,-7,-2,-5,-1,-3,0,-2,0,0,0,2,1,3,2,5,3,6,4,7,4,8,4,8,4,8,5,7,4,6,4,5,3,5,2,3,2,2,1,0,0,0,0,-1,-1,-2,-2,-3,-2,-4,-3,-5,0,0,0,0,0,0,0,0,0,0]"
CSI_DATA,22885,80:af:ca:27:52:2a,-56,11,1,0,1,1,1,0,0,0,0,-97,0,11,2,309566210,0,83,1,128,0,"[0,0,0,0,0,0,0,0,0,0,0,0,0,-4,1,-5,2,-6,4,-7,4,-8,4,-8,5,-8,4,-8,5,-8,4,-7,4,-7,3,-6,2,-4,2,-2,0,0,0,0,0,2,0,4,-1,5,-1,6,-1,8,-1,8,-1,8,0,9,-1,9,0,8,0,0,0,6,0,4,0,3,0,1,0,0,0,-2,0,-4,0,-6,0,-7,-1,-8,-1,-8,-1,-9,-1,-9,-2,-9,-2,-8,-2,-8,-2,-6,-2,-5,-1,-4,-1,-2,-1,0,0,0,0,2,0,3,0,4,0,4,0,0,0,0,0,0,0,0,0,0]"
CSI_DATA,22886,80:af:ca:27:52:2a,-55,11,1,0,1,1,1,0,0,0,0,-97,0,11,2,309576310,0,83,1,128,0,"[0,0,0,0,0,0,0,0,0,0,0,0,-2,-8,-2,-7,-1,-6,-1,-5,0,-4,0,-2,0,-1,1,0,1,1,2,2,2,4,3,5,3,5,3,6,4,6,4,6,4,5,4,5,3,4,2,3,2,2,1,1,0,0,-1,0,-1,-1,-3,-2,0,0,-4,-4,-5,-4,-6,-5,-6,-5,-6,-5,-6,-5,-6,-4,-5,-4,-4,-3,-4,-2,-2,-1,-1,-1,0,0,0,0,1,1,2,2,3,3,3,3,4,3,4,3,4,3,4,3,4,3,3,2,3,2,2,1,0,0,0,0,0,0,0,0,0,0]"
CSI_DATA,22887,80:af:ca:27:52:2a,-55,11,1,2,1,1,1,0,0,0,0,-97,0,11,2,309583921,0,83,1,128,0,"[0,0,0,0,0,0,0,0,0,0,0,0,3,0,4,0,7,1,7,2,8,2,9,3,9,3,9,3,9,3,7,2,7,2,5,2,4,1,2,0,0,0,-1,0,-2,-1,-4,-2,-6,-2,-7,-2,-8,-2,-9,-3,-9,-3,-9,-3,-9,-3,-9,-2,0,0,-7,-2,-5,-2,-3,-1,-2,0,0,0,1,0,2,2,4,2,5,3,6,3,7,4,7,4,7,4,7,4,6,4,5,3,4,2,3,2,2,1,1,0,0,0,0,-1,-1,-2,-2,-3,-2,-4,-2,-4,0,0,0,0,0,0,0,0,0,0]"
CSI_DATA,22888,80:af:ca:27:52:2a,-54,11,1,0,1,1,1,0,0,0,0,-97,0,11,2,309604402,0,83,1,128,0,"[0,0,0,0,0,0,0,0,0,0,0,0,-5,-8,-5,-7,-4,-6,-3,-6,-2,-4,-1,-2,0,-1,0,0,1,1,2,2,3,4,4,4,4,6,5,6,5,6,6,6,6,6,5,5,4,4,3,4,2,3,1,2,1,0,0,0,-1,-1,-2,-2,0,0,-4,-4,-5,-6,-6,-6,-6,-6,-6,-6,-6,-6,-6,-6,-5,-5,-4,-4,-3,-3,-3,-2,-2,-1,-1,0,0,1,0,2,1,2,2,3,2,4,3,4,3,4,3,5,3,5,2,4,2,4,2,3,1,3,0,0,0,0,0,0,0,0,0,0]"
CSI_DATA,22889,80:af:ca:27:52:2a,-55,11,1,0,1,1,1,0,0,0,0,-97,0,11,2,309619293,0,83,1,128,0,"[0,0,0,0,0,0,0,0,0,0,0,0,2,-1,5,-1,6,0,8,0,9,0,10,0,10,0,10,0,10,0,9,0,8,0,7,0,5,0,3,0,1,0,0,0,-2,1,-4,1,-5,2,-7,2,-8,2,-8,3,-8,3,-9,4,-9,4,-8,4,0,0,-6,3,-5,2,-3,2,-2,0,0,0,0,-1,2,-2,3,-3,5,-4,5,-5,5,-6,6,-6,6,-6,5,-6,5,-5,5,-5,3,-5,2,-4,2,-3,0,-2,0,0,-1,0,-2,0,-2,2,-3,2,-4,2,0,0,0,0,0,0,0,0,0,0]"
CSI_DATA,22890,80:af:ca:27:52:2a,-54,11,1,0,1,1,1,0,0,0,0,-97,0,11,2,309628803,0,83,1,128,0,"[0,0,0,0,0,0,0,0,0,0,0,0,-8,-5,-8,-5,-7,-5,-5,-4,-3,-3,-2,-2,0,-2,1,-1,2,-1,5,0,6,0,7,0,8,0,9,0,9,0,10,0,8,-1,8,-1,7,-1,6,-1,4,0,2,0,1,0,0,0,-2,1,-3,2,0,0,-6,3,-7,4,-8,4,-8,5,-8,5,-8,5,-7,5,-6,4,-5,3,-4,3,-3,2,-1,1,0,0,1,-1,2,-2,3,-3,3,-4,4,-5,4,-5,4,-5,5,-5,4,-5,4,-5,3,-5,3,-4,2,-3,0,0,0,0,0,0,0,0,0,0]"
CSI_DATA,22891,80:af:ca:27:52:2a,-55,11,1,0,1,1,1,0,0,0,0,-97,0,11,2,309637376,0,83,1,128,0,"[0,0,0,0,0,0,0,0,0,0,0,0,-3,-3,-3,-5,-4,-6,-4,-8,-4,-8,-4,-8,-4,-9,-3,-8,-3,-8,-3,-7,-2,-6,-1,-5,-1,-3,0,-2,0,0,0,1,1,2,1,3,2,5,3,5,3,6,4,6,4,6,5,6,4,6,4,6,0,0,3,4,2,3,1,1,0,0,0,-1,0,-2,-1,-3,-2,-5,-3,-6,-3,-6,-4,-7,-3,-7,-3,-7,-4,-7,-3,-6,-3,-6,-3,-5,-2,-4,-1,-3,-1,-1,0,0,0,0,0,1,0,3,0,3,0,4,0,0,0,0,0,0,0,0,0,0]"
CSI_DATA,22892,80:af:ca:27:52:2a,-55,11,1,0,1,1,1,0,0,0,0,-97,0,11,2,309646358,0,83,1,128,0,"[0,0,0,0,0,0,0,0,0,0,0,0,-2,-7,-2,-6,-2,-5,-1,-5,0,-3,0,-1,0,0,0,0,0,2,0,3,0,5,0,6,0,7,1,7,1,7,1,7,1,7,1,6,0,5,0,4,0,3,0,2,0,0,0,0,0,-2,0,-3,0,0,0,-6,0,-7,0,-8,0,-8,0,-8,0,-8,0,-8,0,-7,0,-6,0,-5,0,-3,0,-2,0,0,-1,0,-1,1,-2,2,-2,3,-3,4,-3,4,-3,4,-3,4,-3,4,-3,4,-3,3,-3,3,-2,2,0,0,0,0,0,0,0,0,0,0]"
CSI_DATA,22893,80:af:ca:27:52:2a,-55,11,1,0,1,1,1,0,0,0,0,-97,0,11,2,309654678,0,83,1,128,0,"[0,0,0,0,0,0,0,0,0,0,0,0,0,4,0,6,0,8,-1,9,-2,11,-2,11,-2,12,-2,11,-2,11,-2,11,-2,9,-2,7,-1,5,0,3,0,1,0,0,0,-2,1,-4,2,-6,2,-8,3,-9,3,-11,3,-11,3,-11,4,-11,2,-11,0,0,2,-8,2,-6,1,-4,0,-3,0,-1,-2,0,-3,2,-4,4,-5,5,-6,6,-6,7,-7,7,-7,6,-7,6,-7,6,-6,5,-6,4,-4,4,-3,2,-2,2,0,0,0,0,2,0,3,0,4,-1,5,-1,0,0,0,0,0,0,0,0,0,0]"
CSI_DATA,22894,80:af:ca:27:52:2a,-55,11,1,0,1,1,1,0,0,0,0,-97,0,11,2,309662340,0,83,1,128,0,"[0,0,0,0,0,0,0,0,0,0,0,0,-2,-3,-2,-5,-2,-7,-2,-8,-2,-9,-2,-10,-2,-11,-2,-10,-2,-10,-2,-9,-1,-9,-1,-7,-1,-5,-1,-4,-1,-2,-1,0,-1,2,-1,3,-2,5,-2,7,-2,7,-2,9,-2,9,-3,9,-3,9,-3,9,0,0,-2,7,-2,5,-1,4,0,2,0,1,1,0,2,-2,4,-2,4,-4,5,-4,7,-5,7,-4,7,-4,7,-4,7,-4,7,-4,6,-3,4,-2,3,-2,2,-2,0,-1,0,-1,-2,-1,-3,-1,-4,-2,-4,-2,0,0,0,0,0,0,0,0,0,0]"
CSI_DATA,22895,80:af:ca:27:52:2a,-54,11,1,0,1,1,1,0,0,0,0,-97,0,11,2,309672087,0,83,1,128,0,"[0,0,0,0,0,0,0,0,0,0,0,0,0,3,0,5,0,7,-1,9,-1,10,-2,11,-2,11,-1,11,-2,11,-2,10,-2,9,-1,7,-1,5,0,3,0,1,0,0,0,-2,0,-4,1,-6,2,-7,2,-9,2,-10,3,-11,2,-11,3,-11,2,-11,0,0,2,-8,1,-7,0,-5,0,-3,0,-1,-1,0,-3,2,-3,3,-4,5,-5,6,-6,7,-6,7,-7,7,-7,7,-6,7,-6,6,-5,5,-3,3,-3,3,-1,1,0,0,0,0,1,0,3,-1,3,-1,4,-2,0,0,0,0,0,0,0,0,0,0]"
CSI_DATA,22896,80:af:ca:27:52:2a,-54,11,1,0,1,1,1,0,0,0,0,-97,0,11,2,309680444,0,83,1,128,0,"[0,0,0,0,0,0,0,0,0,0,0,0,-8,3,-8,3,-7,2,-6,2,-4,1,-3,0,-2,0,0,-1,1,-1,2,-2,3,-3,4,-3,6,-4,6,-4,6,-4,7,-5,6,-5,6,-5,5,-4,4,-4,3,-3,2,-2,1,-1,0,0,-1,0,-2,1,0,0,-4,3,-4,4,-5,5,-6,6,-6,6,-6,6,-6,6,-4,5,-4,4,-3,3,-2,2,-1,1,-1,0,0,0,1,-1,2,-2,3,-3,3,-4,3,-4,3,-4,4,-4,4,-4,3,-4,3,-3,3,-3,2,-2,0,0,0,0,0,0,0,0,0,0]"
CSI_DATA,22897,80:af:ca:27:52:2a,-54,11,1,0,1,1,1,0,0,0,0,-97,0,11,2,309690392,0,83,1,128,0,"[0,0,0,0,0,0,0,0,0,0,0,0,0,2,-1,4,-3,5,-4,8,-5,8,-5,9,-6,10,-5,10,-6,10,-5,9,-5,8,-4,8,-3,5,-2,4,-1,1,0,0,0,-2,0,-4,0,-6,0,-8,1,-9,1,-10,1,-11,1,-12,1,-12,0,-11,0,0,0,-9,0,-7,0,-5,0,-3,0,0,0,0,0,3,0,4,0,7,0,8,0,9,-1,9,-1,9,0,9,-1,8,-1,8,0,7,0,5,0,4,0,2,0,0,0,0,0,-2,0,-4,0,-4,0,-5,0,0,0,0,0,0,0,0,0,0]"
CSI_DATA,22898,80:af:ca:27:52:2a,-55,11,1,0,1,1,1,0,0,0,0,-97,0,11,2,309698409,0,83,1,128,0,"[0,0,0,0,0,0,0,0,0,0,0,0,0,-3,0,-4,2,-6,3,-7,4,-9,5,-9,5,-11,5,-10,5,-10,5,-10,5,-9,3,-7,3,-6,2,-4,0,-2,0,0,0,1,0,3,-1,5,-2,7,-2,8,-2,9,-3,10,-2,11,-3,11,-2,10,0,0,-1,7,-1,6,0,4,0,3,0,0,0,-1,0,-3,0,-5,0,-7,0,-8,0,-9,1,-10,1,-10,0,-10,0,-9,0,-8,0,-7,0,-6,0,-4,0,-3,0,-1,0,0,-1,1,-1,2,-2,3,-2,4,0,0,0,0,0,0,0,0,0,0]"
CSI_DATA,22899,80:af:ca:27:52:2a,-55,11,1,0,1,1,1,0,0,0,0,-97,0,11,2,309707752,0,83,1,128,0,"[0,0,0,0,0,0,0,0,0,0,0,0,-4,-1,-6,-3,-8,-5,-9,-7,-10,-8,-10,-8,-11,-9,-11,-8,-10,-8,-10,-8,-9,-8,-8,-6,-5,-5,-4,-3,-1,-2,0,-1,2,0,5,0,6,2,8,2,10,2,11,3,11,3,12,2,12,2,11,2,0,0,9,1,7,1,5,0,2,0,0,0,-2,0,-5,-1,-6,-1,-9,-1,-10,-1,-11,-1,-11,-2,-11,-2,-11,-1,-10,-1,-10,0,-8,0,-6,0,-5,0,-2,0,-1,0,0,0,2,0,3,0,5,1,5,0,0,0,0,0,0,0,0,0,0,0]"
CSI_DATA,22900,80:af:ca:27:52:2a,-55,11,1,0,1,1,1,0,0,0,0,-97,0,11,2,309715781,0,83,1,128,0,"[0,0,0,0,0,0,0,0,0,0,0,0,-2,-3,-2,-5,-2,-7,-2,-9,-3,-10,-3,-10,-3,-11,-3,-10,-2,-10,-3,-10,-2,-9,-2,-8,-2,-5,0,-4,0,-2,0,0,1,1,2,3,2,5,3,6,4,7,4,8,5,8,5,8,5,8,5,8,0,0,4,5,2,4,2,2,1,1,0,0,-1,-2,-2,-3,-3,-5,-4,-5,-5,-6,-5,-7,-5,-8,-5,-8,-5,-8,-5,-7,-5,-6,-4,-5,-3,-4,-2,-2,-2,-2,0,0,0,0,0,1,0,2,1,3,1,4,0,0,0,0,0,0,0,0,0,0]"
CSI_DATA,22901,80:af:ca:27:52:2a,-55,11,1,0,1,1,1,0,0,0,0,-97,0,11,2,309723095,0,83,1,128,0,"[0,0,0,0,0,0,0,0,0,0,0,0,1,-3,2,-4,4,-6,6,-6,7,-7,7,-7,8,-7,7,-7,7,-7,7,-6,7,-5,5,-4,3,-3,2,-2,0,-1,0,0,-2,1,-3,2,-4,3,-5,4,-6,5,-7,6,-7,6,-7,7,-7,7,-6,6,0,0,-4,4,-4,4,-2,2,-1,1,0,0,1,-1,2,-2,3,-3,4,-4,5,-4,6,-5,6,-5,6,-5,6,-5,6,-5,5,-4,4,-4,3,-3,2,-2,1,-2,0,-1,-1,0,-2,0,-3,0,-4,0,-4,0,0,0,0,0,0,0,0,0,0,0]"
CSI_DATA,22902,80:af:ca:27:52:2a,-54,11,1,0,1,1,1,0,0,0,0,-97,0,11,2,309743814,0,83,1,128,0,"[0,0,0,0,0,0,0,0,0,0,0,0,5,-7,4,-6,4,-5,3,-4,2,-3,1,-2,0,0,0,0,-1,2,-2,3,-3,4,-3,5,-4,6,-4,6,-4,6,-4,7,-4,6,-4,6,-3,5,-3,4,-2,3,-1,2,-1,1,0,0,0,-1,1,-3,0,0,2,-5,3,-6,3,-7,3,-7,3,-7,3,-7,3,-7,2,-6,2,-5,1,-4,1,-3,0,-2,0,0,-1,0,-2,1,-2,2,-3,3,-3,4,-3,4,-3,4,-4,4,-4,4,-3,3,-3,3,-3,2,-2,2,0,0,0,0,0,0,0,0,0,0]"
CSI_DATA,22903,80:af:ca:27:52:2a,-54,11,1,0,1,1,1,0,0,0,0,-97,0,11,2,309752190,0,83,1,128,0,"[0,0,0,0,0,0,0,0,0,0,0,0,5,5,5,4,4,4,3,4,2,2,1,2,0,1,-1,0,-2,-1,-3,-1,-4,-2,-6,-3,-6,-3,-7,-3,-7,-3,-7,-3,-7,-3,-6,-3,-6,-2,-5,-2,-4,-2,-3,-1,-1,-1,0,0,1,0,2,0,0,0,5,1,6,1,7,1,7,1,7,1,7,1,7,1,6,1,5,0,4,0,3,0,1,0,0,0,-1,-1,-2,-1,-3,-1,-4,-1,-5,-1,-5,-2,-6,-1,-6,-2,-5,-2,-5,-1,-5,-1,-4,-1,-3,-1,0,0,0,0,0,0,0,0,0,0]"
CSI_DATA,22904,80:af:ca:27:52:2a,-54,11,1,0,1,1,1,0,0,0,0,-97,0,11,2,309759802,0,83,1,128,0,"[0,0,0,0,0,0,0,0,0,0,0,0,3,0,5,0,7,0,8,1,10,1,10,2,11,2,11,1,11,1,10,1,8,1,7,1,5,0,3,0,1,0,0,0,-2,0,-5,0,-7,0,-8,1,-9,1,-11,2,-11,2,-11,2,-11,2,-10,2,0,0,-8,2,-6,1,-4,0,-2,0,0,0,1,-1,3,-2,5,-2,6,-3,8,-4,8,-4,8,-4,8,-4,8,-4,8,-4,7,-4,5,-3,4,-2,2,-2,1,-1,0,0,-1,0,-2,0,-4,0,-5,1,-5,1,0,0,0,0,0,0,0,0,0,0]"
CSI_DATA,22905,80:af:ca:27:52:2a,-54,11,1,0,1,1,1,0,0,0,0,-97,0,11,2,309768186,0,83,1,128,0,"[0,0,0,0,0,0,0,0,0,0,0,0,8,3,7,3,6,3,5,3,3,2,2,1,0,1,-1,0,-3,0,-5,-1,-6,-1,-7,-1,-8,-2,-8,-2,-8,-2,-10,-2,-8,-1,-8,-1,-7,-1,-6,-1,-4,-1,-2,0,-1,0,0,0,2,0,3,0,0,0,6,0,7,0,8,0,8,0,8,0,8,0,8,0,6,0,6,0,4,0,3,0,1,0,0,0,-1,-1,-3,-1,-4,-1,-5,-1,-6,-1,-6,-1,-6,0,-7,-1,-6,-1,-6,0,-5,0,-5,0,-3,0,0,0,0,0,0,0,0,0,0,0]"
CSI_DATA,22906,80:af:ca:27:52:2a,-55,11,1,0,1,1,1,0,0,0,0,-97,0,11,2,309775940,0,83,1,128,0,"[0,0,0,0,0,0,0,0,0,0,0,0,1,-3,3,-5,5,-5,7,-6,8,-7,8,-8,8,-8,8,-8,8,-8,8,-7,7,-6,5,-5,4,-4,2,-2,1,-1,0,0,-1,2,-2,3,-3,5,-4,6,-5,8,-5,8,-5,8,-5,9,-5,9,-5,8,0,0,-3,7,-2,5,-2,3,-1,1,0,0,0,-2,1,-4,1,-5,2,-7,2,-8,2,-9,2,-9,2,-9,2,-9,2,-8,2,-8,1,-6,0,-5,0,-4,0,-2,0,0,0,0,-1,1,-2,2,-2,3,-2,4,0,0,0,0,0,0,0,0,0,0]"
CSI_DATA,22907,80:af:ca:27:52:2a,-54,11,1,0,1,1,1,0,0,0,0,-97,0,11,2,309798387,0,83,1,128,0,"[0,0,0,0,0,0,0,0,0,0,0,0,-7,6,-7,5,-6,4,-5,3,-4,1,-2,0,0,0,1,-1,3,-2,4,-3,6,-3,7,-4,8,-4,8,-4,8,-4,9,-4,8,-4,7,-3,6,-3,4,-3,3,-2,1,-1,0,-1,-1,-1,-3,0,-4,0,0,0,-7,0,-9,0,-9,0,-10,0,-10,0,-9,0,-9,0,-7,0,-7,0,-5,0,-4,0,-2,0,-1,1,0,1,1,1,3,2,4,3,4,3,5,3,5,3,5,4,5,4,4,3,4,3,3,3,3,2,0,0,0,0,0,0,0,0,0,0]"
CSI_DATA,22908,80:af:ca:27:52:2a,-55,11,1,0,1,1,1,0,0,0,0,-97,0,11,2,309818652,0,83,1,128,0,"[0,0,0,0,0,0,0,0,0,0,0,0,5,-6,5,-5,4,-4,4,-4,3,-3,2,-2,0,0,0,0,-1,1,-2,2,-4,3,-4,4,-5,4,-5,5,-6,5,-6,5,-5,5,-5,4,-4,4,-4,3,-3,2,-2,1,-1,1,0,0,1,-1,2,-2,0,0,4,-3,4,-4,5,-5,5,-5,5,-5,5,-5,5,-4,4,-4,4,-3,3,-3,2,-2,1,-1,0,-1,-1,0,-2,0,-3,0,-4,1,-4,1,-5,1,-5,1,-5,1,-5,1,-5,1,-4,1,-4,1,-3,1,0,0,0,0,0,0,0,0,0,0]"
CSI_DATA,22909,80:af:ca:27:52:2a,-55,11,1,0,1,1,1,0,0,0,0,-97,0,11,2,309826259,0,83,1,128,0,"[0,0,0,0,0,0,0,0,0,0,0,0,2,0,4,0,6,1,8,2,8,2,9,3,10,4,9,3,9,3,8,3,8,2,6,2,4,2,2,1,0,0,0,0,-2,0,-4,0,-6,-1,-8,-1,-8,-2,-10,-2,-10,-1,-11,-1,-11,-1,-10,0,0,0,-8,0,-6,0,-4,0,-2,0,0,0,1,0,3,0,5,0,6,0,8,0,8,0,9,0,9,0,9,0,8,0,8,0,6,0,5,0,3,0,2,0,0,0,-1,0,-2,-1,-3,-1,-4,-2,-5,-2,0,0,0,0,0,0,0,0,0,0]"
CSI_DATA,22910,80:af:ca:27:52:2a,-55,11,1,0,1,1,1,0,0,0,0,-97,0,11,2,309835277,0,83,1,128,0,"[0,0,0,0,0,0,0,0,0,0,0,0,-4,0,-6,0,-8,0,-10,-2,-11,-2,-11,-2,-12,-2,-12,-2,-11,-2,-11,-2,-10,-2,-8,-2,-6,-2,-4,-2,-2,-1,0,-1,2,-1,4,-1,6,-1,8,-1,9,-1,11,-1,11,-2,11,-2,11,-2,10,-2,0,0,8,-2,6,-2,4,-1,2,-1,0,0,-2,0,-4,0,-6,0,-8,1,-9,2,-10,2,-11,2,-11,2,-11,2,-10,2,-9,2,-8,2,-6,2,-4,1,-2,0,-1,0,0,0,2,0,3,0,4,0,5,0,0,0,0,0,0,0,0,0,0,0]"
CSI_DATA,22911,80:af:ca:27:52:2a,-55,11,1,0,1,1,1,0,0,0,0,-97,0,11,2,309846069,0,83,1,128,0,"[0,0,0,0,0,0,0,0,0,0,0,0,-4,-2,-5,-4,-7,-6,-7,-8,-8,-9,-8,-9,-9,-10,-9,-10,-8,-10,-7,-9,-7,-9,-5,-7,-4,-5,-2,-4,0,-2,0,0,2,1,4,2,5,3,7,4,8,5,9,6,9,6,10,6,10,6,9,4,0,0,7,4,5,2,4,2,2,0,0,0,-2,-1,-4,-2,-5,-3,-7,-4,-8,-4,-9,-5,-9,-5,-9,-5,-9,-5,-9,-4,-8,-4,-7,-3,-6,-2,-4,-2,-2,0,-1,0,0,0,1,1,2,2,3,2,4,3,0,0,0,0,0,0,0,0,0,0]"
CSI_DATA,22912,80:af:ca:27:52:2a,-54,11,1,0,1,1,1,0,0,0,0,-97,0,11,2,309853033,0,83,1,128,0,"[0,0,0,0,0,0,0,0,0,0,0,0,3,7,3,7,2,6,1,5,1,3,0,2,0,1,-1,0,-2,-2,-2,-3,-3,-5,-3,-6,-4,-7,-4,-7,-4,-7,-5,-7,-4,-7,-4,-6,-3,-6,-3,-5,-2,-3,-1,-2,-1,-1,0,0,0,1,1,2,0,0,2,5,3,6,3,6,4,6,3,6,3,6,3,6,3,5,3,4,2,3,1,2,1,1,0,0,0,-1,0,-2,-1,-3,-1,-4,-2,-5,-2,-5,-2,-5,-2,-5,-2,-5,-2,-5,-1,-5,-1,-4,-1,-3,0,0,0,0,0,0,0,0,0,0]"
CSI_DATA,22913,80:af:ca:27:52:2a,-55,11,1,0,1,1,1,0,0,0,0,-97,0,11,2,309862470,0,83,1,128,0,"[0,0,0,0,0,0,0,0,0,0,0,0,2,-2,5,-2,6,-2,8,-2,9,-2,10,-2,11,-2,10,-2,10,-1,8,-1,8,0,6,-1,4,0,2,0,0,0,-1,0,-3,0,-4,0,-6,0,-8,-1,-9,-1,-10,-1,-10,-1,-11,0,-11,-1,-10,0,0,0,-7,0,-6,0,-4,0,-2,0,0,0,1,1,2,2,4,2,5,3,6,3,7,4,7,4,7,4,7,4,6,4,6,4,5,3,4,2,2,1,2,0,0,0,0,-1,0,-2,-1,-3,-2,-4,-2,-5,0,0,0,0,0,0,0,0,0,0]"
CSI_DATA,22914,80:af:ca:27:52:2a,-55,11,1,2,1,1,1,0,0,0,0,-97,0,11,2,309869531,0,83,1,128,0,"[0,0,0,0,0,0,0,0,0,0,0,0,2,0,5,1,6,2,7,3,8,5,8,5,9,5,8,5,8,5,8,5,6,4,5,3,4,2,2,2,0,0,-1,0,-2,-1,-4,-2,-6,-2,-8,-3,-8,-3,-9,-3,-10,-4,-10,-4,-10,-3,-9,-3,0,0,-7,-2,-5,-2,-4,-1,-2,0,0,0,1,0,2,1,4,2,5,2,7,2,8,2,8,3,8,3,8,2,8,2,6,2,5,1,4,1,2,0,1,0,0,0,0,-1,-2,-2,-2,-2,-3,-2,-4,-3,0,0,0,0,0,0,0,0,0,0]"
CSI_DATA,22915,80:af:ca:27:52:2a,-54,11,1,0,1,1,1,0,0,0,0,-97,0,11,2,309897113,0,83,1,128,0,"[0,0,0,0,0,0,0,0,0,0,0,0,-3,-10,-3,-9,-2,-8,-1,-6,-1,-5,0,-3,0,-1,0,1,0,2,1,5,1,6,1,8,1,8,1,9,1,9,1,10,1,8,1,8,1,7,1,6,0,4,0,2,0,1,0,-1,0,-3,0,-5,0,0,0,-7,0,-9,0,-10,0,-11,0,-10,0,-10,0,-10,0,-8,0,-7,0,-6,0,-4,0,-2,-1,-1,-1,0,-2,2,-2,3,-3,5,-3,5,-4,6,-4,6,-5,6,-5,6,-5,5,-4,5,-3,4,-3,3,0,0,0,0,0,0,0,0,0,0]"
CSI_DATA,22916,80:af:ca:27:52:2a,-55,11,1,0,1,1,1,0,0,0,0,-97,0,11,2,309905793,0,83,1,128,0,"[0,0,0,0,0,0,0,0,0,0,0,0,-2,0,-5,0,-8,0,-11,0,-13,0,-13,0,-14,0,-14,0,-14,0,-13,0,-13,0,-10,0,-8,0,-5,0,-2,0,0,0,2,-1,4,-1,6,-1,8,-2,10,-2,12,-2,12,-2,13,-3,13,-3,12,-3,0,0,10,-2,8,-2,5,-2,3,-1,0,0,-2,0,-4,0,-6,0,-8,1,-10,2,-11,2,-12,2,-12,1,-12,2,-11,2,-10,2,-9,1,-8,1,-5,0,-3,0,-1,0,0,0,2,0,3,0,5,0,6,0,0,0,0,0,0,0,0,0,0,0]"
CSI_DATA,22917,80:af:ca:27:52:2a,-54,11,1,0,1,1,1,0,0,0,0,-97,0,11,2,309914451,0,83,1,128,0,"[0,0,0,0,0,0,0,0,0,0,0,0,-3,0,-5,-1,-7,-3,-9,-4,-10,-5,-11,-6,-11,-6,-11,-5,-11,-6,-11,-5,-10,-5,-8,-4,-6,-3,-4,-3,-2,-1,0,-1,2,0,4,0,6,0,8,0,9,0,11,0,11,0,11,0,11,0,11,0,0,0,8,0,7,0,4,0,2,0,0,0,-2,0,-4,0,-6,0,-7,0,-9,0,-10,0,-11,0,-11,0,-11,1,-9,1,-9,1,-7,0,-6,1,-4,0,-2,0,0,0,0,0,2,0,3,0,4,0,5,0,0,0,0,0,0,0,0,0,0,0]"
CSI_DATA,22918,80:af:ca:27:52:2a,-54,11,1,0,1,1,1,0,0,0,0,-97,0,11,2,309923729,0,83,1,128,0,"[0,0,0,0,0,0,0,0,0,0,0,0,4,7,4,6,3,6,3,5,1,3,0,2,0,1,-1,0,-2,-1,-3,-2,-4,-3,-6,-3,-6,-4,-7,-4,-7,-4,-7,-4,-7,-4,-6,-3,-6,-3,-4,-3,-3,-2,-2,-1,-1,-1,0,0,1,0,3,0,0,0,5,1,6,1,7,1,7,1,7,1,7,1,7,1,6,1,5,0,4,0,2,0,1,0,0,0,-1,-1,-2,-1,-3,-1,-4,-1,-5,-1,-5,-1,-6,-1,-6,-1,-6,-1,-5,-1,-4,-1,-4,-1,-3,0,0,0,0,0,0,0,0,0,0,0]"
CSI_DATA,22919,80:af:ca:27:52:2a,-55,11,1,0,1,1,1,0,0,0,0,-97,0,11,2,309932987,0,83,1,128,0,"[0,0,0,0,0,0,0,0,0,0,0,0,0,4,-1,6,-2,7,-3,8,-4,9,-4,10,-4,10,-3,9,-4,8,-3,8,-3,6,-2,5,-2,3,-1,1,-1,0,-1,-2,0,-4,0,-5,0,-7,0,-8,0,-9,0,-10,0,-9,0,-10,0,-10,-1,-8,0,0,-1,-6,0,-4,0,-3,0,-1,0,0,0,2,0,4,0,5,0,6,1,7,1,8,1,8,1,8,1,8,1,6,1,6,0,4,0,4,0,2,0,0,0,0,0,-2,0,-2,0,-4,0,-4,0,-5,0,0,0,0,0,0,0,0,0,0]"
CSI_DATA,22920,80:af:ca:27:52:2a,-55,11,1,0,1,1,1,0,0,0,0,-97,0,11,2,309942279,0,83,1,128,0,"[0,0,0,0,0,0,0,0,0,0,0,0,-1,-4,-1,-6,-1,-8,0,-10,0,-11,0,-11,0,-12,0,-11,0,-11,0,-10,0,-9,0,-7,0,-5,0,-3,0,-1,0,0,0,2,0,4,0,5,1,7,1,8,1,9,1,9,1,10,1,9,1,9,0,0,1,6,1,5,0,3,0,1,0,0,0,-2,0,-4,0,-5,-1,-7,-1,-8,-1,-9,-1,-9,-1,-9,-1,-9,-1,-8,-1,-7,-1,-6,-1,-5,-1,-3,-1,-1,-1,0,-1,0,-1,1,-1,3,-1,4,-1,5,0,0,0,0,0,0,0,0,0,0]"
CSI_DATA,22921,80:af:ca:27:52:2a,-55,11,1,2,1,1,1,0,0,0,0,-97,0,11,2,309948077,0,83,1,128,0,"[0,0,0,0,0,0,0,0,0,0,0,0,-3,0,-5,-1,-6,-2,-8,-2,-9,-4,-9,-4,-10,-4,-9,-4,-9,-4,-8,-4,-7,-4,-6,-3,-4,-2,-2,-2,-1,-1,0,0,2,0,4,1,5,1,6,2,7,2,8,2,8,2,8,2,8,2,8,2,0,0,6,1,4,0,2,0,1,0,0,-1,-2,-1,-4,-2,-4,-2,-6,-3,-7,-3,-8,-4,-8,-4,-8,-4,-8,-4,-7,-3,-6,-2,-6,-2,-4,-2,-3,-1,-2,0,-1,0,0,1,0,2,2,2,2,3,2,3,0,0,0,0,0,0,0,0,0,0]"
CSI_DATA,22922,80:af:ca:27:52:2a,-54,11,1,0,1,1,1,0,0,0,0,-97,0,11,2,309963529,0,83,1,128,0,"[0,0,0,0,0,0,0,0,0,0,0,0,-4,7,-3,6,-3,5,-3,4,-2,3,-2,1,-1,0,0,-1,0,-3,0,-4,1,-5,2,-6,2,-7,2,-7,2,-7,2,-8,2,-7,2,-7,2,-6,1,-5,1,-4,0,-2,0,-1,0,0,-1,1,-1,3,0,0,-2,5,-3,6,-3,7,-3,7,-3,7,-3,7,-3,6,-2,6,-2,5,-1,4,-1,3,0,1,0,0,1,-1,1,-2,2,-3,3,-4,3,-4,3,-5,3,-5,3,-5,3,-5,3,-4,3,-4,2,-3,2,-3,0,0,0,0,0,0,0,0,0,0]"
CSI_DATA,22923,80:af:ca:27:52:2a,-54,11,1,2,1,1,1,0,0,0,0,-97,0,11,2,309969040,0,83,1,128,0,"[0,0,0,0,0,0,0,0,0,0,0,0,0,2,0,5,0,6,0,8,0,9,0,11,0,11,0,11,0,11,0,10,-1,8,0,7,0,5,0,3,0,1,0,0,-1,-2,-1,-5,-1,-6,-2,-8,-2,-9,-2,-10,-2,-11,-2,-11,-2,-11,-2,-10,0,0,-2,-8,-2,-6,-1,-4,-1,-2,0,0,0,1,0,3,0,5,0,6,1,8,1,8,1,9,0,9,1,9,1,8,1,8,1,6,0,5,0,3,0,2,0,0,0,-1,0,-2,0,-3,0,-5,0,-5,0,0,0,0,0,0,0,0,0,0]"
CSI_DATA,22924,80:af:ca:27:52:2a,-55,11,1,0,1,1,1,0,0,0,0,-97,0,11,2,309976929,0,83,1,128,0,"[0,0,0,0,0,0,0,0,0,0,0,0,2,-2,5,-3,7,-3,8,-3,10,-4,10,-4,10,-4,10,-4,10,-3,9,-3,8,-2,7,-2,5,-1,2,-1,0,0,0,0,-2,1,-4,2,-5,3,-7,4,-8,4,-8,5,-8,5,-9,5,-9,5,-8,5,0,0,-6,4,-5,3,-3,2,-1,1,0,0,1,-1,2,-2,4,-3,5,-5,5,-5,6,-5,7,-6,7,-6,6,-6,6,-5,5,-5,4,-5,3,-4,2,-2,0,-2,0,-1,-1,0,-2,0,-3,0,-4,1,-5,2,0,0,0,0,0,0,0,0,0,0]"
CSI_DATA,22925,80:af:ca:27:52:2a,-55,11,1,0,1,1,1,0,0,0,0,-97,0,11,2,309986097,0,83,1,128,0,"[0,0,0,0,0,0,0,0,0,0,0,0,0,2,0,5,0,6,-1,8,-1,9,-1,10,-1,11,-1,11,-2,10,-1,9,-2,8,-1,7,-1,5,-1,3,0,1,0,0,0,-2,0,-4,0,-5,0,-8,0,-8,0,-9,0,-10,-1,-11,0,-11,-1,-10,0,0,-1,-8,0,-6,0,-4,0,-2,0,0,0,1,0,2,0,4,0,5,0,7,0,8,0,8,0,8,0,8,0,8,0,7,0,5,0,4,0,2,0,2,0,0,0,0,0,-2,0,-3,0,-4,0,-5,0,0,0,0,0,0,0,0,0,0]"
CSI_DATA,22926,80:af:ca:27:52:2a,-55,11,1,0,1,1,1,0,0,0,0,-97,0,11,2,310005424,0,83,1,128,0,"[0,0,0,0,0,0,0,0,0,0,0,0,-1,2,-2,4,-4,5,-5,6,-7,7,-7,7,-7,7,-7,7,-7,7,-7,7,-6,5,-5,4,-4,3,-2,2,-1,0,0,-1,1,-2,2,-3,3,-4,4,-6,4,-7,5,-7,5,-8,5,-8,6,-8,4,-7,0,0,3,-6,2,-4,1,-3,0,-2,0,0,-2,0,-3,2,-4,3,-5,4,-6,4,-7,5,-7,5,-7,4,-7,5,-6,4,-5,4,-4,4,-3,3,-2,2,-1,1,0,0,0,0,2,0,2,-1,4,-1,4,-2,0,0,0,0,0,0,0,0,0,0]"
CSI_DATA,22927,80:af:ca:27:52:2a,-55,11,1,0,1,1,1,0,0,0,0,-97,0,11,2,310014719,0,83,1,128,0,"[0,0,0,0,0,0,0,0,0,0,0,0,2,-2,4,-3,6,-4,7,-4,8,-4,9,-4,9,-4,9,-4,9,-4,8,-3,7,-2,6,-2,4,-2,2,-1,0,0,0,0,-2,1,-4,2,-6,2,-7,2,-8,3,-9,4,-9,4,-9,4,-9,4,-8,4,0,0,-6,3,-4,2,-3,2,-1,1,0,0,2,0,3,-1,4,-2,6,-2,7,-3,7,-3,8,-3,8,-3,8,-3,7,-3,7,-3,5,-2,4,-2,2,-2,1,-2,0,-1,-1,-1,-2,0,-3,0,-4,0,-5,0,0,0,0,0,0,0,0,0,0,0]"
CSI_DATA,22928,80:af:ca:27:52:2a,-55,11,1,0,1,1,1,0,0,0,0,-97,0,11,2,310023094,0,83,1,128,0,"[0,0,0,0,0,0,0,0,0,0,0,0,-9,4,-8,3,-7,3,-6,2,-5,1,-3,0,-1,-1,0,-1,1,-2,2,-3,4,-4,5,-5,6,-6,6,-6,7,-6,7,-7,6,-6,6,-6,5,-5,4,-4,3,-3,2,-2,1,-1,0,0,-1,1,-2,3,0,0,-4,5,-5,6,-5,7,-6,7,-6,7,-6,7,-5,7,-4,6,-4,5,-3,4,-2,3,-1,1,0,0,1,-1,2,-2,2,-3,3,-4,4,-5,4,-5,4,-6,4,-6,4,-5,4,-5,3,-5,3,-4,2,-3,0,0,0,0,0,0,0,0,0,0]"
CSI_DATA,22929,80:af:ca:27:52:2a,-55,11,1,0,1,1,1,0,0,0,0,-97,0,11,2,310031609,0,83,1,128,0,"[0,0,0,0,0,0,0,0,0,0,0,0,-7,-4,-6,-4,-5,-4,-4,-3,-3,-3,-2,-2,-1,-1,0,-1,2,0,3,0,4,1,5,1,6,2,6,2,7,2,7,2,7,1,6,1,5,1,4,1,3,0,2,0,1,0,0,0,-2,0,-3,0,0,0,-5,-1,-6,-1,-7,-1,-8,0,-8,-1,-8,-1,-7,-1,-6,0,-6,0,-5,0,-3,0,-2,0,-1,0,0,0,2,0,3,0,4,0,4,0,5,0,5,0,5,1,5,1,5,0,4,0,4,0,3,0,0,0,0,0,0,0,0,0,0,0]"
CSI_DATA,22930,80:af:ca:27:52:2a,-54,11,1,0,1,1,1,0,0,0,0,-97,0,11,2,310038579,0,83,1,128,0,"[0,0,0,0,0,0,0,0,0,0,0,0,7,3,7,3,6,2,5,2,3,2,2,1,1,1,0,0,-2,0,-3,0,-5,-1,-6,-1,-7,-1,-7,-1,-8,-1,-8,-1,-8,-1,-7,-1,-6,-1,-6,0,-4,0,-3,0,-2,0,0,0,1,0,2,0,0,0,5,0,6,0,7,0,7,-1,7,0,7,-1,7,0,6,-1,5,-1,4,-1,3,0,1,0,0,0,-1,0,-2,0,-3,0,-4,0,-5,0,-5,0,-6,0,-6,0,-6,0,-5,0,-5,0,-4,0,-3,0,0,0,0,0,0,0,0,0,0,0]"
CSI_DATA,22931,80:af:ca:27:52:2a,-55,11,1,0,1,1,1,0,0,0,0,-97,0,11,2,310051987,0,83,1,128,0,"[0,0,0,0,0,0,0,0,0,0,0,0,8,-5,8,-5,7,-4,6,-3,5,-2,3,-1,1,0,0,0,-2,1,-3,2,-5,3,-6,4,-6,5,-7,5,-7,5,-7,6,-7,5,-6,5,-5,5,-5,4,-4,3,-2,2,-1,1,0,0,1,-1,2,-3,0,0,4,-5,4,-6,5,-6,5,-7,5,-7,5,-7,5,-6,4,-6,3,-5,2,-4,1,-3,0,-2,0,-1,-1,0,-2,1,-3,2,-3,3,-4,4,-4,4,-4,4,-4,4,-4,4,-4,4,-4,4,-3,3,-2,2,0,0,0,0,0,0,0,0,0,0]"
CSI_DATA,22932,80:af:ca:27:52:2a,-54,11,1,0,1,1,1,0,0,0,0,-97,0,11,2,310060388,0,83,1,128,0,"[0,0,0,0,0,0,0,0,0,0,0,0,2,2,4,4,5,5,5,7,6,8,6,9,6,9,6,9,5,9,4,8,4,7,3,6,2,4,1,2,0,0,0,-1,-1,-3,-2,-4,-2,-6,-3,-7,-3,-9,-4,-9,-4,-10,-4,-10,-4,-10,-4,-9,0,0,-3,-7,-2,-5,-2,-3,-2,-2,-1,0,-1,2,0,3,0,5,0,7,0,8,0,9,0,9,0,9,0,9,0,8,0,7,0,7,0,4,0,4,0,2,0,0,0,0,1,-1,2,-2,2,-3,2,-4,0,0,0,0,0,0,0,0,0,0]"
CSI_DATA,22933,80:af:ca:27:52:2a,-55,11,1,0,1,1,1,0,0,0,0,-97,0,11,2,310074207,0,83,1,128,0,"[0,0,0,0,0,0,0,0,0,0,0,0,-3,0,-5,-1,-7,-2,-8,-3,-10,-3,-11,-4,-11,-4,-11,-4,-10,-5,-9,-4,-8,-4,-7,-3,-5,-2,-3,-2,-1,-1,0,0,2,0,3,0,5,1,7,2,8,2,8,2,9,2,10,2,10,2,9,2,0,0,7,1,5,1,3,0,2,0,0,0,-2,-1,-3,-2,-5,-2,-6,-3,-8,-3,-8,-4,-8,-4,-8,-4,-8,-4,-8,-4,-8,-3,-6,-2,-5,-2,-4,-1,-2,0,-1,0,0,0,0,1,2,2,2,2,2,3,0,0,0,0,0,0,0,0,0,0]"
CSI_DATA,22934,80:af:ca:27:52:2a,-54,11,1,0,1,1,1,0,0,0,0,-97,0,11,2,310083223,0,83,1,128,0,"[0,0,0,0,0,0,0,0,0,0,0,0,-2,1,-3,2,-6,3,-7,3,-9,4,-10,4,-10,4,-10,4,-10,4,-10,4,-9,3,-7,3,-6,2,-4,1,-2,0,0,0,1,-1,3,-2,4,-3,6,-4,7,-4,8,-5,8,-6,9,-6,9,-6,8,-6,0,0,6,-5,5,-3,3,-3,2,-2,0,0,-1,0,-3,0,-5,1,-6,2,-7,3,-9,3,-9,3,-9,3,-9,3,-9,3,-8,2,-7,2,-6,2,-4,1,-3,0,-1,0,0,0,1,0,3,0,3,0,4,0,0,0,0,0,0,0,0,0,0,0]"
CSI_DATA,22935,80:af:ca:27:52:2a,-55,11,1,0,1,1,1,0,0,0,0,-97,0,11,2,310091023,0,83,1,128,0,"[0,0,0,0,0,0,0,0,0,0,0,0,2,0,3,1,5,3,5,5,6,5,7,6,8,7,8,7,8,7,7,6,6,6,5,5,4,4,2,2,1,1,0,0,-2,0,-3,-2,-5,-2,-6,-3,-8,-4,-8,-5,-9,-5,-10,-5,-10,-5,-9,-4,0,0,-8,-3,-6,-3,-5,-2,-3,-1,-1,0,0,0,2,1,3,2,5,2,6,2,8,3,8,3,8,4,8,4,8,3,7,3,6,2,5,2,3,1,2,0,0,0,0,0,-1,-1,-2,-2,-3,-3,-4,-3,0,0,0,0,0,0,0,0,0,0]"
CSI_DATA,22936,80:af:ca:27:52:2a,-55,11,1,0,1,1,1,0,0,0,0,-97,0,11,2,310100697,0,83,1,128,0,"[0,0,0,0,0,0,0,0,0,0,0,0,0,2,-2,4,-3,6,-5,8,-5,8,-5,9,-6,10,-5,10,-5,10,-5,9,-5,8,-4,7,-3,5,-2,3,-2,1,-1,0,0,-2,0,-4,0,-6,0,-8,0,-9,0,-11,0,-11,0,-11,0,-11,-1,-11,0,0,0,-8,0,-6,0,-5,0,-2,0,0,0,1,0,3,1,5,1,6,2,8,2,8,2,8,2,8,2,8,2,8,2,7,2,6,2,4,1,2,0,1,0,0,0,-1,0,-2,-1,-3,-1,-5,-2,-5,0,0,0,0,0,0,0,0,0,0]"
CSI_DATA,22937,80:af:ca:27:52:2a,-54,11,1,0,1,1,1,0,0,0,0,-97,0,11,2,310109203,0,83,1,128,0,"[0,0,0,0,0,0,0,0,0,0,0,0,4,-7,4,-7,4,-6,3,-5,3,-4,2,-2,1,-1,0,0,0,2,-1,3,-2,5,-2,6,-2,6,-2,7,-2,7,-2,8,-2,7,-2,7,-1,6,-1,5,-1,4,-1,2,0,1,0,0,0,-2,0,-3,0,0,0,-6,0,-7,0,-7,0,-8,0,-8,0,-8,0,-7,0,-6,0,-6,0,-4,0,-3,0,-2,0,0,0,1,0,2,0,3,0,4,0,4,0,5,0,5,0,5,0,5,0,5,0,4,0,3,0,3,0,0,0,0,0,0,0,0,0,0]"
CSI_DATA,22938,80:af:ca:27:52:2a,-54,11,1,0,1,1,1,0,0,0,0,-97,0,11,2,310122224,0,83,1,128,0,"[0,0,0,0,0,0,0,0,0,0,0,0,-4,-11,-4,-10,-3,-8,-2,-7,-1,-5,0,-3,0,-1,1,0,1,2,2,4,2,7,3,8,3,9,3,10,3,10,4,10,3,9,3,8,2,7,2,5,1,4,1,2,0,0,0,-1,0,-3,-1,-4,0,0,-2,-8,-2,-9,-2,-10,-2,-10,-2,-10,-2,-10,-2,-9,-2,-8,-2,-7,-2,-5,-1,-4,-1,-2,-1,0,-1,1,-1,2,-1,4,-1,5,-1,6,-1,7,-1,7,-1,7,-1,7,-1,6,-1,5,-1,5,0,4,0,0,0,0,0,0,0,0,0,0]"
CSI_DATA,22939,80:af:ca:27:52:2a,-54,11,1,0,1,1,1,0,0,0,0,-97,0,11,2,310147386,0,83,1,128,0,"[0,0,0,0,0,0,0,0,0,0,0,0,-5,-6,-4,-6,-4,-5,-3,-5,-2,-4,-1,-2,0,-1,0,0,0,0,1,1,3,2,4,3,4,4,5,4,5,4,6,4,5,4,5,4,4,3,3,3,3,2,2,1,0,0,0,0,-1,0,-2,-1,0,0,-4,-2,-5,-3,-6,-3,-6,-4,-6,-4,-6,-4,-6,-3,-5,-3,-5,-3,-4,-2,-3,-1,-1,0,0,0,0,0,0,0,1,1,2,2,3,2,3,2,4,2,4,3,3,3,3,2,3,2,2,2,2,1,0,0,0,0,0,0,0,0,0,0]"
CSI_DATA,22940,80:af:ca:27:52:2a,-55,11,1,0,1,1,1,0,0,0,0,-97,0,11,2,310155023,0,83,1,128,0,"[0,0,0,0,0,0,0,0,0,0,0,0,-4,-2,-4,-4,-6,-6,-6,-8,-7,-8,-7,-9,-8,-10,-8,-10,-8,-10,-7,-8,-6,-8,-5,-7,-4,-5,-2,-4,0,-2,1,-1,2,0,4,1,5,2,7,3,8,4,10,4,10,4,11,4,11,4,10,3,0,0,7,2,6,1,4,0,2,0,0,0,-2,0,-4,-1,-6,-1,-8,-2,-9,-2,-11,-2,-11,-2,-11,-2,-11,-1,-10,-1,-9,-1,-8,0,-6,0,-4,0,-2,0,-1,0,0,0,2,0,3,0,4,0,5,0,0,0,0,0,0,0,0,0,0,0]"
CSI_DATA,22941,80:af:ca:27:52:2a,-55,11,1,0,1,1,1,0,0,0,0,-97,0,11,2,310162628,0,83,1,128,0,"[0,0,0,0,0,0,0,0,0,0,0,0,1,-9,1,-8,1,-7,1,-6,1,-4,1,-3,1,-1,1,0,0,2,1,3,0,5,1,6,1,7,1,7,1,8,1,8,1,7,1,6,1,6,1,5,0,3,0,2,0,1,0,0,-1,-2,-1,-3,0,0,-2,-6,-3,-7,-3,-7,-3,-8,-3,-8,-3,-8,-3,-7,-3,-6,-3,-5,-2,-4,-2,-3,-1,-2,0,0,0,1,0,2,1,3,1,4,1,4,2,5,2,5,2,5,2,5,2,5,2,5,1,4,1,3,0,0,0,0,0,0,0,0,0,0]"
CSI_DATA,22942,80:af:ca:27:52:2a,-55,11,1,0,1,1,1,0,0,0,0,-97,0,11,2,310170015,0,83,1,128,0,"[0,0,0,0,0,0,0,0,0,0,0,0,-1,-8,-1,-7,0,-6,0,-5,0,-4,0,-2,0,-1,0,0,0,1,0,2,0,4,1,5,1,6,1,6,1,7,1,7,1,6,1,6,1,5,1,4,0,3,0,2,0,0,0,0,0,-1,0,-3,0,0,-1,-5,-2,-6,-2,-7,-2,-7,-2,-7,-2,-7,-2,-7,-1,-6,-1,-5,-1,-4,-1,-3,0,-1,0,0,0,0,0,1,0,2,0,4,0,4,0,5,0,5,0,5,0,5,0,5,0,4,0,4,0,3,0,0,0,0,0,0,0,0,0,0]"
CSI_DATA,22943,80:af:ca:27:52:2a,-54,11,1,0,1,1,1,0,0,0,0,-97,0,11,2,310185949,0,83,1,128,0,"[0,0,0,0,0,0,0,0,0,0,0,0,3,8,2,7,2,6,1,5,0,4,0,2,0,1,0,0,-1,-2,-1,-4,-1,-5,-1,-7,-1,-7,-1,-8,-1,-8,-1,-9,-1,-8,-1,-8,-1,-7,-1,-6,-1,-4,-1,-3,-1,-2,-1,0,-1,1,-1,3,0,0,-1,5,-2,6,-2,7,-2,8,-2,8,-2,7,-2,7,-2,6,-2,6,-1,4,-1,3,0,2,0,1,1,0,1,-1,2,-2,3,-3,3,-4,4,-4,4,-4,4,-4,4,-4,4,-4,4,-3,3,-3,3,-2,0,0,0,0,0,0,0,0,0,0]"
CSI_DATA,22944,80:af:ca:27:52:2a,-54,11,1,0,1,1,1,0,0,0,0,-97,0,11,2,310205123,0,83,1,128,0,"[0,0,0,0,0,0,0,0,0,0,0,0,-2,0,-4,1,-7,2,-9,2,-11,2,-11,2,-12,3,-12,3,-12,2,-11,2,-11,2,-9,1,-7,0,-5,0,-3,0,0,0,1,-1,3,-2,5,-2,7,-3,7,-3,9,-4,9,-4,10,-5,10,-4,9,-5,0,0,7,-4,6,-3,3,-3,2,-2,0,0,-1,0,-3,0,-5,1,-7,2,-7,3,-9,3,-9,3,-10,3,-10,3,-9,3,-8,3,-7,2,-6,2,-4,1,-3,0,-1,0,0,0,1,0,3,0,3,0,4,0,0,0,0,0,0,0,0,0,0,0]"
CSI_DATA,22945,80:af:ca:27:52:2a,-54,11,1,0,1,1,1,0,0,0,0,-97,0,11,2,310214571,0,83,1,128,0,"[0,0,0,0,0,0,0,0,0,0,0,0,-1,1,-3,3,-5,4,-7,4,-8,6,-9,6,-9,7,-9,7,-10,7,-9,6,-8,6,-8,5,-5,4,-4,2,-3,0,-1,0,0,-2,0,-4,2,-5,3,-7,4,-8,4,-9,4,-10,4,-11,4,-11,4,-10,0,0,3,-8,2,-7,1,-5,0,-3,0,-1,0,0,-1,3,-1,4,-2,6,-2,7,-2,8,-2,8,-2,9,-2,9,-2,8,-1,8,-1,7,0,5,0,4,0,2,0,0,0,0,0,-2,0,-4,0,-4,0,-5,0,0,0,0,0,0,0,0,0,0]"
CSI_DATA,22946,80:af:ca:27:52:2a,-54,11,1,0,1,1,1,0,0,0,0,-97,0,11,2,310233567,0,83,1,128,0,"[0,0,0,0,0,0,0,0,0,0,0,0,5,6,4,6,4,5,3,5,2,4,1,3,0,2,-1,1,-2,0,-3,0,-5,-1,-6,-1,-7,-2,-7,-2,-8,-2,-8,-2,-8,-1,-7,-1,-6,-1,-5,-1,-4,-1,-3,0,-1,0,0,-1,1,-1,2,-2,0,0,4,-2,5,-3,6,-3,6,-4,6,-4,6,-4,6,-4,5,-4,4,-3,3,-3,2,-2,1,-1,0,0,0,0,-1,1,-2,2,-3,3,-3,3,-3,4,-3,4,-3,4,-3,4,-3,4,-2,4,-2,3,-2,2,0,0,0,0,0,0,0,0,0,0]"
CSI_DATA,22947,80:af:ca:27:52:2a,-54,11,1,0,1,1,1,0,0,0,0,-97,0,11,2,310241077,0,83,1,128,0,"[0,0,0,0,0,0,0,0,0,0,0,0,5,9,4,8,4,7,3,6,2,4,1,3,0,2,-1,0,-3,-1,-4,-2,-6,-3,-7,-4,-8,-4,-8,-4,-9,-4,-9,-4,-9,-4,-8,-3,-7,-3,-6,-2,-4,-2,-3,-1,-1,-1,0,-1,2,0,3,0,0,0,7,0,8,0,8,0,9,-1,9,0,9,-1,8,-1,7,-1,6,-1,4,-1,3,-1,1,0,0,0,-1,0,-3,0,-4,0,-6,1,-6,1,-6,1,-6,2,-7,2,-6,2,-6,2,-5,1,-4,1,-3,1,0,0,0,0,0,0,0,0,0,0]"
CSI_DATA,22948,80:af:ca:27:52:2a,-55,11,1,0,1,1,1,0,0,0,0,-97,0,11,2,310249286,0,83,1,128,0,"[0,0,0,0,0,0,0,0,0,0,0,0,-8,4,-7,3,-6,3,-6,2,-4,1,-3,0,-1,0,0,-1,1,-2,2,-3,3,-4,4,-5,5,-5,5,-6,5,-6,5,-6,5,-6,4,-5,3,-5,3,-4,2,-3,1,-2,0,-1,0,0,-1,1,-2,3,0,0,-3,5,-3,6,-3,6,-3,7,-3,7,-3,6,-3,6,-2,5,-2,4,-1,3,-1,2,0,1,0,0,0,-1,1,-2,1,-3,1,-4,1,-5,1,-5,1,-5,1,-5,1,-5,1,-5,1,-4,1,-4,0,-3,0,0,0,0,0,0,0,0,0,0]"
CSI_DATA,22949,80:af:ca:27:52:2a,-54,11,1,0,1,1,1,0,0,0,0,-97,0,11,2,310257412,0,83,1,128,0,"[0,0,0,0,0,0,0,0,0,0,0,0,-3,-4,-3,-6,-4,-8,-3,-9,-3,-10,-3,-11,-3,-11,-3,-11,-2,-10,-2,-8,-1,-8,-1,-6,-1,-4,0,-2,0,0,0,1,0,3,1,4,1,6,2,7,2,8,2,8,2,8,2,8,2,8,2,7,0,0,2,5,1,4,1,2,0,0,0,-1,0,-3,0,-4,0,-6,0,-7,0,-8,-1,-8,-1,-8,-1,-8,-1,-8,-1,-8,-1,-7,-1,-6,-1,-4,-1,-3,-1,-2,-1,0,-1,0,-2,2,-2,2,-2,3,-2,4,0,0,0,0,0,0,0,0,0,0]"
CSI_DATA,22950,80:af:ca:27:52:2a,-54,11,1,0,1,1,1,0,0,0,0,-97,0,11,2,310281444,0,83,1,128,0,"[0,0,0,0,0,0,0,0,0,0,0,0,-9,-2,-8,-2,-7,-2,-6,-2,-4,-2,-3,-1,-1,-1,0,-1,2,-1,3,0,5,0,7,0,7,0,8,0,8,0,9,0,8,0,7,0,6,0,5,0,3,0,2,0,1,0,0,0,-2,0,-3,0,0,0,-6,0,-7,0,-8,0,-8,1,-9,0,-8,0,-8,1,-7,1,-6,0,-4,1,-3,0,-2,0,-1,0,0,0,2,0,3,0,4,0,5,0,6,0,6,0,6,0,6,0,6,0,5,0,4,0,3,0,0,0,0,0,0,0,0,0,0,0]"
CSI_DATA,22951,80:af:ca:27:52:2a,-55,11,1,0,1,1,1,0,0,0,0,-97,0,11,2,310297569,0,83,1,128,0,"[0,0,0,0,0,0,0,0,0,0,0,0,-3,-9,-3,-8,-2,-7,-1,-6,-1,-4,0,-3,0,-1,1,0,1,1,2,2,3,4,4,5,4,6,4,6,4,6,5,6,5,6,4,5,4,5,3,4,2,3,1,2,0,1,0,0,-2,-1,-3,-2,0,0,-5,-4,-6,-4,-6,-5,-7,-5,-7,-5,-6,-5,-6,-4,-6,-4,-5,-3,-4,-2,-3,-2,-2,-1,0,0,0,0,1,1,2,2,3,2,4,3,4,3,4,3,4,3,4,3,4,3,4,2,3,2,3,1,0,0,0,0,0,0,0,0,0,0]"
CSI_DATA,22952,80:af:ca:27:52:2a,-54,11,1,0,1,1,1,0,0,0,0,-97,0,11,2,310311777,0,83,1,128,0,"[0,0,0,0,0,0,0,0,0,0,0,0,-3,0,-6,-2,-8,-3,-10,-4,-10,-4,-10,-5,-11,-6,-10,-5,-10,-6,-10,-5,-9,-5,-7,-4,-5,-3,-3,-2,-1,-1,0,0,2,0,3,2,5,3,6,3,7,4,8,5,9,5,9,5,9,5,8,4,0,0,6,3,5,3,3,1,2,0,0,-1,-1,-2,-3,-3,-4,-4,-5,-5,-6,-6,-6,-6,-6,-6,-6,-7,-6,-6,-6,-6,-6,-6,-5,-5,-4,-3,-3,-3,-2,-1,-1,0,0,0,0,1,0,3,0,3,0,4,0,0,0,0,0,0,0,0,0,0]"
CSI_DATA,22953,80:af:ca:27:52:2a,-54,11,1,0,1,1,1,0,0,0,0,-97,0,11,2,310327250,0,83,1,128,0,"[0,0,0,0,0,0,0,0,0,0,0,0,-6,6,-6,6,-5,5,-5,3,-3,2,-2,1,-1,0,0,-1,1,-2,1,-3,3,-5,3,-6,5,-6,5,-7,5,-7,5,-7,5,-7,4,-6,3,-6,3,-5,2,-3,1,-2,0,-1,0,0,-1,1,-2,2,0,0,-3,5,-4,6,-5,6,-5,6,-5,6,-5,6,-5,6,-3,5,-3,5,-2,3,-1,2,-1,1,0,0,1,0,1,-1,2,-2,3,-3,3,-4,3,-4,3,-4,4,-4,3,-4,3,-3,3,-3,3,-3,2,-2,0,0,0,0,0,0,0,0,0,0]"
CSI_DATA,22954,80:af:ca:27:52:2a,-55,11,1,0,1,1,1,0,0,0,0,-97,0,11,2,310344347,0,83,1,128,0,"[0,0,0,0,0,0,0,0,0,0,0,0,-7,-4,-6,-4,-5,-3,-4,-3,-3,-2,-2,-2,0,-1,0,-1,1,0,2,0,4,0,5,0,6,0,6,0,6,0,7,0,7,0,6,0,5,0,4,0,3,0,2,0,0,0,0,0,-1,0,-2,0,0,0,-4,1,-5,2,-6,2,-6,2,-6,2,-6,2,-6,2,-5,2,-4,2,-3,1,-2,1,-1,0,0,0,0,0,1,-1,2,-1,2,-2,3,-2,3,-3,3,-3,3,-3,3,-3,3,-3,2,-2,2,-2,1,-2,0,0,0,0,0,0,0,0,0,0]"
CSI_DATA,22955,80:af:ca:27:52:2a,-55,11,1,0,1,1,1,0,0,0,0,-97,0,11,2,310351111,0,83,1,128,0,"[0,0,0,0,0,0,0,0,0,0,0,0,2,-3,4,-3,6,-3,7,-3,8,-3,9,-3,9,-3,9,-3,9,-3,7,-3,7,-2,5,-2,3,-1,2,0,0,0,0,1,-1,2,-3,3,-4,4,-5,5,-5,6,-6,7,-6,7,-6,7,-6,7,-5,7,0,0,-3,5,-3,3,-1,1,0,0,0,0,0,-2,1,-4,2,-5,2,-7,2,-7,3,-8,3,-8,3,-8,2,-8,1,-7,1,-7,1,-5,0,-4,0,-3,0,-1,0,0,-1,0,-1,1,-1,3,-1,3,-2,4,0,0,0,0,0,0,0,0,0,0]"
CSI_DATA,22956,80:af:ca:27:52:2a,-54,11,1,0,1,1,1,0,0,0,0,-97,0,11,2,310381144,0,83,1,128,0,"[0,0,0,0,0,0,0,0,0,0,0,0,2,-9,2,-8,1,-7,2,-6,1,-5,1,-3,1,-2,1,0,1,1,1,3,1,4,1,6,1,6,1,7,1,7,2,8,2,7,2,7,2,6,1,5,1,4,1,2,0,1,0,0,-1,-1,-2,-2,0,0,-4,-4,-4,-5,-5,-5,-5,-5,-6,-5,-6,-5,-5,-5,-5,-4,-4,-4,-4,-3,-3,-2,-2,-1,-1,0,0,0,1,1,2,1,3,2,4,2,4,2,4,2,4,2,4,2,4,2,4,2,3,1,3,1,0,0,0,0,0,0,0,0,0,0]"
CSI_DATA,22957,80:af:ca:27:52:2a,-55,11,1,0,1,1,1,0,0,0,0,-97,0,11,2,310408999,0,83,1,128,0,"[0,0,0,0,0,0,0,0,0,0,0,0,9,0,8,0,7,0,6,0,4,0,2,0,0,0,-1,0,-3,0,-5,-1,-7,-1,-8,-2,-8,-2,-9,-2,-9,-3,-9,-3,-9,-3,-8,-2,-7,-2,-6,-2,-4,-1,-3,-1,-1,0,0,1,2,1,3,2,0,0,5,4,6,5,7,5,7,5,7,5,6,5,6,5,5,4,4,3,4,2,3,1,2,0,1,-1,0,-2,0,-3,-1,-4,-1,-5,-2,-6,-2,-6,-2,-6,-2,-7,-2,-6,-2,-6,-2,-5,-1,-5,-1,-4,0,0,0,0,0,0,0,0,0,0]"
CSI_DATA,22958,80:af:ca:27:52:2a,-54,11,1,0,1,1,1,0,0,0,0,-97,0,11,2,310428496,0,83,1,128,0,"[0,0,0,0,0,0,0,0,0,0,0,0,5,6,5,6,4,5,4,5,3,4,2,3,1,2,0,1,-1,0,-3,0,-4,-1,-6,-1,-6,-1,-7,-1,-8,-1,-8,-1,-8,0,-7,0,-7,0,-6,0,-5,0,-3,0,-2,0,-1,-1,0,-1,1,-2,0,0,4,-3,5,-4,5,-4,5,-5,6,-5,5,-5,5,-4,4,-4,4,-4,2,-3,2,-2,1,-1,0,0,0,0,-1,1,-1,2,-2,3,-2,4,-2,4,-2,4,-2,4,-2,4,-2,4,-1,4,-1,3,-1,2,0,0,0,0,0,0,0,0,0,0]"
CSI_DATA,22959,80:af:ca:27:52:2a,-55,11,1,0,1,1,1,0,0,0,0,-97,0,11,2,310461357,0,83,1,128,0,"[0,0,0,0,0,0,0,0,0,0,0,0,-3,0,-6,0,-7,0,-9,-1,-10,-1,-11,-2,-12,-2,-11,-2,-11,-2,-9,-2,-9,-2,-7,-2,-5,-1,-4,-1,-2,0,0,0,1,0,3,1,4,2,7,3,7,3,8,4,8,4,9,4,9,4,8,4,0,0,6,3,4,2,3,1,2,0,0,0,0,-2,-2,-3,-2,-4,-4,-6,-4,-7,-5,-7,-4,-8,-4,-8,-4,-8,-4,-7,-4,-7,-3,-6,-3,-4,-2,-4,-2,-2,-1,-1,-1,0,-1,1,-1,2,-1,3,-1,4,0,0,0,0,0,0,0,0,0,0]"
CSI_DATA,22960,80:af:ca:27:52:2a,-54,11,1,0,1,1,1,0,0,0,0,-97,0,11,2,310475777,0,83,1,128,0,"[0,0,0,0,0,0,0,0,0,0,0,0,3,0,4,2,6,3,7,5,8,5,9,6,10,6,10,6,9,6,9,5,8,5,6,4,5,3,3,2,0,1,-1,0,-3,0,-5,0,-7,0,-9,0,-10,0,-11,0,-11,0,-12,0,-12,0,-11,1,0,0,-8,1,-6,0,-4,0,-2,0,0,0,1,-1,3,-2,5,-3,6,-4,7,-4,8,-5,8,-5,8,-5,8,-6,7,-5,6,-5,5,-4,3,-3,2,-3,0,-1,0,0,-1,0,-2,1,-3,2,-4,3,-4,3,0,0,0,0,0,0,0,0,0,0]"
CSI_DATA,22961,80:af:ca:27:52:2a,-55,11,1,0,1,1,1,0,0,0,0,-97,0,11,2,310484648,0,83,1,128,0,"[0,0,0,0,0,0,0,0,0,0,0,0,2,7,2,7,2,6,1,5,0,4,0,2,0,1,-1,0,-2,-2,-2,-3,-3,-5,-3,-6,-4,-6,-4,-7,-4,-7,-4,-7,-4,-7,-4,-6,-3,-6,-3,-5,-2,-3,-1,-2,-1,-1,0,0,1,1,1,2,0,0,3,5,3,6,4,6,4,6,4,7,4,6,3,6,3,5,3,4,2,3,2,2,1,1,0,0,0,-1,0,-3,-1,-4,-1,-5,-2,-5,-2,-5,-2,-6,-2,-6,-2,-6,-2,-5,-2,-5,-1,-4,-1,-3,0,0,0,0,0,0,0,0,0,0]"
CSI_DATA,22962,80:af:ca:27:52:2a,-55,11,1,2,1,1,1,0,0,0,0,-97,0,11,2,310491154,0,83,1,128,0,"[0,0,0,0,0,0,0,0,0,0,0,0,-1,2,-2,4,-4,4,-4,6,-5,7,-6,7,-7,8,-6,7,-6,7,-6,7,-5,6,-4,4,-3,3,-2,2,-1,0,0,-1,0,-2,2,-4,2,-5,3,-7,4,-7,4,-8,4,-9,4,-9,4,-9,4,-8,0,0,3,-6,2,-5,1,-3,0,-2,-1,0,-2,0,-2,2,-4,3,-4,4,-5,5,-6,6,-7,6,-7,6,-6,6,-6,6,-5,5,-4,4,-3,4,-2,2,-1,1,0,0,0,0,2,0,2,-2,4,-2,4,-2,0,0,0,0,0,0,0,0,0,0]"
CSI_DATA,22963,80:af:ca:27:52:2a,-54,11,1,0,1,1,1,0,0,0,0,-97,0,11,2,310500698,0,83,1,128,0,"[0,0,0,0,0,0,0,0,0,0,0,0,9,-5,8,-4,7,-3,6,-2,5,-2,3,0,1,0,0,1,-2,2,-3,3,-5,4,-6,5,-7,6,-7,6,-8,6,-8,7,-7,6,-6,6,-6,5,-5,4,-3,3,-2,1,-1,0,0,-1,1,-2,2,-4,0,0,3,-6,5,-7,5,-8,5,-8,5,-8,5,-8,5,-7,3,-7,3,-6,2,-5,1,-3,0,-2,0,0,-1,1,-2,2,-3,3,-3,4,-4,5,-4,5,-4,5,-4,5,-4,5,-3,5,-3,4,-2,3,-2,2,0,0,0,0,0,0,0,0,0,0]"
CSI_DATA,22964,80:af:ca:27:52:2a,-54,11,1,0,1,1,1,0,0,0,0,-97,0,11,2,310508656,0,83,1,128,0,"[0,0,0,0,0,0,0,0,0,0,0,0,-6,-8,-6,-7,-5,-6,-3,-6,-2,-4,-1,-3,0,-1,0,0,1,1,2,3,2,5,3,6,3,7,4,7,3,7,4,8,4,7,3,7,3,6,2,5,2,3,1,2,0,0,0,0,0,-2,-1,-3,0,0,-2,-6,-2,-7,-2,-8,-2,-8,-2,-8,-2,-8,-2,-8,-2,-7,-2,-6,-1,-5,-1,-3,-1,-2,-1,0,-1,1,-1,2,-1,3,-1,4,-1,5,-1,5,-1,6,-1,6,-1,5,-2,5,-1,5,-1,4,-1,3,0,0,0,0,0,0,0,0,0,0]"
CSI_DATA,22965,80:af:ca:27:52:2a,-54,11,1,0,1,1,1,0,0,0,0,-97,0,11,2,310521738,0,83,1,128,0,"[0,0,0,0,0,0,0,0,0,0,0,0,-9,-2,-8,-2,-7,-2,-6,-2,-4,-1,-2,-1,-1,-1,0,-1,2,0,3,0,5,0,6,0,7,0,8,0,8,0,8,0,8,0,7,0,6,0,5,0,3,0,2,0,1,0,0,0,-2,0,-3,0,0,0,-6,0,-7,0,-8,0,-8,0,-8,0,-8,0,-8,0,-7,0,-6,0,-5,0,-3,0,-2,0,0,0,0,0,2,0,3,0,4,0,5,0,5,0,5,0,5,0,5,0,5,0,4,0,3,0,3,0,0,0,0,0,0,0,0,0,0,0]"
CSI_DATA,22966,80:af:ca:27:52:2a,-55,11,1,0,1,1,1,0,0,0,0,-97,0,11,2,310530013,0,83,1,128,0,"[0,0,0,0,0,0,0,0,0,0,0,0,-3,2,-6,2,-8,2,-11,2,-12,3,-13,2,-14,3,-13,3,-13,3,-12,3,-11,2,-9,2,-7,1,-5,0,-2,0,0,-2,1,-2,2,-4,5,-5,6,-7,7,-8,8,-9,8,-9,8,-10,8,-10,7,-9,0,0,5,-7,4,-5,2,-3,1,-2,0,0,-1,2,-2,4,-3,5,-4,7,-4,8,-5,9,-5,9,-5,9,-5,9,-4,8,-3,8,-2,6,-2,5,-1,3,0,1,0,0,0,-1,0,-2,1,-4,2,-5,2,-6,0,0,0,0,0,0,0,0,0,0]"
CSI_DATA,22967,80:af:ca:27:52:2a,-54,11,1,0,1,1,1,0,0,0,0,-97,0,11,2,310539027,0,83,1,128,0,"[0,0,0,0,0,0,0,0,0,0,0,0,-10,0,-8,0,-7,0,-6,0,-5,-1,-3,-1,-1,-1,0,-2,1,-2,3,-3,5,-3,6,-4,6,-5,7,-5,7,-5,7,-5,6,-5,6,-5,5,-4,4,-3,2,-2,1,-1,0,0,0,1,-1,2,-2,3,0,0,-3,6,-3,6,-4,7,-3,7,-3,7,-3,7,-3,6,-2,6,-2,5,-1,3,0,2,0,0,0,0,0,-2,1,-3,1,-4,1,-5,1,-6,1,-6,0,-6,0,-6,0,-6,0,-6,0,-5,0,-4,0,-3,0,0,0,0,0,0,0,0,0,0]"
CSI_DATA,22968,80:af:ca:27:52:2a,-54,11,1,0,1,1,1,0,0,0,0,-97,0,11,2,310568563,0,83,1,128,0,"[0,0,0,0,0,0,0,0,0,0,0,0,2,-8,2,-8,2,-7,2,-6,1,-4,1,-3,0,-1,0,0,0,1,-1,3,-1,4,-2,5,-2,6,-2,7,-2,7,-2,7,-2,7,-2,6,-2,6,-2,5,-1,4,-1,2,0,1,0,0,0,-1,0,-3,0,0,1,-5,2,-6,2,-7,2,-7,2,-7,2,-7,2,-7,2,-6,1,-5,1,-4,0,-3,0,-2,0,-1,-1,0,-1,1,-2,2,-2,3,-3,3,-3,3,-3,4,-3,4,-3,4,-3,3,-3,3,-3,3,-2,2,0,0,0,0,0,0,0,0,0,0]"
CSI_DATA,22969,80:af:ca:27:52:2a,-54,11,1,0,1,1,1,0,0,0,0,-97,0,11,2,310576840,0,83,1,128,0,"[0,0,0,0,0,0,0,0,0,0,0,0,10,2,9,2,8,2,7,2,4,2,3,1,1,1,0,1,-2,1,-4,1,-6,0,-8,1,-9,0,-9,1,-10,1,-10,1,-9,1,-8,1,-8,1,-7,1,-5,0,-3,0,-2,0,0,0,1,-1,2,-2,0,0,5,-3,6,-4,7,-4,7,-5,7,-4,7,-4,7,-4,6,-4,4,-4,3,-3,2,-2,1,-1,0,0,-1,0,-2,1,-3,2,-4,2,-4,3,-4,3,-4,3,-5,4,-4,3,-4,3,-4,3,-3,3,-2,2,0,0,0,0,0,0,0,0,0,0]"
CSI_DATA,22970,80:af:ca:27:52:2a,-54,11,1,0,1,1,1,0,0,0,0,-97,0,11,2,310584943,0,83,1,128,0,"[0,0,0,0,0,0,0,0,0,0,0,0,-5,-4,-5,-7,-5,-9,-5,-11,-6,-12,-5,-13,-6,-13,-6,-13,-5,-12,-5,-11,-3,-10,-3,-8,-2,-5,0,-3,0,-1,2,0,3,2,5,4,5,5,7,6,8,7,9,8,9,8,9,8,9,8,8,6,0,0,6,4,4,2,2,1,0,0,0,-1,-2,-2,-5,-3,-7,-4,-8,-5,-9,-5,-10,-5,-10,-5,-10,-5,-10,-5,-9,-4,-8,-3,-7,-2,-5,-1,-4,0,-2,0,0,0,0,1,2,1,3,2,4,2,5,2,0,0,0,0,0,0,0,0,0,0]"
CSI_DATA,22971,80:af:ca:27:52:2a,-54,11,1,0,1,1,1,0,0,0,0,-97,0,11,2,310611292,0,83,1,128,0,"[0,0,0,0,0,0,0,0,0,0,0,0,5,5,4,4,4,4,3,3,2,2,1,1,0,0,0,-1,0,-2,-1,-3,-1,-5,-2,-6,-2,-7,-2,-7,-1,-8,-1,-8,-1,-8,-1,-7,-1,-6,-1,-5,-1,-4,-1,-3,-1,-2,-1,0,-2,1,-2,2,0,0,-3,5,-3,6,-4,6,-4,7,-4,7,-5,6,-5,6,-4,5,-4,5,-3,4,-2,3,-1,2,0,1,1,0,2,0,3,0,4,0,5,-1,5,-1,6,-1,6,0,6,0,6,0,5,0,5,0,4,0,0,0,0,0,0,0,0,0,0,0]"
CSI_DATA,22972,80:af:ca:27:52:2a,-53,11,1,0,1,1,1,0,0,0,0,-97,0,11,2,310618864,0,83,1,128,0,"[0,0,0,0,0,0,0,0,0,0,0,0,-7,4,-6,4,-6,3,-5,3,-4,2,-3,1,-2,0,0,0,1,-1,2,-1,3,-2,4,-3,5,-3,6,-3,6,-4,7,-4,6,-4,6,-4,5,-4,5,-3,4,-2,2,-2,1,-1,0,-1,-1,0,-2,0,0,0,-5,2,-6,2,-7,2,-7,2,-8,2,-8,2,-7,2,-7,2,-6,2,-5,1,-4,1,-2,0,-1,0,0,0,1,0,2,0,4,0,4,0,5,0,5,0,6,0,5,0,5,0,5,0,4,0,3,0,0,0,0,0,0,0,0,0,0,0]"
CSI_DATA,22973,80:af:ca:27:52:2a,-53,11,1,0,1,1,1,0,0,0,0,-97,0,11,2,310626454,0,83,1,128,0,"[0,0,0,0,0,0,0,0,0,0,0,0,-8,0,-7,0,-7,0,-6,0,-5,0,-4,0,-2,0,-1,0,0,-1,0,-1,2,-2,3,-3,4,-3,4,-4,4,-4,5,-5,4,-5,4,-5,4,-5,3,-4,2,-3,2,-2,1,-1,0,0,0,0,0,1,0,0,0,4,0,5,-1,6,-1,6,-1,6,0,6,0,6,0,5,0,5,0,4,0,3,0,1,0,0,0,0,0,-1,0,-2,0,-3,-1,-4,-1,-4,-1,-4,-1,-5,-1,-4,-1,-4,-1,-4,-1,-3,0,-3,0,0,0,0,0,0,0,0,0,0]"
CSI_DATA,22974,80:af:ca:27:52:2a,-53,11,1,0,1,1,1,0,0,0,0,-97,0,11,2,310633844,0,83,1,128,0,"[0,0,0,0,0,0,0,0,0,0,0,0,2,3,1,6,1,9,0,12,0,14,0,15,1,16,1,16,1,16,2,15,2,14,2,12,1,8,0,6,0,3,-2,1,-4,0,-6,-1,-8,-2,-11,-4,-12,-4,-14,-4,-15,-4,-16,-3,-16,-3,-15,-2,0,0,-11,-1,-9,-1,-6,-1,-4,-1,0,-1,0,-2,3,-3,5,-4,7,-5,8,-7,9,-8,9,-8,9,-8,8,-8,8,-8,6,-7,5,-6,3,-5,2,-3,0,-1,0,0,0,0,0,2,-1,4,-1,5,-2,6,0,0,0,0,0,0,0,0,0,0]"
CSI_DATA,22975,80:af:ca:27:52:2a,-53,11,1,2,1,1,1,0,0,0,0,-97,0,11,2,310639924,0,83,1,128,0,"[0,0,0,0,0,0,0,0,0,0,0,0,-1,5,-3,7,-5,8,-7,10,-7,11,-8,12,-8,13,-7,13,-7,13,-6,12,-5,11,-4,9,-4,7,-4,5,-3,2,-4,0,-5,-2,-5,-5,-6,-7,-7,-8,-9,-9,-9,-10,-10,-9,-11,-9,-11,-8,-10,-7,0,0,-8,-5,-6,-4,-4,-3,-2,-3,0,-2,3,-2,5,-2,6,-2,8,-3,9,-4,9,-4,10,-5,9,-5,9,-5,8,-5,7,-5,5,-4,4,-3,2,-2,1,-1,0,0,-1,1,-2,2,-2,4,-3,5,-3,5,0,0,0,0,0,0,0,0,0,0]"
CSI_DATA,22976,80:af:ca:27:52:2a,-56,11,1,0,1,1,1,0,0,0,0,-97,0,11,2,310664312,0,83,1,128,0,"[0,0,0,0,0,0,0,0,0,0,0,0,2,-4,3,-5,4,-5,5,-5,5,-5,6,-5,6,-4,6,-4,5,-3,5,-3,4,-2,3,-2,2,-2,0,-2,0,-2,-2,-3,-3,-3,-3,-4,-4,-5,-4,-5,-4,-6,-4,-6,-4,-6,-4,-6,-3,-6,-3,-6,0,0,-3,-4,-3,-3,-3,-3,-3,-1,-3,-1,-4,0,-4,0,-5,1,-5,1,-6,2,-6,2,-6,1,-7,1,-7,1,-6,1,-6,1,-5,0,-5,0,-4,0,-3,0,-2,1,-2,1,-1,2,-1,2,-1,3,-1,3,0,0,0,0,0,0,0,0,0,0]"
CSI_DATA,22977,80:af:ca:27:52:2a,-55,11,1,0,1,1,1,0,0,0,0,-97,0,11,2,310671707,0,83,1,128,0,"[0,0,0,0,0,0,0,0,0,0,0,0,-4,-2,-6,-2,-7,-2,-9,-3,-10,-3,-11,-4,-11,-4,-11,-4,-11,-6,-10,-5,-9,-5,-8,-4,-7,-3,-6,-2,-4,-1,-4,0,-2,2,-2,4,-2,6,-2,7,-2,8,-3,10,-3,11,-4,12,-4,12,-4,11,0,0,-5,9,-4,8,-4,6,-2,5,0,4,0,3,2,2,4,2,6,2,8,2,9,3,10,4,10,5,10,6,8,6,8,6,7,6,6,6,4,4,3,3,2,2,2,0,2,0,2,-2,2,-3,3,-4,0,0,0,0,0,0,0,0,0,0]"
CSI_DATA,22978,80:af:ca:27:52:2a,-54,11,1,0,1,1,1,0,0,0,0,-97,0,11,2,310679097,0,83,1,128,0,"[0,0,0,0,0,0,0,0,0,0,0,0,-1,0,-4,0,-6,0,-8,0,-9,1,-11,1,-12,1,-12,2,-13,1,-12,1,-12,0,-11,0,-8,0,-7,0,-4,0,-2,0,0,0,1,0,4,1,6,1,8,2,9,2,10,2,12,3,12,4,12,3,0,0,10,3,8,3,7,2,4,1,3,0,0,0,0,-2,-2,-4,-4,-5,-5,-7,-6,-8,-6,-9,-6,-10,-6,-11,-5,-10,-5,-10,-4,-9,-4,-8,-3,-7,-2,-5,-1,-3,-1,-1,0,0,-1,2,-1,3,-1,4,0,0,0,0,0,0,0,0,0,0]"
CSI_DATA,22979,80:af:ca:27:52:2a,-53,11,1,0,1,1,1,0,0,0,0,-97,0,11,2,310686769,0,83,1,128,0,"[0,0,0,0,0,0,0,0,0,0,0,0,1,0,2,2,4,5,5,8,6,10,7,12,9,13,9,14,9,14,10,13,9,13,9,11,7,9,5,7,3,4,0,2,0,0,-3,-1,-6,-3,-8,-5,-10,-7,-13,-8,-14,-8,-16,-9,-16,-9,-16,-8,0,0,-14,-7,-12,-6,-9,-5,-6,-3,-3,-2,0,0,2,0,5,1,8,2,10,2,13,3,13,4,14,5,14,4,14,5,13,4,11,4,9,3,7,2,5,1,2,0,0,0,-1,0,-4,-1,-5,-2,-7,-2,0,0,0,0,0,0,0,0,0,0]"
CSI_DATA,22980,80:af:ca:27:52:2a,-53,11,1,0,1,1,1,0,0,0,0,-97,0,11,2,310696454,0,83,1,128,0,"[0,0,0,0,0,0,0,0,0,0,0,0,-2,-5,1,-7,3,-9,5,-11,5,-12,6,-14,6,-15,5,-15,5,-15,4,-15,4,-14,3,-13,3,-10,2,-8,2,-5,3,-3,3,0,4,3,5,5,6,7,7,8,9,9,10,9,11,9,11,9,11,8,0,0,9,6,7,5,5,4,3,3,0,2,-2,2,-5,1,-7,2,-9,2,-10,3,-12,3,-12,3,-12,3,-12,4,-11,4,-10,4,-8,4,-7,3,-5,2,-3,1,-2,-1,-1,-2,0,-3,1,-4,2,-5,2,-6,0,0,0,0,0,0,0,0,0,0]"
CSI_DATA,22981,80:af:ca:27:52:2a,-53,11,1,0,1,1,1,0,0,0,0,-97,0,11,2,310703983,0,83,1,128,0,"[0,0,0,0,0,0,0,0,0,0,0,0,9,3,9,3,8,3,7,2,5,3,3,3,1,0,1,3,-3,1,-1,4,-2,5,-3,5,-3,5,-4,5,-5,5,-7,9,-5,9,-5,5,-4,5,-3,5,-3,3,-2,2,-1,1,-1,0,-1,-1,-1,-3,0,0,-3,-6,-5,-7,-6,-7,-5,-7,-5,-7,-6,-5,-5,-6,-5,-3,-4,-4,-3,-2,-2,-1,0,-1,0,0,1,0,2,0,3,0,5,0,5,-1,5,-1,5,-1,5,-1,5,-2,3,-1,3,-1,2,-1,1,-1,0,0,0,0,0,0,0,0,0,0]"
CSI_DATA,22982,80:af:ca:27:52:2a,-55,11,1,0,1,1,1,0,0,0,0,-97,0,11,2,310723610,0,83,1,128,0,"[0,0,0,0,0,0,0,0,0,0,0,0,-9,-4,-7,-3,-5,-2,-3,-2,-2,-1,0,0,1,2,2,3,3,5,3,6,3,9,3,10,2,11,2,11,2,10,1,10,1,8,0,7,0,6,0,4,1,2,2,0,2,0,3,-2,4,-3,5,-4,0,0,7,-6,8,-6,8,-6,8,-6,8,-6,8,-5,7,-5,6,-4,5,-4,4,-4,2,-4,1,-4,0,-4,-2,-4,-2,-4,-4,-5,-4,-5,-5,-6,-5,-6,-5,-6,-5,-6,-4,-6,-4,-6,-4,-6,-3,-5,-2,-4,0,0,0,0,0,0,0,0,0,0]"
CSI_DATA,22983,80:af:ca:27:52:2a,-53,11,1,0,1,1,1,0,0,0,0,-97,0,11,2,310753360,0,83,1,128,0,"[0,0,0,0,0,0,0,0,0,0,0,0,-8,0,-7,0,-7,0,-6,0,-5,0,-3,0,-2,0,-1,0,0,-1,0,-2,2,-2,3,-3,3,-4,4,-4,4,-5,4,-5,4,-5,3,-5,3,-5,2,-4,2,-3,1,-2,0,-1,0,0,0,0,0,1,0,0,0,4,0,5,0,6,0,6,0,6,0,6,0,6,0,5,0,5,0,4,0,3,0,1,0,0,0,0,0,-1,-1,-2,-1,-3,-1,-4,-1,-4,-2,-4,-2,-5,-2,-5,-1,-4,-1,-4,-1,-3,-1,-3,0,0,0,0,0,0,0,0,0,0]"
CSI_DATA,22984,80:af:ca:27:52:2a,-53,11,1,0,1,1,1,0,0,0,0,-97,0,11,2,310761087,0,83,1,128,0,"[0,0,0,0,0,0,0,0,0,0,0,0,-5,8,-4,8,-4,7,-4,6,-3,5,-2,3,-2,1,-2,0,-2,-1,-2,-3,-3,-5,-3,-6,-3,-7,-4,-8,-4,-8,-5,-8,-5,-7,-5,-6,-5,-6,-3,-5,-3,-4,-1,-3,-1,-2,0,-1,1,0,3,0,0,0,6,0,6,0,7,0,8,0,8,0,8,0,7,0,6,0,5,0,4,0,2,0,1,0,0,0,-1,0,-2,1,-3,1,-4,2,-4,3,-5,3,-5,3,-5,3,-4,3,-4,3,-3,3,-3,2,-2,1,0,0,0,0,0,0,0,0,0,0]"
CSI_DATA,22985,80:af:ca:27:52:2a,-56,11,1,0,1,1,1,0,0,0,0,-97,0,11,2,310786797,0,83,1,128,0,"[0,0,0,0,0,0,0,0,0,0,0,0,0,8,0,7,0,5,0,4,0,2,0,1,0,-1,1,-2,2,-3,3,-4,4,-5,5,-6,5,-6,6,-6,6,-6,6,-5,5,-5,5,-4,4,-4,3,-3,2,-3,1,-3,0,-2,-2,-2,-3,-2,-4,-2,0,0,-6,-2,-7,-3,-8,-3,-9,-3,-8,-3,-8,-4,-7,-3,-7,-3,-6,-3,-5,-2,-4,-2,-3,-1,-2,0,-2,1,-1,2,-1,3,-1,4,-1,5,-1,6,-1,6,-2,6,-2,6,-2,6,-2,5,-2,4,-2,4,0,0,0,0,0,0,0,0,0,0]"
CSI_DATA,22986,80:af:ca:27:52:2a,-54,11,1,0,1,1,1,0,0,0,0,-97,0,11,2,310802518,0,83,1,128,0,"[0,0,0,0,0,0,0,0,0,0,0,0,-1,0,-4,-2,-6,-3,-7,-5,-10,-6,-10,-6,-12,-6,-12,-6,-12,-6,-12,-6,-11,-6,-10,-5,-8,-4,-6,-3,-4,-2,-1,0,0,0,2,0,5,1,6,2,8,3,10,3,11,4,12,3,12,4,12,3,0,0,11,3,9,2,6,2,5,1,1,0,0,0,-3,-1,-5,-2,-7,-3,-9,-4,-11,-5,-11,-6,-12,-6,-12,-6,-11,-6,-10,-6,-9,-5,-7,-4,-6,-3,-4,-2,-2,-1,0,0,0,0,2,1,3,2,4,4,0,0,0,0,0,0,0,0,0,0]"
CSI_DATA,22987,80:af:ca:27:52:2a,-55,11,1,0,1,1,1,0,0,0,0,-97,0,11,2,310814691,0,83,1,128,0,"[0,0,0,0,0,0,0,0,0,0,0,0,3,0,5,2,6,3,8,5,10,6,10,6,11,7,11,6,11,6,11,6,10,6,8,4,6,3,4,3,1,2,0,1,-3,1,-5,1,-7,1,-10,2,-11,2,-12,3,-13,3,-13,3,-13,3,-12,4,0,0,-9,3,-7,3,-5,1,-3,0,0,-1,0,-2,3,-4,4,-5,5,-6,6,-8,6,-9,6,-10,6,-10,6,-10,6,-9,4,-8,3,-7,2,-6,1,-4,0,-2,0,0,0,0,-1,2,-2,3,-2,5,-3,6,0,0,0,0,0,0,0,0,0,0]"
CSI_DATA,22988,80:af:ca:27:52:2a,-54,11,1,0,1,1,1,0,0,0,0,-97,0,11,2,310823023,0,83,1,128,0,"[0,0,0,0,0,0,0,0,0,0,0,0,0,3,0,5,-2,7,-3,8,-3,9,-3,10,-3,11,-3,11,-3,11,-3,10,-3,9,-2,7,-2,5,-2,3,-2,1,-3,0,-3,-1,-3,-3,-5,-5,-6,-6,-7,-7,-7,-7,-8,-7,-9,-7,-9,-7,-8,-6,0,0,-7,-4,-5,-3,-3,-2,-1,-2,0,-1,2,0,3,0,5,0,7,-1,7,-2,8,-2,8,-2,8,-3,7,-3,7,-3,6,-3,5,-3,3,-2,2,-1,0,0,0,0,-1,0,-2,1,-3,2,-3,3,-3,3,0,0,0,0,0,0,0,0,0,0]"
CSI_DATA,22989,80:af:ca:27:52:2a,-56,11,1,0,1,1,1,0,0,0,0,-97,0,11,2,310838207,0,83,1,128,0,"[0,0,0,0,0,0,0,0,0,0,0,0,-1,-5,0,-6,0,-7,1,-8,1,-8,1,-9,2,-9,1,-8,2,-8,1,-6,2,-6,1,-5,1,-3,0,-1,0,0,0,1,0,3,-1,4,-1,5,-1,6,-1,6,-1,7,-1,7,-1,8,-1,7,0,6,0,0,0,4,0,3,0,1,0,0,0,-1,1,-2,1,-3,1,-5,1,-6,1,-6,1,-7,1,-7,1,-7,1,-7,1,-6,0,-6,0,-5,0,-4,0,-3,-1,-1,-1,-1,-1,0,-1,0,-2,1,-2,2,-3,2,0,0,0,0,0,0,0,0,0,0]"
CSI_DATA,22990,80:af:ca:27:52:2a,-55,11,1,0,1,1,1,0,0,0,0,-97,0,11,2,310851562,0,83,1,128,0,"[0,0,0,0,0,0,0,0,0,0,0,0,-4,-1,-5,-1,-6,-3,-7,-4,-8,-4,-8,-4,-8,-5,-7,-5,-7,-5,-6,-4,-6,-4,-5,-3,-3,-2,-2,-1,-1,0,0,1,0,2,1,3,2,4,3,6,3,7,3,7,3,7,3,8,3,8,3,7,0,0,2,6,1,4,1,3,1,1,1,0,1,-1,1,-3,1,-4,2,-6,2,-7,2,-8,3,-8,3,-8,3,-8,3,-7,3,-7,3,-6,2,-4,1,-3,0,-3,0,-1,-1,-1,-2,0,-3,0,-4,0,-5,0,0,0,0,0,0,0,0,0,0,0]"
CSI_DATA,22991,80:af:ca:27:52:2a,-54,11,1,0,1,1,1,0,0,0,0,-97,0,11,2,310860776,0,83,1,128,0,"[0,0,0,0,0,0,0,0,0,0,0,0,-8,-2,-8,-2,-7,-1,-6,-2,-4,-1,-3,-1,-1,0,0,0,1,0,3,0,4,1,6,1,6,1,7,2,7,2,8,2,7,1,7,1,6,1,5,1,4,0,3,0,1,0,0,0,-1,-1,-3,-1,0,0,-5,-2,-7,-2,-7,-3,-8,-3,-8,-3,-8,-3,-7,-3,-7,-3,-6,-3,-5,-2,-4,-2,-2,-1,-1,0,0,0,1,1,2,2,3,3,4,3,4,4,4,4,4,4,4,4,4,4,3,4,3,3,2,3,0,0,0,0,0,0,0,0,0,0]"
CSI_DATA,22992,80:af:ca:27:52:2a,-54,11,1,0,1,1,1,0,0,0,0,-97,0,11,2,310878562,0,83,1,128,0,"[0,0,0,0,0,0,0,0,0,0,0,0,-3,-3,-3,-6,-4,-8,-4,-10,-4,-12,-4,-13,-4,-13,-4,-13,-4,-13,-3,-12,-3,-11,-3,-9,-2,-6,0,-4,0,-2,1,0,2,2,3,3,4,6,5,8,6,9,6,10,6,10,7,10,7,10,7,9,0,0,5,6,3,5,3,3,1,0,0,0,-2,-3,-3,-5,-4,-6,-6,-7,-6,-8,-7,-9,-7,-9,-7,-10,-7,-9,-6,-8,-6,-7,-6,-6,-5,-4,-3,-3,-2,-1,-1,0,0,1,0,2,1,3,2,5,2,5,0,0,0,0,0,0,0,0,0,0]"
CSI_DATA,22993,80:af:ca:27:52:2a,-55,11,1,0,1,1,1,0,0,0,0,-97,0,11,2,310887061,0,83,1,128,0,"[0,0,0,0,0,0,0,0,0,0,0,0,2,-1,5,0,6,0,8,0,9,0,9,1,10,1,10,1,9,1,8,1,8,1,6,0,5,0,2,0,0,0,0,1,-2,1,-4,1,-5,2,-7,2,-8,2,-8,2,-8,3,-9,3,-9,3,-8,3,0,0,-5,2,-4,2,-2,1,-1,0,0,0,1,-1,2,-2,3,-3,4,-4,5,-5,5,-6,5,-5,5,-6,5,-6,4,-5,3,-5,2,-5,2,-4,1,-2,0,-2,0,0,-1,0,-2,0,-2,2,-2,2,-3,2,0,0,0,0,0,0,0,0,0,0]"
CSI_DATA,22994,80:af:ca:27:52:2a,-55,11,1,2,1,1,1,0,0,0,0,-97,0,11,2,310893824,0,83,1,128,0,"[0,0,0,0,0,0,0,0,0,0,0,0,3,1,4,3,5,5,5,6,6,7,6,8,6,8,5,8,5,8,5,7,4,6,2,5,2,3,0,2,0,0,-2,-1,-2,-2,-4,-3,-5,-5,-6,-5,-7,-6,-8,-6,-8,-7,-8,-7,-8,-6,-7,-5,0,0,-5,-3,-4,-2,-2,-1,-1,0,0,0,1,1,2,2,3,3,5,4,5,5,6,5,6,5,6,5,6,5,5,4,5,3,5,2,3,2,2,1,1,0,0,0,0,-2,-1,-2,-2,-3,-2,-4,-2,-5,0,0,0,0,0,0,0,0,0,0]"
CSI_DATA,22995,80:af:ca:27:52:2a,-54,11,1,0,1,1,1,0,0,0,0,-97,0,11,2,310915572,0,83,1,128,0,"[0,0,0,0,0,0,0,0,0,0,0,0,6,5,5,5,5,4,3,3,2,2,1,1,0,0,0,-1,-1,-2,-2,-3,-3,-5,-3,-6,-3,-7,-4,-7,-4,-8,-4,-8,-4,-7,-3,-7,-3,-6,-3,-5,-2,-4,-2,-2,-1,-1,-1,0,0,2,0,3,0,0,0,6,0,7,0,8,0,8,0,8,0,8,0,8,0,7,0,6,0,5,0,3,0,2,0,0,1,-1,1,-2,2,-3,2,-4,2,-5,3,-5,3,-5,3,-5,3,-5,3,-5,3,-4,3,-3,2,-3,0,0,0,0,0,0,0,0,0,0]"
CSI_DATA,22996,80:af:ca:27:52:2a,-54,11,1,0,1,1,1,0,0,0,0,-97,0,11,2,310924126,0,83,1,128,0,"[0,0,0,0,0,0,0,0,0,0,0,0,-1,-3,-1,-7,-1,-9,0,-11,-1,-13,0,-14,0,-15,-1,-15,0,-14,0,-13,0,-12,0,-11,0,-8,0,-5,0,-3,0,0,0,2,0,4,0,7,0,9,0,11,0,12,0,13,0,14,0,14,0,13,0,0,0,10,0,8,0,6,0,3,0,0,0,-2,0,-4,0,-7,0,-9,0,-11,1,-12,2,-12,2,-12,2,-12,2,-11,2,-11,1,-9,1,-7,0,-6,0,-3,0,-1,-1,0,-2,1,-3,3,-3,4,-4,5,0,0,0,0,0,0,0,0,0,0]"
CSI_DATA,22997,80:af:ca:27:52:2a,-55,11,1,0,1,1,1,0,0,0,0,-97,0,11,2,310944823,0,83,1,128,0,"[0,0,0,0,0,0,0,0,0,0,0,0,8,1,8,1,7,1,6,1,3,1,2,1,0,1,-1,1,-3,1,-4,1,-6,0,-7,1,-8,1,-9,1,-9,1,-9,1,-8,1,-7,1,-7,1,-5,1,-4,0,-2,0,-1,0,0,0,2,-1,3,-1,0,0,6,-2,7,-2,7,-3,8,-3,8,-3,7,-3,7,-3,6,-3,4,-2,3,-2,2,-2,1,-1,0,-1,-2,0,-3,0,-4,0,-5,1,-6,1,-6,1,-6,1,-6,1,-6,1,-6,1,-5,1,-4,1,-3,1,0,0,0,0,0,0,0,0,0,0]"
CSI_DATA,22998,80:af:ca:27:52:2a,-55,11,1,0,1,1,1,0,0,0,0,-97,0,11,2,310968396,0,83,1,128,0,"[0,0,0,0,0,0,0,0,0,0,0,0,4,7,4,6,3,5,2,5,1,3,1,2,0,0,0,-1,-1,-2,-1,-4,-2,-5,-2,-6,-2,-7,-2,-7,-2,-8,-2,-8,-2,-8,-2,-7,-2,-6,-1,-5,-1,-4,-1,-3,-1,-1,-1,0,-1,1,0,2,0,0,0,5,0,6,0,7,0,7,-1,7,-1,7,-1,7,-1,6,-1,5,0,4,0,3,0,2,0,0,1,0,1,-1,2,-2,2,-3,2,-4,3,-4,3,-4,3,-4,3,-4,3,-4,3,-4,3,-3,2,-3,0,0,0,0,0,0,0,0,0,0]"
CSI_DATA,22999,80:af:ca:27:52:2a,-55,11,1,0,1,1,1,0,0,0,0,-97,0,11,2,310983070,0,83,1,128,0,"[0,0,0,0,0,0,0,0,0,0,0,0,2,0,4,2,6,2,6,4,7,4,8,5,8,5,8,4,8,5,7,4,6,4,5,3,3,2,2,1,0,0,0,0,-2,-2,-4,-2,-5,-3,-6,-4,-7,-5,-8,-5,-8,-5,-8,-6,-8,-6,-8,-5,0,0,-6,-4,-4,-3,-3,-2,-2,-1,0,0,0,1,2,2,2,3,4,4,4,5,5,6,5,6,5,6,5,6,4,5,4,5,4,4,3,3,2,2,1,0,0,0,0,-1,0,-2,-1,-3,-1,-4,-1,-4,0,0,0,0,0,0,0,0,0,0]"
CSI_DATA,23000,80:af:ca:27:52:2a,-54,11,1,0,1,1,1,0,0,0,0,-97,0,11,2,310990612,0,83,1,128,0,"[0,0,0,0,0,0,0,0,0,0,0,0,-8,-4,-7,-4,-6,-4,-5,-3,-4,-3,-2,-2,-1,-1,0,0,2,0,3,1,4,2,5,3,6,3,7,3,7,4,7,4,7,3,6,3,6,3,4,2,3,1,2,1,1,0,0,0,-2,-1,-3,-2,0,0,-5,-3,-6,-3,-7,-4,-7,-4,-7,-4,-7,-4,-7,-4,-6,-3,-5,-3,-4,-2,-3,-1,-2,-1,-1,0,0,1,1,1,2,2,3,3,3,3,4,4,4,4,4,4,4,4,3,4,3,4,3,3,2,2,0,0,0,0,0,0,0,0,0,0]"
CSI_DATA,23001,80:af:ca:27:52:2a,-54,11,1,0,1,1,1,0,0,0,0,-97,0,11,2,310999216,0,83,1,128,0,"[0,0,0,0,0,0,0,0,0,0,0,0,2,-2,4,-4,6,-5,8,-5,9,-6,10,-6,11,-7,11,-7,11,-6,10,-6,9,-5,8,-5,5,-3,4,-2,1,-1,0,0,-2,1,-4,2,-6,3,-8,5,-9,5,-10,6,-10,6,-11,7,-11,7,-10,7,0,0,-8,5,-6,4,-4,2,-2,1,0,0,2,0,3,-2,5,-2,7,-4,8,-5,9,-5,10,-5,10,-5,10,-5,9,-5,8,-4,7,-4,5,-3,4,-2,2,-2,0,-1,-1,0,-2,0,-4,0,-5,0,-6,0,0,0,0,0,0,0,0,0,0,0]"
CSI_DATA,23002,80:af:ca:27:52:2a,-55,11,1,0,1,1,1,0,0,0,0,-97,0,11,2,311007543,0,83,1,128,0,"[0,0,0,0,0,0,0,0,0,0,0,0,1,-2,3,-3,4,-4,7,-4,7,-4,8,-4,9,-5,9,-5,9,-4,8,-4,7,-4,7,-3,4,-2,3,-2,1,0,0,0,-2,0,-3,1,-5,2,-6,2,-7,3,-8,4,-9,4,-9,4,-9,4,-9,4,0,0,-7,3,-5,2,-4,2,-2,1,0,0,1,0,2,-1,4,-2,6,-2,7,-2,8,-3,8,-3,8,-3,8,-3,8,-2,7,-2,6,-2,4,-2,3,-2,2,-1,0,-1,0,-1,-2,0,-3,0,-4,-1,-5,-1,0,0,0,0,0,0,0,0,0,0]"
CSI_DATA,23003,80:af:ca:27:52:2a,-55,11,1,0,1,1,1,0,0,0,0,-97,0,11,2,311019006,0,83,1,128,0,"[0,0,0,0,0,0,0,0,0,0,0,0,0,2,0,5,0,7,-2,9,-2,11,-2,11,-2,12,-2,11,-2,11,-2,11,-2,10,-2,8,-1,6,-1,4,-1,1,0,0,0,-2,0,-4,0,-6,0,-8,0,-10,0,-11,0,-12,0,-13,0,-12,0,-11,0,0,0,-9,0,-7,0,-5,0,-3,0,0,0,1,0,4,0,5,0,7,0,8,0,10,-1,10,-1,10,0,10,0,9,0,8,0,7,0,6,0,4,0,2,0,0,0,-1,0,-2,1,-4,1,-4,1,-6,0,0,0,0,0,0,0,0,0,0]"
CSI_DATA,23004,80:af:ca:27:52:2a,-54,11,1,0,1,1,1,0,0,0,0,-97,0,11,2,311027360,0,83,1,128,0,"[0,0,0,0,0,0,0,0,0,0,0,0,0,8,0,8,0,7,-1,6,-1,4,-1,2,-1,1,-1,0,-1,-2,-1,-3,-1,-5,-1,-7,-2,-7,-2,-8,-2,-8,-2,-8,-2,-8,-2,-7,-2,-7,-1,-6,-1,-4,-1,-3,0,-1,0,0,0,1,1,2,0,0,2,4,3,6,3,6,3,7,3,7,3,7,3,6,3,5,2,4,2,3,1,2,0,1,0,0,0,-1,-1,-2,-1,-3,-2,-4,-2,-4,-2,-4,-3,-5,-3,-5,-2,-4,-2,-4,-2,-4,-2,-3,-2,-3,0,0,0,0,0,0,0,0,0,0]"
CSI_DATA,23005,80:af:ca:27:52:2a,-54,11,1,2,1,1,1,0,0,0,0,-97,0,11,2,311034544,0,83,1,128,0,"[0,0,0,0,0,0,0,0,0,0,0,0,2,2,3,4,3,6,3,8,3,10,3,10,4,11,4,11,3,10,3,10,3,9,3,7,2,5,0,3,0,1,0,0,-1,-2,-3,-4,-3,-6,-4,-7,-5,-8,-6,-10,-6,-10,-6,-10,-6,-10,-6,-9,0,0,-4,-6,-3,-6,-3,-3,-2,-2,0,0,0,1,1,3,2,4,3,6,3,6,3,7,4,8,3,8,3,8,3,7,3,6,3,6,2,4,1,3,0,1,0,0,0,-1,0,-2,0,-3,0,-4,-1,-5,0,0,0,0,0,0,0,0,0,0]"
CSI_DATA,23006,80:af:ca:27:52:2a,-55,11,1,0,1,1,1,0,0,0,0,-97,0,11,2,311051168,0,83,1,128,0,"[0,0,0,0,0,0,0,0,0,0,0,0,-5,-8,-5,-7,-4,-6,-3,-5,-2,-4,-1,-2,0,-1,0,0,1,1,2,3,3,4,4,5,4,6,5,6,5,6,5,7,5,6,4,6,4,5,3,4,2,2,1,1,0,0,0,-1,-1,-2,-2,-3,0,0,-4,-5,-5,-6,-5,-6,-5,-7,-5,-7,-5,-6,-5,-6,-4,-5,-4,-5,-3,-4,-2,-2,-1,-1,-1,0,0,1,0,2,1,3,1,4,2,5,2,5,2,5,2,5,2,5,1,5,1,4,1,4,1,2,0,0,0,0,0,0,0,0,0,0]"
CSI_DATA,23007,80:af:ca:27:52:2a,-55,11,1,0,1,1,1,0,0,0,0,-97,0,11,2,311060357,0,83,1,128,0,"[0,0,0,0,0,0,0,0,0,0,0,0,2,1,3,3,3,5,4,6,4,7,4,7,4,7,4,7,3,7,3,7,3,6,2,5,1,3,0,2,0,0,-1,0,-1,-1,-3,-3,-3,-4,-4,-5,-4,-6,-5,-7,-5,-7,-5,-7,-5,-7,-5,-6,0,0,-3,-5,-3,-3,-2,-2,-1,-1,0,0,0,1,1,3,1,4,2,5,3,5,3,6,3,6,3,7,3,6,3,5,3,5,2,4,2,3,1,1,1,0,0,0,0,-1,0,-2,0,-3,0,-4,0,-5,0,0,0,0,0,0,0,0,0,0]"
CSI_DATA,23008,80:af:ca:27:52:2a,-55,11,1,0,1,1,1,0,0,0,0,-97,0,11,2,311070500,0,83,1,128,0,"[0,0,0,0,0,0,0,0,0,0,0,0,7,-4,6,-3,6,-3,5,-2,3,-1,2,0,0,0,0,1,-1,2,-2,3,-4,4,-4,5,-5,5,-5,5,-6,5,-6,6,-5,5,-5,5,-4,5,-3,4,-2,2,-1,1,0,0,0,0,0,-2,1,-3,0,0,2,-5,3,-7,3,-7,3,-8,3,-8,3,-7,3,-7,2,-6,2,-5,1,-4,0,-3,0,-1,0,0,-1,0,-1,1,-2,3,-3,4,-3,4,-3,5,-3,5,-3,5,-3,5,-3,5,-2,4,-2,3,-1,3,0,0,0,0,0,0,0,0,0,0]"
CSI_DATA,23009,80:af:ca:27:52:2a,-55,11,1,0,1,1,1,0,0,0,0,-97,0,11,2,311078833,0,83,1,128,0,"[0,0,0,0,0,0,0,0,0,0,0,0,2,0,4,0,6,1,7,1,8,2,8,2,9,3,9,2,8,3,7,2,7,2,5,1,3,1,2,1,0,0,-1,0,-2,-1,-4,-1,-5,-1,-7,-3,-7,-3,-9,-3,-9,-3,-9,-3,-9,-3,-9,-3,0,0,-7,-2,-5,-1,-3,-1,-2,0,0,0,0,1,2,1,3,3,5,3,5,3,7,5,7,5,7,5,7,5,6,5,5,4,5,3,4,2,3,1,1,0,1,0,0,-1,0,-2,-1,-3,-1,-4,-1,-5,0,0,0,0,0,0,0,0,0,0]"
CSI_DATA,23010,80:af:ca:27:52:2a,-55,11,1,0,1,1,1,0,0,0,0,-97,0,11,2,311089206,0,83,1,128,0,"[0,0,0,0,0,0,0,0,0,0,0,0,2,8,2,7,1,6,1,6,0,4,0,3,0,1,0,0,-1,-2,-1,-3,-2,-5,-2,-6,-2,-7,-3,-8,-2,-8,-3,-8,-3,-8,-3,-7,-2,-6,-2,-5,-1,-4,-1,-3,-1,-2,0,0,0,1,1,2,0,0,1,5,2,6,2,7,2,7,2,7,2,7,2,7,2,6,1,5,1,4,1,3,1,1,0,0,0,-1,0,-2,0,-3,0,-5,0,-5,0,-6,0,-6,0,-6,0,-6,0,-6,0,-5,0,-5,0,-4,0,0,0,0,0,0,0,0,0,0]"
CSI_DATA,23011,80:af:ca:27:52:2a,-54,11,1,0,1,1,1,0,0,0,0,-97,0,11,2,311098660,0,83,1,128,0,"[0,0,0,0,0,0,0,0,0,0,0,0,6,-4,6,-3,5,-3,5,-2,3,-1,2,-1,0,0,0,0,-1,0,-2,1,-3,2,-4,2,-5,3,-6,3,-6,3,-6,4,-6,4,-5,3,-5,3,-4,2,-3,2,-2,1,-1,0,0,0,0,0,1,-1,0,0,3,-3,4,-3,5,-4,5,-4,5,-4,5,-4,5,-4,4,-3,3,-3,2,-2,2,-2,0,-1,0,0,0,0,-1,0,-2,0,-3,1,-4,1,-4,1,-4,2,-4,1,-4,1,-4,1,-4,1,-3,1,-3,0,0,0,0,0,0,0,0,0,0,0]"
CSI_DATA,23012,80:af:ca:27:52:2a,-54,11,1,0,1,1,1,0,0,0,0,-97,0,11,2,311107109,0,83,1,128,0,"[0,0,0,0,0,0,0,0,0,0,0,0,-8,-2,-8,-2,-7,-2,-6,-2,-4,-1,-2,-1,-1,-1,0,0,2,0,3,1,5,1,6,2,7,2,7,2,7,2,8,2,7,2,7,2,6,1,5,1,3,1,2,0,1,0,0,0,-1,-1,-3,-1,0,0,-5,-3,-7,-3,-7,-3,-8,-3,-7,-4,-7,-4,-7,-4,-6,-3,-6,-3,-4,-2,-3,-1,-2,-1,-1,0,0,1,1,1,2,2,2,3,3,3,3,4,3,4,3,5,3,4,3,4,2,3,2,3,1,2,0,0,0,0,0,0,0,0,0,0]"
CSI_DATA,23013,80:af:ca:27:52:2a,-55,11,1,0,1,1,1,0,0,0,0,-97,0,11,2,311117059,0,83,1,128,0,"[0,0,0,0,0,0,0,0,0,0,0,0,-4,0,-6,0,-7,-1,-9,-2,-10,-2,-11,-2,-12,-2,-11,-2,-11,-2,-10,-2,-9,-2,-7,-2,-5,-1,-4,-1,-1,-1,0,-1,2,-1,4,-1,6,-1,7,-1,8,-1,9,-2,9,-2,9,-2,9,-2,9,-2,0,0,7,-2,4,-1,3,-1,1,0,0,0,-2,0,-4,0,-5,1,-7,2,-7,2,-9,2,-9,2,-9,2,-8,2,-7,2,-7,2,-5,2,-4,1,-2,1,-1,0,0,0,0,0,2,0,3,-1,4,-1,4,-1,0,0,0,0,0,0,0,0,0,0]"
CSI_DATA,23014,80:af:ca:27:52:2a,-55,11,1,0,1,1,1,0,0,0,0,-97,0,11,2,311125782,0,83,1,128,0,"[0,0,0,0,0,0,0,0,0,0,0,0,2,-2,4,-1,6,-1,8,-1,9,0,10,0,10,-1,10,-1,10,0,9,0,8,0,7,0,4,0,3,0,1,0,0,0,-2,1,-4,2,-5,2,-7,2,-8,3,-9,3,-9,4,-9,4,-9,4,-8,4,0,0,-6,3,-4,2,-3,1,-1,0,0,0,1,-1,2,-2,4,-3,5,-4,5,-4,7,-5,7,-5,7,-5,6,-6,5,-5,4,-4,4,-4,2,-4,1,-2,0,-2,0,-1,-2,0,-2,0,-3,1,-4,2,-4,2,0,0,0,0,0,0,0,0,0,0]"
CSI_DATA,23015,80:af:ca:27:52:2a,-55,11,1,0,1,1,1,0,0,0,0,-97,0,11,2,311158048,0,83,1,128,0,"[0,0,0,0,0,0,0,0,0,0,0,0,8,3,7,3,6,3,5,3,3,2,2,1,0,1,-1,0,-3,0,-4,0,-6,-1,-7,-1,-8,-2,-8,-2,-9,-2,-9,-2,-8,-1,-8,-1,-7,-1,-6,-1,-4,-1,-2,0,-1,0,0,0,2,0,3,0,0,0,6,0,7,0,8,0,8,0,8,0,8,0,7,0,6,0,5,0,4,0,2,-1,1,0,0,-1,-1,-1,-3,-1,-3,-1,-4,-1,-6,-1,-6,-1,-6,-1,-6,-1,-6,-1,-6,0,-5,0,-4,0,-3,0,0,0,0,0,0,0,0,0,0,0]"
CSI_DATA,23016,80:af:ca:27:52:2a,-55,11,1,2,1,1,1,0,0,0,0,-97,0,11,2,311164793,0,83,1,128,0,"[0,0,0,0,0,0,0,0,0,0,0,0,-3,0,-5,0,-8,-1,-9,-2,-10,-2,-10,-2,-11,-3,-10,-3,-10,-3,-10,-3,-8,-3,-7,-2,-5,-2,-3,-1,-1,-1,0,0,2,0,4,0,5,1,7,2,8,2,9,2,10,2,10,2,9,2,8,2,0,0,6,1,5,0,3,0,2,0,0,-1,-1,-2,-3,-2,-5,-2,-6,-4,-7,-4,-8,-4,-8,-5,-8,-5,-8,-5,-8,-4,-7,-4,-6,-3,-5,-2,-3,-2,-2,0,-1,0,0,0,0,1,1,2,1,3,2,3,0,0,0,0,0,0,0,0,0,0]"
CSI_DATA,23017,80:af:ca:27:52:2a,-54,11,1,0,1,1,1,0,0,0,0,-97,0,11,2,311177628,0,83,1,128,0,"[0,0,0,0,0,0,0,0,0,0,0,0,8,-4,8,-4,6,-2,5,-2,4,-1,1,0,0,0,-1,0,-3,1,-5,1,-6,2,-8,2,-9,2,-9,2,-9,2,-9,2,-9,2,-8,2,-7,2,-6,1,-4,1,-2,1,-1,0,0,0,2,0,4,-1,0,0,6,-1,8,-1,8,-1,9,-2,9,-1,9,-1,8,-1,7,-1,6,-1,4,-1,3,-1,1,-1,0,-1,-1,-1,-2,-1,-4,-1,-5,-1,-6,-1,-6,-2,-6,-1,-6,-2,-6,-2,-6,-2,-5,-1,-5,-1,-4,-1,0,0,0,0,0,0,0,0,0,0]"
CSI_DATA,23018,80:af:ca:27:52:2a,-55,11,1,0,1,1,1,0,0,0,0,-97,0,11,2,311185099,0,83,1,128,0,"[0,0,0,0,0,0,0,0,0,0,0,0,0,-3,2,-4,2,-6,4,-7,4,-8,5,-8,5,-9,5,-8,5,-8,4,-7,4,-7,4,-5,2,-4,2,-2,0,-1,0,0,-1,1,-2,2,-4,4,-4,5,-5,6,-6,7,-6,7,-6,7,-6,7,-5,7,0,0,-4,5,-3,4,-2,2,-1,1,0,0,1,-1,2,-2,3,-3,4,-4,5,-4,6,-5,7,-5,7,-5,7,-5,6,-4,5,-4,4,-4,3,-3,2,-2,1,-2,0,-1,-1,0,-2,0,-3,0,-4,0,-5,0,0,0,0,0,0,0,0,0,0,0]"
CSI_DATA,23019,80:af:ca:27:52:2a,-54,11,1,2,1,1,1,0,0,0,0,-97,0,11,2,311190566,0,83,1,128,0,"[0,0,0,0,0,0,0,0,0,0,0,0,2,0,5,0,6,0,8,0,9,1,10,1,11,2,10,2,10,2,9,2,8,1,6,1,5,0,2,0,0,0,0,0,-2,0,-5,0,-6,-1,-8,-1,-9,-2,-10,-2,-11,-2,-11,-2,-10,-2,-10,-1,0,0,-8,-1,-5,-1,-4,0,-2,0,0,0,1,0,2,1,4,2,5,2,7,2,8,2,8,3,8,3,8,3,7,2,6,2,5,2,5,1,3,0,2,0,0,0,0,-1,-1,-2,-2,-3,-2,-3,-3,-4,0,0,0,0,0,0,0,0,0,0]"
CSI_DATA,23020,80:af:ca:27:52:2a,-55,11,1,0,1,1,1,0,0,0,0,-97,0,11,2,311197739,0,83,1,128,0,"[0,0,0,0,0,0,0,0,0,0,0,0,3,1,5,2,6,4,8,6,8,6,8,7,9,8,9,7,8,7,8,7,7,6,6,5,4,4,2,2,0,0,-1,0,-3,-1,-5,-2,-6,-3,-8,-4,-9,-4,-11,-5,-11,-6,-11,-5,-11,-5,-11,-4,0,0,-8,-3,-6,-2,-4,-2,-2,0,0,0,2,1,4,2,5,2,7,3,8,4,9,4,9,4,10,4,9,4,8,3,8,3,6,2,5,1,4,0,2,0,0,0,0,-1,-2,-2,-3,-3,-4,-4,-5,-4,0,0,0,0,0,0,0,0,0,0]"
CSI_DATA,23021,80:af:ca:27:52:2a,-55,11,1,0,1,1,1,0,0,0,0,-97,0,11,2,311205990,0,83,1,128,0,"[0,0,0,0,0,0,0,0,0,0,0,0,-7,3,-7,3,-6,2,-5,1,-4,1,-2,0,-1,0,0,-1,1,-1,2,-2,4,-3,5,-3,6,-3,6,-3,6,-4,7,-4,6,-4,5,-3,5,-3,4,-2,3,-2,2,-1,0,-1,0,0,-2,0,-3,1,0,0,-5,2,-6,2,-7,2,-7,3,-7,3,-7,3,-6,2,-6,2,-5,2,-4,2,-3,1,-1,1,0,0,1,0,2,0,3,0,4,0,5,0,5,0,5,-1,5,0,5,0,5,0,4,0,4,0,3,0,0,0,0,0,0,0,0,0,0,0]"
CSI_DATA,23022,80:af:ca:27:52:2a,-55,11,1,0,1,1,1,0,0,0,0,-97,0,11,2,311214783,0,83,1,128,0,"[0,0,0,0,0,0,0,0,0,0,0,0,-8,-6,-7,-5,-6,-5,-5,-4,-4,-4,-3,-3,-1,-2,0,-1,2,0,3,1,5,2,6,2,7,3,7,3,7,3,8,3,8,3,7,3,6,2,5,2,4,1,3,1,1,0,0,0,-2,0,-3,-1,0,0,-6,-2,-7,-2,-8,-2,-9,-2,-8,-2,-8,-3,-8,-2,-7,-2,-6,-2,-5,-1,-4,-1,-2,0,-1,0,0,0,2,1,3,1,4,1,5,1,5,2,5,2,6,2,5,2,5,2,5,1,4,1,3,1,0,0,0,0,0,0,0,0,0,0]"
CSI_DATA,23023,80:af:ca:27:52:2a,-54,11,1,2,1,1,1,0,0,0,0,-97,0,11,2,311233231,0,83,1,128,0,"[0,0,0,0,0,0,0,0,0,0,0,0,-1,3,-3,4,-4,5,-6,6,-7,7,-7,7,-7,7,-7,7,-7,6,-7,5,-6,4,-5,4,-3,2,-2,1,0,0,0,-1,2,-2,3,-3,4,-4,6,-4,7,-5,7,-6,7,-6,7,-6,7,-6,7,-5,0,0,4,-4,3,-4,2,-2,0,-2,-1,-1,-2,0,-4,0,-5,0,-7,1,-8,1,-8,2,-9,1,-9,1,-9,1,-8,1,-7,1,-7,1,-5,0,-4,0,-2,0,-1,0,0,0,1,0,2,1,3,1,4,2,0,0,0,0,0,0,0,0,0,0]"
CSI_DATA,23024,80:af:ca:27:52:2a,-54,11,1,0,1,1,1,0,0,0,0,-97,0,11,2,311253301,0,83,1,128,0,"[0,0,0,0,0,0,0,0,0,0,0,0,3,8,3,7,3,6,2,5,1,4,0,2,0,1,-1,0,-1,-2,-2,-3,-3,-5,-3,-6,-4,-7,-4,-7,-4,-8,-4,-8,-4,-7,-4,-7,-4,-6,-3,-5,-2,-4,-2,-3,-1,-1,0,0,0,1,1,2,0,0,2,5,3,6,3,7,4,7,3,7,3,7,3,7,3,6,3,5,2,4,1,2,1,1,0,0,0,-1,0,-2,-1,-3,-1,-5,-1,-6,-2,-6,-2,-6,-1,-7,-1,-7,-1,-6,-1,-6,-1,-5,-1,-4,0,0,0,0,0,0,0,0,0,0]"
CSI_DATA,23025,80:af:ca:27:52:2a,-54,11,1,0,1,1,1,0,0,0,0,-97,0,11,2,311269842,0,83,1,128,0,"[0,0,0,0,0,0,0,0,0,0,0,0,7,5,7,4,6,4,5,4,3,3,2,2,0,1,-1,0,-2,-1,-3,-2,-5,-3,-6,-4,-6,-5,-7,-5,-7,-5,-8,-5,-7,-5,-7,-4,-6,-4,-5,-3,-4,-3,-3,-2,-2,-1,0,0,1,1,2,2,0,0,4,4,5,5,6,5,7,5,7,6,6,5,6,5,5,5,5,4,4,3,3,2,2,1,1,0,0,-1,-1,-2,-2,-3,-2,-4,-3,-5,-3,-5,-3,-6,-3,-6,-3,-6,-3,-6,-2,-5,-2,-5,-2,-4,0,0,0,0,0,0,0,0,0,0]"
CSI_DATA,23026,80:af:ca:27:52:2a,-54,11,1,2,1,1,1,0,0,0,0,-97,0,11,2,311276059,0,83,1,128,0,"[0,0,0,0,0,0,0,0,0,0,0,0,-3,-1,-4,-3,-5,-5,-6,-5,-7,-7,-8,-8,-8,-8,-8,-8,-8,-8,-7,-7,-6,-6,-5,-5,-4,-4,-2,-2,-1,-1,0,0,1,0,2,2,4,3,5,4,6,5,8,5,8,5,8,5,8,5,8,5,0,0,6,4,5,3,3,2,2,0,0,0,-1,-1,-2,-2,-4,-4,-5,-5,-6,-5,-7,-6,-7,-7,-7,-7,-7,-7,-7,-6,-6,-6,-5,-5,-5,-4,-3,-2,-2,-2,-1,0,0,0,0,1,1,2,1,3,2,4,0,0,0,0,0,0,0,0,0,0]"
CSI_DATA,23027,80:af:ca:27:52:2a,-55,11,1,0,1,1,1,0,0,0,0,-97,0,11,2,311289800,0,83,1,128,0,"[0,0,0,0,0,0,0,0,0,0,0,0,2,-2,4,-2,6,-2,8,-2,8,-3,9,-2,10,-3,10,-3,10,-2,9,-2,8,-2,7,-2,5,-2,3,-1,1,0,0,0,-2,0,-3,1,-5,2,-7,2,-8,2,-8,3,-9,4,-9,4,-9,4,-8,4,0,0,-7,3,-5,2,-3,2,-2,0,0,0,1,0,2,-1,4,-2,5,-2,5,-3,7,-4,7,-4,7,-4,7,-4,6,-3,5,-3,5,-2,3,-2,2,-2,1,-1,0,0,-1,0,-2,0,-3,0,-4,0,-4,0,0,0,0,0,0,0,0,0,0,0]"
CSI_DATA,23028,80:af:ca:27:52:2a,-55,11,1,2,1,1,1,0,0,0,0,-97,0,11,2,311295455,0,83,1,128,0,"[0,0,0,0,0,0,0,0,0,0,0,0,1,2,2,4,2,5,2,8,2,8,2,9,3,10,2,10,2,10,2,9,2,8,2,7,1,5,0,3,0,1,0,0,-1,-2,-2,-4,-2,-5,-3,-7,-3,-8,-4,-9,-4,-9,-5,-10,-5,-9,-4,-9,0,0,-3,-7,-2,-5,-2,-4,-2,-2,-1,0,0,0,0,2,0,4,1,5,2,6,2,7,2,8,2,8,2,8,2,8,2,6,1,5,1,4,0,2,0,1,0,0,0,0,0,-2,0,-3,0,-4,0,-5,0,0,0,0,0,0,0,0,0,0]"
CSI_DATA,23029,80:af:ca:27:52:2a,-54,11,1,0,1,1,1,0,0,0,0,-97,0,11,2,311303079,0,83,1,128,0,"[0,0,0,0,0,0,0,0,0,0,0,0,0,-4,0,-6,0,-7,2,-9,2,-9,2,-10,2,-11,2,-10,3,-9,2,-9,2,-8,2,-7,1,-4,0,-3,0,-1,0,0,-1,2,-2,4,-2,5,-3,7,-4,7,-4,8,-4,9,-4,9,-4,9,-4,8,0,0,-2,6,-2,4,-1,3,0,2,0,0,1,-1,2,-2,3,-4,4,-5,4,-6,5,-7,5,-7,5,-7,5,-7,5,-6,4,-5,4,-4,3,-4,2,-3,0,-2,0,-1,-1,0,-2,0,-3,0,-4,0,-4,0,0,0,0,0,0,0,0,0,0,0]"
CSI_DATA,23030,80:af:ca:27:52:2a,-54,11,1,2,1,1,1,0,0,0,0,-97,0,11,2,311317185,0,83,1,128,0,"[0,0,0,0,0,0,0,0,0,0,0,0,2,0,4,2,5,3,6,5,7,5,8,5,8,6,8,6,7,6,7,5,6,5,5,4,3,2,2,2,0,0,0,0,-2,-1,-4,-2,-5,-3,-7,-4,-8,-4,-8,-5,-9,-5,-9,-5,-9,-5,-8,-4,0,0,-7,-3,-5,-2,-3,-2,-2,-1,0,0,0,0,2,1,4,2,5,2,6,3,7,3,7,4,7,4,7,4,7,4,6,3,5,2,4,2,2,1,1,0,0,0,0,-1,-2,-2,-2,-2,-3,-3,-3,-4,0,0,0,0,0,0,0,0,0,0]"
CSI_DATA,23031,80:af:ca:27:52:2a,-55,11,1,0,1,1,1,0,0,0,0,-97,0,11,2,311326868,0,83,1,128,0,"[0,0,0,0,0,0,0,0,0,0,0,0,-2,0,-4,0,-6,-1,-8,-2,-9,-2,-9,-2,-10,-2,-10,-2,-10,-2,-9,-2,-8,-2,-7,-1,-5,-1,-4,-1,-2,0,0,0,1,0,3,0,5,0,6,0,8,0,8,0,9,0,9,0,9,0,8,0,0,0,7,0,5,0,4,0,2,0,0,0,-2,0,-3,0,-5,0,-6,0,-8,0,-8,0,-9,0,-9,-1,-8,0,-8,0,-8,0,-6,0,-5,0,-4,0,-2,0,-1,0,0,0,1,0,2,0,3,1,4,1,0,0,0,0,0,0,0,0,0,0]"
CSI_DATA,23032,80:af:ca:27:52:2a,-54,11,1,0,1,1,1,0,0,0,0,-97,0,11,2,311335845,0,83,1,128,0,"[0,0,0,0,0,0,0,0,0,0,0,0,2,0,5,2,7,3,8,5,9,6,9,7,10,7,9,7,9,7,8,7,7,6,6,5,4,4,2,2,1,0,0,0,-2,-2,-4,-3,-5,-5,-7,-6,-8,-7,-9,-8,-9,-8,-10,-8,-10,-9,-9,-8,0,0,-7,-6,-5,-5,-4,-3,-2,-2,-1,0,0,2,1,3,2,5,3,7,4,8,5,9,4,10,4,10,5,10,4,9,3,8,3,7,2,5,2,3,1,2,0,0,0,-1,0,-2,0,-5,0,-5,0,-6,0,0,0,0,0,0,0,0,0,0]"
CSI_DATA,23033,80:af:ca:27:52:2a,-54,11,1,0,1,1,1,0,0,0,0,-97,0,11,2,311350415,0,83,1,128,0,"[0,0,0,0,0,0,0,0,0,0,0,0,3,8,3,7,2,6,1,5,1,4,0,3,0,1,-1,0,-2,-1,-2,-3,-3,-4,-4,-5,-5,-6,-5,-6,-5,-6,-6,-7,-5,-6,-5,-5,-5,-5,-4,-4,-3,-3,-2,-2,-1,-1,0,0,1,0,2,1,0,0,4,3,5,4,6,4,6,4,6,4,6,4,6,4,5,3,4,3,3,2,2,1,1,0,0,0,-1,-1,-2,-2,-3,-2,-4,-3,-4,-3,-4,-3,-5,-3,-5,-4,-4,-4,-4,-3,-4,-3,-3,-2,-3,-2,0,0,0,0,0,0,0,0,0,0]"
CSI_DATA,23034,80:af:ca:27:52:2a,-54,11,1,0,1,1,1,0,0,0,0,-97,0,11,2,311358633,0,83,1,128,0,"[0,0,0,0,0,0,0,0,0,0,0,0,2,0,4,0,7,2,8,3,9,3,10,4,10,4,10,4,10,4,9,3,8,3,7,3,5,2,3,1,1,0,0,0,-2,0,-4,-1,-6,-2,-7,-3,-9,-3,-10,-3,-10,-3,-11,-3,-11,-3,-10,-3,0,0,-7,-2,-6,-2,-4,-1,-3,0,0,0,1,0,3,1,4,2,6,2,7,2,7,3,7,3,8,3,8,3,7,3,7,3,5,2,4,1,3,0,1,0,0,0,0,-1,-1,-1,-3,-3,-3,-3,-3,-3,0,0,0,0,0,0,0,0,0,0]"
CSI_DATA,23035,80:af:ca:27:52:2a,-55,11,1,0,1,1,1,0,0,0,0,-97,0,11,2,311368201,0,83,1,128,0,"[0,0,0,0,0,0,0,0,0,0,0,0,-7,-6,-7,-5,-6,-5,-4,-4,-3,-3,-1,-2,0,-1,0,0,2,1,3,2,4,3,5,4,5,5,6,5,6,5,6,6,6,5,5,5,5,4,3,3,2,2,2,1,1,0,0,-1,-1,-2,-2,-3,0,0,-5,-5,-5,-6,-5,-6,-6,-7,-6,-7,-5,-6,-5,-6,-5,-5,-4,-5,-3,-3,-2,-2,-1,-1,-1,0,0,1,0,2,0,3,1,4,1,5,1,5,1,6,1,6,1,6,1,5,1,5,0,4,0,3,0,0,0,0,0,0,0,0,0,0]"
CSI_DATA,23036,80:af:ca:27:52:2a,-54,11,1,0,1,1,1,0,0,0,0,-97,0,11,2,311382168,0,83,1,128,0,"[0,0,0,0,0,0,0,0,0,0,0,0,-7,-8,-6,-7,-5,-6,-4,-6,-3,-5,-2,-3,0,-1,1,0,2,1,3,2,5,3,6,4,7,5,7,5,7,5,8,5,8,5,7,4,6,3,5,3,3,2,2,1,0,0,-1,0,-2,-1,-4,-1,0,0,-7,-2,-8,-3,-9,-3,-9,-3,-9,-3,-9,-3,-8,-3,-7,-2,-6,-2,-5,-1,-3,-1,-2,0,0,0,1,0,2,1,3,1,5,2,6,2,6,2,6,2,6,2,6,2,6,2,5,2,4,1,3,1,0,0,0,0,0,0,0,0,0,0]"
CSI_DATA,23037,80:af:ca:27:52:2a,-55,11,1,0,1,1,1,0,0,0,0,-97,0,11,2,311404592,0,83,1,128,0,"[0,0,0,0,0,0,0,0,0,0,0,0,0,-4,1,-5,2,-6,3,-7,4,-8,4,-8,4,-8,4,-8,4,-8,4,-8,4,-6,3,-6,2,-4,1,-2,0,0,0,0,0,2,-1,4,-2,5,-2,6,-2,7,-2,8,-2,8,-2,9,-2,8,-2,8,0,0,-2,6,-1,4,0,3,0,1,0,0,0,-2,1,-4,1,-5,2,-6,2,-8,2,-8,2,-8,2,-8,2,-8,2,-8,1,-7,1,-6,0,-5,0,-4,0,-2,0,-1,-1,0,-2,1,-2,2,-2,3,-3,4,0,0,0,0,0,0,0,0,0,0]"
CSI_DATA,23038,80:af:ca:27:52:2a,-55,11,1,0,1,1,1,0,0,0,0,-97,0,11,2,311412807,0,83,1,128,0,"[0,0,0,0,0,0,0,0,0,0,0,0,0,-3,1,-5,2,-6,3,-8,3,-8,4,-8,4,-9,4,-9,4,-8,4,-8,4,-7,3,-6,2,-4,1,-3,0,-1,0,0,-1,2,-2,3,-3,4,-4,6,-4,7,-4,8,-5,8,-5,8,-5,8,-4,8,0,0,-4,6,-3,4,-2,3,0,2,0,0,1,-1,2,-2,3,-4,4,-5,4,-6,6,-6,6,-6,6,-6,6,-6,6,-6,5,-6,4,-4,3,-4,2,-3,0,-2,0,-1,-1,0,-2,0,-3,0,-4,0,-5,0,0,0,0,0,0,0,0,0,0,0]"
CSI_DATA,23039,80:af:ca:27:52:2a,-54,11,1,0,1,1,1,0,0,0,0,-97,0,11,2,311421738,0,83,1,128,0,"[0,0,0,0,0,0,0,0,0,0,0,0,-8,2,-7,2,-7,2,-6,1,-5,1,-3,0,-1,0,0,-1,1,-1,3,-2,5,-2,6,-3,7,-3,7,-3,7,-3,8,-3,7,-3,6,-3,6,-3,5,-2,3,-2,2,-1,1,-1,0,0,-1,0,-3,1,0,0,-6,2,-7,2,-7,2,-8,2,-8,2,-7,2,-7,2,-6,2,-5,2,-4,1,-3,1,-1,0,0,0,0,0,2,0,3,0,4,0,5,-1,5,-1,5,-1,5,-1,5,-1,5,0,5,0,3,0,3,0,0,0,0,0,0,0,0,0,0,0]"
CSI_DATA,23040,80:af:ca:27:52:2a,-54,11,1,0,1,1,1,0,0,0,0,-97,0,11,2,311430058,0,83,1,128,0,"[0,0,0,0,0,0,0,0,0,0,0,0,8,4,7,4,6,4,5,4,3,2,1,1,0,0,-1,0,-2,-1,-4,-2,-5,-3,-6,-4,-7,-4,-8,-5,-8,-5,-8,-5,-8,-5,-7,-4,-6,-4,-5,-3,-4,-2,-2,-1,-1,-1,0,0,1,1,2,1,0,0,5,4,6,4,6,5,7,5,6,5,6,5,6,5,5,4,5,3,4,2,2,1,1,0,0,0,0,-1,-1,-2,-2,-4,-2,-4,-3,-5,-4,-5,-4,-5,-4,-6,-4,-5,-3,-5,-3,-5,-2,-4,-2,-3,0,0,0,0,0,0,0,0,0,0]"
CSI_DATA,23041,80:af:ca:27:52:2a,-55,11,1,0,1,1,1,0,0,0,0,-97,0,11,2,311437717,0,83,1,128,0,"[0,0,0,0,0,0,0,0,0,0,0,0,-4,0,-7,0,-9,-1,-11,-2,-11,-2,-12,-3,-13,-3,-12,-3,-12,-3,-11,-2,-10,-2,-8,-2,-6,-2,-4,-1,-1,-1,0,0,2,0,5,0,7,0,8,0,10,0,11,0,11,0,12,0,11,0,11,0,0,0,8,0,6,0,4,0,1,0,0,0,-3,0,-4,-1,-6,-1,-8,-1,-9,-1,-11,-1,-11,-2,-11,-2,-11,-2,-10,-1,-8,-1,-7,-1,-6,0,-4,0,-2,0,0,0,0,0,2,0,3,1,4,2,5,2,0,0,0,0,0,0,0,0,0,0]"
CSI_DATA,23042,80:af:ca:27:52:2a,-54,11,1,0,1,1,1,0,0,0,0,-97,0,11,2,311458580,0,83,1,128,0,"[0,0,0,0,0,0,0,0,0,0,0,0,-6,6,-5,5,-5,5,-5,4,-4,2,-2,1,-1,0,0,-1,0,-2,1,-4,2,-5,2,-6,2,-7,3,-8,3,-8,3,-8,2,-8,2,-7,2,-6,1,-5,1,-4,1,-2,0,-1,0,0,0,1,-1,3,0,0,-1,6,-1,7,-1,8,-1,8,-2,8,-2,8,-1,7,-1,6,-1,5,0,4,0,2,0,1,0,0,0,-1,0,-2,1,-4,1,-5,1,-6,1,-6,1,-6,1,-6,1,-6,1,-5,0,-5,0,-4,0,-4,0,0,0,0,0,0,0,0,0,0]"
CSI_DATA,23043,80:af:ca:27:52:2a,-55,11,1,0,1,1,1,0,0,0,0,-97,0,11,2,311486313,0,83,1,128,0,"[0,0,0,0,0,0,0,0,0,0,0,0,2,0,4,2,5,4,6,5,7,6,7,7,7,7,7,7,7,7,7,7,6,6,5,4,4,4,2,2,0,0,0,0,-2,-2,-3,-2,-4,-4,-6,-4,-7,-6,-8,-7,-8,-7,-9,-7,-9,-7,-8,-6,0,0,-7,-4,-4,-4,-4,-2,-2,-1,0,0,0,1,2,2,3,3,4,4,5,4,6,5,6,6,6,6,6,6,5,5,5,4,4,4,3,3,2,2,1,0,0,0,0,-1,0,-2,-2,-3,-2,-4,-2,-4,0,0,0,0,0,0,0,0,0,0]"
CSI_DATA,23044,80:af:ca:27:52:2a,-55,11,1,0,1,1,1,0,0,0,0,-97,0,11,2,311511976,0,83,1,128,0,"[0,0,0,0,0,0,0,0,0,0,0,0,-4,0,-6,-2,-8,-2,-10,-4,-11,-4,-12,-4,-13,-4,-12,-4,-12,-4,-11,-4,-10,-4,-8,-3,-6,-2,-4,-2,-2,-1,0,0,2,0,4,0,6,0,8,0,10,0,11,0,11,0,11,0,11,0,11,0,0,0,8,0,6,0,4,0,2,0,0,0,-2,0,-4,0,-6,0,-8,0,-9,0,-11,0,-11,0,-11,0,-11,0,-10,0,-9,0,-7,0,-6,0,-4,0,-2,0,0,0,0,0,2,0,3,0,4,0,6,0,0,0,0,0,0,0,0,0,0,0]"
CSI_DATA,23045,80:af:ca:27:52:2a,-55,11,1,2,1,1,1,0,0,0,0,-97,0,11,2,311517381,0,83,1,128,0,"[0,0,0,0,0,0,0,0,0,0,0,0,2,-2,4,-2,6,-2,8,-3,8,-3,9,-3,10,-3,10,-3,9,-2,9,-2,8,-2,6,-2,5,-1,2,0,0,0,0,0,-2,0,-4,1,-5,2,-7,2,-8,3,-9,3,-9,4,-9,4,-9,4,-8,4,0,0,-6,2,-5,2,-3,1,-2,0,0,0,1,0,3,-1,5,-2,6,-2,7,-3,8,-3,8,-3,8,-3,8,-3,7,-3,6,-2,5,-2,4,-2,2,-2,1,-1,0,-1,-1,0,-2,0,-3,0,-5,0,-5,0,0,0,0,0,0,0,0,0,0,0]"
CSI_DATA,23046,80:af:ca:27:52:2a,-55,11,1,0,1,1,1,0,0,0,0,-97,0,11,2,311536140,0,83,1,128,0,"[0,0,0,0,0,0,0,0,0,0,0,0,2,7,1,7,1,6,0,5,0,3,0,2,0,0,-1,-1,-2,-2,-2,-3,-2,-5,-3,-6,-3,-6,-4,-7,-4,-7,-4,-7,-4,-7,-3,-6,-3,-6,-2,-5,-2,-3,-1,-2,-1,-1,0,0,1,1,2,2,0,0,3,4,4,5,4,6,4,6,4,6,4,6,4,6,3,5,3,4,2,3,2,2,1,1,0,0,0,-1,-1,-2,-2,-3,-2,-4,-3,-5,-3,-5,-3,-5,-3,-6,-3,-5,-3,-5,-3,-5,-2,-4,-2,-3,0,0,0,0,0,0,0,0,0,0]"
CSI_DATA,23047,80:af:ca:27:52:2a,-54,11,1,2,1,1,1,0,0,0,0,-97,0,11,2,311543206,0,83,1,128,0,"[0,0,0,0,0,0,0,0,0,0,0,0,0,-3,1,-5,2,-7,3,-8,3,-9,4,-10,4,-11,4,-10,5,-10,4,-9,3,-8,2,-7,2,-5,1,-3,0,-1,0,0,0,2,-2,3,-2,5,-3,7,-3,8,-3,8,-4,9,-4,10,-4,9,-3,9,0,0,-2,7,-2,5,-1,3,0,2,0,0,0,-2,1,-3,2,-5,2,-6,3,-7,4,-8,4,-8,4,-8,4,-8,4,-8,3,-7,2,-6,2,-5,1,-3,0,-2,0,-1,-1,0,-2,0,-3,1,-4,2,-5,2,0,0,0,0,0,0,0,0,0,0]"
CSI_DATA,23048,80:af:ca:27:52:2a,-55,11,1,0,1,1,1,0,0,0,0,-97,0,11,2,311581751,0,83,1,128,0,"[0,0,0,0,0,0,0,0,0,0,0,0,-2,-2,-3,-4,-3,-6,-3,-8,-4,-9,-4,-9,-4,-9,-4,-9,-4,-9,-4,-9,-3,-8,-2,-7,-2,-5,-1,-3,0,-1,0,0,1,1,2,2,2,4,4,5,4,6,4,7,5,7,5,7,5,7,5,7,0,0,4,4,3,3,2,2,0,0,0,0,-1,-2,-2,-3,-3,-4,-4,-5,-4,-6,-5,-7,-5,-7,-5,-7,-5,-7,-5,-7,-4,-6,-4,-5,-3,-4,-2,-2,-2,-1,-1,0,0,0,0,2,0,2,1,4,1,4,0,0,0,0,0,0,0,0,0,0]"
CSI_DATA,23049,80:af:ca:27:52:2a,-54,11,1,0,1,1,1,0,0,0,0,-97,0,11,2,311589833,0,83,1,128,0,"[0,0,0,0,0,0,0,0,0,0,0,0,-3,0,-5,0,-7,-2,-8,-2,-9,-2,-10,-3,-10,-3,-10,-2,-10,-3,-9,-2,-8,-2,-7,-2,-5,-2,-3,-1,-1,-1,0,0,2,0,4,0,5,0,7,0,8,0,9,0,10,0,10,0,10,0,9,0,0,0,7,0,5,0,3,0,1,0,0,0,-2,0,-4,0,-5,0,-8,0,-8,0,-9,0,-10,0,-10,0,-9,0,-8,0,-8,0,-7,0,-5,0,-3,0,-2,0,0,0,0,0,2,0,3,0,4,0,5,0,0,0,0,0,0,0,0,0,0,0]"
CSI_DATA,23050,80:af:ca:27:52:2a,-55,11,1,0,1,1,1,0,0,0,0,-97,0,11,2,311606677,0,83,1,128,0,"[0,0,0,0,0,0,0,0,0,0,0,0,1,2,1,5,1,7,0,10,0,10,0,12,0,12,1,12,0,12,1,11,0,10,0,9,0,6,0,4,0,2,-1,0,-1,-2,-2,-4,-2,-7,-3,-8,-3,-10,-4,-11,-5,-11,-5,-12,-5,-12,-5,-11,0,0,-4,-9,-2,-7,-2,-5,-1,-2,0,0,0,1,1,3,1,5,2,7,3,8,3,9,3,10,3,10,3,10,3,9,2,8,2,7,2,5,1,3,1,2,0,0,0,-1,0,-2,0,-4,0,-5,-1,-6,0,0,0,0,0,0,0,0,0,0]"
CSI_DATA,23051,80:af:ca:27:52:2a,-55,11,1,0,1,1,1,0,0,0,0,-97,0,11,2,311635575,0,83,1,128,0,"[0,0,0,0,0,0,0,0,0,0,0,0,3,-1,5,0,7,0,9,0,9,0,10,0,11,0,10,0,10,0,9,0,8,0,7,0,4,0,2,0,0,0,-1,0,-3,0,-4,0,-7,0,-8,0,-9,0,-10,0,-10,0,-11,0,-11,0,-10,0,0,0,-7,0,-5,0,-4,0,-2,0,0,0,2,0,4,0,5,0,7,0,7,0,9,0,9,0,9,0,9,0,7,0,7,0,6,0,4,0,3,0,1,-1,0,-1,-1,-1,-2,-1,-3,-1,-4,-2,-5,-2,0,0,0,0,0,0,0,0,0,0]"
CSI_DATA,23052,80:af:ca:27:52:2a,-54,11,1,2,1,1,1,0,0,0,0,-97,0,11,2,311642066,0,83,1,128,0,"[0,0,0,0,0,0,0,0,0,0,0,0,-2,-2,-3,-5,-4,-6,-4,-8,-5,-9,-5,-9,-5,-10,-5,-10,-5,-9,-5,-8,-4,-8,-3,-6,-2,-5,-1,-3,0,-1,0,0,1,1,2,2,2,5,4,5,5,6,5,7,5,8,5,8,5,8,5,7,0,0,4,5,2,4,2,2,0,1,0,0,-1,-2,-2,-3,-2,-5,-3,-6,-4,-7,-5,-8,-5,-8,-5,-8,-5,-8,-4,-7,-4,-6,-3,-5,-2,-4,-2,-2,-1,-2,0,0,0,0,0,2,0,2,0,4,0,5,0,0,0,0,0,0,0,0,0,0]"
CSI_DATA,23053,80:af:ca:27:52:2a,-55,11,1,0,1,1,1,0,0,0,0,-97,0,11,2,311649472,0,83,1,128,0,"[0,0,0,0,0,0,0,0,0,0,0,0,0,-3,2,-4,3,-6,4,-6,4,-8,5,-8,6,-8,6,-8,6,-7,5,-7,4,-6,4,-5,2,-4,2,-2,0,-1,0,0,-1,2,-2,3,-2,4,-3,6,-4,6,-4,7,-4,8,-4,8,-4,8,-4,7,0,0,-3,6,-2,4,-1,2,0,1,0,0,0,-2,1,-3,2,-4,2,-6,2,-7,3,-8,3,-8,3,-8,3,-7,2,-7,2,-6,2,-5,1,-4,0,-3,0,-2,0,0,-1,0,-2,1,-2,2,-3,2,-3,3,0,0,0,0,0,0,0,0,0,0]"
CSI_DATA,23054,80:af:ca:27:52:2a,-54,11,1,2,1,1,1,0,0,0,0,-97,0,11,2,311663544,0,83,1,128,0,"[0,0,0,0,0,0,0,0,0,0,0,0,2,2,2,4,3,5,3,7,4,8,4,8,4,9,4,9,3,8,3,8,2,7,2,5,1,4,0,2,0,0,0,-1,-1,-2,-2,-4,-3,-5,-3,-7,-5,-8,-5,-8,-5,-9,-5,-9,-5,-9,-5,-8,0,0,-3,-6,-2,-5,-2,-3,-1,-1,0,0,0,2,0,3,0,5,1,6,2,8,2,8,2,8,2,8,2,8,2,8,1,7,1,5,1,4,0,2,0,1,0,0,0,-1,0,-2,0,-3,0,-5,0,-5,0,0,0,0,0,0,0,0,0,0]"
CSI_DATA,23055,80:af:ca:27:52:2a,-55,11,1,2,1,1,1,0,0,0,0,-97,0,11,2,311670354,0,83,1,128,0,"[0,0,0,0,0,0,0,0,0,0,0,0,0,2,-1,5,-2,6,-3,7,-4,8,-5,9,-5,10,-5,9,-5,9,-4,8,-4,8,-3,6,-2,5,-2,2,-1,1,0,0,0,-2,0,-4,0,-6,1,-8,1,-8,1,-10,1,-10,1,-10,1,-10,1,-10,0,0,0,-8,0,-6,0,-4,0,-2,0,0,0,1,-1,2,-1,5,-2,6,-2,7,-2,8,-2,8,-2,8,-2,8,-2,8,-2,7,-1,6,-1,5,0,3,0,2,0,0,0,0,1,-2,1,-2,2,-4,2,-5,0,0,0,0,0,0,0,0,0,0]"
CSI_DATA,23056,80:af:ca:27:52:2a,-55,11,1,0,1,1,1,0,0,0,0,-97,0,11,2,311677370,0,83,1,128,0,"[0,0,0,0,0,0,0,0,0,0,0,0,0,2,-2,4,-3,6,-4,6,-4,8,-5,8,-5,8,-5,8,-5,8,-4,8,-4,6,-4,5,-3,4,-2,2,-1,0,0,-1,0,-2,0,-4,1,-6,1,-7,2,-8,2,-9,2,-9,2,-10,2,-9,2,-9,0,0,1,-6,0,-5,0,-4,0,-2,0,0,0,1,-1,3,-1,4,-2,6,-2,6,-2,7,-2,8,-2,8,-2,7,-2,7,-2,6,-1,5,0,4,0,3,0,1,0,0,0,0,1,-2,1,-3,2,-4,2,-4,0,0,0,0,0,0,0,0,0,0]"
CSI_DATA,23057,80:af:ca:27:52:2a,-55,11,1,0,1,1,1,0,0,0,0,-97,0,11,2,311687823,0,83,1,128,0,"[0,0,0,0,0,0,0,0,0,0,0,0,-4,-7,-4,-6,-3,-5,-2,-5,-2,-3,-1,-2,0,-1,0,0,0,0,1,2,2,3,3,4,4,4,4,5,4,5,4,5,4,5,4,5,4,4,3,3,2,2,1,1,0,0,0,0,0,-1,-2,-2,0,0,-3,-4,-4,-4,-5,-5,-5,-5,-5,-5,-5,-5,-4,-5,-4,-4,-4,-4,-3,-3,-2,-2,-1,-1,0,0,0,0,0,1,1,2,1,3,2,3,2,3,2,4,2,4,2,4,2,4,2,3,1,3,1,2,0,0,0,0,0,0,0,0,0,0]"
CSI_DATA,23058,80:af:ca:27:52:2a,-55,11,1,0,1,1,1,0,0,0,0,-97,0,11,2,311698420,0,83,1,128,0,"[0,0,0,0,0,0,0,0,0,0,0,0,3,0,4,1,6,2,7,4,8,4,8,4,8,4,8,4,8,4,7,4,6,4,5,3,3,2,2,1,0,0,-1,0,-2,-2,-4,-2,-5,-3,-6,-4,-7,-4,-8,-5,-8,-5,-8,-5,-8,-5,-8,-4,0,0,-6,-4,-4,-2,-3,-2,-2,0,0,0,0,1,2,2,3,3,4,4,5,4,5,5,5,6,5,6,5,5,5,5,4,4,4,4,3,2,2,2,1,0,0,0,0,-1,0,-2,-1,-3,-1,-4,-2,-4,0,0,0,0,0,0,0,0,0,0]"
CSI_DATA,23059,80:af:ca:27:52:2a,-55,11,1,0,1,1,1,0,0,0,0,-97,0,11,2,311706648,0,83,1,128,0,"[0,0,0,0,0,0,0,0,0,0,0,0,-4,8,-3,7,-3,6,-3,5,-2,3,-1,2,-1,0,0,-1,0,-2,0,-4,1,-6,1,-7,1,-8,2,-8,2,-8,2,-9,1,-8,1,-8,1,-7,1,-6,1,-4,0,-3,0,-1,0,0,0,1,0,3,0,0,-1,6,-1,7,-1,7,-1,8,-1,8,-1,8,-1,7,-1,6,0,6,0,4,0,3,0,1,0,0,0,-1,0,-2,0,-3,1,-5,1,-6,1,-6,1,-6,1,-6,1,-6,1,-6,0,-5,1,-4,0,-3,0,0,0,0,0,0,0,0,0,0]"
CSI_DATA,23060,80:af:ca:27:52:2a,-55,11,1,0,1,1,1,0,0,0,0,-97,0,11,2,311725576,0,83,1,128,0,"[0,0,0,0,0,0,0,0,0,0,0,0,-1,2,-3,3,-5,4,-7,5,-7,5,-8,5,-8,6,-8,6,-8,5,-8,5,-8,5,-6,4,-5,2,-3,2,-2,0,0,-1,0,-2,1,-3,2,-5,3,-6,4,-8,5,-8,5,-8,5,-9,5,-9,4,-9,0,0,3,-7,2,-5,1,-4,0,-2,0,0,-1,1,-2,2,-2,4,-3,5,-3,7,-4,8,-4,8,-4,8,-4,8,-4,8,-3,7,-2,6,-2,5,-1,3,0,2,0,0,0,0,0,-1,1,-2,2,-3,2,-4,0,0,0,0,0,0,0,0,0,0]"
CSI_DATA,23061,80:af:ca:27:52:2a,-55,11,1,0,1,1,1,0,0,0,0,-97,0,11,2,311736211,0,83,1,128,0,"[0,0,0,0,0,0,0,0,0,0,0,0,-5,6,-4,5,-4,5,-3,3,-2,2,-2,1,-1,0,0,0,0,-2,0,-3,1,-4,1,-5,2,-6,2,-7,2,-7,2,-7,1,-7,1,-6,1,-6,0,-5,0,-4,0,-2,0,-1,0,0,0,1,0,2,0,0,0,5,0,6,0,6,0,7,0,7,0,7,0,6,0,5,0,5,0,3,0,2,0,1,0,0,0,-1,0,-2,0,-3,0,-4,0,-5,0,-5,0,-5,0,-5,0,-5,0,-5,0,-4,0,-4,0,-3,0,0,0,0,0,0,0,0,0,0]"
CSI_DATA,23062,80:af:ca:27:52:2a,-55,11,1,0,1,1,1,0,0,0,0,-97,0,11,2,311753767,0,83,1,128,0,"[0,0,0,0,0,0,0,0,0,0,0,0,-2,-2,-2,-4,-2,-6,-2,-8,-2,-8,-2,-9,-2,-10,-2,-10,-2,-10,-2,-8,-1,-8,-1,-7,-1,-5,0,-4,0,-2,0,0,0,2,0,3,1,4,1,6,1,7,1,8,2,8,2,8,2,8,2,8,0,0,1,6,1,4,0,3,0,1,0,0,0,-2,0,-3,0,-5,0,-6,0,-7,0,-8,0,-8,0,-8,0,-8,0,-8,0,-7,0,-6,0,-5,0,-3,0,-2,0,-1,-1,0,-1,1,-1,2,-2,3,-2,4,0,0,0,0,0,0,0,0,0,0]"
CSI_DATA,23063,80:af:ca:27:52:2a,-55,11,1,0,1,1,1,0,0,0,0,-97,0,11,2,311762352,0,83,1,128,0,"[0,0,0,0,0,0,0,0,0,0,0,0,2,-2,4,-3,6,-3,8,-3,8,-3,9,-3,10,-3,9,-3,9,-3,8,-2,7,-2,6,-2,4,-2,2,0,0,0,-1,0,-2,0,-4,1,-6,1,-8,2,-8,2,-9,2,-9,2,-10,2,-10,2,-9,2,0,0,-6,2,-5,1,-4,1,-2,0,0,0,2,0,3,0,5,0,6,0,7,-1,8,-1,8,-1,8,-1,8,-1,7,-1,6,-1,5,-1,4,-1,3,-1,1,-1,0,-1,-1,-1,-2,-1,-3,-1,-4,-2,-5,-2,0,0,0,0,0,0,0,0,0,0]"
CSI_DATA,23064,80:af:ca:27:52:2a,-54,11,1,0,1,1,1,0,0,0,0,-97,0,11,2,311771490,0,83,1,128,0,"[0,0,0,0,0,0,0,0,0,0,0,0,-9,0,-8,0,-7,0,-6,-1,-4,0,-2,-1,-1,-1,0,-1,2,-1,3,0,5,0,6,-1,7,-1,7,-1,8,0,8,-1,7,-1,7,-1,6,-1,5,-1,3,-1,2,0,1,0,0,0,-2,0,-3,0,0,0,-6,0,-7,1,-8,1,-8,1,-8,0,-8,0,-7,0,-7,0,-6,0,-4,0,-3,0,-1,0,0,0,1,0,2,0,3,0,4,0,5,0,5,0,5,0,6,0,5,0,5,0,5,0,3,0,3,0,0,0,0,0,0,0,0,0,0,0]"
CSI_DATA,23065,80:af:ca:27:52:2a,-56,11,1,0,1,1,1,0,0,0,0,-97,0,11,2,311790436,0,83,1,128,0,"[0,0,0,0,0,0,0,0,0,0,0,0,0,2,-1,4,-2,5,-3,6,-3,7,-4,8,-4,8,-4,8,-4,8,-4,8,-4,6,-3,6,-2,4,-2,2,-1,1,-1,0,0,-2,0,-4,0,-5,0,-7,0,-8,0,-9,0,-9,0,-10,0,-10,0,-9,0,0,0,-7,0,-6,0,-4,0,-2,0,0,0,1,0,3,0,4,0,6,0,6,0,8,0,8,0,8,0,8,0,8,0,6,0,6,0,4,0,3,0,2,0,0,0,0,0,-2,0,-3,0,-4,0,-4,0,0,0,0,0,0,0,0,0,0]"
CSI_DATA,23066,80:af:ca:27:52:2a,-55,11,1,0,1,1,1,0,0,0,0,-97,0,11,2,311805557,0,83,1,128,0,"[0,0,0,0,0,0,0,0,0,0,0,0,0,-4,0,-6,0,-8,1,-10,2,-10,2,-11,2,-12,2,-12,2,-11,2,-10,2,-10,2,-8,1,-6,0,-4,0,-2,0,0,0,2,0,4,-1,6,-1,8,-2,9,-2,10,-2,10,-2,11,-2,11,-2,10,0,0,-2,8,-1,6,0,4,0,2,0,0,0,-2,1,-4,2,-6,2,-8,2,-8,2,-10,3,-10,3,-10,3,-10,3,-9,2,-8,2,-7,1,-6,0,-4,0,-2,0,-1,-1,0,-2,1,-3,2,-4,3,-4,4,0,0,0,0,0,0,0,0,0,0]"
CSI_DATA,23067,80:af:ca:27:52:2a,-54,11,1,0,1,1,1,0,0,0,0,-97,0,11,2,311815107,0,83,1,128,0,"[0,0,0,0,0,0,0,0,0,0,0,0,-9,-1,-8,-1,-7,-1,-6,-1,-5,-1,-3,-1,-1,-1,0,0,2,0,3,0,5,0,6,0,7,0,7,0,8,0,8,0,8,0,7,0,6,0,5,0,4,0,2,0,1,0,0,0,-2,0,-3,0,0,0,-6,0,-7,-1,-8,-1,-8,0,-8,-1,-8,-1,-8,-1,-7,0,-6,0,-5,0,-3,0,-2,0,-1,0,0,0,1,0,3,1,4,1,5,1,5,1,5,1,5,1,5,1,5,1,4,1,3,1,2,1,0,0,0,0,0,0,0,0,0,0]"
CSI_DATA,23068,80:af:ca:27:52:2a,-54,11,1,2,1,1,1,0,0,0,0,-97,0,11,2,311821189,0,83,1,128,0,"[0,0,0,0,0,0,0,0,0,0,0,0,2,-3,4,-3,6,-3,8,-4,9,-4,10,-4,10,-4,10,-4,10,-3,9,-3,8,-3,6,-3,4,-2,3,-1,0,0,0,0,-3,0,-4,1,-6,1,-8,2,-9,3,-10,3,-10,3,-10,3,-10,3,-10,3,0,0,-7,2,-6,1,-3,1,-2,0,0,0,1,0,3,0,5,0,6,0,7,0,8,-1,9,0,9,0,8,0,8,0,7,0,6,0,4,0,3,0,2,0,0,-1,0,-1,-2,-1,-3,-2,-4,-2,-5,-3,0,0,0,0,0,0,0,0,0,0]"
CSI_DATA,23069,80:af:ca:27:52:2a,-54,11,1,0,1,1,1,0,0,0,0,-97,0,11,2,311829716,0,83,1,128,0,"[0,0,0,0,0,0,0,0,0,0,0,0,2,8,2,7,1,6,1,5,0,3,0,2,0,0,-1,-1,-1,-2,-2,-4,-2,-6,-3,-7,-3,-7,-3,-8,-3,-8,-3,-8,-3,-8,-3,-7,-3,-7,-2,-6,-2,-4,-1,-2,-1,-1,0,0,0,1,1,3,0,0,2,6,2,7,2,7,3,7,2,8,2,7,2,7,2,6,2,5,1,3,1,2,0,1,0,0,0,-1,0,-2,0,-4,0,-5,-1,-6,-1,-6,-1,-6,-1,-6,0,-6,-1,-6,0,-5,0,-4,0,-3,0,0,0,0,0,0,0,0,0,0]"
CSI_DATA,23070,80:af:ca:27:52:2a,-55,11,1,0,1,1,1,0,0,0,0,-97,0,11,2,311850714,0,83,1,128,0,"[0,0,0,0,0,0,0,0,0,0,0,0,-3,0,-5,0,-7,0,-8,0,-9,0,-10,0,-11,0,-11,0,-10,0,-9,0,-8,0,-7,0,-5,0,-4,0,-2,0,0,-1,2,-1,3,-2,5,-2,6,-2,8,-2,8,-3,8,-3,9,-3,9,-3,8,-3,0,0,6,-2,4,-2,3,-2,1,-1,0,0,-2,0,-4,1,-5,2,-6,2,-7,2,-8,3,-8,3,-8,2,-8,3,-8,3,-6,2,-6,2,-4,2,-3,1,-2,0,0,0,0,0,2,0,3,-1,4,-1,4,-1,0,0,0,0,0,0,0,0,0,0]"
CSI_DATA,23071,80:af:ca:27:52:2a,-55,11,1,0,1,1,1,0,0,0,0,-97,0,11,2,311867457,0,83,1,128,0,"[0,0,0,0,0,0,0,0,0,0,0,0,-3,0,-4,0,-7,-1,-8,-2,-9,-2,-9,-3,-10,-2,-10,-2,-10,-3,-9,-2,-9,-2,-7,-2,-6,-2,-4,-2,-2,-1,0,0,1,0,3,0,5,0,7,0,8,0,9,0,9,0,10,0,10,0,9,-1,0,0,7,0,5,0,3,0,2,0,0,0,-2,0,-4,0,-5,0,-7,0,-8,0,-9,0,-9,0,-9,0,-9,0,-8,0,-7,0,-7,0,-5,0,-4,0,-2,0,0,0,0,0,1,0,2,0,4,0,4,0,0,0,0,0,0,0,0,0,0,0]"
CSI_DATA,23072,80:af:ca:27:52:2a,-55,11,1,0,1,1,1,0,0,0,0,-97,0,11,2,311876050,0,83,1,128,0,"[0,0,0,0,0,0,0,0,0,0,0,0,-3,0,-5,-2,-7,-2,-8,-4,-9,-4,-9,-4,-10,-5,-10,-4,-9,-4,-9,-4,-8,-4,-7,-3,-5,-3,-3,-2,-1,-1,0,-1,2,0,4,0,5,0,7,0,8,0,9,0,9,0,10,0,9,0,9,0,0,0,7,0,5,0,3,0,1,0,0,0,-2,0,-4,0,-5,0,-7,0,-8,0,-9,0,-9,0,-9,0,-9,1,-8,1,-7,1,-6,0,-4,1,-3,0,-2,0,0,0,0,0,2,0,3,0,4,0,4,0,0,0,0,0,0,0,0,0,0,0]"
CSI_DATA,23073,80:af:ca:27:52:2a,-55,11,1,0,1,1,1,0,0,0,0,-97,0,11,2,311883716,0,83,1,128,0,"[0,0,0,0,0,0,0,0,0,0,0,0,-5,6,-5,6,-5,5,-4,4,-3,3,-2,1,-1,0,0,-1,0,-2,1,-3,2,-5,2,-6,3,-7,3,-7,3,-7,3,-8,3,-7,3,-7,2,-6,2,-5,1,-4,1,-3,0,-1,0,0,-1,1,-1,3,0,0,-2,5,-2,6,-3,6,-3,7,-3,7,-3,7,-2,6,-2,6,-2,5,-1,4,-1,3,0,1,0,0,0,-1,1,-2,1,-3,2,-4,2,-4,2,-5,2,-5,2,-5,2,-5,2,-5,2,-4,1,-4,1,-3,0,0,0,0,0,0,0,0,0,0]"
CSI_DATA,23074,80:af:ca:27:52:2a,-55,11,1,0,1,1,1,0,0,0,0,-97,0,11,2,311907362,0,83,1,128,0,"[0,0,0,0,0,0,0,0,0,0,0,0,2,-2,4,-3,7,-4,9,-4,10,-4,11,-4,12,-4,11,-4,11,-4,10,-4,9,-3,7,-3,5,-2,3,-1,1,0,0,0,-2,1,-4,2,-6,3,-7,4,-9,4,-10,5,-10,6,-10,6,-11,6,-9,6,0,0,-7,4,-6,3,-4,2,-2,1,0,0,2,-1,3,-2,5,-3,7,-4,7,-5,9,-5,9,-5,9,-5,9,-5,8,-5,7,-4,6,-4,4,-4,3,-2,1,-2,0,-1,-1,0,-2,0,-4,0,-5,0,-6,1,0,0,0,0,0,0,0,0,0,0]"
CSI_DATA,23075,80:af:ca:27:52:2a,-54,11,1,0,1,1,1,0,0,0,0,-97,0,11,2,311915089,0,83,1,128,0,"[0,0,0,0,0,0,0,0,0,0,0,0,0,2,1,5,1,6,1,8,1,9,1,10,1,11,1,11,1,11,1,9,0,9,0,7,0,5,0,3,0,1,0,0,-1,-2,-1,-4,-2,-6,-2,-8,-2,-9,-2,-10,-2,-11,-3,-11,-3,-11,-3,-10,0,0,-2,-8,-2,-6,-2,-5,-1,-2,0,0,0,1,0,3,0,5,0,7,1,8,1,9,0,9,0,9,1,9,0,8,0,8,0,6,0,5,0,3,0,1,0,0,0,-1,0,-2,0,-4,0,-5,0,-5,0,0,0,0,0,0,0,0,0,0]"
CSI_DATA,23076,80:af:ca:27:52:2a,-55,11,1,0,1,1,1,0,0,0,0,-97,0,11,2,311928856,0,83,1,128,0,"[0,0,0,0,0,0,0,0,0,0,0,0,-6,4,-5,3,-5,3,-4,2,-3,1,-2,0,-1,0,0,0,0,-1,1,-2,3,-3,3,-4,4,-5,4,-5,5,-5,5,-5,4,-5,4,-5,3,-5,3,-4,2,-3,1,-2,0,-1,0,0,0,0,-1,2,0,0,-3,4,-4,5,-4,5,-4,5,-4,5,-4,5,-4,5,-3,5,-3,4,-2,3,-1,2,0,1,0,0,0,0,1,-1,1,-2,2,-3,3,-3,3,-4,3,-4,3,-4,3,-4,3,-4,3,-3,2,-3,2,-2,0,0,0,0,0,0,0,0,0,0]"
CSI_DATA,23077,80:af:ca:27:52:2a,-54,11,1,0,1,1,1,0,0,0,0,-97,0,11,2,311942163,0,83,1,128,0,"[0,0,0,0,0,0,0,0,0,0,0,0,7,-4,6,-4,6,-3,5,-3,4,-2,2,-1,1,0,0,0,-1,1,-2,2,-4,3,-5,3,-6,4,-6,4,-6,5,-6,5,-6,5,-6,4,-5,4,-4,3,-3,2,-2,2,-1,0,0,0,0,-1,2,-2,0,0,3,-4,4,-5,5,-5,5,-6,5,-5,5,-5,5,-5,4,-5,3,-4,2,-3,1,-2,0,-1,0,0,-1,0,-2,1,-3,2,-3,2,-4,3,-4,3,-4,3,-4,3,-4,3,-4,3,-3,2,-3,2,-2,1,0,0,0,0,0,0,0,0,0,0]"
CSI_DATA,23078,80:af:ca:27:52:2a,-54,11,1,0,1,1,1,0,0,0,0,-97,0,11,2,311951410,0,83,1,128,0,"[0,0,0,0,0,0,0,0,0,0,0,0,-6,-8,-5,-7,-4,-6,-3,-6,-2,-4,-1,-3,0,-1,0,0,1,1,2,2,3,4,4,4,4,6,5,6,5,6,6,7,5,6,4,6,4,5,3,4,2,3,1,2,0,0,0,0,-1,-2,-2,-2,0,0,-4,-4,-5,-6,-6,-6,-6,-7,-6,-7,-6,-6,-5,-6,-4,-5,-4,-4,-3,-3,-2,-2,-1,-1,-1,0,0,1,0,2,1,3,2,4,2,4,2,4,2,4,2,5,2,4,2,4,2,4,2,3,1,3,0,0,0,0,0,0,0,0,0,0]"
CSI_DATA,23079,80:af:ca:27:52:2a,-54,11,1,0,1,1,1,0,0,0,0,-97,0,11,2,311960341,0,83,1,128,0,"[0,0,0,0,0,0,0,0,0,0,0,0,-8,-5,-7,-4,-6,-4,-5,-4,-3,-2,-2,-2,0,-1,1,0,2,0,4,1,5,2,6,3,6,4,7,4,7,4,8,4,7,4,6,3,5,2,5,2,3,1,2,1,0,0,0,0,-2,-1,-4,-2,0,0,-6,-3,-7,-4,-8,-4,-8,-4,-8,-5,-8,-4,-7,-4,-6,-3,-5,-2,-4,-2,-3,-1,-2,0,0,0,0,1,1,1,2,2,3,3,4,3,4,4,4,4,4,4,4,4,4,4,3,3,2,2,2,2,0,0,0,0,0,0,0,0,0,0]"
CSI_DATA,23080,80:af:ca:27:52:2a,-55,11,1,0,1,1,1,0,0,0,0,-97,0,11,2,311969317,0,83,1,128,0,"[0,0,0,0,0,0,0,0,0,0,0,0,-1,2,-2,4,-4,5,-4,6,-5,7,-6,7,-6,8,-6,7,-6,7,-6,6,-5,6,-4,5,-3,4,-2,2,-1,0,0,0,0,-2,1,-4,2,-5,3,-6,4,-7,4,-8,4,-8,4,-8,4,-8,3,-8,0,0,2,-6,2,-5,1,-3,0,-2,0,0,-1,0,-2,2,-3,4,-4,4,-4,6,-4,6,-4,6,-5,6,-4,6,-4,6,-4,5,-3,4,-2,4,-2,2,-1,1,0,0,0,0,1,-1,2,-2,3,-2,3,-3,0,0,0,0,0,0,0,0,0,0]"
CSI_DATA,23081,80:af:ca:27:52:2a,-55,11,1,0,1,1,1,0,0,0,0,-97,0,11,2,311977768,0,83,1,128,0,"[0,0,0,0,0,0,0,0,0,0,0,0,-3,-8,-3,-7,-3,-6,-2,-6,-1,-4,-1,-3,0,-2,0,0,1,1,2,2,3,3,4,4,4,5,5,5,5,6,5,6,5,5,5,5,4,4,3,4,2,3,2,2,0,1,0,0,-1,-1,-3,-2,0,0,-5,-3,-6,-4,-6,-4,-7,-4,-7,-5,-7,-4,-6,-4,-6,-3,-5,-3,-4,-2,-3,-1,-2,-1,0,0,0,0,1,1,2,1,3,2,4,2,4,2,5,2,5,3,4,3,4,2,4,2,3,2,2,1,0,0,0,0,0,0,0,0,0,0]"
CSI_DATA,23082,80:af:ca:27:52:2a,-55,11,1,0,1,1,1,0,0,0,0,-97,0,11,2,311984598,0,83,1,128,0,"[0,0,0,0,0,0,0,0,0,0,0,0,-3,9,-3,8,-3,7,-3,5,-2,4,-2,2,-1,0,-1,-1,-1,-3,-1,-5,0,-7,0,-8,0,-9,0,-10,0,-10,-1,-11,-1,-10,-1,-9,-1,-8,-1,-6,0,-5,0,-3,0,-1,0,0,1,2,1,3,0,0,2,6,2,8,3,9,3,9,3,9,3,9,3,8,2,7,2,5,2,4,1,2,0,1,0,0,0,-2,-1,-3,-1,-4,-2,-5,-2,-6,-3,-6,-3,-7,-3,-7,-3,-6,-3,-6,-3,-5,-2,-5,-2,-3,0,0,0,0,0,0,0,0,0,0]"
CSI_DATA,23083,80:af:ca:27:52:2a,-55,11,1,2,1,1,1,0,0,0,0,-97,0,11,2,311990653,0,83,1,128,0,"[0,0,0,0,0,0,0,0,0,0,0,0,2,0,5,0,6,0,8,0,9,0,10,1,10,1,10,1,10,1,9,1,8,1,6,1,5,0,2,0,0,0,0,0,-2,0,-5,-1,-6,-1,-8,-2,-9,-2,-10,-2,-10,-2,-10,-2,-10,-2,-10,-2,0,0,-8,-1,-5,-1,-4,0,-2,0,0,0,1,0,2,1,4,2,5,2,7,3,8,3,8,4,8,4,8,4,7,3,6,3,5,2,4,2,2,1,2,0,0,0,0,-1,-1,-2,-2,-3,-2,-4,-2,-5,0,0,0,0,0,0,0,0,0,0]"
CSI_DATA,23084,80:af:ca:27:52:2a,-55,11,1,0,1,1,1,0,0,0,0,-97,0,11,2,312000100,0,83,1,128,0,"[0,0,0,0,0,0,0,0,0,0,0,0,-2,2,-3,3,-4,4,-6,5,-7,5,-7,6,-8,6,-8,6,-8,6,-7,6,-6,4,-6,4,-4,3,-3,2,-1,0,0,0,0,-2,2,-3,3,-4,4,-6,5,-6,6,-7,6,-7,6,-8,6,-7,5,-7,0,0,4,-6,3,-4,2,-3,0,-2,0,0,-2,0,-2,2,-4,3,-5,4,-5,4,-6,5,-6,5,-6,5,-6,5,-6,5,-5,4,-4,4,-3,3,-2,2,-2,1,0,0,0,0,2,0,2,-1,3,-2,4,-2,0,0,0,0,0,0,0,0,0,0]"
CSI_DATA,23085,80:af:ca:27:52:2a,-54,11,1,0,1,1,1,0,0,0,0,-97,0,11,2,312008002,0,83,1,128,0,"[0,0,0,0,0,0,0,0,0,0,0,0,3,-7,3,-7,2,-6,2,-5,2,-4,1,-2,1,-1,0,0,0,1,0,3,-1,4,-1,5,-1,6,-1,7,-1,7,-1,7,-1,7,0,6,0,6,0,5,0,4,0,2,0,1,0,0,0,-1,0,-3,0,0,-1,-5,-1,-6,-1,-7,-1,-7,-1,-7,-1,-7,-1,-7,-1,-6,-1,-5,-1,-4,-1,-3,0,-2,0,0,0,0,0,2,0,2,0,3,0,4,0,4,1,4,1,5,1,4,0,4,1,4,0,3,0,2,0,0,0,0,0,0,0,0,0,0]"
CSI_DATA,23086,80:af:ca:27:52:2a,-55,11,1,0,1,1,1,0,0,0,0,-97,0,11,2,312055982,0,83,1,128,0,"[0,0,0,0,0,0,0,0,0,0,0,0,2,2,2,4,3,5,3,6,3,8,3,8,3,8,3,8,3,8,2,8,2,7,2,6,1,4,0,2,0,0,-1,-1,-2,-2,-2,-4,-2,-5,-3,-6,-4,-8,-4,-8,-4,-8,-4,-8,-4,-8,-4,-8,0,0,-3,-6,-2,-4,-2,-3,-1,-1,0,0,0,2,0,3,1,4,1,6,2,7,2,8,2,8,2,8,2,8,2,7,2,6,1,6,1,4,1,2,0,1,0,0,0,-1,0,-2,0,-4,0,-4,0,-5,0,0,0,0,0,0,0,0,0,0]"
CSI_DATA,23087,80:af:ca:27:52:2a,-54,11,1,0,1,1,1,0,0,0,0,-97,0,11,2,312064573,0,83,1,128,0,"[0,0,0,0,0,0,0,0,0,0,0,0,-5,5,-5,5,-5,4,-4,4,-3,2,-2,1,-1,0,0,-1,0,-2,1,-3,2,-4,2,-5,2,-6,3,-7,3,-7,3,-7,2,-7,2,-7,2,-6,2,-5,1,-4,1,-3,0,-1,0,0,0,1,0,3,0,0,-1,5,-1,6,-1,7,-1,7,-1,7,-1,7,-1,7,-1,6,-1,5,0,4,0,3,0,1,0,0,0,-1,0,-2,0,-3,0,-4,0,-5,0,-5,0,-6,0,-6,0,-6,0,-5,0,-5,0,-4,0,-3,0,0,0,0,0,0,0,0,0,0]"
CSI_DATA,23088,80:af:ca:27:52:2a,-54,11,1,0,1,1,1,0,0,0,0,-97,0,11,2,312072035,0,83,1,128,0,"[0,0,0,0,0,0,0,0,0,0,0,0,5,6,5,6,4,5,3,5,2,3,1,2,0,1,-1,0,-2,-1,-3,-2,-4,-3,-5,-4,-6,-4,-6,-5,-6,-5,-7,-5,-6,-5,-6,-4,-5,-4,-5,-3,-4,-3,-2,-2,-1,-1,0,0,1,0,2,1,0,0,4,2,5,3,6,3,7,3,6,3,6,3,6,3,5,2,4,2,3,1,2,1,1,0,0,0,-1,-1,-2,-1,-3,-2,-4,-2,-4,-3,-4,-3,-5,-3,-5,-3,-5,-3,-4,-3,-4,-2,-3,-2,-3,-2,0,0,0,0,0,0,0,0,0,0]"
CSI_DATA,23089,80:af:ca:27:52:2a,-54,11,1,2,1,1,1,0,0,0,0,-97,0,11,2,312077836,0,83,1,128,0,"[0,0,0,0,0,0,0,0,0,0,0,0,0,-3,1,-5,3,-7,3,-8,4,-9,5,-10,5,-11,5,-11,5,-10,5,-9,4,-9,3,-7,2,-6,1,-3,0,-2,0,0,-1,1,-2,3,-3,5,-3,7,-4,8,-4,9,-4,9,-4,10,-4,10,-4,9,0,0,-3,7,-3,5,-2,3,0,2,0,0,0,-1,1,-3,2,-4,3,-7,3,-7,3,-8,4,-8,4,-8,4,-8,3,-7,3,-7,3,-6,2,-5,1,-3,0,-2,0,-1,-1,0,-2,0,-3,1,-3,2,-4,3,0,0,0,0,0,0,0,0,0,0]"
CSI_DATA,23090,80:af:ca:27:52:2a,-54,11,1,0,1,1,1,0,0,0,0,-97,0,11,2,312086425,0,83,1,128,0,"[0,0,0,0,0,0,0,0,0,0,0,0,0,3,0,5,-2,7,-2,8,-3,9,-3,9,-4,9,-3,9,-4,9,-3,8,-3,7,-2,6,-2,4,-1,2,0,0,0,-1,0,-2,1,-4,2,-6,3,-7,3,-8,4,-9,4,-9,4,-9,4,-9,3,-9,0,0,2,-7,2,-4,0,-4,0,-2,-1,0,-2,0,-3,2,-4,3,-5,4,-6,4,-7,5,-7,5,-7,5,-7,5,-6,4,-6,4,-4,4,-4,3,-2,2,-1,1,0,0,0,0,2,0,2,0,4,0,4,-1,0,0,0,0,0,0,0,0,0,0]"
CSI_DATA,23091,80:af:ca:27:52:2a,-55,11,1,0,1,1,1,0,0,0,0,-97,0,11,2,312094151,0,83,1,128,0,"[0,0,0,0,0,0,0,0,0,0,0,0,1,-9,1,-8,1,-7,1,-6,1,-4,0,-2,0,-1,0,0,0,2,0,3,-1,5,-1,6,-1,7,-1,8,-1,8,-1,8,-1,8,-1,7,-1,6,-1,5,-1,3,0,2,0,1,0,0,0,-2,0,-3,0,0,0,-6,1,-7,1,-8,1,-8,1,-8,1,-8,1,-8,1,-7,0,-6,0,-4,0,-3,0,-2,0,0,-1,0,-1,2,-2,3,-2,4,-2,4,-2,4,-2,5,-3,5,-2,5,-2,4,-2,4,-2,3,-2,2,0,0,0,0,0,0,0,0,0,0]"
CSI_DATA,23092,80:af:ca:27:52:2a,-55,11,1,2,1,1,1,0,0,0,0,-97,0,11,2,312113596,0,83,1,128,0,"[0,0,0,0,0,0,0,0,0,0,0,0,0,-3,0,-5,1,-7,2,-8,2,-9,3,-9,3,-10,3,-10,3,-9,2,-9,2,-8,2,-7,1,-4,0,-3,0,-1,0,0,0,2,0,4,-1,5,-1,7,-1,8,-1,9,-2,9,-2,9,-2,9,-1,9,0,0,0,7,0,4,0,3,0,1,0,0,0,-2,0,-4,0,-5,0,-7,1,-8,1,-9,1,-9,1,-9,1,-9,1,-9,0,-7,0,-7,0,-5,0,-4,0,-2,0,-1,-1,0,-2,1,-2,2,-2,3,-2,4,0,0,0,0,0,0,0,0,0,0]"
CSI_DATA,23093,80:af:ca:27:52:2a,-55,11,1,0,1,1,1,0,0,0,0,-97,0,11,2,312123078,0,83,1,128,0,"[0,0,0,0,0,0,0,0,0,0,0,0,0,-3,0,-5,1,-6,1,-7,2,-8,2,-9,2,-9,2,-9,3,-8,2,-7,2,-7,1,-5,1,-3,1,-2,0,0,0,0,0,2,0,3,-1,5,-1,6,-1,7,-1,8,-1,8,-1,8,-1,8,-1,7,0,0,0,5,0,4,0,2,0,1,0,0,0,-2,0,-3,1,-5,1,-6,1,-7,1,-8,1,-8,1,-8,1,-8,1,-7,1,-7,0,-5,0,-4,0,-3,0,-2,0,0,-1,0,-1,1,-2,2,-2,3,-3,3,0,0,0,0,0,0,0,0,0,0]"
CSI_DATA,23094,80:af:ca:27:52:2a,-55,11,1,0,1,1,1,0,0,0,0,-97,0,11,2,312130985,0,83,1,128,0,"[0,0,0,0,0,0,0,0,0,0,0,0,7,1,6,1,5,1,4,1,3,1,1,0,0,0,0,0,-2,0,-3,0,-4,-1,-5,-1,-6,-1,-7,-1,-7,-1,-7,-1,-7,-1,-6,-1,-6,-1,-5,-1,-4,0,-2,0,-1,0,0,0,0,0,2,0,0,0,4,0,5,0,6,1,7,0,7,1,6,1,6,1,5,0,4,0,3,0,2,0,1,0,0,0,0,0,-1,-1,-2,-1,-3,-2,-4,-2,-4,-2,-4,-2,-5,-2,-4,-2,-4,-2,-4,-2,-3,-2,-2,-1,0,0,0,0,0,0,0,0,0,0]"
CSI_DATA,23095,80:af:ca:27:52:2a,-55,11,1,0,1,1,1,0,0,0,0,-97,0,11,2,312151852,0,83,1,128,0,"[0,0,0,0,0,0,0,0,0,0,0,0,2,2,3,3,4,4,5,6,5,6,5,7,5,8,5,8,4,8,4,7,3,6,2,5,2,3,1,2,0,0,0,-1,-1,-2,-2,-4,-2,-6,-2,-7,-2,-8,-3,-9,-3,-9,-3,-10,-2,-10,-2,-8,0,0,-2,-6,-2,-5,-2,-4,-1,-2,-1,0,-1,1,-1,3,-2,4,-2,6,-2,6,-2,8,-2,8,-2,8,-2,8,-2,7,-2,6,-2,5,-2,4,-1,3,0,2,0,0,0,0,1,0,2,-2,3,-2,4,-2,0,0,0,0,0,0,0,0,0,0]"
CSI_DATA,23096,80:af:ca:27:52:2a,-54,11,1,0,1,1,1,0,0,0,0,-97,0,11,2,312164292,0,83,1,128,0,"[0,0,0,0,0,0,0,0,0,0,0,0,9,0,8,0,7,0,6,0,4,0,2,0,1,0,-1,0,-2,0,-4,0,-6,0,-7,1,-8,1,-9,1,-9,1,-9,1,-9,1,-8,1,-7,1,-6,1,-5,0,-3,0,-1,0,0,0,1,-1,3,-1,0,0,5,-2,7,-2,8,-2,8,-3,8,-2,8,-2,7,-2,6,-2,5,-2,4,-1,2,-1,1,-1,0,0,-1,0,-2,0,-4,0,-5,0,-6,1,-6,1,-6,1,-6,0,-6,0,-6,0,-5,0,-5,0,-4,0,0,0,0,0,0,0,0,0,0,0]"
CSI_DATA,23097,80:af:ca:27:52:2a,-54,11,1,2,1,1,1,0,0,0,0,-97,0,11,2,312170803,0,83,1,128,0,"[0,0,0,0,0,0,0,0,0,0,0,0,-1,2,-2,4,-3,5,-5,7,-5,8,-5,8,-6,9,-6,8,-6,8,-5,8,-5,7,-4,5,-3,4,-2,2,-1,0,0,0,0,-2,1,-4,2,-5,2,-7,2,-8,2,-9,2,-10,3,-10,2,-10,2,-9,0,0,1,-7,1,-5,0,-4,0,-2,0,0,-1,1,-2,3,-2,5,-2,6,-3,7,-3,8,-3,8,-3,8,-3,8,-2,7,-2,6,-2,5,-1,4,0,2,0,1,0,0,0,0,1,-2,2,-2,2,-3,2,-4,0,0,0,0,0,0,0,0,0,0]"
CSI_DATA,23098,80:af:ca:27:52:2a,-54,11,1,0,1,1,1,0,0,0,0,-97,0,11,2,312178432,0,83,1,128,0,"[0,0,0,0,0,0,0,0,0,0,0,0,3,2,4,4,6,5,7,7,7,8,7,9,8,9,8,9,7,8,7,7,6,7,5,6,4,4,2,3,0,1,-1,0,-3,-1,-5,-2,-7,-3,-8,-4,-9,-4,-11,-5,-11,-5,-12,-5,-12,-5,-11,-4,0,0,-8,-3,-6,-2,-4,-2,-2,0,0,0,2,0,4,1,6,1,8,2,9,2,10,2,10,2,10,2,10,2,9,2,8,1,7,1,5,0,3,0,2,0,0,0,-1,-1,-2,-1,-4,-2,-5,-2,-6,-2,0,0,0,0,0,0,0,0,0,0]"
CSI_DATA,23099,80:af:ca:27:52:2a,-55,11,1,2,1,1,1,0,0,0,0,-97,0,11,2,312184087,0,83,1,128,0,"[0,0,0,0,0,0,0,0,0,0,0,0,-2,1,-4,2,-6,2,-8,2,-10,3,-10,3,-11,3,-10,3,-10,2,-10,2,-9,2,-7,1,-6,1,-4,0,-2,0,0,0,1,-1,3,-1,5,-2,6,-3,8,-3,9,-3,10,-3,10,-3,10,-3,9,-3,0,0,6,-3,5,-2,3,-1,2,-1,0,-1,-2,0,-4,0,-6,0,-7,0,-8,0,-10,0,-10,0,-10,0,-10,0,-9,0,-8,0,-7,0,-6,0,-4,0,-3,0,-1,0,0,0,1,0,3,1,3,1,4,2,0,0,0,0,0,0,0,0,0,0]"
CSI_DATA,23100,80:af:ca:27:52:2a,-56,11,1,0,1,1,1,0,0,0,0,-97,0,11,2,312192138,0,83,1,128,0,"[0,0,0,0,0,0,0,0,0,0,0,0,1,-2,3,-3,5,-3,6,-3,7,-3,8,-3,8,-4,8,-4,8,-3,7,-3,7,-3,5,-3,4,-2,2,-1,1,0,0,0,-1,1,-3,1,-5,3,-5,3,-6,4,-7,4,-7,5,-7,5,-7,5,-7,5,0,0,-5,3,-4,2,-3,1,-1,1,0,0,1,-1,2,-1,3,-3,5,-3,5,-4,6,-5,6,-5,6,-4,6,-5,5,-4,5,-4,4,-3,3,-3,1,-2,1,-1,0,-1,-1,0,-2,0,-3,0,-4,0,-4,0,0,0,0,0,0,0,0,0,0,0]"
CSI_DATA,23101,80:af:ca:27:52:2a,-55,11,1,0,1,1,1,0,0,0,0,-97,0,11,2,312201156,0,83,1,128,0,"[0,0,0,0,0,0,0,0,0,0,0,0,-2,2,-3,4,-4,4,-7,5,-7,6,-8,7,-9,7,-8,7,-9,6,-7,6,-7,4,-6,4,-4,2,-3,2,-1,0,0,-1,1,-2,2,-3,4,-4,5,-5,6,-6,7,-7,7,-7,7,-7,7,-7,6,-7,0,0,4,-5,3,-4,2,-3,0,-2,0,0,-2,0,-4,1,-4,2,-6,3,-7,4,-7,4,-7,4,-8,4,-7,4,-7,4,-6,3,-5,3,-4,2,-2,2,-2,1,0,0,0,0,2,0,2,0,4,0,4,0,0,0,0,0,0,0,0,0,0,0]"
CSI_DATA,23102,80:af:ca:27:52:2a,-56,11,1,0,1,1,1,0,0,0,0,-97,0,11,2,312209493,0,83,1,128,0,"[0,0,0,0,0,0,0,0,0,0,0,0,-1,2,-3,3,-4,4,-6,5,-7,6,-7,6,-8,6,-7,6,-8,6,-7,6,-7,5,-6,4,-4,3,-3,2,-2,0,0,0,0,-2,2,-3,3,-4,4,-6,4,-6,5,-7,6,-8,6,-8,6,-8,5,-8,0,0,4,-6,2,-5,2,-3,0,-2,0,0,-1,0,-2,2,-3,3,-4,4,-5,5,-6,6,-6,6,-6,6,-5,6,-5,6,-4,5,-4,4,-3,3,-2,2,-1,2,0,0,0,0,1,0,2,-2,2,-2,3,-2,0,0,0,0,0,0,0,0,0,0]"
CSI_DATA,23103,80:af:ca:27:52:2a,-54,11,1,0,1,1,1,0,0,0,0,-97,0,11,2,312216172,0,83,1,128,0,"[0,0,0,0,0,0,0,0,0,0,0,0,6,-9,5,-8,5,-6,4,-5,3,-4,1,-2,0,0,-1,1,-2,2,-4,4,-5,5,-6,6,-7,6,-8,6,-8,6,-8,7,-8,6,-7,6,-6,5,-5,4,-4,3,-2,2,0,1,1,0,2,-1,4,-2,0,0,7,-4,8,-4,9,-5,9,-5,9,-5,9,-4,9,-4,7,-4,6,-3,4,-2,2,-2,1,-1,0,-1,-2,-1,-3,-1,-5,-1,-6,-1,-7,-1,-8,-1,-8,-1,-8,-1,-8,-1,-7,-1,-7,-1,-6,-1,-5,-1,0,0,0,0,0,0,0,0,0,0]"
CSI_DATA,23104,80:af:ca:27:52:2a,-54,11,1,0,1,1,1,0,0,0,0,-97,0,11,2,312225552,0,83,1,128,0,"[0,0,0,0,0,0,0,0,0,0,0,0,7,5,6,5,5,4,4,4,2,2,1,1,0,0,-1,0,-2,-2,-4,-3,-5,-4,-6,-5,-7,-5,-7,-6,-7,-6,-7,-7,-7,-6,-6,-5,-5,-5,-4,-4,-3,-2,-2,-1,-1,-1,0,0,1,1,2,2,0,0,4,4,5,5,5,5,6,6,5,6,5,6,5,5,4,4,4,4,3,2,2,1,1,0,0,0,0,-1,-1,-2,-1,-4,-2,-5,-2,-5,-2,-6,-3,-6,-2,-6,-2,-6,-2,-5,-2,-5,-2,-4,-1,-4,0,0,0,0,0,0,0,0,0,0]"
CSI_DATA,23105,80:af:ca:27:52:2a,-55,11,1,0,1,1,1,0,0,0,0,-97,0,11,2,312233289,0,83,1,128,0,"[0,0,0,0,0,0,0,0,0,0,0,0,2,1,4,2,5,4,6,5,6,6,6,6,7,7,7,6,6,6,6,6,5,6,4,4,3,3,2,2,0,0,-1,0,-2,-1,-4,-2,-5,-4,-6,-4,-7,-5,-8,-6,-8,-6,-9,-6,-8,-6,-8,-5,0,0,-6,-4,-5,-3,-4,-2,-2,-1,0,0,1,1,2,2,4,2,5,4,6,4,7,4,7,5,7,5,7,4,6,4,6,4,5,3,4,2,2,1,1,0,0,0,0,-1,-1,-2,-2,-3,-2,-4,-3,-4,0,0,0,0,0,0,0,0,0,0]"
CSI_DATA,23106,80:af:ca:27:52:2a,-55,11,1,0,1,1,1,0,0,0,0,-97,0,11,2,312242891,0,83,1,128,0,"[0,0,0,0,0,0,0,0,0,0,0,0,3,0,4,0,6,0,8,0,8,0,9,1,10,1,9,1,9,1,8,0,8,0,6,0,4,0,2,0,0,0,-1,0,-2,0,-4,0,-6,0,-8,0,-8,0,-10,0,-10,0,-11,0,-10,0,-9,0,0,0,-7,0,-6,0,-4,0,-2,0,0,0,2,0,3,0,5,0,6,0,7,0,8,0,8,0,8,0,8,0,8,0,7,0,6,0,4,0,3,0,2,0,0,0,-1,-1,-2,-1,-4,-1,-4,-2,-5,-2,0,0,0,0,0,0,0,0,0,0]"
CSI_DATA,23107,80:af:ca:27:52:2a,-55,11,1,2,1,1,1,0,0,0,0,-97,0,11,2,312248156,0,83,1,128,0,"[0,0,0,0,0,0,0,0,0,0,0,0,2,-1,4,-1,5,-1,7,-1,8,-1,9,0,9,0,9,0,9,0,9,0,8,0,7,0,5,0,3,0,1,0,0,0,-2,0,-4,0,-6,0,-7,0,-9,0,-9,0,-10,0,-10,0,-10,0,-9,0,0,0,-8,0,-6,0,-4,0,-2,0,0,0,1,0,2,0,4,0,6,0,7,0,8,0,9,0,9,1,9,0,8,0,7,0,6,0,5,0,4,0,2,0,0,0,0,-1,-1,-1,-2,-2,-3,-2,-4,-3,0,0,0,0,0,0,0,0,0,0]"
CSI_DATA,23108,80:af:ca:27:52:2a,-55,11,1,2,1,1,1,0,0,0,0,-97,0,11,2,312253247,0,83,1,128,0,"[0,0,0,0,0,0,0,0,0,0,0,0,2,0,4,1,6,2,6,3,7,4,8,4,8,4,8,5,7,4,6,4,6,4,4,3,3,2,2,1,0,0,-1,0,-2,-1,-4,-2,-5,-3,-6,-4,-7,-4,-8,-5,-8,-5,-8,-5,-8,-5,-8,-5,0,0,-6,-4,-4,-3,-3,-2,-2,-1,0,0,0,1,2,2,3,4,4,4,4,5,5,6,6,6,5,6,5,6,5,6,4,5,4,4,3,3,2,2,1,1,0,0,0,-1,0,-2,0,-3,-1,-4,-1,-5,0,0,0,0,0,0,0,0,0,0]"
CSI_DATA,23109,80:af:ca:27:52:2a,-55,11,1,2,1,1,1,0,0,0,0,-97,0,11,2,312259509,0,83,1,128,0,"[0,0,0,0,0,0,0,0,0,0,0,0,0,2,-2,4,-2,5,-4,7,-5,8,-5,8,-5,9,-5,9,-5,9,-5,8,-4,8,-4,6,-2,5,-2,3,-1,1,0,0,0,-2,0,-4,1,-5,1,-8,2,-8,2,-10,2,-10,2,-10,2,-10,2,-10,0,0,1,-8,0,-6,0,-5,0,-2,0,0,0,1,-1,2,-2,5,-2,6,-2,8,-2,8,-2,8,-2,8,-2,8,-2,8,-2,7,-2,6,-1,5,-1,3,0,2,0,0,0,0,0,-2,1,-2,2,-4,2,-5,0,0,0,0,0,0,0,0,0,0]"
CSI_DATA,23110,80:af:ca:27:52:2a,-55,11,1,0,1,1,1,0,0,0,0,-97,0,11,2,312268384,0,83,1,128,0,"[0,0,0,0,0,0,0,0,0,0,0,0,7,-1,7,-1,6,-1,5,0,4,0,2,0,1,0,0,0,-2,0,-3,1,-5,1,-6,1,-6,1,-7,1,-7,1,-8,1,-7,2,-7,1,-6,1,-5,1,-4,1,-3,0,-1,0,0,0,1,0,2,-1,0,0,4,-2,5,-2,6,-2,6,-3,6,-2,7,-2,6,-2,5,-2,5,-2,3,-1,2,-1,1,-1,0,0,-1,0,-2,0,-3,0,-4,0,-5,0,-5,0,-5,0,-5,0,-5,0,-5,0,-4,0,-4,0,-3,0,0,0,0,0,0,0,0,0,0,0]"
CSI_DATA,23111,80:af:ca:27:52:2a,-55,11,1,0,1,1,1,0,0,0,0,-97,0,11,2,312275861,0,83,1,128,0,"[0,0,0,0,0,0,0,0,0,0,0,0,5,-5,4,-5,4,-4,4,-3,2,-2,1,-1,0,0,0,0,-1,0,-2,1,-3,2,-4,3,-4,3,-5,4,-5,4,-6,5,-5,4,-5,4,-4,4,-4,3,-3,2,-2,1,-1,0,0,0,0,0,1,-1,0,0,3,-3,4,-4,4,-4,5,-4,5,-4,5,-4,5,-4,4,-3,3,-3,2,-2,1,-2,0,-1,0,0,0,0,-1,0,-2,0,-3,0,-4,1,-4,1,-5,1,-5,1,-5,1,-4,1,-4,1,-4,0,-3,0,0,0,0,0,0,0,0,0,0,0]"
CSI_DATA,23112,80:af:ca:27:52:2a,-55,11,1,0,1,1,1,0,0,0,0,-97,0,11,2,312283876,0,83,1,128,0,"[0,0,0,0,0,0,0,0,0,0,0,0,-4,-1,-6,-1,-7,-2,-8,-3,-9,-3,-10,-4,-10,-4,-10,-4,-9,-4,-8,-4,-7,-4,-6,-3,-4,-2,-2,-1,-1,0,0,0,2,0,3,2,5,2,6,3,6,4,8,4,8,4,8,4,8,4,7,4,0,0,5,3,4,2,2,1,1,0,0,-1,-1,-2,-2,-3,-4,-4,-4,-5,-5,-6,-6,-6,-5,-6,-5,-7,-5,-6,-5,-6,-4,-6,-4,-5,-3,-4,-2,-2,-2,-1,-1,0,0,0,0,2,0,2,0,4,0,4,0,0,0,0,0,0,0,0,0,0]"
CSI_DATA,23113,80:af:ca:27:52:2a,-55,11,1,0,1,1,1,0,0,0,0,-97,0,11,2,312301990,0,83,1,128,0,"[0,0,0,0,0,0,0,0,0,0,0,0,8,5,7,4,6,4,5,4,3,3,2,2,0,1,-1,0,-3,0,-4,-1,-6,-2,-7,-3,-8,-3,-9,-3,-9,-4,-9,-3,-9,-3,-8,-3,-7,-3,-6,-2,-4,-2,-3,-1,-1,-1,0,0,2,0,3,0,0,0,6,1,7,1,9,2,9,1,9,2,9,2,8,1,7,1,6,1,4,0,3,0,1,0,0,-1,-1,-1,-3,-1,-4,-2,-5,-2,-6,-2,-6,-2,-6,-2,-6,-2,-6,-2,-6,-2,-5,-2,-5,-2,-4,-1,0,0,0,0,0,0,0,0,0,0]"
CSI_DATA,23114,80:af:ca:27:52:2a,-55,11,1,0,1,1,1,0,0,0,0,-97,0,11,2,312328522,0,83,1,128,0,"[0,0,0,0,0,0,0,0,0,0,0,0,0,-4,0,-5,0,-7,1,-8,1,-10,1,-10,1,-11,1,-11,2,-10,1,-9,2,-8,1,-7,0,-5,0,-3,0,-2,0,0,0,2,0,4,0,5,-1,7,-1,8,-1,9,-1,9,-1,10,-1,10,-1,8,0,0,0,6,0,5,0,3,0,2,0,0,0,-2,0,-4,1,-5,1,-6,1,-8,1,-8,2,-8,2,-8,2,-8,1,-8,1,-7,1,-6,0,-5,0,-4,0,-2,0,-1,-1,0,-2,1,-2,2,-3,2,-3,3,0,0,0,0,0,0,0,0,0,0]"
CSI_DATA,23115,80:af:ca:27:52:2a,-55,11,1,0,1,1,1,0,0,0,0,-97,0,11,2,312338791,0,83,1,128,0,"[0,0,0,0,0,0,0,0,0,0,0,0,-2,0,-5,0,-8,0,-9,0,-10,0,-11,0,-11,0,-11,0,-11,0,-10,0,-9,0,-8,0,-6,0,-4,0,-2,0,0,0,2,0,3,-1,5,-1,7,-1,8,-1,9,-2,9,-2,10,-2,10,-2,9,-2,0,0,7,-2,5,-1,3,-1,1,-1,0,0,-2,0,-4,0,-5,0,-7,0,-8,0,-8,0,-9,0,-9,0,-9,0,-8,0,-8,0,-6,0,-5,0,-3,0,-2,0,0,0,0,0,1,0,2,0,3,0,4,0,0,0,0,0,0,0,0,0,0,0]"
CSI_DATA,23116,80:af:ca:27:52:2a,-55,11,1,0,1,1,1,0,0,0,0,-97,0,11,2,312350762,0,83,1,128,0,"[0,0,0,0,0,0,0,0,0,0,0,0,2,-3,4,-4,5,-4,7,-4,8,-5,8,-5,8,-5,8,-5,8,-4,7,-4,6,-4,5,-3,4,-2,2,-1,0,0,-1,0,-2,1,-4,2,-5,2,-6,3,-7,4,-8,4,-8,4,-8,4,-8,4,-8,4,0,0,-6,3,-4,2,-3,2,-1,1,0,0,2,0,3,-1,4,-2,6,-2,6,-3,7,-3,8,-3,7,-3,7,-3,6,-3,6,-2,5,-2,4,-2,2,-2,1,-1,0,-1,-1,0,-2,0,-4,0,-4,0,-5,0,0,0,0,0,0,0,0,0,0,0]"
CSI_DATA,23117,80:af:ca:27:52:2a,-55,11,1,0,1,1,1,0,0,0,0,-97,0,11,2,312359334,0,83,1,128,0,"[0,0,0,0,0,0,0,0,0,0,0,0,3,0,5,1,6,2,8,3,8,4,9,4,10,4,9,4,9,4,8,4,7,3,6,2,4,2,2,1,0,0,-1,0,-2,0,-4,-1,-6,-2,-8,-2,-8,-2,-10,-2,-10,-2,-11,-2,-10,-3,-9,-2,0,0,-7,-2,-5,-1,-4,-1,-2,0,0,0,2,0,3,1,4,1,6,2,7,2,8,2,8,2,8,2,8,2,7,2,6,1,6,1,4,0,2,0,1,0,0,0,-1,-1,-2,-2,-3,-2,-4,-2,-4,-3,0,0,0,0,0,0,0,0,0,0]"
CSI_DATA,23118,80:af:ca:27:52:2a,-55,11,1,0,1,1,1,0,0,0,0,-97,0,11,2,312371925,0,83,1,128,0,"[0,0,0,0,0,0,0,0,0,0,0,0,-3,-1,-5,-2,-6,-4,-7,-5,-8,-6,-8,-7,-9,-7,-9,-7,-9,-7,-8,-7,-8,-6,-6,-5,-5,-4,-3,-3,-1,-1,0,0,2,0,3,1,5,2,6,3,8,3,8,4,9,4,10,4,10,5,9,3,0,0,7,2,5,2,3,1,2,0,0,0,-2,-1,-3,-2,-5,-2,-7,-3,-8,-4,-9,-5,-9,-5,-9,-5,-9,-5,-8,-4,-8,-4,-7,-3,-5,-2,-4,-2,-2,0,-1,0,0,0,1,1,2,2,2,2,3,3,0,0,0,0,0,0,0,0,0,0]"
CSI_DATA,23119,80:af:ca:27:52:2a,-55,11,1,2,1,1,1,0,0,0,0,-97,0,11,2,312388609,0,83,1,128,0,"[0,0,0,0,0,0,0,0,0,0,0,0,2,-1,4,0,6,0,8,0,9,0,10,0,10,0,10,0,10,0,9,0,8,0,7,0,5,0,3,0,1,0,0,0,-2,0,-4,0,-6,0,-8,0,-9,0,-10,0,-10,0,-10,0,-10,0,-10,0,0,0,-8,0,-6,0,-4,0,-2,0,0,0,1,0,3,0,5,0,6,0,8,0,8,0,8,0,8,0,8,0,8,0,7,0,6,0,5,0,3,0,2,0,0,0,0,-1,-2,-2,-3,-2,-4,-2,-5,-2,0,0,0,0,0,0,0,0,0,0]"
CSI_DATA,23120,80:af:ca:27:52:2a,-55,11,1,0,1,1,1,0,0,0,0,-97,0,11,2,312432822,0,83,1,128,0,"[0,0,0,0,0,0,0,0,0,0,0,0,0,9,0,8,0,7,-1,5,-1,4,-1,2,-1,1,-1,0,-1,-2,-1,-4,-1,-5,-1,-6,-1,-7,-1,-8,-1,-8,-2,-9,-2,-8,-2,-7,-1,-6,-1,-5,-1,-4,0,-3,0,-1,0,0,0,1,1,3,0,0,1,5,2,6,2,7,2,7,2,7,2,7,2,6,2,5,2,5,1,3,1,2,0,1,0,0,0,-2,0,-3,0,-4,-1,-5,-1,-5,-1,-6,-1,-6,-1,-6,-1,-6,-1,-5,-1,-5,-1,-4,-1,-3,0,0,0,0,0,0,0,0,0,0]"
CSI_DATA,23121,80:af:ca:27:52:2a,-55,11,1,0,1,1,1,0,0,0,0,-97,0,11,2,312442593,0,83,1,128,0,"[0,0,0,0,0,0,0,0,0,0,0,0,2,-7,2,-7,2,-6,2,-5,1,-4,1,-2,1,-1,1,0,1,2,1,3,1,5,1,5,1,6,1,7,1,7,1,7,1,7,1,6,1,5,1,4,1,3,0,2,0,0,-1,0,-1,-1,-2,-3,0,0,-4,-5,-4,-5,-5,-6,-5,-6,-5,-6,-5,-6,-5,-5,-4,-4,-4,-4,-3,-2,-2,-2,-1,-1,0,0,0,1,1,1,2,2,3,3,4,3,4,3,4,3,4,3,4,3,4,3,3,2,3,2,2,1,0,0,0,0,0,0,0,0,0,0]"
CSI_DATA,23122,80:af:ca:27:52:2a,-55,11,1,0,1,1,1,0,0,0,0,-97,0,11,2,312452987,0,83,1,128,0,"[0,0,0,0,0,0,0,0,0,0,0,0,-3,-7,-3,-6,-2,-5,-1,-5,-1,-4,0,-2,0,-1,0,0,0,1,1,2,2,3,3,4,3,5,4,5,3,5,4,6,4,5,3,5,3,4,2,4,1,3,1,1,0,0,0,0,-1,-1,-2,-2,0,0,-3,-4,-4,-5,-5,-5,-5,-5,-5,-5,-5,-5,-4,-5,-4,-5,-3,-4,-3,-3,-2,-2,-1,-1,0,0,0,0,0,1,1,2,1,3,2,4,2,4,2,4,2,5,2,4,2,4,2,4,1,3,1,2,0,0,0,0,0,0,0,0,0,0]"
CSI_DATA,23123,80:af:ca:27:52:2a,-55,11,1,0,1,1,1,0,0,0,0,-97,0,11,2,312477316,0,83,1,128,0,"[0,0,0,0,0,0,0,0,0,0,0,0,-2,2,-4,4,-6,4,-7,5,-8,5,-8,5,-9,5,-9,5,-9,4,-8,4,-7,3,-6,2,-4,2,-2,0,0,0,0,0,2,-2,4,-2,6,-2,6,-3,8,-4,8,-4,8,-4,8,-4,9,-4,8,-4,0,0,6,-2,4,-2,2,-2,0,-1,0,-1,-2,-1,-4,0,-6,0,-7,0,-8,0,-9,0,-9,0,-9,0,-8,0,-8,0,-8,0,-6,0,-5,0,-4,0,-2,0,-1,0,0,1,1,1,2,2,3,2,3,2,0,0,0,0,0,0,0,0,0,0]"
CSI_DATA,23124,80:af:ca:27:52:2a,-54,11,1,0,1,1,1,0,0,0,0,-97,0,11,2,312486443,0,83,1,128,0,"[0,0,0,0,0,0,0,0,0,0,0,0,8,-5,7,-4,6,-3,5,-2,3,-2,2,-1,0,0,0,0,-2,1,-3,2,-5,3,-6,3,-7,4,-7,4,-8,4,-8,5,-7,4,-7,4,-6,3,-5,3,-3,2,-2,1,-1,0,0,0,1,-1,2,-2,0,0,5,-3,6,-4,7,-5,7,-5,7,-5,7,-5,6,-5,6,-4,5,-3,3,-3,2,-2,1,-1,0,-1,-1,0,-2,0,-3,1,-5,1,-5,1,-6,1,-6,2,-6,1,-6,1,-6,1,-5,1,-5,1,-3,1,0,0,0,0,0,0,0,0,0,0]"
CSI_DATA,23125,80:af:ca:27:52:2a,-54,11,1,0,1,1,1,0,0,0,0,-97,0,11,2,312495929,0,83,1,128,0,"[0,0,0,0,0,0,0,0,0,0,0,0,7,1,7,1,6,1,5,1,3,1,2,1,1,0,-1,0,-2,0,-3,0,-5,0,-6,0,-7,0,-7,0,-8,0,-8,0,-8,0,-7,0,-6,0,-5,0,-4,0,-3,0,-1,0,0,0,1,0,3,-1,0,0,5,-1,6,-1,7,-1,7,-1,7,-1,7,-1,7,-1,6,-1,5,-1,4,-1,2,-1,1,-1,0,0,-1,0,-2,0,-3,0,-4,0,-5,0,-5,0,-6,0,-6,0,-6,0,-5,0,-5,0,-4,0,-3,0,0,0,0,0,0,0,0,0,0,0]"
CSI_DATA,23126,80:af:ca:27:52:2a,-54,11,1,0,1,1,1,0,0,0,0,-97,0,11,2,312502946,0,83,1,128,0,"[0,0,0,0,0,0,0,0,0,0,0,0,-1,2,-2,4,-4,5,-6,5,-6,7,-7,7,-8,8,-7,8,-8,7,-6,7,-6,6,-5,5,-4,3,-2,2,-1,0,0,-1,0,-2,1,-4,2,-5,3,-7,4,-8,4,-8,4,-9,4,-10,5,-10,4,-9,0,0,2,-7,2,-5,1,-4,0,-2,0,0,-1,1,-2,2,-3,4,-4,5,-4,6,-5,8,-5,8,-5,8,-5,8,-5,7,-4,6,-3,5,-2,4,-2,2,-1,1,0,0,0,0,1,-1,2,-2,2,-3,3,-4,0,0,0,0,0,0,0,0,0,0]"
CSI_DATA,23127,80:af:ca:27:52:2a,-55,11,1,0,1,1,1,0,0,0,0,-97,0,11,2,312519747,0,83,1,128,0,"[0,0,0,0,0,0,0,0,0,0,0,0,-2,8,-2,7,-2,6,-2,5,-2,4,-1,2,-1,0,-1,-1,0,-2,0,-4,0,-5,0,-7,0,-7,0,-8,0,-8,0,-9,0,-8,0,-7,0,-7,0,-6,0,-4,0,-3,0,-1,0,0,0,1,0,3,0,0,1,5,1,6,1,7,1,7,1,7,1,7,1,7,1,6,1,5,1,4,1,2,0,1,0,0,0,-1,0,-2,0,-4,-1,-5,-1,-5,-1,-6,-1,-6,-1,-6,-1,-6,-1,-5,-1,-5,-1,-4,-1,-3,0,0,0,0,0,0,0,0,0,0]"
CSI_DATA,23128,80:af:ca:27:52:2a,-54,11,1,0,1,1,1,0,0,0,0,-97,0,11,2,312535490,0,83,1,128,0,"[0,0,0,0,0,0,0,0,0,0,0,0,8,0,7,0,7,0,6,0,4,0,2,0,1,0,0,0,-2,0,-3,0,-5,0,-6,0,-7,0,-7,0,-8,0,-9,0,-8,1,-7,1,-6,1,-5,0,-4,0,-3,0,-1,0,0,0,1,0,2,-1,0,0,5,-1,6,-1,6,-1,7,-2,7,-1,7,-1,6,-1,6,-1,5,-1,4,-1,2,-1,1,-1,0,-1,-1,0,-2,0,-3,0,-4,0,-5,0,-5,0,-5,0,-5,0,-5,0,-5,0,-5,0,-4,0,-3,0,0,0,0,0,0,0,0,0,0,0]"
CSI_DATA,23129,80:af:ca:27:52:2a,-55,11,1,0,1,1,1,0,0,0,0,-97,0,11,2,312556744,0,83,1,128,0,"[0,0,0,0,0,0,0,0,0,0,0,0,-3,0,-5,0,-8,0,-9,-1,-10,-1,-10,-1,-11,-1,-10,-1,-10,-1,-10,-1,-9,-1,-8,-1,-5,-1,-3,0,-1,0,0,0,2,0,4,0,5,0,7,0,8,0,9,0,9,0,10,-1,10,0,9,-1,0,0,7,-1,5,0,3,0,2,0,0,0,-2,0,-4,0,-5,0,-7,0,-8,0,-9,0,-9,0,-9,0,-9,0,-8,0,-8,0,-6,0,-5,0,-3,0,-2,0,0,0,0,0,2,0,2,0,3,0,4,1,0,0,0,0,0,0,0,0,0,0]"
CSI_DATA,23130,80:af:ca:27:52:2a,-54,11,1,0,1,1,1,0,0,0,0,-97,0,11,2,312564322,0,83,1,128,0,"[0,0,0,0,0,0,0,0,0,0,0,0,4,-9,3,-8,3,-7,2,-6,2,-4,2,-1,0,-1,2,1,-2,2,2,3,1,4,1,5,1,6,0,6,0,6,1,11,1,10,0,6,0,6,1,5,0,4,0,2,0,1,0,0,-1,-2,-2,-4,0,0,-3,-6,-4,-8,-5,-8,-5,-8,-4,-8,-6,-7,-4,-7,-5,-5,-4,-5,-3,-3,-2,-2,-1,-1,0,0,0,0,1,2,2,3,3,3,4,4,4,4,5,4,4,3,5,4,3,3,2,2,2,2,1,2,0,0,0,0,0,0,0,0,0,0]"
CSI_DATA,23131,80:af:ca:27:52:2a,-55,11,1,0,1,1,1,0,0,0,0,-97,0,11,2,312572956,0,83,1,128,0,"[0,0,0,0,0,0,0,0,0,0,0,0,-2,2,-4,3,-6,4,-7,4,-8,4,-8,4,-8,4,-8,4,-8,4,-8,4,-7,3,-6,3,-4,2,-3,0,-2,0,0,-2,0,-2,2,-4,2,-5,3,-6,4,-7,4,-8,4,-8,4,-8,4,-8,3,-8,0,0,2,-6,2,-4,1,-3,0,-2,0,0,-1,2,-2,3,-2,4,-2,6,-2,7,-2,8,-2,8,-2,8,-2,8,-2,7,-2,6,-1,6,0,4,0,2,0,1,0,0,0,-1,0,-2,0,-3,1,-4,1,-5,0,0,0,0,0,0,0,0,0,0]"
CSI_DATA,23132,80:af:ca:27:52:2a,-55,11,1,0,1,1,1,0,0,0,0,-97,0,11,2,312582356,0,83,1,128,0,"[0,0,0,0,0,0,0,0,0,0,0,0,-9,0,-8,0,-7,0,-6,0,-4,0,-2,0,-1,0,0,0,2,0,3,0,5,0,6,0,7,0,8,0,8,0,9,0,8,0,7,0,6,0,5,0,4,0,2,0,1,0,0,0,-2,0,-3,0,0,0,-6,0,-8,0,-8,0,-9,0,-9,0,-9,0,-8,0,-8,0,-6,0,-5,0,-3,0,-2,0,0,0,0,0,2,0,3,0,4,0,5,0,6,0,6,0,6,0,6,0,6,0,5,0,4,0,3,0,0,0,0,0,0,0,0,0,0,0]"
CSI_DATA,23133,80:af:ca:27:52:2a,-55,11,1,0,1,1,1,0,0,0,0,-97,0,11,2,312590292,0,83,1,128,0,"[0,0,0,0,0,0,0,0,0,0,0,0,1,-8,1,-7,1,-6,1,-5,1,-4,0,-2,0,-1,0,0,0,2,0,3,0,4,0,6,-1,6,-1,7,-1,7,-1,7,-1,7,-1,6,0,6,0,5,0,3,0,2,0,1,0,0,0,-2,0,-3,0,0,0,-6,0,-7,0,-7,0,-7,0,-8,0,-7,0,-7,0,-6,0,-5,0,-4,0,-3,0,-2,-1,0,-1,0,-1,1,-1,3,-1,4,-1,4,-2,4,-1,5,-2,5,-2,5,-2,4,-1,4,-1,3,-1,3,0,0,0,0,0,0,0,0,0,0]"
CSI_DATA,23134,80:af:ca:27:52:2a,-54,11,1,0,1,1,1,0,0,0,0,-97,0,11,2,312598307,0,83,1,128,0,"[0,0,0,0,0,0,0,0,0,0,0,0,4,7,4,7,3,6,2,5,1,3,1,2,0,1,-1,0,-2,-2,-2,-3,-3,-4,-4,-6,-5,-6,-5,-7,-5,-7,-6,-7,-6,-7,-5,-6,-4,-6,-3,-4,-3,-3,-2,-2,-1,-1,0,0,1,1,2,2,0,0,3,4,4,5,4,6,5,6,5,6,4,6,4,6,4,4,3,4,2,3,2,2,1,1,0,0,0,-1,-1,-2,-1,-3,-2,-4,-2,-4,-3,-5,-3,-5,-3,-6,-2,-5,-2,-4,-2,-4,-2,-4,-2,-3,0,0,0,0,0,0,0,0,0,0]"
CSI_DATA,23135,80:af:ca:27:52:2a,-54,11,1,0,1,1,1,0,0,0,0,-97,0,11,2,312611735,0,83,1,128,0,"[0,0,0,0,0,0,0,0,0,0,0,0,4,-10,3,-9,3,-8,3,-6,2,-5,1,-2,0,0,0,1,-1,3,-1,5,-2,6,-3,8,-4,9,-4,10,-4,10,-4,10,-3,9,-3,9,-2,8,-2,6,-2,4,-1,3,0,1,0,-1,1,-2,1,-4,0,0,2,-8,3,-9,3,-10,3,-10,4,-10,4,-10,3,-9,2,-8,2,-7,1,-5,1,-4,0,-2,0,-1,-1,0,-2,2,-3,3,-4,4,-4,5,-4,5,-5,6,-5,6,-5,5,-5,5,-4,5,-4,4,-3,3,0,0,0,0,0,0,0,0,0,0]"
CSI_DATA,23136,80:af:ca:27:52:2a,-55,11,1,0,1,1,1,0,0,0,0,-97,0,11,2,312619298,0,83,1,128,0,"[0,0,0,0,0,0,0,0,0,0,0,0,1,-3,3,-4,4,-6,6,-7,7,-7,7,-7,7,-7,7,-7,7,-7,6,-7,6,-5,4,-4,3,-3,2,-2,0,0,0,0,-2,2,-3,3,-4,4,-5,5,-6,7,-6,7,-6,7,-6,8,-6,7,-5,7,0,0,-4,5,-3,4,-2,2,-1,1,0,0,1,-2,2,-3,3,-4,4,-6,4,-7,4,-7,5,-7,5,-7,4,-7,4,-7,4,-6,3,-5,2,-4,1,-2,0,-2,0,0,-1,0,-2,0,-3,2,-4,2,-4,2,0,0,0,0,0,0,0,0,0,0]"
CSI_DATA,23137,80:af:ca:27:52:2a,-55,11,1,0,1,1,1,0,0,0,0,-97,0,11,2,312627964,0,83,1,128,0,"[0,0,0,0,0,0,0,0,0,0,0,0,0,3,0,6,0,8,0,10,0,11,-1,12,-1,12,-1,12,-2,11,-1,11,-2,9,-1,8,-1,6,-1,4,-1,1,-1,-1,-1,-3,-1,-5,-1,-7,-1,-9,-1,-11,-1,-11,-1,-12,-2,-12,-1,-12,-2,-11,0,0,-1,-8,-1,-6,-1,-4,0,-2,0,0,0,2,0,4,0,6,0,8,0,8,0,10,0,10,0,10,0,10,0,9,0,8,0,6,0,5,0,3,0,2,0,0,0,-1,0,-2,0,-4,1,-5,1,-6,0,0,0,0,0,0,0,0,0,0]"
CSI_DATA,23138,80:af:ca:27:52:2a,-55,11,1,0,1,1,1,0,0,0,0,-97,0,11,2,312637019,0,83,1,128,0,"[0,0,0,0,0,0,0,0,0,0,0,0,7,2,6,2,6,2,5,2,3,1,2,1,0,1,-1,0,-3,0,-4,0,-5,0,-7,0,-7,0,-8,0,-9,0,-9,0,-8,0,-7,0,-6,0,-5,0,-4,0,-3,0,-1,0,0,0,2,-1,3,-1,0,0,6,-2,7,-2,7,-2,8,-3,7,-2,7,-2,7,-2,6,-2,5,-2,3,-2,2,-1,1,-1,0,0,-2,0,-3,0,-4,0,-5,1,-5,1,-6,1,-6,1,-6,1,-6,1,-5,1,-5,1,-4,1,-3,1,0,0,0,0,0,0,0,0,0,0]"
CSI_DATA,23139,80:af:ca:27:52:2a,-54,11,1,0,1,1,1,0,0,0,0,-97,0,11,2,312662496,0,83,1,128,0,"[0,0,0,0,0,0,0,0,0,0,0,0,-10,1,-9,0,-8,0,-7,0,-5,0,-3,0,-1,0,0,-1,2,-1,4,-1,5,-2,6,-2,7,-2,8,-2,8,-2,9,-3,8,-3,7,-2,6,-2,5,-2,4,-1,2,-1,1,0,0,0,-2,0,-3,1,0,0,-6,2,-7,3,-8,3,-8,4,-8,3,-8,3,-7,3,-6,3,-5,2,-4,2,-2,1,-1,0,0,0,1,0,2,-1,3,-1,4,-1,4,-2,5,-2,5,-2,5,-2,5,-2,5,-2,4,-2,4,-1,2,-1,0,0,0,0,0,0,0,0,0,0]"
CSI_DATA,23140,80:af:ca:27:52:2a,-55,11,1,0,1,1,1,0,0,0,0,-97,0,11,2,312690315,0,83,1,128,0,"[0,0,0,0,0,0,0,0,0,0,0,0,-2,0,-5,0,-7,0,-9,0,-10,0,-10,0,-10,0,-10,0,-10,0,-10,0,-9,0,-8,0,-5,0,-4,0,-2,0,0,0,2,-1,3,-1,5,-2,7,-2,8,-2,8,-2,9,-2,9,-3,9,-2,8,-3,0,0,6,-2,5,-2,3,-1,1,-1,0,0,-2,0,-4,0,-5,1,-7,2,-8,2,-8,2,-8,2,-8,2,-8,2,-8,2,-7,2,-6,2,-5,1,-3,1,-2,0,0,0,0,0,2,0,2,0,4,0,5,0,0,0,0,0,0,0,0,0,0,0]"
CSI_DATA,23141,80:af:ca:27:52:2a,-54,11,1,0,1,1,1,0,0,0,0,-97,0,11,2,312698887,0,83,1,128,0,"[0,0,0,0,0,0,0,0,0,0,0,0,2,0,4,0,6,1,7,2,8,2,8,3,9,4,9,3,9,3,8,3,8,3,6,2,5,2,2,1,0,0,0,0,-2,0,-4,0,-6,-1,-8,-1,-8,-1,-10,-1,-10,-2,-11,-1,-11,-2,-10,-1,0,0,-8,-1,-6,0,-4,0,-2,0,0,0,1,0,3,0,5,0,6,0,8,0,8,0,8,0,8,0,8,0,8,0,7,0,6,0,4,0,3,0,1,0,0,0,-1,-1,-2,-1,-3,-1,-4,-1,-5,-2,0,0,0,0,0,0,0,0,0,0]"
CSI_DATA,23142,80:af:ca:27:52:2a,-55,11,1,0,1,1,1,0,0,0,0,-97,0,11,2,312705922,0,83,1,128,0,"[0,0,0,0,0,0,0,0,0,0,0,0,-4,-7,-3,-6,-3,-6,-2,-5,-1,-4,0,-3,0,-1,0,0,1,0,2,1,2,3,3,4,4,4,4,5,4,5,5,5,4,5,4,4,3,4,3,3,2,2,1,1,0,0,0,0,-1,0,-2,-1,0,0,-4,-3,-5,-4,-5,-4,-6,-4,-6,-4,-6,-4,-6,-4,-5,-3,-4,-3,-3,-2,-2,-1,-1,0,0,0,0,0,0,1,1,1,2,2,3,2,3,3,3,3,3,3,3,3,3,3,3,3,2,2,2,1,0,0,0,0,0,0,0,0,0,0]"
CSI_DATA,23143,80:af:ca:27:52:2a,-56,11,1,0,1,1,1,0,0,0,0,-97,0,11,2,312715644,0,83,1,128,0,"[0,0,0,0,0,0,0,0,0,0,0,0,-1,-3,0,-5,0,-6,1,-8,1,-9,1,-9,1,-10,1,-10,1,-9,1,-9,1,-8,1,-7,0,-5,0,-3,0,-1,0,0,0,1,0,3,0,5,0,6,0,7,0,8,0,9,0,9,0,9,0,9,0,0,0,6,0,5,0,3,0,1,0,0,0,-1,0,-3,0,-5,0,-6,0,-7,0,-8,0,-9,0,-9,0,-9,0,-8,0,-7,0,-6,0,-5,0,-3,0,-2,0,0,0,0,-1,1,-1,2,-1,3,-1,3,0,0,0,0,0,0,0,0,0,0]"
CSI_DATA,23144,80:af:ca:27:52:2a,-55,11,1,2,1,1,1,0,0,0,0,-97,0,11,2,312721132,0,83,1,128,0,"[0,0,0,0,0,0,0,0,0,0,0,0,-2,2,-4,2,-7,2,-8,3,-9,3,-9,3,-10,3,-10,3,-10,3,-9,2,-8,2,-7,2,-5,1,-3,0,-1,0,0,-1,1,-2,3,-2,4,-3,6,-4,7,-4,8,-4,8,-4,8,-5,8,-5,7,-4,0,0,5,-4,4,-3,2,-2,1,-1,0,0,-2,0,-4,0,-5,1,-6,2,-7,2,-8,2,-8,2,-8,2,-8,2,-7,2,-7,2,-6,2,-4,2,-3,1,-2,0,0,0,0,0,2,0,2,0,4,0,4,0,0,0,0,0,0,0,0,0,0,0]"
CSI_DATA,23145,80:af:ca:27:52:2a,-54,11,1,0,1,1,1,0,0,0,0,-97,0,11,2,312754129,0,83,1,128,0,"[0,0,0,0,0,0,0,0,0,0,0,0,-7,-4,-7,-4,-6,-3,-5,-3,-3,-2,-2,-2,-1,-1,0,0,2,0,3,1,4,1,5,2,6,2,6,2,7,2,7,2,7,2,6,2,5,1,4,1,3,1,2,0,1,0,0,0,-2,-1,-3,-1,0,0,-5,-2,-6,-2,-7,-2,-7,-2,-7,-2,-7,-2,-7,-2,-6,-2,-5,-1,-4,-1,-3,-1,-2,0,0,0,0,0,1,1,2,1,3,2,4,2,4,2,4,2,5,2,4,2,4,2,4,2,3,2,2,1,0,0,0,0,0,0,0,0,0,0]"
CSI_DATA,23146,80:af:ca:27:52:2a,-55,11,1,0,1,1,1,0,0,0,0,-97,0,11,2,312762669,0,83,1,128,0,"[0,0,0,0,0,0,0,0,0,0,0,0,1,-2,4,-2,6,-3,8,-3,9,-4,10,-4,10,-5,10,-5,10,-4,9,-4,8,-3,7,-3,5,-2,3,-1,1,0,0,0,-2,1,-4,2,-5,2,-7,3,-8,4,-9,5,-9,5,-10,5,-10,5,-9,5,0,0,-7,4,-5,2,-4,2,-2,1,0,0,1,0,3,-2,5,-2,6,-3,7,-5,8,-5,8,-5,8,-5,8,-5,8,-4,7,-4,5,-3,4,-3,2,-2,1,-2,0,-1,-1,0,-2,0,-4,0,-5,0,-5,0,0,0,0,0,0,0,0,0,0,0]"
CSI_DATA,23147,80:af:ca:27:52:2a,-55,11,1,0,1,1,1,0,0,0,0,-97,0,11,2,312769986,0,83,1,128,0,"[0,0,0,0,0,0,0,0,0,0,0,0,-3,0,-4,0,-7,-1,-8,-2,-9,-3,-9,-3,-9,-4,-9,-3,-9,-4,-9,-3,-8,-3,-7,-2,-5,-2,-3,-2,-1,-1,0,-1,2,0,3,0,5,0,7,0,8,0,9,0,9,0,9,-1,9,-1,9,-1,0,0,7,-1,5,-1,3,0,1,0,0,0,-2,0,-4,0,-5,0,-7,1,-7,1,-9,2,-9,2,-9,2,-9,2,-8,2,-7,2,-6,2,-4,1,-3,1,-2,0,0,0,0,0,1,0,2,0,4,0,4,0,0,0,0,0,0,0,0,0,0,0]"
CSI_DATA,23148,80:af:ca:27:52:2a,-55,11,1,0,1,1,1,0,0,0,0,-97,0,11,2,312779188,0,83,1,128,0,"[0,0,0,0,0,0,0,0,0,0,0,0,6,1,6,1,5,1,4,1,3,0,1,0,0,0,0,0,-2,0,-3,0,-4,0,-5,0,-6,0,-7,0,-7,0,-7,0,-7,0,-6,0,-6,0,-5,0,-3,0,-2,0,-1,0,0,0,1,0,2,0,0,0,5,0,6,0,6,0,7,-1,7,0,7,0,6,0,5,0,4,0,3,0,2,0,1,0,0,0,-1,0,-2,0,-3,0,-4,0,-5,0,-5,0,-5,0,-5,0,-5,0,-5,0,-4,0,-4,0,-3,0,0,0,0,0,0,0,0,0,0,0]"
CSI_DATA,23149,80:af:ca:27:52:2a,-54,11,1,0,1,1,1,0,0,0,0,-97,0,11,2,312786248,0,83,1,128,0,"[0,0,0,0,0,0,0,0,0,0,0,0,7,4,6,4,5,3,4,3,3,2,1,1,0,1,-1,0,-2,-1,-3,-1,-5,-2,-7,-3,-7,-3,-8,-3,-8,-3,-8,-3,-8,-3,-7,-3,-7,-2,-6,-2,-4,-2,-3,-1,-1,-1,0,0,1,0,3,0,0,0,6,1,7,1,7,2,8,2,8,2,7,2,7,2,6,1,5,1,4,0,3,0,1,0,0,0,-1,-1,-2,-1,-3,-2,-4,-2,-5,-2,-6,-2,-6,-2,-6,-2,-6,-2,-5,-2,-5,-2,-4,-2,-3,-1,0,0,0,0,0,0,0,0,0,0]"
CSI_DATA,23150,80:af:ca:27:52:2a,-54,11,1,0,1,1,1,0,0,0,0,-97,0,11,2,312795988,0,83,1,128,0,"[0,0,0,0,0,0,0,0,0,0,0,0,2,9,2,8,2,7,1,6,0,4,0,3,0,1,-1,0,-1,-2,-2,-3,-2,-5,-2,-7,-3,-7,-3,-8,-3,-8,-3,-9,-3,-8,-3,-7,-3,-7,-2,-6,-2,-4,-1,-3,-1,-1,0,0,0,1,1,2,0,0,2,5,2,7,2,7,3,7,2,7,2,7,2,7,2,6,2,5,1,4,1,2,0,1,0,0,0,-1,0,-2,0,-3,-1,-4,-1,-5,-1,-6,-1,-6,-1,-6,-1,-6,-1,-6,-1,-5,0,-4,-1,-3,0,0,0,0,0,0,0,0,0,0]"
CSI_DATA,23151,80:af:ca:27:52:2a,-54,11,1,0,1,1,1,0,0,0,0,-97,0,11,2,312814096,0,83,1,128,0,"[0,0,0,0,0,0,0,0,0,0,0,0,0,-9,0,-8,0,-7,1,-6,0,-4,0,-2,0,-1,0,0,0,2,0,3,-1,6,-1,7,-1,7,-1,8,-1,8,-1,8,-1,8,-1,7,-1,6,-1,5,0,3,0,2,0,1,0,-1,0,-2,0,-3,0,0,1,-6,1,-7,1,-8,1,-8,1,-8,1,-8,1,-8,1,-7,0,-6,0,-5,0,-3,0,-2,-1,0,-1,0,-1,1,-2,2,-2,3,-3,5,-3,5,-3,5,-3,5,-3,5,-3,5,-3,4,-2,3,-2,2,0,0,0,0,0,0,0,0,0,0]"
CSI_DATA,23152,80:af:ca:27:52:2a,-54,11,1,0,1,1,1,0,0,0,0,-97,0,11,2,312823041,0,83,1,128,0,"[0,0,0,0,0,0,0,0,0,0,0,0,-2,8,-2,7,-2,6,-2,5,-2,4,-1,2,-1,0,-1,-1,0,-2,0,-4,0,-5,0,-7,0,-7,0,-8,0,-9,0,-9,0,-9,0,-7,0,-7,0,-6,0,-4,0,-3,0,-1,0,0,0,1,0,3,0,0,0,6,0,7,0,7,0,8,0,8,0,8,0,7,0,6,0,5,0,4,0,3,0,1,0,0,0,-1,0,-3,0,-4,0,-5,0,-5,0,-6,0,-6,0,-6,0,-6,0,-6,0,-5,0,-4,0,-4,0,0,0,0,0,0,0,0,0,0]"
CSI_DATA,23153,80:af:ca:27:52:2a,-54,11,1,0,1,1,1,0,0,0,0,-97,0,11,2,312830827,0,83,1,128,0,"[0,0,0,0,0,0,0,0,0,0,0,0,-2,-8,-2,-7,-2,-6,-1,-5,-1,-4,0,-3,0,-1,0,0,1,1,2,2,2,4,3,5,3,6,3,6,3,6,4,7,4,6,3,5,3,5,2,4,2,3,1,2,0,1,0,0,-1,-1,-2,-2,0,0,-4,-5,-4,-5,-5,-6,-5,-6,-5,-6,-5,-6,-5,-6,-4,-5,-4,-4,-3,-3,-2,-2,-1,-1,0,0,0,1,1,2,1,3,2,3,2,4,2,4,3,4,3,4,3,4,2,4,2,4,2,3,1,2,0,0,0,0,0,0,0,0,0,0]"
CSI_DATA,23154,80:af:ca:27:52:2a,-55,11,1,0,1,1,1,0,0,0,0,-97,0,11,2,312840689,0,83,1,128,0,"[0,0,0,0,0,0,0,0,0,0,0,0,-9,1,-7,1,-6,0,-6,0,-4,0,-2,0,-1,-1,0,-1,2,-1,3,-2,5,-2,6,-2,6,-2,7,-2,7,-2,7,-3,7,-3,6,-2,6,-2,4,-2,3,-1,2,-1,0,0,-1,0,-2,0,-3,1,0,0,-6,2,-7,2,-7,2,-7,3,-8,2,-7,2,-7,2,-6,2,-5,2,-4,1,-3,1,-1,1,0,0,1,0,2,0,3,0,4,-1,5,-1,5,-1,5,-1,6,-1,6,-1,5,-1,5,-1,4,-1,3,0,0,0,0,0,0,0,0,0,0,0]"
CSI_DATA,23155,80:af:ca:27:52:2a,-55,11,1,0,1,1,1,0,0,0,0,-97,0,11,2,312858190,0,83,1,128,0,"[0,0,0,0,0,0,0,0,0,0,0,0,-2,-2,-4,-4,-4,-5,-5,-7,-5,-8,-6,-9,-6,-9,-6,-9,-5,-9,-5,-8,-4,-7,-4,-6,-3,-4,-2,-3,0,-2,0,0,1,1,2,2,3,3,4,4,5,5,6,6,6,6,7,6,7,7,6,5,0,0,4,4,3,3,2,2,1,0,0,0,-1,-2,-2,-2,-3,-4,-4,-4,-5,-5,-6,-6,-6,-6,-6,-6,-6,-6,-5,-5,-4,-4,-4,-4,-4,-3,-2,-2,-2,-1,-1,0,0,0,0,1,1,2,1,3,2,3,0,0,0,0,0,0,0,0,0,0]"
CSI_DATA,23156,80:af:ca:27:52:2a,-54,11,1,0,1,1,1,0,0,0,0,-97,0,11,2,312879022,0,83,1,128,0,"[0,0,0,0,0,0,0,0,0,0,0,0,-9,1,-8,1,-7,1,-6,0,-4,0,-2,0,-1,0,0,-1,2,-1,3,-1,5,-1,6,-2,7,-2,8,-2,8,-2,8,-2,8,-2,6,-2,6,-2,5,-2,4,-1,2,-1,0,0,0,0,-2,0,-4,0,0,0,-6,1,-8,1,-8,1,-8,1,-9,1,-8,1,-8,1,-7,1,-6,1,-4,1,-3,0,-2,0,0,0,1,0,2,0,4,0,4,0,5,0,5,0,6,0,6,0,5,0,5,0,5,0,4,0,3,0,0,0,0,0,0,0,0,0,0,0]"
CSI_DATA,23157,80:af:ca:27:52:2a,-55,11,1,0,1,1,1,0,0,0,0,-97,0,11,2,312887538,0,83,1,128,0,"[0,0,0,0,0,0,0,0,0,0,0,0,0,-3,0,-5,2,-7,2,-8,3,-9,3,-9,3,-9,3,-9,3,-9,3,-9,3,-8,2,-7,2,-5,1,-3,0,-1,0,0,0,2,0,3,0,5,-1,7,-1,8,-1,9,-1,9,-1,9,-1,9,0,9,0,0,0,7,0,4,0,3,0,1,0,0,0,-2,0,-4,0,-5,0,-7,0,-8,0,-9,0,-9,0,-9,0,-9,0,-8,0,-7,0,-7,0,-5,0,-3,0,-2,0,0,0,0,-1,2,0,2,-1,4,-1,4,0,0,0,0,0,0,0,0,0,0]"
CSI_DATA,23158,80:af:ca:27:52:2a,-55,11,1,0,1,1,1,0,0,0,0,-97,0,11,2,312902366,0,83,1,128,0,"[0,0,0,0,0,0,0,0,0,0,0,0,0,-8,0,-7,0,-7,0,-6,0,-4,0,-2,0,-1,0,0,0,1,0,2,0,4,0,5,0,6,0,6,0,7,0,7,0,7,0,6,0,5,0,5,0,3,0,2,0,1,0,0,0,-1,0,-2,0,0,-1,-5,-1,-6,-1,-7,-1,-7,-1,-7,-1,-7,-1,-7,-1,-6,-1,-5,-1,-4,0,-3,0,-1,0,0,0,0,0,1,0,2,0,3,0,4,0,4,0,5,0,5,0,5,0,5,0,4,0,3,0,3,0,0,0,0,0,0,0,0,0,0]"
CSI_DATA,23159,80:af:ca:27:52:2a,-56,11,1,0,1,1,1,0,0,0,0,-97,0,11,2,312909239,0,83,1,128,0,"[0,0,0,0,0,0,0,0,0,0,0,0,1,-1,4,-1,5,-1,7,-1,7,-1,9,-1,9,-1,9,-1,9,-1,8,0,7,0,6,0,4,0,3,0,1,0,0,0,-1,0,-3,0,-5,1,-7,1,-7,1,-9,1,-9,2,-9,2,-9,2,-8,2,0,0,-7,1,-5,1,-3,0,-2,0,0,0,1,0,3,-1,4,-1,5,-1,6,-2,7,-2,7,-2,7,-2,7,-2,7,-2,6,-2,5,-1,3,-1,3,-1,1,-1,0,-1,-1,0,-1,0,-3,0,-4,0,-5,0,0,0,0,0,0,0,0,0,0,0]"
CSI_DATA,23160,80:af:ca:27:52:2a,-54,11,1,2,1,1,1,0,0,0,0,-97,0,11,2,312915134,0,83,1,128,0,"[0,0,0,0,0,0,0,0,0,0,0,0,-2,-1,-5,-2,-6,-3,-8,-4,-8,-5,-9,-5,-10,-5,-9,-5,-9,-5,-8,-5,-8,-5,-7,-4,-5,-3,-3,-2,-2,-1,0,0,1,0,3,1,5,2,6,2,7,3,8,4,8,4,9,5,9,5,8,4,0,0,6,2,5,2,3,1,2,0,0,0,-1,-1,-2,-2,-4,-3,-5,-5,-6,-5,-7,-5,-7,-6,-7,-6,-7,-6,-6,-5,-6,-5,-5,-4,-4,-3,-3,-2,-2,-1,-1,0,0,0,0,2,0,2,1,3,1,4,0,0,0,0,0,0,0,0,0,0]"
CSI_DATA,23161,80:af:ca:27:52:2a,-54,11,1,0,1,1,1,0,0,0,0,-97,0,11,2,312924947,0,83,1,128,0,"[0,0,0,0,0,0,0,0,0,0,0,0,2,0,5,1,7,2,8,3,9,3,10,4,11,5,11,4,10,4,9,4,8,4,7,3,5,2,2,1,0,0,0,0,-2,-1,-5,-2,-6,-2,-8,-3,-9,-4,-10,-4,-10,-4,-11,-4,-11,-4,-10,-3,0,0,-8,-2,-6,-2,-4,-1,-2,0,0,0,1,0,2,2,4,2,5,3,6,3,8,4,8,4,8,5,8,4,7,4,6,3,5,2,4,2,2,1,1,0,0,0,0,-1,-1,-2,-2,-3,-2,-4,-3,-4,0,0,0,0,0,0,0,0,0,0]"
CSI_DATA,23162,80:af:ca:27:52:2a,-54,11,1,0,1,1,1,0,0,0,0,-97,0,11,2,312940710,0,83,1,128,0,"[0,0,0,0,0,0,0,0,0,0,0,0,3,0,5,2,7,2,8,4,8,4,9,5,9,5,9,4,8,4,7,4,7,4,5,3,4,2,2,1,0,0,-1,0,-3,-1,-4,-2,-7,-2,-8,-3,-9,-4,-9,-4,-9,-4,-10,-4,-10,-4,-9,-3,0,0,-7,-2,-5,-2,-4,-1,-2,0,0,0,2,0,3,2,4,2,6,2,7,3,8,3,8,4,8,4,8,3,7,3,7,2,5,2,4,1,2,0,1,0,0,0,0,-1,-2,-2,-2,-2,-3,-3,-4,-4,0,0,0,0,0,0,0,0,0,0]"
CSI_DATA,23163,80:af:ca:27:52:2a,-55,11,1,0,1,1,1,0,0,0,0,-97,0,11,2,312948942,0,83,1,128,0,"[0,0,0,0,0,0,0,0,0,0,0,0,0,2,-1,4,-2,6,-3,7,-3,8,-4,9,-4,9,-4,9,-4,9,-3,8,-3,7,-2,6,-2,4,-1,2,0,0,0,-1,0,-2,0,-4,0,-5,1,-7,2,-8,1,-9,2,-9,1,-9,2,-9,1,-9,0,0,0,-7,0,-5,0,-4,0,-2,0,0,-1,1,-1,3,-2,4,-2,6,-2,7,-2,7,-2,7,-2,7,-2,7,-2,7,-2,6,-2,5,-1,4,0,2,0,1,0,0,0,0,1,-2,1,-2,2,-4,2,-4,0,0,0,0,0,0,0,0,0,0]"
CSI_DATA,23164,80:af:ca:27:52:2a,-55,11,1,0,1,1,1,0,0,0,0,-97,0,11,2,312966981,0,83,1,128,0,"[0,0,0,0,0,0,0,0,0,0,0,0,-3,6,-2,5,-2,5,-2,4,-2,3,-1,1,-1,0,0,0,0,-1,0,-3,0,-4,0,-5,0,-6,0,-6,0,-6,0,-7,0,-6,0,-6,0,-5,0,-5,0,-4,0,-2,0,-1,0,0,0,1,0,2,0,0,0,4,0,5,0,6,0,6,0,6,0,6,0,6,0,5,0,4,0,3,0,2,0,1,0,0,0,0,0,-2,0,-3,0,-4,0,-4,0,-5,0,-5,0,-5,0,-5,0,-5,0,-4,0,-4,0,-3,0,0,0,0,0,0,0,0,0,0]"
CSI_DATA,23165,80:af:ca:27:52:2a,-55,11,1,0,1,1,1,0,0,0,0,-97,0,11,2,312975637,0,83,1,128,0,"[0,0,0,0,0,0,0,0,0,0,0,0,3,7,3,6,3,5,2,5,1,3,0,2,0,0,0,0,-1,-1,-2,-2,-3,-4,-4,-5,-4,-5,-5,-6,-5,-6,-5,-6,-5,-6,-5,-5,-5,-5,-4,-4,-3,-3,-2,-2,0,-1,0,0,0,0,2,1,0,0,4,4,5,4,5,5,5,5,5,5,5,5,5,5,4,4,4,3,3,2,2,1,1,0,0,0,0,-1,-1,-2,-2,-3,-3,-4,-3,-4,-4,-4,-4,-5,-4,-5,-4,-5,-3,-4,-3,-4,-3,-4,-2,-3,0,0,0,0,0,0,0,0,0,0]"
CSI_DATA,23166,80:af:ca:27:52:2a,-55,11,1,0,1,1,1,0,0,0,0,-97,0,11,2,312992555,0,83,1,128,0,"[0,0,0,0,0,0,0,0,0,0,0,0,-2,2,-3,3,-4,4,-7,4,-7,5,-8,5,-9,6,-8,6,-8,5,-7,5,-7,4,-6,4,-4,2,-3,2,-2,0,0,0,1,-2,2,-2,4,-4,5,-4,6,-5,7,-6,7,-6,7,-7,7,-7,7,-6,0,0,5,-4,4,-4,2,-3,1,-2,0,0,-2,0,-3,0,-4,2,-6,2,-6,3,-7,3,-7,3,-7,3,-7,3,-7,3,-6,3,-5,2,-4,2,-3,1,-2,1,0,0,0,0,1,0,2,0,3,0,4,0,0,0,0,0,0,0,0,0,0,0]"
CSI_DATA,23167,80:af:ca:27:52:2a,-54,11,1,0,1,1,1,0,0,0,0,-97,0,11,2,313001910,0,83,1,128,0,"[0,0,0,0,0,0,0,0,0,0,0,0,3,-10,3,-9,3,-8,3,-6,2,-4,1,-2,0,0,0,1,-1,2,-2,5,-4,6,-4,8,-5,8,-5,9,-5,9,-5,9,-5,8,-5,8,-4,6,-4,5,-2,4,-1,2,0,1,0,0,1,-2,2,-4,0,0,5,-6,6,-7,6,-7,6,-8,6,-8,6,-7,6,-7,5,-6,4,-5,3,-4,2,-3,0,-2,0,-1,-2,0,-3,0,-4,1,-6,1,-6,2,-6,2,-7,2,-8,2,-7,2,-7,1,-6,1,-5,1,-4,1,0,0,0,0,0,0,0,0,0,0]"
CSI_DATA,23168,80:af:ca:27:52:2a,-55,11,1,0,1,1,1,0,0,0,0,-97,0,11,2,313009210,0,83,1,128,0,"[0,0,0,0,0,0,0,0,0,0,0,0,2,-2,4,-2,6,-2,8,-2,9,-2,9,-2,10,-2,9,-2,9,-2,8,-2,8,-1,6,-1,4,-1,2,0,0,0,0,0,-2,0,-4,0,-6,0,-7,0,-8,0,-10,1,-10,1,-10,1,-10,0,-9,1,0,0,-7,0,-5,0,-4,0,-2,0,0,0,1,0,3,0,4,0,6,0,7,0,8,0,8,0,8,0,8,0,7,0,6,0,6,0,4,0,3,0,2,0,0,0,0,-1,-2,-1,-3,-2,-4,-2,-4,-2,0,0,0,0,0,0,0,0,0,0]"
CSI_DATA,23169,80:af:ca:27:52:2a,-55,11,1,0,1,1,1,0,0,0,0,-97,0,11,2,313017495,0,83,1,128,0,"[0,0,0,0,0,0,0,0,0,0,0,0,3,0,6,0,8,0,10,2,10,2,11,2,12,2,12,2,12,2,10,2,10,2,8,1,6,1,4,0,1,0,0,0,-3,0,-5,0,-7,0,-9,0,-10,0,-12,0,-12,0,-12,0,-12,0,-12,0,0,0,-9,0,-7,0,-5,0,-2,0,0,0,2,0,4,0,6,0,8,0,9,0,10,0,10,0,10,0,10,0,9,0,8,0,7,0,6,0,4,0,2,0,0,0,-1,-1,-2,-1,-4,-1,-5,-2,-6,-2,0,0,0,0,0,0,0,0,0,0]"
CSI_DATA,23170,80:af:ca:27:52:2a,-55,11,1,0,1,1,1,0,0,0,0,-97,0,11,2,313043367,0,83,1,128,0,"[0,0,0,0,0,0,0,0,0,0,0,0,1,-2,3,-4,5,-5,7,-5,8,-6,8,-6,8,-7,8,-7,8,-7,8,-6,8,-5,6,-5,4,-3,3,-2,1,-1,0,0,-1,1,-2,2,-3,5,-5,5,-5,7,-6,8,-6,8,-6,8,-6,8,-5,8,0,0,-4,6,-3,5,-2,2,-1,1,0,0,0,-2,1,-3,2,-5,2,-7,2,-8,3,-8,3,-8,4,-8,3,-8,3,-8,2,-7,2,-6,1,-5,0,-3,0,-2,0,-1,-1,0,-2,1,-2,2,-2,2,-3,3,0,0,0,0,0,0,0,0,0,0]"
CSI_DATA,23171,80:af:ca:27:52:2a,-55,11,1,0,1,1,1,0,0,0,0,-97,0,11,2,313052769,0,83,1,128,0,"[0,0,0,0,0,0,0,0,0,0,0,0,-2,-2,-4,-3,-5,-5,-6,-7,-7,-8,-7,-8,-8,-9,-8,-9,-8,-9,-7,-8,-6,-8,-5,-7,-4,-5,-2,-4,-1,-2,0,0,1,0,3,1,5,2,6,3,7,4,8,5,8,5,9,5,9,5,8,4,0,0,6,3,5,2,3,1,1,0,0,0,-2,-1,-3,-2,-5,-2,-6,-3,-8,-3,-8,-4,-8,-4,-8,-4,-8,-3,-8,-3,-7,-2,-6,-2,-5,-2,-3,-1,-2,0,-1,0,0,0,1,1,2,1,3,2,3,2,0,0,0,0,0,0,0,0,0,0]"
CSI_DATA,23172,80:af:ca:27:52:2a,-55,11,1,0,1,1,1,0,0,0,0,-97,0,11,2,313085929,0,83,1,128,0,"[0,0,0,0,0,0,0,0,0,0,0,0,1,2,2,4,2,7,2,9,2,9,2,10,2,11,2,10,1,10,1,9,0,8,0,7,0,5,0,3,0,1,-1,0,-2,-2,-2,-4,-2,-6,-3,-7,-4,-9,-4,-9,-4,-9,-4,-9,-4,-9,-4,-9,0,0,-3,-7,-2,-5,-2,-3,-1,-1,0,0,0,2,1,3,2,4,2,6,3,7,3,8,3,8,3,8,3,7,3,7,3,6,2,5,2,4,2,2,1,1,0,0,0,-1,0,-2,0,-4,0,-4,0,-5,0,0,0,0,0,0,0,0,0,0]"
CSI_DATA,23173,80:af:ca:27:52:2a,-54,11,1,0,1,1,1,0,0,0,0,-97,0,11,2,313092630,0,83,1,128,0,"[0,0,0,0,0,0,0,0,0,0,0,0,-8,-5,-7,-4,-6,-4,-4,-4,-3,-3,-2,-2,-1,-1,0,-1,2,0,3,0,5,1,6,1,7,2,8,2,8,2,8,2,8,1,7,1,6,1,5,1,3,1,2,0,1,0,0,0,-2,0,-3,0,0,0,-7,0,-8,0,-8,0,-9,0,-9,0,-9,0,-8,0,-7,0,-6,0,-4,0,-3,0,-1,0,0,0,1,0,2,0,3,0,4,0,5,0,6,0,6,0,6,0,6,0,6,0,5,0,4,0,3,0,0,0,0,0,0,0,0,0,0,0]"
CSI_DATA,23174,80:af:ca:27:52:2a,-54,11,1,0,1,1,1,0,0,0,0,-97,0,11,2,313100136,0,83,1,128,0,"[0,0,0,0,0,0,0,0,0,0,0,0,-8,7,-7,6,-7,6,-6,4,-4,2,-3,1,-1,0,0,-1,1,-3,2,-4,4,-5,4,-7,6,-7,6,-8,6,-8,6,-8,6,-8,5,-7,4,-6,3,-5,3,-4,1,-2,0,-1,0,0,-2,1,-3,3,0,0,-5,6,-6,7,-6,7,-6,8,-7,7,-6,7,-6,7,-4,6,-4,5,-3,4,-2,3,-1,1,0,0,1,0,2,-1,3,-2,4,-3,5,-4,6,-4,5,-4,6,-4,6,-4,5,-4,4,-4,4,-3,3,-3,0,0,0,0,0,0,0,0,0,0]"
CSI_DATA,23175,80:af:ca:27:52:2a,-54,11,1,0,1,1,1,0,0,0,0,-97,0,11,2,313117115,0,83,1,128,0,"[0,0,0,0,0,0,0,0,0,0,0,0,-8,-3,-7,-3,-6,-3,-5,-3,-4,-2,-2,-2,-1,-1,0,-1,2,0,3,0,4,1,5,1,6,1,7,1,7,1,7,1,7,1,6,1,5,1,4,1,3,0,2,0,1,0,0,0,-2,0,-3,0,0,0,-5,-1,-6,-1,-7,-1,-7,-1,-7,-1,-7,-1,-7,-1,-6,-1,-5,-1,-4,0,-3,0,-2,0,0,0,0,0,1,1,2,1,3,1,4,1,4,1,5,1,5,1,4,1,4,1,4,1,3,1,2,1,0,0,0,0,0,0,0,0,0,0]"
CSI_DATA,23176,80:af:ca:27:52:2a,-55,11,1,0,1,1,1,0,0,0,0,-97,0,11,2,313124239,0,83,1,128,0,"[0,0,0,0,0,0,0,0,0,0,0,0,-2,-2,-2,-5,-2,-7,-2,-9,-2,-10,-2,-10,-2,-11,-2,-10,-2,-10,-2,-10,-1,-9,-1,-8,-1,-5,0,-4,0,-2,0,0,0,2,1,3,1,5,1,6,2,8,2,8,2,8,3,9,2,9,2,8,0,0,2,6,1,5,1,3,0,1,0,0,0,-2,0,-3,-1,-5,-2,-7,-2,-8,-2,-8,-2,-8,-2,-8,-2,-8,-2,-8,-2,-7,-2,-6,-2,-5,-1,-3,-1,-2,-1,0,0,0,0,1,0,2,0,3,0,4,0,0,0,0,0,0,0,0,0,0]"
CSI_DATA,23177,80:af:ca:27:52:2a,-55,11,1,0,1,1,1,0,0,0,0,-97,0,11,2,313139373,0,83,1,128,0,"[0,0,0,0,0,0,0,0,0,0,0,0,-5,6,-4,5,-4,4,-4,3,-3,2,-2,1,-1,0,0,-1,1,-2,2,-3,3,-4,3,-5,4,-6,4,-6,4,-6,4,-6,4,-6,3,-5,3,-5,2,-4,2,-3,1,-2,0,-1,0,0,-1,1,-2,2,0,0,-4,4,-4,5,-5,5,-5,5,-5,5,-5,5,-4,5,-4,4,-3,4,-2,3,-2,2,-1,1,0,0,1,0,2,-1,3,-2,3,-2,4,-3,4,-3,4,-3,4,-3,4,-3,4,-3,4,-2,3,-2,2,-2,0,0,0,0,0,0,0,0,0,0]"
CSI_DATA,23178,80:af:ca:27:52:2a,-55,11,1,0,1,1,1,0,0,0,0,-97,0,11,2,313154826,0,83,1,128,0,"[0,0,0,0,0,0,0,0,0,0,0,0,2,0,4,0,6,0,6,1,8,2,8,2,9,2,9,2,9,2,8,2,7,2,6,2,4,1,3,1,1,0,0,0,-2,0,-4,0,-6,0,-7,-1,-8,-1,-9,-1,-10,-1,-10,-1,-10,-1,-9,0,0,0,-7,0,-6,0,-4,0,-2,0,0,0,1,0,2,0,4,0,6,0,7,0,8,1,8,1,8,1,8,1,8,0,6,0,6,0,4,0,3,0,2,0,0,0,0,-1,-2,-1,-3,-2,-4,-2,-4,-2,0,0,0,0,0,0,0,0,0,0]"
CSI_DATA,23179,80:af:ca:27:52:2a,-55,11,1,0,1,1,1,0,0,0,0,-97,0,11,2,313173230,0,83,1,128,0,"[0,0,0,0,0,0,0,0,0,0,0,0,0,-3,1,-4,2,-6,3,-7,4,-8,4,-8,4,-8,4,-8,4,-8,4,-8,4,-7,3,-6,2,-4,1,-3,0,-1,0,0,0,2,-1,3,-2,4,-2,6,-3,7,-3,8,-3,8,-3,8,-4,8,-3,8,0,0,-2,6,-2,4,-1,3,0,1,0,0,0,-2,1,-3,2,-4,2,-6,2,-7,2,-8,3,-8,3,-8,3,-8,2,-7,2,-6,2,-6,1,-4,0,-3,0,-2,0,-1,-1,0,-2,0,-2,2,-3,2,-3,2,0,0,0,0,0,0,0,0,0,0]"
CSI_DATA,23180,80:af:ca:27:52:2a,-55,11,1,0,1,1,1,0,0,0,0,-97,0,11,2,313180897,0,83,1,128,0,"[0,0,0,0,0,0,0,0,0,0,0,0,-2,2,-3,4,-4,4,-6,5,-6,6,-7,6,-8,6,-7,6,-8,6,-6,5,-6,4,-5,4,-4,2,-2,2,-1,0,0,-1,0,-2,2,-3,3,-4,4,-6,4,-6,5,-7,5,-8,5,-8,5,-8,4,-8,0,0,3,-6,2,-4,1,-3,0,-2,0,0,-2,0,-2,2,-4,3,-4,4,-4,5,-5,6,-6,6,-6,6,-5,6,-5,5,-4,4,-4,4,-2,3,-2,2,-1,1,0,0,0,0,1,-1,2,-2,3,-2,3,-2,0,0,0,0,0,0,0,0,0,0]"
CSI_DATA,23181,80:af:ca:27:52:2a,-54,11,1,0,1,1,1,0,0,0,0,-97,0,11,2,313189284,0,83,1,128,0,"[0,0,0,0,0,0,0,0,0,0,0,0,2,-9,2,-8,2,-7,2,-6,1,-4,1,-3,0,-1,0,0,0,2,0,3,-1,5,-1,6,-1,7,-1,7,-1,7,-1,8,-1,7,-1,7,-1,6,-1,5,-1,4,0,3,0,1,0,0,0,-1,0,-3,0,0,0,-6,0,-7,0,-7,0,-8,0,-8,0,-8,0,-7,0,-6,0,-6,0,-4,0,-3,0,-2,0,-1,-1,0,-1,1,-1,3,-1,4,-1,4,-1,5,-1,5,-1,5,-1,5,-1,5,-1,4,-1,4,-1,3,0,0,0,0,0,0,0,0,0,0]"
CSI_DATA,23182,80:af:ca:27:52:2a,-54,11,1,0,1,1,1,0,0,0,0,-97,0,11,2,313196899,0,83,1,128,0,"[0,0,0,0,0,0,0,0,0,0,0,0,-9,-2,-8,-2,-7,-2,-5,-2,-4,-1,-2,-1,0,0,1,0,2,0,4,1,5,2,6,2,7,2,8,3,8,3,8,3,7,2,6,2,6,2,5,1,4,1,2,0,1,0,0,-1,-2,-1,-3,-2,0,0,-5,-4,-6,-5,-6,-5,-7,-5,-7,-5,-7,-5,-6,-5,-6,-4,-5,-4,-4,-2,-3,-2,-2,-1,-1,0,0,1,0,2,1,3,1,4,2,5,2,5,2,5,2,5,2,5,1,5,1,5,1,4,1,3,0,0,0,0,0,0,0,0,0,0]"
CSI_DATA,23183,80:af:ca:27:52:2a,-55,11,1,0,1,1,1,0,0,0,0,-97,0,11,2,313206435,0,83,1,128,0,"[0,0,0,0,0,0,0,0,0,0,0,0,1,3,1,5,1,6,0,8,1,9,0,9,0,10,0,9,0,9,0,8,0,7,0,6,0,4,0,2,0,0,0,-1,0,-3,0,-4,0,-6,0,-7,0,-8,0,-9,0,-9,-1,-10,0,-10,-1,-8,0,0,0,-6,0,-5,0,-4,0,-2,-1,0,-1,2,-1,3,-1,4,-2,6,-2,6,-2,8,-2,8,-2,8,-2,8,-2,7,-2,6,-1,5,-1,4,0,2,0,1,0,0,0,0,1,-2,2,-2,2,-3,2,-4,0,0,0,0,0,0,0,0,0,0]"
CSI_DATA,23184,80:af:ca:27:52:2a,-54,11,1,0,1,1,1,0,0,0,0,-97,0,11,2,313223023,0,83,1,128,0,"[0,0,0,0,0,0,0,0,0,0,0,0,-6,6,-5,6,-4,5,-4,4,-3,2,-2,1,-1,0,0,-1,0,-2,1,-3,2,-5,2,-6,2,-7,2,-7,3,-8,3,-8,2,-8,2,-7,2,-6,1,-5,1,-4,1,-3,0,-1,0,0,0,1,-1,3,0,0,-1,6,-1,7,-1,7,-1,8,-2,8,-2,8,-1,7,-1,6,-1,5,0,4,0,2,0,1,0,0,0,-1,0,-2,1,-3,1,-4,1,-6,1,-6,1,-6,1,-6,1,-6,1,-6,1,-5,1,-4,0,-3,0,0,0,0,0,0,0,0,0,0]"
CSI_DATA,23185,80:af:ca:27:52:2a,-55,11,1,0,1,1,1,0,0,0,0,-97,0,11,2,313238485,0,83,1,128,0,"[0,0,0,0,0,0,0,0,0,0,0,0,-4,-7,-4,-7,-3,-6,-3,-5,-2,-4,-1,-3,0,-1,0,0,1,1,2,2,3,3,4,4,4,5,5,5,5,5,5,6,5,5,5,5,4,4,3,3,2,2,1,1,0,1,0,0,-1,-1,-2,-2,0,0,-4,-4,-5,-4,-6,-5,-6,-5,-6,-5,-6,-5,-6,-5,-5,-4,-4,-3,-4,-2,-3,-2,-1,-1,0,0,0,1,1,1,2,2,3,3,3,3,3,3,4,3,4,4,3,3,3,3,3,3,2,2,2,2,0,0,0,0,0,0,0,0,0,0]"
CSI_DATA,23186,80:af:ca:27:52:2a,-54,11,1,0,1,1,1,0,0,0,0,-97,0,11,2,313247351,0,83,1,128,0,"[0,0,0,0,0,0,0,0,0,0,0,0,-6,-7,-5,-7,-4,-6,-3,-5,-2,-4,-1,-3,0,-1,0,0,1,1,2,2,3,3,4,4,5,4,6,5,6,5,6,6,6,5,6,4,4,4,4,3,3,2,2,1,1,0,0,0,-1,-1,-3,-2,0,0,-5,-3,-6,-4,-6,-4,-7,-4,-7,-5,-6,-5,-6,-4,-5,-4,-5,-3,-4,-2,-3,-2,-1,-1,0,0,0,1,1,1,2,2,2,3,3,3,3,3,3,3,3,4,3,3,3,3,3,3,2,2,2,2,0,0,0,0,0,0,0,0,0,0]"
CSI_DATA,23187,80:af:ca:27:52:2a,-55,11,1,0,1,1,1,0,0,0,0,-97,0,11,2,313274970,0,83,1,128,0,"[0,0,0,0,0,0,0,0,0,0,0,0,-3,0,-5,0,-7,-1,-9,-2,-9,-2,-10,-2,-11,-2,-11,-2,-10,-2,-9,-2,-9,-2,-7,-2,-5,-1,-4,-1,-1,0,0,0,2,0,4,0,5,0,7,0,8,0,9,0,9,0,10,0,10,0,9,0,0,0,7,0,5,0,3,0,1,0,0,0,-2,0,-4,0,-5,0,-7,0,-8,0,-9,0,-9,0,-9,0,-9,0,-8,0,-7,0,-7,0,-4,0,-4,0,-2,0,0,0,0,0,2,0,2,0,4,1,4,1,0,0,0,0,0,0,0,0,0,0]"
CSI_DATA,23188,80:af:ca:27:52:2a,-55,11,1,0,1,1,1,0,0,0,0,-97,0,11,2,313299381,0,83,1,128,0,"[0,0,0,0,0,0,0,0,0,0,0,0,3,0,4,1,5,1,7,3,7,3,7,3,8,4,7,4,7,4,7,3,6,3,5,3,3,1,1,1,0,0,-1,0,-3,0,-4,-1,-5,-1,-7,-2,-8,-2,-9,-3,-9,-3,-9,-3,-9,-3,-8,-2,0,0,-6,-1,-5,-1,-3,0,-1,0,0,0,1,0,3,1,4,1,5,1,7,1,7,2,7,2,7,2,7,1,7,1,6,1,5,1,4,0,3,0,1,0,0,-1,0,-1,-1,-1,-3,-2,-3,-3,-4,-3,0,0,0,0,0,0,0,0,0,0]"
CSI_DATA,23189,80:af:ca:27:52:2a,-55,11,1,0,1,1,1,0,0,0,0,-97,0,11,2,313335861,0,83,1,128,0,"[0,0,0,0,0,0,0,0,0,0,0,0,-2,7,-2,7,-2,6,-2,4,-2,3,-1,2,0,0,0,-1,0,-2,0,-4,1,-5,1,-6,1,-7,1,-7,2,-8,2,-8,1,-7,1,-7,1,-6,1,-5,0,-4,0,-3,0,-1,0,0,-1,1,-1,3,0,0,-2,5,-2,6,-2,6,-2,7,-2,7,-3,7,-2,6,-2,5,-2,5,-1,4,-1,2,0,1,0,0,1,-1,1,-2,2,-3,2,-3,2,-4,3,-4,3,-5,3,-4,3,-4,3,-4,2,-4,2,-3,2,-3,0,0,0,0,0,0,0,0,0,0]"
CSI_DATA,23190,80:af:ca:27:52:2a,-55,11,1,0,1,1,1,0,0,0,0,-97,0,11,2,313344898,0,83,1,128,0,"[0,0,0,0,0,0,0,0,0,0,0,0,7,-1,7,-1,6,-1,5,0,4,0,2,0,1,0,0,0,-2,1,-3,1,-5,1,-6,1,-6,1,-7,2,-7,2,-8,2,-7,2,-6,2,-6,2,-5,1,-4,1,-3,0,-1,0,0,0,1,-1,2,-1,0,0,4,-2,5,-3,6,-3,6,-4,6,-3,6,-3,6,-3,5,-3,4,-2,3,-2,2,-2,1,-1,0,0,-1,0,-2,0,-3,1,-4,1,-5,1,-5,1,-5,2,-5,1,-5,1,-5,1,-5,1,-4,1,-3,1,0,0,0,0,0,0,0,0,0,0]"
CSI_DATA,23191,80:af:ca:27:52:2a,-55,11,1,0,1,1,1,0,0,0,0,-97,0,11,2,313353895,0,83,1,128,0,"[0,0,0,0,0,0,0,0,0,0,0,0,1,2,2,4,2,6,2,7,2,8,2,9,2,9,2,9,2,9,2,8,2,8,2,7,1,4,0,3,0,1,-1,0,-2,-2,-2,-4,-3,-5,-3,-7,-4,-8,-4,-9,-4,-9,-5,-9,-5,-9,-5,-8,0,0,-4,-7,-3,-5,-2,-4,-1,-2,0,0,0,1,1,3,2,4,2,6,3,7,4,7,3,8,3,8,3,8,3,7,2,7,2,5,2,4,1,2,0,1,0,0,0,-1,0,-2,0,-4,-1,-4,-1,-5,0,0,0,0,0,0,0,0,0,0]"
CSI_DATA,23192,80:af:ca:27:52:2a,-55,11,1,0,1,1,1,0,0,0,0,-97,0,11,2,313362997,0,83,1,128,0,"[0,0,0,0,0,0,0,0,0,0,0,0,-2,2,-4,2,-6,3,-8,2,-9,3,-9,3,-10,3,-9,3,-9,2,-8,2,-8,2,-6,2,-4,1,-3,0,-1,0,0,0,2,-1,4,-2,5,-2,6,-3,7,-3,8,-4,8,-4,8,-4,8,-4,8,-4,0,0,6,-3,4,-2,2,-2,1,-1,0,0,-2,0,-4,0,-5,0,-7,1,-8,1,-8,1,-9,1,-9,1,-8,1,-8,1,-7,1,-6,1,-4,0,-4,0,-2,0,0,0,0,0,2,0,3,0,4,1,4,1,0,0,0,0,0,0,0,0,0,0]"
CSI_DATA,23193,80:af:ca:27:52:2a,-55,11,1,0,1,1,1,0,0,0,0,-97,0,11,2,313375044,0,83,1,128,0,"[0,0,0,0,0,0,0,0,0,0,0,0,8,0,7,0,6,0,5,0,4,0,2,0,1,0,0,0,-2,0,-3,0,-5,0,-6,0,-7,0,-7,1,-7,1,-8,1,-7,1,-7,1,-6,1,-5,1,-4,0,-3,0,-1,0,0,0,1,0,2,-1,0,0,5,-2,6,-2,6,-2,7,-2,7,-2,7,-2,6,-2,5,-2,5,-2,3,-2,2,-1,1,-1,0,-1,-1,0,-2,0,-3,0,-4,0,-5,0,-5,0,-5,1,-5,1,-5,1,-5,0,-5,0,-4,0,-3,0,0,0,0,0,0,0,0,0,0,0]"
CSI_DATA,23194,80:af:ca:27:52:2a,-54,11,1,0,1,1,1,0,0,0,0,-97,0,11,2,313383563,0,83,1,128,0,"[0,0,0,0,0,0,0,0,0,0,0,0,-3,0,-5,0,-8,-1,-9,-2,-10,-2,-11,-3,-11,-3,-11,-3,-11,-3,-10,-3,-9,-3,-8,-2,-5,-2,-3,-2,-1,0,0,0,2,0,4,0,5,1,7,1,8,2,9,2,9,2,10,2,10,2,9,2,0,0,7,1,5,0,3,0,2,0,0,0,-2,-1,-3,-2,-5,-2,-6,-3,-8,-3,-8,-4,-8,-4,-8,-4,-8,-4,-8,-4,-7,-3,-6,-2,-5,-2,-3,-1,-2,0,-1,0,0,0,0,1,1,2,2,2,2,3,0,0,0,0,0,0,0,0,0,0]"
CSI_DATA,23195,80:af:ca:27:52:2a,-54,11,1,0,1,1,1,0,0,0,0,-97,0,11,2,313393573,0,83,1,128,0,"[0,0,0,0,0,0,0,0,0,0,0,0,0,10,0,9,0,8,0,6,0,4,0,2,0,0,0,-1,0,-3,0,-5,0,-7,0,-9,0,-9,0,-10,0,-10,0,-10,0,-10,0,-9,0,-8,0,-6,0,-5,0,-3,0,-1,-1,0,-1,2,-1,4,0,0,-2,6,-2,8,-3,9,-3,9,-4,9,-4,9,-3,8,-2,7,-2,6,-1,5,-1,3,0,2,0,0,1,0,2,-1,2,-2,4,-4,4,-4,5,-5,5,-5,5,-5,5,-5,5,-4,4,-4,4,-3,3,-2,0,0,0,0,0,0,0,0,0,0]"
CSI_DATA,23196,80:af:ca:27:52:2a,-55,11,1,0,1,1,1,0,0,0,0,-97,0,11,2,313414967,0,83,1,128,0,"[0,0,0,0,0,0,0,0,0,0,0,0,-3,0,-5,-2,-7,-2,-8,-5,-9,-5,-10,-5,-10,-5,-10,-5,-10,-6,-9,-5,-8,-5,-7,-4,-5,-3,-3,-2,-1,-1,0,0,2,0,4,0,5,0,7,1,8,1,9,1,10,2,10,1,10,1,10,1,0,0,7,0,5,0,3,0,2,0,0,0,-2,0,-4,0,-5,-1,-8,-1,-8,0,-10,-1,-10,-1,-10,-1,-10,0,-9,0,-8,0,-7,0,-5,0,-4,0,-2,0,-1,0,0,0,1,0,2,0,4,0,5,1,0,0,0,0,0,0,0,0,0,0]"
CSI_DATA,23197,80:af:ca:27:52:2a,-54,11,1,0,1,1,1,0,0,0,0,-97,0,11,2,313426647,0,83,1,128,0,"[0,0,0,0,0,0,0,0,0,0,0,0,-5,-7,-4,-7,-4,-6,-3,-5,-2,-4,-1,-2,0,-1,0,0,1,1,2,2,3,3,4,4,4,6,4,6,4,6,5,6,4,6,4,5,4,4,3,3,2,2,1,1,0,0,0,-1,-1,-2,-2,-3,0,0,-4,-5,-4,-6,-4,-7,-5,-7,-5,-7,-5,-7,-4,-6,-4,-5,-4,-4,-3,-3,-2,-2,-1,-1,-1,0,0,1,0,2,0,3,1,4,1,4,1,5,1,5,1,6,1,6,1,5,1,4,1,4,1,3,0,0,0,0,0,0,0,0,0,0]"
CSI_DATA,23198,80:af:ca:27:52:2a,-55,11,1,0,1,1,1,0,0,0,0,-97,0,11,2,313439572,0,83,1,128,0,"[0,0,0,0,0,0,0,0,0,0,0,0,-7,6,-6,5,-6,4,-5,3,-4,2,-3,1,-1,0,0,-1,1,-3,2,-3,4,-5,5,-5,5,-6,6,-6,6,-7,6,-7,5,-7,5,-6,4,-6,3,-5,3,-3,2,-2,0,-1,0,0,-1,1,-2,2,0,0,-4,5,-5,6,-6,6,-6,7,-6,6,-6,6,-5,6,-5,5,-4,5,-3,4,-2,3,-1,1,0,0,1,0,2,-1,3,-2,4,-3,4,-4,4,-4,5,-4,5,-4,5,-4,5,-4,4,-3,4,-3,3,-2,0,0,0,0,0,0,0,0,0,0]"
CSI_DATA,23199,80:af:ca:27:52:2a,-55,11,1,0,1,1,1,0,0,0,0,-97,0,11,2,313453084,0,83,1,128,0,"[0,0,0,0,0,0,0,0,0,0,0,0,1,-8,1,-8,1,-7,1,-6,1,-4,1,-2,0,-1,0,0,0,2,-1,3,-1,5,-2,6,-2,7,-2,7,-2,7,-2,8,-2,7,-2,7,-2,6,-1,5,-1,4,-1,2,0,1,0,0,0,-1,1,-3,0,0,1,-5,2,-6,2,-7,2,-8,3,-7,3,-8,2,-7,2,-6,2,-6,1,-5,0,-3,0,-2,0,-1,-1,0,-2,1,-2,2,-3,3,-3,3,-4,4,-4,4,-4,4,-4,4,-4,3,-4,3,-3,3,-3,2,0,0,0,0,0,0,0,0,0,0]"
CSI_DATA,23200,80:af:ca:27:52:2a,-55,11,1,0,1,1,1,0,0,0,0,-97,0,11,2,313460303,0,83,1,128,0,"[0,0,0,0,0,0,0,0,0,0,0,0,0,3,0,5,-1,7,-2,8,-2,8,-3,9,-3,9,-3,9,-3,8,-3,8,-3,6,-2,5,-2,4,-1,2,0,0,0,-1,0,-2,1,-4,2,-6,2,-7,3,-8,3,-8,3,-9,3,-9,3,-9,3,-8,0,0,2,-6,2,-5,0,-4,0,-2,-1,0,-2,0,-3,2,-4,3,-4,4,-5,5,-6,6,-6,6,-6,6,-6,6,-6,5,-5,4,-4,4,-3,3,-2,2,-1,1,0,0,0,0,2,0,2,0,4,-1,4,-1,0,0,0,0,0,0,0,0,0,0]"
CSI_DATA,23201,80:af:ca:27:52:2a,-55,11,1,0,1,1,1,0,0,0,0,-97,0,11,2,313494804,0,83,1,128,0,"[0,0,0,0,0,0,0,0,0,0,0,0,-3,-8,-3,-7,-2,-6,-1,-5,-1,-4,0,-2,0,-1,0,0,1,1,2,2,2,4,3,5,3,6,3,6,4,6,4,7,4,6,3,6,3,5,2,4,2,3,1,2,0,0,0,0,-1,-2,-2,-3,0,0,-4,-5,-4,-6,-5,-6,-5,-7,-5,-7,-5,-7,-4,-6,-4,-5,-4,-4,-3,-3,-2,-2,-1,-1,-1,0,0,1,0,2,1,3,1,4,2,4,2,5,2,5,2,5,2,5,2,5,2,4,1,4,1,3,0,0,0,0,0,0,0,0,0,0]"
CSI_DATA,23202,80:af:ca:27:52:2a,-55,11,1,2,1,1,1,0,0,0,0,-97,0,11,2,313500456,0,83,1,128,0,"[0,0,0,0,0,0,0,0,0,0,0,0,-2,0,-5,-1,-6,-2,-8,-3,-9,-4,-9,-4,-10,-5,-10,-4,-10,-5,-9,-4,-8,-3,-7,-3,-5,-2,-3,-2,-2,-1,0,0,2,0,3,0,5,0,7,0,8,1,9,1,10,1,10,1,9,0,9,0,0,0,7,0,5,0,3,0,2,0,0,0,-2,0,-3,-1,-5,-1,-7,-1,-8,-1,-8,-1,-9,-2,-9,-2,-8,-2,-8,-1,-8,-1,-6,-1,-5,0,-3,0,-2,0,-1,0,0,0,1,0,2,1,3,1,4,2,0,0,0,0,0,0,0,0,0,0]"
CSI_DATA,23203,80:af:ca:27:52:2a,-55,11,1,0,1,1,1,0,0,0,0,-97,0,11,2,313509374,0,83,1,128,0,"[0,0,0,0,0,0,0,0,0,0,0,0,6,5,5,4,5,4,4,3,2,2,1,1,0,0,0,0,-2,0,-3,-1,-4,-2,-5,-2,-6,-3,-6,-3,-7,-3,-7,-3,-7,-3,-7,-3,-6,-2,-5,-2,-3,-1,-2,-1,-1,0,0,0,1,0,2,0,0,0,4,1,6,1,6,1,7,1,7,2,7,2,6,1,5,1,4,0,3,0,2,0,1,0,0,0,0,0,-2,-1,-3,-1,-4,-1,-4,-1,-5,-2,-5,-2,-5,-2,-5,-2,-4,-1,-4,-1,-3,-1,-3,-1,0,0,0,0,0,0,0,0,0,0]"
CSI_DATA,23204,80:af:ca:27:52:2a,-54,11,1,2,1,1,1,0,0,0,0,-97,0,11,2,313514877,0,83,1,128,0,"[0,0,0,0,0,0,0,0,0,0,0,0,-2,-3,-2,-5,-2,-7,-2,-9,-2,-10,-2,-11,-2,-12,-2,-12,-2,-11,-1,-11,-1,-10,-1,-8,-1,-6,0,-4,0,-2,0,0,0,2,0,3,0,5,1,7,1,8,2,10,2,10,2,10,2,10,2,9,0,0,1,7,0,5,0,3,0,2,0,0,0,-2,0,-4,0,-5,0,-7,0,-8,0,-9,0,-10,0,-10,0,-10,0,-9,0,-8,-1,-7,0,-6,0,-4,0,-3,0,-1,-1,0,-1,1,-1,2,-2,3,-2,4,0,0,0,0,0,0,0,0,0,0]"
CSI_DATA,23205,80:af:ca:27:52:2a,-55,11,1,0,1,1,1,0,0,0,0,-97,0,11,2,313534588,0,83,1,128,0,"[0,0,0,0,0,0,0,0,0,0,0,0,-4,0,-6,0,-7,-1,-9,-2,-10,-2,-11,-3,-11,-3,-10,-2,-10,-3,-9,-2,-8,-2,-7,-2,-5,-2,-3,-1,-1,0,0,0,2,0,4,0,6,0,7,0,8,0,9,0,9,0,10,0,9,0,8,0,0,0,6,0,4,0,3,0,1,0,0,0,-2,0,-4,-1,-6,-1,-7,-2,-8,-1,-8,-2,-8,-2,-8,-2,-8,-2,-8,-2,-7,-1,-6,-1,-5,0,-3,0,-2,0,0,0,0,0,1,0,2,1,3,2,4,2,0,0,0,0,0,0,0,0,0,0]"
CSI_DATA,23206,80:af:ca:27:52:2a,-55,11,1,0,1,1,1,0,0,0,0,-97,0,11,2,313542068,0,83,1,128,0,"[0,0,0,0,0,0,0,0,0,0,0,0,7,-6,7,-6,6,-5,5,-4,4,-3,2,-1,1,0,0,1,-1,2,-2,3,-4,5,-4,6,-5,6,-6,7,-6,7,-6,8,-5,7,-5,6,-4,6,-3,5,-3,3,-2,2,-1,1,0,-1,0,-2,1,-4,0,0,2,-7,3,-7,3,-8,3,-9,3,-9,3,-9,2,-8,2,-7,2,-6,1,-5,0,-3,0,-2,0,0,-1,1,-2,2,-2,3,-2,5,-3,5,-3,6,-3,6,-3,6,-3,6,-3,5,-2,5,-2,4,-1,3,0,0,0,0,0,0,0,0,0,0]"
CSI_DATA,23207,80:af:ca:27:52:2a,-54,11,1,0,1,1,1,0,0,0,0,-97,0,11,2,313550823,0,83,1,128,0,"[0,0,0,0,0,0,0,0,0,0,0,0,-3,7,-2,6,-2,5,-2,4,-2,3,-1,2,-1,0,0,-1,0,-2,0,-4,0,-5,1,-6,1,-7,1,-7,1,-8,1,-8,1,-8,1,-7,0,-6,0,-5,0,-4,0,-3,0,-1,0,0,0,1,0,3,0,0,-1,5,-1,6,-1,7,-1,7,-1,7,-1,7,-1,7,0,6,0,5,0,4,0,3,0,1,0,0,0,-1,1,-2,1,-3,1,-4,1,-5,1,-5,1,-6,1,-6,1,-6,1,-5,1,-5,1,-4,0,-3,0,0,0,0,0,0,0,0,0,0]"
CSI_DATA,23208,80:af:ca:27:52:2a,-55,11,1,0,1,1,1,0,0,0,0,-97,0,11,2,313560430,0,83,1,128,0,"[0,0,0,0,0,0,0,0,0,0,0,0,1,1,2,3,3,5,3,7,3,7,3,8,3,8,3,8,2,7,2,7,1,6,1,5,0,3,0,2,0,0,-1,-1,-1,-2,-2,-3,-3,-5,-3,-6,-4,-7,-5,-7,-5,-8,-5,-8,-5,-8,-5,-7,0,0,-3,-5,-3,-3,-2,-3,-1,-1,0,0,0,1,0,3,1,4,2,5,3,6,3,7,3,7,3,7,3,7,3,6,3,5,2,5,2,3,1,2,1,1,0,0,0,-1,0,-2,0,-3,0,-4,0,-5,0,0,0,0,0,0,0,0,0,0]"
CSI_DATA,23209,80:af:ca:27:52:2a,-55,11,1,0,1,1,1,0,0,0,0,-97,0,11,2,313568530,0,83,1,128,0,"[0,0,0,0,0,0,0,0,0,0,0,0,5,6,5,5,4,4,3,4,2,3,1,2,0,0,-1,0,-2,-1,-3,-2,-4,-4,-5,-4,-5,-5,-6,-6,-6,-6,-6,-6,-6,-6,-6,-5,-5,-4,-4,-4,-3,-3,-2,-2,-1,-1,0,0,1,1,2,2,0,0,4,4,4,5,5,5,5,5,5,6,5,5,5,5,4,4,4,4,3,3,2,2,1,1,0,0,0,-1,-1,-2,-2,-3,-2,-4,-3,-5,-3,-5,-3,-5,-3,-5,-3,-5,-3,-5,-2,-5,-2,-4,-2,-3,0,0,0,0,0,0,0,0,0,0]"
CSI_DATA,23210,80:af:ca:27:52:2a,-55,11,1,2,1,1,1,0,0,0,0,-97,0,11,2,313578319,0,83,1,128,0,"[0,0,0,0,0,0,0,0,0,0,0,0,-1,-3,0,-5,0,-7,0,-9,0,-10,0,-10,0,-11,0,-10,1,-10,1,-10,1,-8,0,-7,0,-5,0,-3,0,-2,0,0,0,2,0,3,-1,5,-1,7,-1,8,-2,9,-2,9,-2,10,-2,9,-1,8,0,0,-1,6,-1,5,0,3,0,1,0,0,0,-1,1,-3,2,-5,2,-6,2,-7,2,-8,3,-8,3,-8,3,-8,2,-8,2,-6,2,-5,1,-5,0,-3,0,-2,0,-1,-1,0,-2,0,-2,1,-3,2,-4,2,0,0,0,0,0,0,0,0,0,0]"
CSI_DATA,23211,80:af:ca:27:52:2a,-54,11,1,0,1,1,1,0,0,0,0,-97,0,11,2,313588255,0,83,1,128,0,"[0,0,0,0,0,0,0,0,0,0,0,0,-8,-4,-7,-4,-6,-4,-5,-3,-3,-2,-2,-1,0,0,1,0,2,1,3,2,4,3,5,4,6,4,6,4,7,5,7,5,6,4,5,4,5,4,4,2,2,2,2,1,0,0,0,-1,-1,-2,-2,-3,0,0,-4,-5,-5,-6,-5,-7,-5,-7,-5,-7,-5,-7,-5,-7,-4,-5,-4,-5,-3,-4,-2,-2,-1,-1,-1,0,0,1,0,2,0,3,0,4,0,5,0,5,0,5,0,6,0,5,0,5,0,5,0,4,0,3,0,0,0,0,0,0,0,0,0,0]"
CSI_DATA,23212,80:af:ca:27:52:2a,-55,11,1,0,1,1,1,0,0,0,0,-97,0,11,2,313612008,0,83,1,128,0,"[0,0,0,0,0,0,0,0,0,0,0,0,2,0,4,0,6,1,8,2,8,2,9,3,10,3,10,2,10,3,9,2,8,2,8,2,5,2,3,1,1,0,0,0,-2,0,-4,0,-6,0,-8,0,-9,-1,-10,-1,-10,0,-11,0,-11,0,-10,0,0,0,-8,0,-7,0,-5,0,-2,0,0,0,1,0,3,0,5,0,7,0,8,0,9,0,9,0,9,0,9,0,8,0,8,0,6,0,5,0,3,0,2,0,0,0,-1,0,-2,0,-3,-1,-5,-1,-5,-1,0,0,0,0,0,0,0,0,0,0]"
CSI_DATA,23213,80:af:ca:27:52:2a,-56,11,1,0,1,1,1,0,0,0,0,-97,0,11,2,313620352,0,83,1,128,0,"[0,0,0,0,0,0,0,0,0,0,0,0,0,-2,2,-4,3,-5,5,-6,6,-6,6,-7,7,-8,6,-8,7,-7,6,-7,6,-6,5,-6,4,-4,2,-2,1,-1,0,0,0,1,-2,2,-3,4,-4,5,-5,6,-6,7,-5,8,-6,8,-6,8,-5,8,0,0,-4,6,-3,4,-2,3,-1,2,0,0,0,-1,2,-2,2,-4,4,-6,4,-6,4,-7,5,-7,5,-8,5,-8,4,-7,4,-6,3,-6,2,-4,2,-3,0,-2,0,-1,-1,0,-2,0,-3,1,-4,2,-4,2,0,0,0,0,0,0,0,0,0,0]"
CSI_DATA,23214,80:af:ca:27:52:2a,-55,11,1,0,1,1,1,0,0,0,0,-97,0,11,2,313628844,0,83,1,128,0,"[0,0,0,0,0,0,0,0,0,0,0,0,-4,-7,-4,-6,-3,-5,-2,-5,-1,-3,-1,-2,0,-1,0,0,1,0,2,1,3,3,3,3,4,4,4,4,4,5,5,5,5,4,4,4,4,3,3,3,2,2,1,1,0,0,0,0,-1,-1,-2,-1,0,0,-4,-3,-5,-4,-6,-4,-6,-4,-6,-5,-6,-4,-6,-4,-5,-4,-4,-3,-3,-2,-2,-1,-1,0,0,0,0,0,0,1,1,2,2,2,3,3,3,3,3,3,3,3,3,3,3,3,3,3,2,2,1,2,0,0,0,0,0,0,0,0,0,0]"
CSI_DATA,23215,80:af:ca:27:52:2a,-55,11,1,0,1,1,1,0,0,0,0,-97,0,11,2,313637909,0,83,1,128,0,"[0,0,0,0,0,0,0,0,0,0,0,0,2,-1,4,-1,7,-1,8,0,9,0,9,0,10,0,10,0,10,0,9,0,9,0,7,0,5,0,3,0,1,0,0,0,-2,0,-4,0,-6,0,-7,1,-9,1,-9,1,-10,1,-10,1,-10,1,-9,2,0,0,-7,1,-6,0,-4,0,-2,0,0,0,1,0,3,0,4,-1,6,-1,7,-1,8,-1,8,-1,8,-1,8,-1,7,-1,7,-1,5,-1,4,-1,3,-1,1,-1,0,0,-1,0,-2,0,-3,0,-4,-1,-4,-1,0,0,0,0,0,0,0,0,0,0]"
CSI_DATA,23216,80:af:ca:27:52:2a,-55,11,1,0,1,1,1,0,0,0,0,-97,0,11,2,313646249,0,83,1,128,0,"[0,0,0,0,0,0,0,0,0,0,0,0,-4,7,-4,7,-4,6,-4,5,-3,3,-2,2,-1,0,0,-1,0,-2,0,-3,1,-5,2,-6,2,-7,2,-7,3,-8,3,-8,2,-8,2,-7,2,-6,1,-5,1,-4,1,-3,0,-1,0,0,0,1,-1,2,0,0,-1,5,-2,6,-2,7,-2,7,-2,7,-2,7,-2,7,-2,6,-1,5,-1,4,-1,3,0,1,0,0,0,-1,0,-2,1,-3,1,-4,1,-5,1,-5,1,-5,2,-5,1,-5,1,-5,1,-4,1,-4,1,-3,0,0,0,0,0,0,0,0,0,0]"
CSI_DATA,23217,80:af:ca:27:52:2a,-54,11,1,0,1,1,1,0,0,0,0,-97,0,11,2,313654635,0,83,1,128,0,"[0,0,0,0,0,0,0,0,0,0,0,0,-8,-6,-7,-5,-6,-4,-5,-4,-3,-3,-2,-2,0,-1,1,0,2,1,3,2,4,4,6,4,6,6,7,6,7,6,7,6,7,6,6,5,5,4,4,3,3,2,2,1,1,0,0,-1,-1,-2,-2,-3,0,0,-4,-6,-4,-7,-5,-7,-6,-8,-5,-8,-5,-8,-5,-7,-4,-6,-4,-6,-3,-4,-2,-3,-2,-1,-1,0,0,1,0,2,0,3,0,5,0,6,0,6,0,6,0,6,0,6,0,6,0,6,0,4,0,3,0,0,0,0,0,0,0,0,0,0]"
CSI_DATA,23218,80:af:ca:27:52:2a,-55,11,1,0,1,1,1,0,0,0,0,-97,0,11,2,313672316,0,83,1,128,0,"[0,0,0,0,0,0,0,0,0,0,0,0,1,8,1,7,1,6,0,5,0,4,0,2,0,1,-1,0,-1,-2,-2,-3,-2,-5,-3,-6,-3,-7,-3,-7,-3,-7,-4,-8,-4,-7,-3,-7,-3,-6,-3,-5,-2,-4,-1,-3,-1,-1,0,0,1,1,1,2,0,0,3,4,4,5,4,6,4,6,4,6,4,6,4,6,3,5,3,4,2,3,2,2,1,1,0,0,0,-1,-1,-2,-2,-3,-2,-4,-3,-4,-3,-5,-3,-5,-3,-5,-3,-5,-3,-5,-3,-4,-2,-4,-2,-3,0,0,0,0,0,0,0,0,0,0]"
CSI_DATA,23219,80:af:ca:27:52:2a,-55,11,1,0,1,1,1,0,0,0,0,-97,0,11,2,313684005,0,83,1,128,0,"[0,0,0,0,0,0,0,0,0,0,0,0,-4,0,-5,-2,-6,-3,-8,-4,-8,-5,-8,-6,-8,-6,-8,-5,-8,-5,-8,-4,-7,-4,-6,-4,-4,-3,-2,-2,0,-1,1,0,2,0,4,0,6,0,7,0,8,0,9,0,9,0,10,0,10,0,8,0,0,0,6,0,4,0,3,0,1,0,0,0,-2,0,-4,0,-6,0,-7,0,-8,0,-9,0,-9,0,-9,0,-9,0,-8,0,-7,0,-6,0,-4,0,-3,0,-2,0,0,0,0,0,2,0,3,0,4,0,5,0,0,0,0,0,0,0,0,0,0,0]"
CSI_DATA,23220,80:af:ca:27:52:2a,-55,11,1,0,1,1,1,0,0,0,0,-97,0,11,2,313694175,0,83,1,128,0,"[0,0,0,0,0,0,0,0,0,0,0,0,0,-3,0,-5,1,-6,2,-8,2,-8,3,-9,3,-10,3,-9,3,-9,2,-8,3,-8,2,-7,2,-5,1,-3,0,-1,0,0,0,2,0,3,-1,5,-1,6,-2,8,-2,8,-2,8,-2,9,-2,9,-2,8,0,0,-1,6,-1,5,0,4,0,2,0,0,0,-2,0,-4,1,-5,1,-6,1,-7,2,-8,2,-8,2,-8,2,-9,1,-8,1,-7,1,-6,0,-5,0,-4,0,-2,0,-1,-1,0,-2,1,-2,2,-2,3,-3,4,0,0,0,0,0,0,0,0,0,0]"
CSI_DATA,23221,80:af:ca:27:52:2a,-54,11,1,0,1,1,1,0,0,0,0,-97,0,11,2,313703104,0,83,1,128,0,"[0,0,0,0,0,0,0,0,0,0,0,0,-6,5,-6,4,-5,4,-5,3,-3,2,-2,1,-1,0,0,-1,1,-2,1,-3,3,-4,3,-5,4,-5,4,-6,4,-6,4,-6,4,-6,4,-6,3,-5,3,-4,2,-3,1,-2,0,-1,0,0,-1,1,-1,2,0,0,-3,4,-3,5,-4,6,-4,6,-4,6,-4,6,-4,5,-3,5,-3,4,-2,3,-1,2,0,1,0,0,1,-1,1,-2,2,-2,2,-3,2,-4,3,-4,3,-4,3,-4,3,-4,2,-4,2,-4,2,-3,1,-3,0,0,0,0,0,0,0,0,0,0]"
CSI_DATA,23222,80:af:ca:27:52:2a,-55,11,1,0,1,1,1,0,0,0,0,-97,0,11,2,313714603,0,83,1,128,0,"[0,0,0,0,0,0,0,0,0,0,0,0,6,-3,6,-3,5,-2,4,-1,3,-1,2,0,0,0,0,0,-1,1,-2,1,-4,2,-4,3,-5,3,-6,3,-6,3,-6,3,-6,3,-5,3,-5,3,-4,2,-3,1,-2,1,-1,0,0,0,0,0,2,-1,0,0,3,-3,4,-3,5,-4,5,-4,5,-4,5,-4,5,-3,4,-3,3,-3,2,-2,1,-2,0,-1,0,0,0,0,-2,0,-2,0,-3,0,-4,1,-4,1,-4,1,-5,1,-4,1,-4,1,-4,1,-3,1,-3,0,0,0,0,0,0,0,0,0,0,0]"
CSI_DATA,23223,80:af:ca:27:52:2a,-55,11,1,0,1,1,1,0,0,0,0,-97,0,11,2,313722754,0,83,1,128,0,"[0,0,0,0,0,0,0,0,0,0,0,0,-3,-3,-3,-5,-4,-7,-4,-8,-4,-10,-4,-10,-4,-11,-4,-10,-4,-10,-3,-9,-2,-8,-2,-6,-2,-5,-1,-3,0,-1,0,0,1,2,2,4,2,5,3,6,3,8,4,8,4,8,4,8,4,8,4,8,0,0,3,6,2,4,1,2,0,0,0,0,0,-2,-1,-4,-2,-6,-2,-7,-2,-8,-3,-8,-3,-9,-2,-8,-3,-8,-2,-8,-2,-7,-2,-6,-2,-4,-2,-3,-1,-2,-1,0,0,0,0,2,0,3,0,4,0,4,0,0,0,0,0,0,0,0,0,0]"
CSI_DATA,23224,80:af:ca:27:52:2a,-54,11,1,0,1,1,1,0,0,0,0,-97,0,11,2,313731552,0,83,1,128,0,"[0,0,0,0,0,0,0,0,0,0,0,0,7,-8,6,-7,6,-7,5,-5,3,-3,2,-2,1,-1,0,1,-1,2,-2,4,-4,6,-4,7,-5,8,-5,8,-6,8,-6,9,-5,8,-4,8,-4,7,-3,6,-2,4,-2,3,-1,1,0,0,0,-2,1,-4,0,0,2,-7,3,-8,3,-9,3,-10,3,-10,3,-9,3,-9,2,-8,2,-7,1,-5,0,-4,0,-2,0,0,-1,1,-2,2,-2,3,-3,5,-3,6,-3,6,-3,6,-3,6,-3,6,-3,6,-2,5,-2,4,-2,3,0,0,0,0,0,0,0,0,0,0]"
CSI_DATA,23225,80:af:ca:27:52:2a,-55,11,1,2,1,1,1,0,0,0,0,-97,0,11,2,313756501,0,83,1,128,0,"[0,0,0,0,0,0,0,0,0,0,0,0,1,2,0,5,0,7,0,8,0,9,0,10,0,10,0,10,0,10,0,9,0,8,0,6,0,5,0,2,0,0,-1,-1,-1,-3,-1,-5,-1,-6,-2,-8,-2,-9,-2,-10,-2,-10,-2,-10,-2,-10,-2,-9,0,0,-2,-7,-1,-5,-1,-3,-1,-2,-1,0,0,1,0,3,0,5,0,7,0,8,0,8,0,9,0,9,0,8,0,8,0,7,0,6,0,5,0,3,0,2,0,0,0,0,0,-2,0,-3,0,-5,1,-5,0,0,0,0,0,0,0,0,0,0]"
CSI_DATA,23226,80:af:ca:27:52:2a,-54,11,1,2,1,1,1,0,0,0,0,-97,0,11,2,313761893,0,83,1,128,0,"[0,0,0,0,0,0,0,0,0,0,0,0,3,0,5,0,6,0,8,1,10,1,10,1,10,1,10,1,10,1,10,1,9,1,7,1,5,0,3,0,1,0,0,0,-2,0,-4,0,-6,0,-8,0,-10,0,-10,0,-11,0,-11,0,-11,0,-10,0,0,0,-8,0,-6,0,-4,0,-3,0,0,0,1,0,3,0,5,0,6,-1,7,-1,8,-1,9,-1,9,-1,9,-1,8,-1,7,-1,6,-1,5,-1,3,-1,1,-1,0,0,-1,0,-2,0,-3,0,-5,0,-5,0,0,0,0,0,0,0,0,0,0,0]"
CSI_DATA,23227,80:af:ca:27:52:2a,-55,11,1,0,1,1,1,0,0,0,0,-97,0,11,2,313771628,0,83,1,128,0,"[0,0,0,0,0,0,0,0,0,0,0,0,-2,-9,-1,-8,-1,-7,-1,-6,0,-4,0,-3,0,-1,0,0,1,1,1,3,1,4,2,5,2,6,2,7,2,7,3,7,2,7,2,6,2,6,2,5,1,4,1,2,0,1,0,0,-1,-1,-2,-3,0,0,-3,-5,-3,-6,-4,-7,-4,-7,-4,-7,-4,-7,-3,-6,-3,-5,-3,-5,-2,-4,-2,-3,-1,-1,-1,0,0,1,0,2,1,3,1,4,1,4,2,4,2,5,2,5,2,5,2,4,1,4,1,3,1,2,0,0,0,0,0,0,0,0,0,0]"
CSI_DATA,23228,80:af:ca:27:52:2a,-55,11,1,0,1,1,1,0,0,0,0,-97,0,11,2,313796998,0,83,1,128,0,"[0,0,0,0,0,0,0,0,0,0,0,0,2,2,4,4,4,6,5,8,6,9,6,10,6,10,6,10,6,10,6,8,4,8,4,6,2,4,1,3,0,1,-1,0,-2,-2,-4,-4,-4,-5,-6,-6,-6,-8,-7,-8,-8,-9,-8,-9,-8,-9,-7,-8,0,0,-6,-6,-4,-5,-3,-3,-2,-2,0,0,0,1,2,3,3,4,4,6,5,7,6,8,5,8,5,8,5,8,5,7,4,6,4,5,3,4,2,2,1,1,0,0,0,-1,0,-2,-1,-4,-2,-5,-2,-6,0,0,0,0,0,0,0,0,0,0]"
CSI_DATA,23229,80:af:ca:27:52:2a,-55,11,1,0,1,1,1,0,0,0,0,-97,0,11,2,313822638,0,83,1,128,0,"[0,0,0,0,0,0,0,0,0,0,0,0,5,-5,5,-4,4,-4,4,-3,3,-2,2,-1,1,0,0,1,-1,2,-2,3,-3,4,-3,5,-4,5,-4,6,-4,6,-4,6,-4,6,-4,5,-3,5,-3,4,-2,3,-1,2,-1,0,0,0,0,-2,1,-3,0,0,2,-6,2,-6,2,-7,2,-7,2,-7,2,-7,2,-7,2,-6,1,-5,1,-4,0,-3,0,-2,0,0,-1,0,-1,1,-2,3,-2,4,-2,4,-2,5,-2,5,-2,5,-2,5,-2,5,-2,4,-2,4,-1,3,0,0,0,0,0,0,0,0,0,0]"
CSI_DATA,23230,80:af:ca:27:52:2a,-55,11,1,0,1,1,1,0,0,0,0,-97,0,11,2,313832999,0,83,1,128,0,"[0,0,0,0,0,0,0,0,0,0,0,0,2,0,4,0,6,0,8,1,8,1,9,1,10,2,10,1,9,2,8,1,8,1,6,1,4,0,3,0,1,0,0,0,-2,0,-4,0,-6,0,-8,0,-8,0,-9,0,-10,0,-11,0,-11,0,-9,0,0,0,-7,0,-6,0,-4,0,-2,0,0,0,1,0,3,0,4,0,6,0,7,0,8,0,8,0,8,0,8,0,8,0,6,0,6,0,4,0,3,0,1,0,0,0,-1,-1,-2,-1,-3,-2,-4,-2,-4,-2,0,0,0,0,0,0,0,0,0,0]"
CSI_DATA,23231,80:af:ca:27:52:2a,-55,11,1,0,1,1,1,0,0,0,0,-97,0,11,2,313840786,0,83,1,128,0,"[0,0,0,0,0,0,0,0,0,0,0,0,-3,0,-5,-2,-7,-2,-8,-4,-9,-4,-10,-5,-10,-5,-10,-5,-10,-5,-9,-5,-8,-4,-7,-3,-5,-2,-3,-2,-1,-1,0,0,2,0,3,1,5,2,6,2,7,3,8,4,8,4,9,4,8,4,8,3,0,0,6,2,5,2,3,1,1,0,0,0,-1,-2,-2,-2,-4,-3,-5,-5,-6,-5,-7,-5,-7,-5,-7,-6,-7,-5,-6,-5,-6,-5,-5,-4,-4,-3,-3,-2,-2,-1,-1,0,0,0,0,1,0,2,1,3,1,4,0,0,0,0,0,0,0,0,0,0]"
CSI_DATA,23232,80:af:ca:27:52:2a,-54,11,1,0,1,1,1,0,0,0,0,-97,0,11,2,313850938,0,83,1,128,0,"[0,0,0,0,0,0,0,0,0,0,0,0,3,9,3,8,2,7,1,6,0,4,0,2,0,0,-1,-1,-1,-3,-2,-5,-2,-6,-2,-8,-3,-9,-3,-9,-3,-10,-3,-10,-3,-9,-3,-9,-2,-8,-2,-6,-1,-5,-1,-3,-1,-1,0,0,0,2,0,4,0,0,1,7,1,8,1,9,1,9,1,9,1,9,1,9,1,8,1,6,1,5,0,3,0,1,0,0,0,-1,0,-2,1,-4,1,-6,1,-6,1,-7,1,-7,1,-7,1,-7,1,-6,1,-6,1,-5,1,-4,0,0,0,0,0,0,0,0,0,0]"
CSI_DATA,23233,80:af:ca:27:52:2a,-54,11,1,0,1,1,1,0,0,0,0,-97,0,11,2,313859055,0,83,1,128,0,"[0,0,0,0,0,0,0,0,0,0,0,0,-3,-8,-3,-7,-2,-6,-1,-5,-1,-4,0,-2,0,-1,0,0,0,2,1,3,1,5,1,6,2,7,2,7,2,7,2,8,2,7,2,7,1,6,1,5,1,3,0,2,0,1,0,0,0,-2,-1,-3,0,0,-1,-6,-1,-7,-1,-7,-2,-8,-1,-8,-1,-8,-1,-7,-1,-6,-1,-6,-1,-4,-1,-3,-1,-1,-1,0,-1,1,-1,2,-1,3,-1,4,-1,5,-1,5,-1,5,-1,5,-1,5,-1,5,-1,4,-1,3,-1,3,0,0,0,0,0,0,0,0,0,0]"
CSI_DATA,23234,80:af:ca:27:52:2a,-55,11,1,0,1,1,1,0,0,0,0,-97,0,11,2,313868596,0,83,1,128,0,"[0,0,0,0,0,0,0,0,0,0,0,0,2,0,4,2,5,2,6,4,7,4,7,5,8,5,8,5,7,5,7,4,6,4,5,3,4,2,2,2,0,0,-1,0,-2,0,-4,-1,-6,-2,-7,-2,-8,-3,-8,-3,-9,-3,-9,-3,-9,-3,-8,-3,0,0,-6,-2,-5,-2,-4,-1,-2,0,0,0,1,0,3,0,4,1,6,2,6,2,8,2,8,2,8,2,8,2,7,2,6,1,6,1,4,0,3,0,1,0,0,0,0,-1,-2,-1,-3,-2,-4,-2,-4,-2,0,0,0,0,0,0,0,0,0,0]"
CSI_DATA,23235,80:af:ca:27:52:2a,-55,11,1,0,1,1,1,0,0,0,0,-97,0,11,2,313876808,0,83,1,128,0,"[0,0,0,0,0,0,0,0,0,0,0,0,1,-2,3,-4,4,-4,6,-5,6,-5,7,-6,8,-6,8,-6,8,-6,7,-5,6,-4,5,-4,4,-3,2,-2,0,0,0,0,-2,1,-3,2,-4,4,-5,4,-6,5,-6,6,-6,6,-6,6,-7,6,-6,6,0,0,-5,4,-4,3,-2,2,-1,1,0,0,1,-1,2,-2,3,-4,4,-4,5,-6,6,-6,6,-6,6,-6,6,-6,5,-6,4,-5,4,-4,2,-4,2,-2,0,-2,0,-1,-1,0,-2,0,-3,1,-4,1,-4,2,0,0,0,0,0,0,0,0,0,0]"
CSI_DATA,23236,80:af:ca:27:52:2a,-55,11,1,2,1,1,1,0,0,0,0,-97,0,11,2,313885282,0,83,1,128,0,"[0,0,0,0,0,0,0,0,0,0,0,0,-3,-1,-5,-2,-6,-2,-8,-4,-8,-4,-8,-5,-8,-5,-8,-5,-8,-5,-7,-5,-6,-4,-5,-4,-4,-2,-2,-2,-1,0,0,0,2,1,3,2,4,3,5,4,6,5,6,5,6,6,7,6,6,6,6,5,0,0,4,4,3,2,2,1,1,0,0,-1,0,-2,-2,-4,-2,-5,-3,-6,-4,-7,-4,-8,-4,-8,-4,-8,-4,-8,-3,-7,-3,-6,-2,-6,-2,-4,-2,-3,-2,-2,-1,0,-1,0,-1,2,-1,2,-1,4,-1,4,0,0,0,0,0,0,0,0,0,0]"
CSI_DATA,23237,80:af:ca:27:52:2a,-55,11,1,0,1,1,1,0,0,0,0,-97,0,11,2,313909865,0,83,1,128,0,"[0,0,0,0,0,0,0,0,0,0,0,0,-3,-1,-5,-2,-7,-3,-8,-4,-9,-5,-9,-6,-9,-6,-9,-5,-9,-6,-9,-5,-7,-5,-7,-4,-4,-3,-3,-2,-1,-1,0,0,2,0,3,1,5,2,7,2,7,3,8,4,9,4,9,4,9,4,9,3,0,0,7,2,4,2,4,1,2,0,0,0,-1,-1,-3,-2,-4,-3,-6,-4,-7,-4,-8,-4,-8,-4,-8,-5,-8,-4,-7,-4,-7,-4,-6,-3,-5,-2,-4,-2,-2,-1,-1,0,0,0,0,1,1,2,2,2,2,3,0,0,0,0,0,0,0,0,0,0]"
CSI_DATA,23238,80:af:ca:27:52:2a,-54,11,1,0,1,1,1,0,0,0,0,-97,0,11,2,313927503,0,83,1,128,0,"[0,0,0,0,0,0,0,0,0,0,0,0,8,0,8,0,7,0,6,0,4,0,2,0,0,0,-1,0,-2,0,-4,0,-6,0,-7,1,-8,1,-8,1,-8,1,-9,1,-8,1,-8,1,-7,1,-6,1,-5,0,-3,0,-1,0,0,0,1,0,3,-1,0,0,6,-2,7,-2,7,-2,7,-2,8,-2,7,-2,7,-2,6,-2,5,-2,3,-1,2,-1,1,-1,0,0,-1,0,-2,0,-3,0,-5,0,-6,0,-6,0,-6,1,-6,0,-6,0,-6,0,-5,0,-4,0,-3,0,0,0,0,0,0,0,0,0,0,0]"
CSI_DATA,23239,80:af:ca:27:52:2a,-55,11,1,0,1,1,1,0,0,0,0,-97,0,11,2,313938494,0,83,1,128,0,"[0,0,0,0,0,0,0,0,0,0,0,0,-2,-2,-3,-3,-4,-5,-4,-7,-5,-7,-5,-8,-6,-9,-6,-9,-6,-9,-5,-8,-4,-8,-4,-7,-3,-5,-2,-4,-1,-2,0,0,1,0,2,2,3,3,4,4,5,5,6,6,6,7,7,7,7,7,7,6,0,0,4,4,4,4,2,2,1,1,0,0,-1,-1,-2,-3,-3,-4,-4,-5,-5,-6,-6,-7,-6,-7,-6,-7,-6,-7,-5,-7,-5,-6,-4,-5,-4,-4,-2,-2,-2,-2,-1,0,0,0,0,1,0,2,1,3,1,4,0,0,0,0,0,0,0,0,0,0]"
CSI_DATA,23240,80:af:ca:27:52:2a,-55,11,1,0,1,1,1,0,0,0,0,-97,0,11,2,313948169,0,83,1,128,0,"[0,0,0,0,0,0,0,0,0,0,0,0,1,-2,3,-3,5,-4,7,-5,8,-5,8,-5,8,-5,8,-5,9,-5,8,-5,8,-4,6,-3,4,-2,2,-2,1,0,0,0,-2,1,-4,2,-5,2,-7,3,-8,3,-8,4,-9,4,-10,5,-10,4,-9,4,0,0,-7,3,-5,2,-4,2,-2,1,0,0,1,0,3,0,5,-1,6,-2,7,-2,8,-2,8,-2,9,-2,8,-2,8,-2,7,-2,6,-2,5,-2,3,-1,2,-1,0,-1,0,-1,-2,-1,-3,-1,-4,-1,-5,-1,0,0,0,0,0,0,0,0,0,0]"
CSI_DATA,23241,80:af:ca:27:52:2a,-55,11,1,2,1,1,1,0,0,0,0,-97,0,11,2,313953491,0,83,1,128,0,"[0,0,0,0,0,0,0,0,0,0,0,0,-2,1,-5,1,-7,1,-8,0,-10,0,-10,0,-11,0,-10,0,-10,0,-10,0,-9,0,-8,0,-5,0,-3,0,-1,0,0,-1,2,-1,3,-1,5,-2,7,-2,8,-2,9,-2,10,-2,10,-2,10,-3,9,-3,0,0,7,-2,5,-2,3,-2,1,-1,0,0,-2,0,-4,0,-5,0,-7,0,-8,1,-9,1,-10,1,-10,1,-10,1,-9,1,-8,1,-7,1,-5,0,-4,0,-2,0,-1,0,0,0,1,0,2,0,4,0,5,0,0,0,0,0,0,0,0,0,0,0]"
CSI_DATA,23242,80:af:ca:27:52:2a,-55,11,1,0,1,1,1,0,0,0,0,-97,0,11,2,313974866,0,83,1,128,0,"[0,0,0,0,0,0,0,0,0,0,0,0,7,2,7,2,6,2,5,2,3,1,2,1,1,0,0,0,-2,0,-3,0,-5,-1,-6,-1,-7,-2,-7,-2,-8,-2,-8,-2,-8,-2,-7,-1,-6,-1,-5,-1,-4,-1,-3,-1,-1,0,0,0,1,0,2,0,0,0,5,1,6,1,7,1,7,1,7,1,7,1,6,1,6,1,5,0,4,0,3,0,1,0,0,0,-1,-1,-2,-1,-3,-1,-4,-2,-4,-2,-5,-2,-5,-2,-5,-2,-5,-2,-5,-2,-4,-2,-4,-2,-3,-1,0,0,0,0,0,0,0,0,0,0]"
CSI_DATA,23243,80:af:ca:27:52:2a,-55,11,1,0,1,1,1,0,0,0,0,-97,0,11,2,313997959,0,83,1,128,0,"[0,0,0,0,0,0,0,0,0,0,0,0,2,-1,4,0,6,0,8,0,9,0,9,0,10,0,9,0,9,0,9,0,8,0,7,0,4,0,3,0,1,0,0,0,-2,0,-4,0,-6,1,-7,1,-8,1,-9,2,-9,2,-10,2,-10,2,-9,2,0,0,-7,2,-5,1,-4,0,-2,0,0,0,1,0,3,-1,4,-2,6,-2,7,-2,8,-3,8,-3,8,-3,8,-3,7,-3,7,-3,5,-2,4,-2,2,-2,1,-1,0,0,-1,0,-2,0,-4,0,-4,0,-5,0,0,0,0,0,0,0,0,0,0,0]"
CSI_DATA,23244,80:af:ca:27:52:2a,-54,11,1,0,1,1,1,0,0,0,0,-97,0,11,2,314006793,0,83,1,128,0,"[0,0,0,0,0,0,0,0,0,0,0,0,-1,8,-1,7,-1,7,-1,6,-1,4,-1,2,-1,0,-1,-1,-1,-2,-1,-4,-1,-6,-1,-7,-1,-7,-1,-8,-1,-8,-1,-9,-2,-8,-2,-7,-1,-7,-1,-6,-1,-4,-1,-3,0,-1,0,0,0,1,1,2,0,0,2,5,2,6,3,7,3,7,3,7,3,7,2,7,2,6,2,5,2,3,1,2,0,1,0,0,0,-1,-1,-2,-1,-3,-2,-5,-2,-5,-2,-6,-2,-6,-2,-6,-2,-6,-2,-5,-2,-5,-1,-4,-1,-3,0,0,0,0,0,0,0,0,0,0]"
CSI_DATA,23245,80:af:ca:27:52:2a,-54,11,1,0,1,1,1,0,0,0,0,-97,0,11,2,314014901,0,83,1,128,0,"[0,0,0,0,0,0,0,0,0,0,0,0,-8,3,-7,3,-7,2,-6,1,-4,1,-3,0,-1,0,0,-1,1,-2,3,-2,4,-3,5,-3,6,-3,7,-4,7,-4,7,-4,6,-4,6,-3,5,-3,4,-3,3,-2,2,-1,0,-1,0,0,-2,0,-3,1,0,0,-6,2,-7,3,-7,3,-8,3,-7,3,-7,3,-7,3,-6,3,-5,2,-4,2,-3,1,-1,1,0,0,1,0,2,0,3,0,5,-1,5,-1,6,-1,6,-1,6,-1,6,-1,5,-1,5,-1,4,-1,3,-1,0,0,0,0,0,0,0,0,0,0]"
CSI_DATA,23246,80:af:ca:27:52:2a,-54,11,1,0,1,1,1,0,0,0,0,-97,0,11,2,314022895,0,83,1,128,0,"[0,0,0,0,0,0,0,0,0,0,0,0,-3,7,-2,7,-2,6,-2,5,-2,4,-1,2,-1,1,-1,0,0,-2,0,-3,0,-5,0,-6,0,-7,0,-7,0,-8,0,-8,0,-8,0,-7,0,-6,0,-5,0,-4,0,-3,0,-1,0,0,0,1,0,3,0,0,0,5,0,6,0,7,0,7,0,7,0,7,0,7,0,6,0,5,0,4,0,3,0,1,0,0,0,-1,0,-2,0,-3,0,-4,0,-5,0,-5,0,-6,0,-6,0,-6,0,-5,0,-5,0,-4,0,-3,0,0,0,0,0,0,0,0,0,0]"
CSI_DATA,23247,80:af:ca:27:52:2a,-55,11,1,0,1,1,1,0,0,0,0,-97,0,11,2,314040074,0,83,1,128,0,"[0,0,0,0,0,0,0,0,0,0,0,0,-3,0,-5,0,-7,0,-9,0,-9,0,-10,0,-11,0,-11,0,-10,-1,-9,-1,-9,-1,-7,0,-5,0,-4,0,-2,0,0,0,2,0,3,0,5,0,7,0,8,0,9,0,9,0,9,-1,9,0,9,-1,0,0,7,0,5,0,3,0,2,0,0,0,-2,0,-4,0,-5,0,-7,0,-7,0,-9,0,-9,0,-9,0,-9,0,-8,0,-7,0,-7,0,-5,0,-4,0,-2,0,-1,0,0,0,1,0,2,0,3,1,4,1,0,0,0,0,0,0,0,0,0,0]"
CSI_DATA,23248,80:af:ca:27:52:2a,-55,11,1,0,1,1,1,0,0,0,0,-97,0,11,2,314064931,0,83,1,128,0,"[0,0,0,0,0,0,0,0,0,0,0,0,0,-3,2,-4,4,-6,5,-6,6,-8,6,-7,7,-8,6,-8,6,-8,6,-7,6,-6,4,-5,3,-4,2,-2,0,0,0,0,-1,2,-2,3,-3,4,-4,6,-4,6,-4,8,-5,8,-5,8,-5,8,-4,8,0,0,-3,6,-2,4,-2,2,0,1,0,0,0,-2,2,-4,2,-5,3,-6,3,-7,4,-8,4,-8,4,-8,4,-8,3,-7,3,-6,2,-6,1,-4,1,-3,0,-2,0,-1,-1,0,-2,1,-3,2,-3,2,-4,3,0,0,0,0,0,0,0,0,0,0]"
CSI_DATA,23249,80:af:ca:27:52:2a,-54,11,1,0,1,1,1,0,0,0,0,-97,0,11,2,314073047,0,83,1,128,0,"[0,0,0,0,0,0,0,0,0,0,0,0,10,3,9,2,8,2,7,2,4,2,2,1,0,1,-1,0,-3,0,-5,0,-7,0,-9,0,-9,0,-10,0,-10,0,-11,0,-10,0,-9,0,-8,0,-7,0,-5,0,-3,0,-2,0,0,0,2,-1,4,-1,0,0,7,-2,8,-2,9,-2,10,-3,10,-2,9,-2,9,-2,8,-2,7,-2,5,-2,3,-1,1,-1,0,0,-2,0,-3,0,-4,0,-6,1,-7,1,-8,1,-8,1,-8,1,-7,1,-7,1,-6,1,-6,1,-4,0,0,0,0,0,0,0,0,0,0,0]"
CSI_DATA,23250,80:af:ca:27:52:2a,-55,11,1,0,1,1,1,0,0,0,0,-97,0,11,2,314083707,0,83,1,128,0,"[0,0,0,0,0,0,0,0,0,0,0,0,7,-2,6,-2,6,-2,5,-1,3,-1,2,0,1,0,0,1,-2,1,-3,2,-4,2,-5,3,-6,3,-6,3,-6,3,-7,4,-6,4,-6,3,-5,3,-4,2,-3,2,-2,1,-1,0,0,0,1,-1,2,-2,0,0,4,-4,5,-5,5,-5,5,-5,5,-5,5,-5,5,-5,4,-4,3,-4,2,-3,1,-2,0,-1,0,-1,-1,0,-2,1,-3,1,-4,2,-4,2,-5,3,-5,3,-5,3,-5,3,-5,3,-4,2,-3,2,-3,2,0,0,0,0,0,0,0,0,0,0]"
CSI_DATA,23251,80:af:ca:27:52:2a,-55,11,1,0,1,1,1,0,0,0,0,-97,0,11,2,314092891,0,83,1,128,0,"[0,0,0,0,0,0,0,0,0,0,0,0,3,-8,2,-7,2,-6,2,-6,2,-3,1,-2,-1,-2,1,1,-2,2,1,2,1,3,1,4,0,5,0,5,0,5,0,9,0,8,0,5,0,5,0,5,0,3,0,2,0,1,0,0,0,-2,-1,-3,0,0,-2,-5,-2,-7,-2,-7,-2,-7,-2,-7,-3,-7,-2,-7,-3,-5,-2,-6,-2,-3,-1,-2,0,-1,0,0,0,0,0,2,0,3,1,3,1,4,2,4,2,5,2,4,2,5,1,3,1,3,0,3,0,2,0,0,0,0,0,0,0,0,0,0]"
CSI_DATA,23252,80:af:ca:27:52:2a,-54,11,1,0,1,1,1,0,0,0,0,-97,0,11,2,314100755,0,83,1,128,0,"[0,0,0,0,0,0,0,0,0,0,0,0,-1,-9,-1,-9,0,-8,0,-6,0,-5,0,-3,0,-1,0,0,0,2,0,3,0,5,1,6,1,8,1,8,0,8,1,9,1,8,1,7,1,6,0,5,0,4,0,2,0,1,0,0,0,-2,0,-4,0,0,-1,-6,-1,-7,-1,-8,-1,-8,-1,-9,-1,-8,-1,-8,-1,-7,-1,-6,-1,-4,-1,-3,-1,-1,0,0,-1,1,0,2,-1,3,-1,4,0,5,0,5,0,5,-1,5,-1,5,-1,5,0,5,0,4,0,3,0,0,0,0,0,0,0,0,0,0]"
CSI_DATA,23253,80:af:ca:27:52:2a,-54,11,1,2,1,1,1,0,0,0,0,-97,0,11,2,314115494,0,83,1,128,0,"[0,0,0,0,0,0,0,0,0,0,0,0,2,2,2,4,3,6,3,8,4,8,4,9,5,10,4,9,4,9,3,8,2,8,2,6,2,4,0,2,0,0,0,0,-2,-2,-2,-4,-3,-6,-4,-7,-5,-8,-5,-9,-5,-10,-5,-10,-5,-9,-5,-8,0,0,-4,-6,-3,-5,-2,-3,-2,-2,0,0,0,1,0,3,1,5,2,6,2,7,2,8,2,8,2,8,2,8,2,8,2,6,2,5,2,4,1,2,0,1,0,0,0,-1,0,-2,0,-4,0,-5,0,-5,0,0,0,0,0,0,0,0,0,0]"
CSI_DATA,23254,80:af:ca:27:52:2a,-54,11,1,0,1,1,1,0,0,0,0,-97,0,11,2,314123496,0,83,1,128,0,"[0,0,0,0,0,0,0,0,0,0,0,0,-4,-8,-4,-7,-4,-6,-2,-5,-1,-4,-1,-2,0,-1,0,0,1,1,2,2,3,4,4,5,5,5,5,5,5,5,5,6,5,5,5,5,4,4,4,4,2,2,1,1,0,0,0,0,-2,-1,-3,-2,0,0,-5,-4,-6,-4,-6,-5,-7,-5,-6,-5,-6,-5,-6,-5,-5,-4,-5,-3,-4,-2,-2,-1,-1,-1,0,0,0,0,1,1,2,2,3,2,4,3,4,3,4,3,4,4,4,3,4,3,3,2,2,2,2,1,0,0,0,0,0,0,0,0,0,0]"
CSI_DATA,23255,80:af:ca:27:52:2a,-55,11,1,0,1,1,1,0,0,0,0,-97,0,11,2,314130490,0,83,1,128,0,"[0,0,0,0,0,0,0,0,0,0,0,0,2,9,2,7,1,6,0,6,0,4,0,2,0,1,-1,0,-1,-2,-2,-3,-2,-5,-3,-6,-3,-7,-4,-7,-4,-7,-4,-7,-4,-7,-4,-6,-3,-6,-3,-5,-2,-4,-1,-2,-1,-1,0,0,1,1,2,2,0,0,3,4,4,5,4,6,5,6,5,6,5,6,4,5,4,4,3,4,3,3,2,2,1,0,0,0,0,-1,-1,-2,-2,-3,-3,-4,-3,-5,-3,-5,-3,-5,-4,-5,-3,-5,-3,-5,-3,-4,-3,-4,-2,-3,0,0,0,0,0,0,0,0,0,0]"
CSI_DATA,23256,80:af:ca:27:52:2a,-54,11,1,0,1,1,1,0,0,0,0,-97,0,11,2,314139062,0,83,1,128,0,"[0,0,0,0,0,0,0,0,0,0,0,0,6,-6,6,-5,5,-4,4,-3,3,-2,2,-1,1,0,0,1,-1,2,-2,3,-3,4,-4,5,-4,6,-5,6,-5,6,-5,7,-5,7,-4,6,-4,5,-3,4,-2,3,-2,2,-1,0,0,0,0,-2,1,-3,0,0,2,-6,3,-7,3,-8,3,-8,3,-8,3,-8,3,-7,2,-6,2,-6,1,-4,0,-3,0,-2,0,0,-1,1,-2,2,-2,3,-3,4,-3,4,-3,5,-3,5,-3,5,-3,5,-3,4,-2,4,-2,3,-2,3,0,0,0,0,0,0,0,0,0,0]"
CSI_DATA,23257,80:af:ca:27:52:2a,-55,11,1,0,1,1,1,0,0,0,0,-97,0,11,2,314148662,0,83,1,128,0,"[0,0,0,0,0,0,0,0,0,0,0,0,2,-3,4,-4,6,-5,8,-4,9,-5,10,-5,11,-6,10,-5,10,-4,9,-4,8,-4,7,-4,5,-2,3,-1,1,0,0,0,-2,2,-4,3,-6,4,-7,5,-8,6,-8,7,-9,7,-9,8,-9,8,-8,7,0,0,-6,5,-4,4,-3,2,-1,1,0,0,2,-2,3,-3,4,-4,6,-6,6,-6,7,-8,8,-7,8,-7,7,-8,6,-7,6,-6,4,-6,3,-5,2,-4,1,-2,0,-1,-2,0,-3,0,-4,1,-4,2,-6,2,0,0,0,0,0,0,0,0,0,0]"
CSI_DATA,23258,80:af:ca:27:52:2a,-55,11,1,0,1,1,1,0,0,0,0,-97,0,11,2,314159057,0,83,1,128,0,"[0,0,0,0,0,0,0,0,0,0,0,0,-6,-6,-5,-6,-5,-5,-4,-5,-3,-4,-2,-3,0,-1,0,0,2,0,3,1,4,2,5,3,6,3,6,4,6,4,7,4,7,4,6,3,5,3,4,2,3,2,2,1,1,0,0,0,-2,-1,-3,-1,0,0,-6,-2,-7,-2,-7,-3,-8,-3,-8,-3,-7,-3,-7,-2,-6,-2,-5,-2,-4,-1,-3,-1,-2,0,0,0,0,0,1,1,3,1,4,1,4,1,5,2,5,1,5,2,5,2,4,1,4,1,3,1,3,1,0,0,0,0,0,0,0,0,0,0]"
CSI_DATA,23259,80:af:ca:27:52:2a,-55,11,1,0,1,1,1,0,0,0,0,-97,0,11,2,314166556,0,83,1,128,0,"[0,0,0,0,0,0,0,0,0,0,0,0,-1,2,-3,4,-4,5,-7,6,-7,7,-7,7,-8,7,-8,7,-8,7,-7,7,-7,5,-6,4,-4,3,-3,2,-1,0,0,-1,1,-2,2,-4,3,-5,4,-6,5,-7,6,-8,6,-8,6,-8,6,-8,5,-8,0,0,4,-6,2,-4,2,-3,0,-2,0,0,-2,0,-3,2,-4,3,-5,4,-5,5,-7,5,-7,5,-7,6,-6,6,-6,5,-5,4,-4,4,-3,3,-2,2,-1,1,0,0,0,0,2,0,2,-1,3,-2,4,-2,0,0,0,0,0,0,0,0,0,0]"
CSI_DATA,23260,80:af:ca:27:52:2a,-54,11,1,0,1,1,1,0,0,0,0,-97,0,11,2,314174402,0,83,1,128,0,"[0,0,0,0,0,0,0,0,0,0,0,0,-2,8,-2,7,-2,6,-2,5,-2,3,-1,2,-1,0,0,-1,0,-3,0,-4,1,-6,1,-7,2,-8,2,-8,2,-8,2,-9,2,-8,2,-8,1,-6,1,-5,1,-4,0,-2,0,-1,0,0,-1,1,-1,3,0,0,-2,5,-3,6,-4,7,-4,8,-4,7,-4,7,-4,6,-3,6,-2,5,-1,4,-1,2,0,1,0,0,1,-1,1,-1,2,-2,3,-4,4,-4,4,-4,4,-4,4,-4,4,-4,4,-4,3,-4,2,-3,2,-2,0,0,0,0,0,0,0,0,0,0]"
CSI_DATA,23261,80:af:ca:27:52:2a,-55,11,1,0,1,1,1,0,0,0,0,-97,0,11,2,314183710,0,83,1,128,0,"[0,0,0,0,0,0,0,0,0,0,0,0,7,-5,7,-4,6,-3,5,-3,3,-2,2,-1,0,0,0,1,-2,2,-3,2,-4,3,-6,4,-6,5,-7,6,-7,6,-7,6,-6,6,-6,5,-5,4,-4,3,-3,2,-2,1,-1,0,0,0,1,-2,2,-3,0,0,3,-5,4,-6,4,-7,4,-7,5,-7,5,-7,4,-6,3,-6,3,-4,2,-4,1,-3,0,-1,0,0,-1,0,-2,1,-3,2,-3,3,-4,3,-4,4,-4,4,-4,4,-4,4,-4,4,-3,3,-3,3,-2,2,0,0,0,0,0,0,0,0,0,0]"
CSI_DATA,23262,80:af:ca:27:52:2a,-55,11,1,0,1,1,1,0,0,0,0,-97,0,11,2,314194038,0,83,1,128,0,"[0,0,0,0,0,0,0,0,0,0,0,0,3,7,3,7,2,6,2,5,1,4,0,2,0,1,-1,0,-1,-1,-2,-3,-3,-4,-4,-5,-4,-6,-5,-6,-5,-6,-5,-7,-5,-6,-5,-6,-4,-5,-3,-4,-3,-3,-2,-2,-1,-1,0,0,1,1,2,2,0,0,4,4,5,4,5,5,5,5,5,5,5,5,5,5,4,4,4,3,3,2,2,1,1,0,0,0,0,-1,-1,-2,-2,-3,-3,-4,-3,-4,-4,-4,-4,-5,-4,-5,-4,-4,-4,-4,-3,-4,-3,-4,-2,-3,0,0,0,0,0,0,0,0,0,0]"
CSI_DATA,23263,80:af:ca:27:52:2a,-54,11,1,0,1,1,1,0,0,0,0,-97,0,11,2,314201645,0,83,1,128,0,"[0,0,0,0,0,0,0,0,0,0,0,0,10,-2,9,-2,8,-2,7,-1,5,-1,3,0,1,0,0,1,-2,1,-4,2,-6,2,-8,3,-8,3,-9,3,-9,3,-10,4,-9,4,-8,3,-8,3,-6,3,-5,2,-3,1,-2,0,0,0,1,-1,3,-2,0,0,6,-4,7,-5,8,-6,8,-6,8,-6,8,-6,7,-6,6,-5,5,-4,3,-3,2,-2,1,-1,0,-1,-2,0,-3,1,-4,2,-5,2,-6,3,-6,3,-6,3,-7,3,-6,3,-6,3,-6,3,-4,2,-3,2,0,0,0,0,0,0,0,0,0,0]"
CSI_DATA,23264,80:af:ca:27:52:2a,-54,11,1,0,1,1,1,0,0,0,0,-97,0,11,2,314220306,0,83,1,128,0,"[0,0,0,0,0,0,0,0,0,0,0,0,3,7,3,7,2,6,1,5,1,4,0,3,0,1,-1,0,-2,-1,-2,-2,-3,-4,-4,-5,-4,-6,-5,-6,-5,-6,-5,-7,-5,-6,-5,-6,-4,-5,-4,-4,-3,-3,-2,-2,-1,-1,0,0,1,0,2,1,0,0,4,3,5,4,6,4,6,4,6,4,6,4,6,4,5,3,4,3,3,2,2,1,1,0,0,0,-1,-1,-2,-2,-3,-2,-4,-3,-4,-3,-4,-3,-5,-3,-5,-4,-5,-4,-4,-3,-4,-3,-4,-3,-3,-2,0,0,0,0,0,0,0,0,0,0]"
CSI_DATA,23265,80:af:ca:27:52:2a,-54,11,1,0,1,1,1,0,0,0,0,-97,0,11,2,314228611,0,83,1,128,0,"[0,0,0,0,0,0,0,0,0,0,0,0,-2,8,-1,8,-1,7,-2,6,-1,4,-1,2,-1,1,-1,0,-1,-2,-1,-3,0,-5,-1,-6,-1,-7,-1,-8,-1,-8,-1,-8,-1,-8,-1,-7,-1,-7,-1,-6,-1,-4,0,-3,0,-1,0,0,0,1,1,2,0,0,2,4,2,6,2,6,3,7,2,7,2,6,2,6,2,5,2,4,1,3,1,2,0,1,0,0,0,-1,-1,-2,-1,-3,-2,-4,-2,-4,-2,-4,-3,-5,-2,-5,-2,-4,-2,-4,-2,-4,-2,-3,-1,-3,0,0,0,0,0,0,0,0,0,0]"
CSI_DATA,23266,80:af:ca:27:52:2a,-55,11,1,0,1,1,1,0,0,0,0,-97,0,11,2,314238448,0,83,1,128,0,"[0,0,0,0,0,0,0,0,0,0,0,0,8,-3,7,-3,6,-3,5,-2,3,-1,2,0,0,0,0,0,-2,1,-3,2,-5,2,-6,3,-7,3,-7,3,-7,3,-8,3,-7,3,-7,3,-6,2,-5,2,-3,1,-2,1,-1,0,0,0,1,-1,3,-1,0,0,5,-2,6,-3,7,-3,7,-3,7,-3,7,-3,6,-3,5,-2,5,-2,3,-2,2,-1,1,-1,0,-1,-1,0,-2,0,-3,0,-5,0,-5,0,-6,0,-6,0,-6,0,-6,0,-6,0,-5,0,-5,0,-3,0,0,0,0,0,0,0,0,0,0,0]"
CSI_DATA,23267,80:af:ca:27:52:2a,-55,11,1,2,1,1,1,0,0,0,0,-97,0,11,2,314258381,0,83,1,128,0,"[0,0,0,0,0,0,0,0,0,0,0,0,2,0,5,0,6,1,8,2,8,2,9,3,10,3,9,4,9,3,8,3,8,2,6,2,4,2,2,1,0,0,0,0,-2,0,-5,-1,-6,-1,-8,-2,-9,-2,-10,-2,-10,-2,-10,-2,-10,-2,-10,-2,0,0,-7,-1,-5,-1,-4,0,-2,0,0,0,1,0,3,0,5,1,6,1,7,1,8,2,8,2,8,2,8,2,8,1,7,1,5,0,5,0,2,0,1,0,0,0,0,-1,-2,-2,-3,-2,-4,-2,-5,-3,0,0,0,0,0,0,0,0,0,0]"
CSI_DATA,23268,80:af:ca:27:52:2a,-55,11,1,0,1,1,1,0,0,0,0,-97,0,11,2,314265419,0,83,1,128,0,"[0,0,0,0,0,0,0,0,0,0,0,0,2,-1,4,0,6,0,8,0,9,0,10,0,10,0,10,0,10,0,10,0,8,0,7,0,5,0,3,0,1,0,0,0,-2,0,-4,0,-6,0,-8,1,-9,1,-10,1,-10,1,-10,2,-10,2,-10,2,0,0,-8,1,-5,1,-4,0,-2,0,0,0,1,0,3,-1,5,-1,6,-2,7,-2,8,-2,8,-2,8,-2,8,-2,8,-2,7,-2,5,-2,4,-2,2,-1,1,-1,0,0,-1,0,-2,0,-3,0,-5,0,-5,0,0,0,0,0,0,0,0,0,0,0]"
CSI_DATA,23269,80:af:ca:27:52:2a,-55,11,1,0,1,1,1,0,0,0,0,-97,0,11,2,314273136,0,83,1,128,0,"[0,0,0,0,0,0,0,0,0,0,0,0,-6,-4,-6,-4,-5,-3,-4,-3,-3,-3,-2,-2,0,-1,0,-1,1,0,2,0,4,0,5,0,5,1,6,1,6,1,7,1,6,1,6,0,5,0,4,0,3,0,2,0,0,0,0,0,-1,0,-3,0,0,0,-5,0,-6,0,-7,0,-7,0,-7,0,-7,0,-7,0,-6,0,-5,0,-4,0,-3,0,-1,0,0,0,0,0,1,0,3,0,4,0,4,0,4,0,4,0,5,0,4,0,4,0,4,0,4,0,3,0,0,0,0,0,0,0,0,0,0,0]"
CSI_DATA,23270,80:af:ca:27:52:2a,-55,11,1,0,1,1,1,0,0,0,0,-97,0,11,2,314281250,0,83,1,128,0,"[0,0,0,0,0,0,0,0,0,0,0,0,6,-3,6,-2,5,-2,4,-1,3,-1,2,0,0,0,0,0,-1,1,-2,1,-4,2,-4,3,-5,3,-5,4,-6,4,-6,4,-5,4,-5,3,-4,3,-4,2,-3,2,-2,1,0,0,0,0,0,-1,1,-2,0,0,3,-4,4,-4,4,-5,4,-5,4,-5,4,-5,4,-5,3,-4,3,-4,2,-3,1,-2,0,-1,0,0,-1,0,-2,0,-2,1,-3,2,-3,2,-4,2,-4,3,-4,3,-4,3,-4,3,-3,2,-3,2,-2,1,0,0,0,0,0,0,0,0,0,0]"
CSI_DATA,23271,80:af:ca:27:52:2a,-54,11,1,0,1,1,1,0,0,0,0,-97,0,11,2,314289988,0,83,1,128,0,"[0,0,0,0,0,0,0,0,0,0,0,0,7,4,6,3,6,3,4,3,3,2,1,1,0,1,-1,0,-2,0,-4,-1,-5,-1,-7,-2,-7,-2,-8,-2,-8,-2,-8,-2,-8,-2,-7,-1,-6,-1,-6,-1,-4,-1,-3,-1,-1,0,0,0,1,0,3,0,0,0,5,0,7,0,7,0,7,0,7,0,7,0,7,0,6,0,5,-1,3,-1,2,0,1,0,0,0,-1,0,-2,0,-3,0,-4,0,-5,0,-6,0,-6,0,-6,0,-6,0,-5,0,-4,0,-4,0,-3,0,0,0,0,0,0,0,0,0,0,0]"
CSI_DATA,23272,80:af:ca:27:52:2a,-55,11,1,0,1,1,1,0,0,0,0,-97,0,11,2,314298684,0,83,1,128,0,"[0,0,0,0,0,0,0,0,0,0,0,0,-3,0,-4,-2,-7,-2,-7,-4,-9,-4,-9,-5,-9,-5,-9,-5,-9,-6,-9,-5,-7,-5,-7,-4,-4,-3,-3,-2,-1,-1,0,0,2,0,3,1,4,2,6,2,7,3,8,4,8,4,9,4,8,4,8,3,0,0,6,2,4,2,3,1,1,0,0,0,-1,-1,-2,-2,-4,-3,-5,-4,-6,-4,-7,-4,-7,-5,-7,-5,-7,-5,-7,-4,-6,-4,-5,-4,-4,-2,-3,-2,-2,-1,-1,0,0,0,0,1,1,2,1,3,2,3,0,0,0,0,0,0,0,0,0,0]"
CSI_DATA,23273,80:af:ca:27:52:2a,-54,11,1,0,1,1,1,0,0,0,0,-97,0,11,2,314313590,0,83,1,128,0,"[0,0,0,0,0,0,0,0,0,0,0,0,4,-8,4,-7,3,-6,3,-5,2,-3,1,-2,0,0,0,1,-1,2,-1,3,-2,5,-3,6,-3,7,-3,7,-3,7,-3,8,-3,7,-3,7,-2,6,-2,4,-2,3,-1,2,0,1,0,0,0,-2,1,-3,0,0,2,-6,2,-7,2,-8,2,-8,2,-8,2,-8,2,-7,1,-7,1,-6,0,-4,0,-3,0,-2,0,0,-1,0,-2,1,-2,3,-2,3,-3,4,-3,4,-3,5,-3,5,-3,5,-3,4,-2,4,-2,3,-2,3,0,0,0,0,0,0,0,0,0,0]"
CSI_DATA,23274,80:af:ca:27:52:2a,-54,11,1,2,1,1,1,0,0,0,0,-97,0,11,2,314341731,0,83,1,128,0,"[0,0,0,0,0,0,0,0,0,0,0,0,-3,-2,-5,-3,-6,-5,-7,-6,-7,-7,-8,-8,-8,-8,-8,-8,-7,-8,-7,-8,-5,-6,-5,-5,-3,-4,-2,-2,0,-1,0,0,2,1,3,2,4,4,5,5,6,5,7,6,7,7,8,7,7,6,7,5,0,0,5,4,4,2,2,1,1,0,0,-1,-1,-2,-2,-4,-3,-5,-5,-6,-5,-7,-5,-8,-5,-8,-5,-8,-5,-8,-5,-8,-5,-6,-4,-5,-3,-4,-2,-2,-2,-1,-1,0,0,0,0,2,0,3,0,4,0,5,0,0,0,0,0,0,0,0,0,0]"
CSI_DATA,23275,80:af:ca:27:52:2a,-54,11,1,0,1,1,1,0,0,0,0,-97,0,11,2,314349310,0,83,1,128,0,"[0,0,0,0,0,0,0,0,0,0,0,0,-7,4,-6,4,-6,3,-5,2,-4,1,-3,0,-1,0,0,-1,1,-2,2,-3,3,-4,4,-5,4,-5,5,-6,5,-5,5,-6,4,-6,4,-6,3,-5,3,-4,2,-3,1,-2,1,-1,0,0,-1,1,-1,2,0,0,-3,4,-3,5,-4,6,-4,6,-4,6,-4,6,-4,6,-3,5,-2,4,-2,3,-1,2,-1,1,0,0,0,-1,1,-2,1,-3,2,-4,2,-4,2,-5,2,-5,2,-5,2,-5,2,-4,2,-4,2,-4,1,-3,0,0,0,0,0,0,0,0,0,0]"
CSI_DATA,23276,80:af:ca:27:52:2a,-55,11,1,0,1,1,1,0,0,0,0,-97,0,11,2,314359223,0,83,1,128,0,"[0,0,0,0,0,0,0,0,0,0,0,0,-8,3,-8,2,-7,2,-6,1,-5,1,-3,0,-2,0,0,-1,1,-1,2,-2,4,-3,5,-4,6,-4,6,-4,6,-4,6,-5,6,-5,5,-4,5,-4,4,-3,3,-3,2,-2,1,-1,0,0,-1,1,-2,2,0,0,-4,4,-5,4,-5,5,-5,5,-6,5,-5,5,-5,5,-4,4,-4,3,-3,3,-2,2,-1,1,0,0,1,0,1,-1,2,-2,3,-3,3,-3,3,-4,3,-4,4,-4,3,-4,3,-3,3,-3,2,-3,2,-2,0,0,0,0,0,0,0,0,0,0]"
CSI_DATA,23277,80:af:ca:27:52:2a,-55,11,1,2,1,1,1,0,0,0,0,-97,0,11,2,314364538,0,83,1,128,0,"[0,0,0,0,0,0,0,0,0,0,0,0,-3,0,-5,0,-7,0,-9,-1,-10,-1,-11,-1,-11,-2,-11,-2,-11,-2,-11,-2,-9,-1,-8,-1,-5,-1,-4,-1,-2,0,0,0,1,0,3,0,5,0,7,0,8,0,9,0,10,0,10,0,10,0,9,0,0,0,7,0,5,0,3,0,2,0,0,0,-2,0,-3,0,-5,-1,-7,-1,-8,-1,-8,-1,-9,-1,-9,-1,-8,-1,-8,-1,-7,-1,-6,0,-5,0,-4,0,-2,0,-1,0,0,0,1,0,2,1,3,1,3,2,0,0,0,0,0,0,0,0,0,0]"
CSI_DATA,23278,80:af:ca:27:52:2a,-54,11,1,0,1,1,1,0,0,0,0,-97,0,11,2,314373729,0,83,1,128,0,"[0,0,0,0,0,0,0,0,0,0,0,0,-9,1,-8,0,-7,0,-6,0,-4,0,-2,0,-1,0,0,0,2,0,4,-1,6,-1,7,-1,8,-1,8,-1,8,0,9,0,8,0,7,0,6,0,5,0,3,0,2,0,1,0,0,0,-2,0,-4,0,0,0,-7,0,-7,-1,-8,-1,-9,-1,-8,-1,-8,-1,-8,-1,-7,-1,-6,0,-5,0,-3,0,-2,0,-1,0,0,1,1,1,3,1,4,2,5,2,5,2,5,2,5,2,5,2,5,2,4,2,3,2,3,1,0,0,0,0,0,0,0,0,0,0]"
CSI_DATA,23279,80:af:ca:27:52:2a,-55,11,1,0,1,1,1,0,0,0,0,-97,0,11,2,314382632,0,83,1,128,0,"[0,0,0,0,0,0,0,0,0,0,0,0,-4,0,-6,0,-7,0,-9,0,-10,0,-10,0,-10,0,-10,0,-10,0,-9,0,-8,0,-7,0,-4,0,-3,0,-1,0,0,0,2,0,4,0,6,0,7,0,8,0,8,0,8,0,9,-1,9,0,8,-1,0,0,6,0,4,0,2,0,1,0,0,0,-2,0,-4,-1,-6,-1,-6,-1,-7,-1,-8,-1,-8,-1,-8,-1,-8,-1,-7,-1,-7,-1,-6,-1,-4,0,-3,0,-2,0,0,0,0,0,1,1,2,1,3,2,3,2,0,0,0,0,0,0,0,0,0,0]"
CSI_DATA,23280,80:af:ca:27:52:2a,-55,11,1,0,1,1,1,0,0,0,0,-97,0,11,2,314392070,0,83,1,128,0,"[0,0,0,0,0,0,0,0,0,0,0,0,0,9,0,8,0,7,-1,6,-1,4,-1,3,-1,1,-1,-1,-1,-2,-1,-4,-1,-6,-2,-7,-2,-8,-2,-9,-2,-9,-2,-9,-2,-9,-2,-8,-2,-7,-2,-6,-1,-4,-1,-3,0,-1,0,0,0,2,1,3,0,0,2,6,3,7,3,7,3,8,3,8,3,8,3,7,2,6,2,5,2,4,1,2,1,1,0,0,0,-2,0,-3,-1,-4,-1,-5,-2,-6,-2,-6,-2,-6,-2,-6,-2,-6,-2,-6,-2,-5,-2,-5,-1,-4,0,0,0,0,0,0,0,0,0,0]"
CSI_DATA,23281,80:af:ca:27:52:2a,-55,11,1,0,1,1,1,0,0,0,0,-97,0,11,2,314402150,0,83,1,128,0,"[0,0,0,0,0,0,0,0,0,0,0,0,0,7,0,7,0,6,0,5,0,3,0,2,0,0,-1,0,-1,-1,-2,-2,-3,-4,-3,-5,-4,-6,-4,-6,-4,-6,-4,-6,-4,-6,-4,-5,-4,-5,-3,-4,-2,-3,-1,-2,0,-1,0,0,1,0,2,1,0,0,4,2,5,3,6,3,6,3,6,3,6,3,5,3,5,2,4,1,3,1,2,0,0,0,0,0,-1,0,-2,-1,-3,-1,-4,-2,-5,-2,-5,-2,-5,-2,-5,-2,-5,-1,-5,-1,-4,-1,-4,-1,-3,0,0,0,0,0,0,0,0,0,0,0]"
CSI_DATA,23282,80:af:ca:27:52:2a,-54,11,1,0,1,1,1,0,0,0,0,-97,0,11,2,314427209,0,83,1,128,0,"[0,0,0,0,0,0,0,0,0,0,0,0,-3,9,-2,8,-3,8,-2,6,-2,3,-2,1,0,1,-2,-1,1,-2,-2,-4,-1,-5,-1,-6,-1,-6,0,-6,0,-7,0,-12,-1,-11,0,-7,0,-7,-1,-6,0,-5,-1,-3,0,-1,0,0,0,2,0,3,0,0,1,6,1,8,2,8,1,8,1,8,2,8,1,8,2,5,1,6,1,2,1,1,0,0,0,0,0,-1,0,-3,-1,-4,-1,-4,-1,-5,-2,-5,-2,-6,-2,-5,-2,-6,-1,-5,-1,-4,-1,-4,-1,-3,0,0,0,0,0,0,0,0,0,0]"
CSI_DATA,23283,80:af:ca:27:52:2a,-55,11,1,0,1,1,1,0,0,0,0,-97,0,11,2,314435047,0,83,1,128,0,"[0,0,0,0,0,0,0,0,0,0,0,0,0,-4,2,-6,3,-6,4,-7,4,-8,6,-8,6,-8,6,-8,6,-8,5,-7,4,-6,4,-5,2,-4,1,-2,0,0,0,0,-2,2,-3,3,-4,4,-5,5,-6,6,-6,6,-6,6,-6,7,-6,6,-6,6,0,0,-4,4,-3,3,-2,2,0,1,0,0,2,-1,3,-2,4,-3,5,-4,6,-4,6,-4,6,-4,6,-4,6,-4,6,-4,5,-4,4,-3,3,-3,2,-2,0,-2,0,-1,-1,-1,-2,0,-3,0,-4,0,-5,0,0,0,0,0,0,0,0,0,0,0]"
CSI_DATA,23284,80:af:ca:27:52:2a,-55,11,1,0,1,1,1,0,0,0,0,-97,0,11,2,314457786,0,83,1,128,0,"[0,0,0,0,0,0,0,0,0,0,0,0,-3,-8,-2,-8,-2,-7,-1,-6,-1,-4,0,-3,0,-1,0,0,1,1,2,3,2,4,3,5,3,6,3,7,3,7,3,7,3,6,3,6,3,5,2,4,1,3,1,2,0,1,0,0,-1,-2,-2,-3,0,0,-3,-5,-4,-6,-4,-6,-5,-7,-4,-7,-4,-7,-4,-6,-4,-5,-3,-5,-3,-3,-2,-2,-1,-1,-1,0,0,1,0,2,1,3,1,4,2,4,2,5,2,5,2,5,2,5,2,5,2,4,1,4,1,2,0,0,0,0,0,0,0,0,0,0]"
CSI_DATA,23285,80:af:ca:27:52:2a,-55,11,1,0,1,1,1,0,0,0,0,-97,0,11,2,314466512,0,83,1,128,0,"[0,0,0,0,0,0,0,0,0,0,0,0,-4,0,-5,0,-7,0,-8,-2,-9,-2,-9,-2,-10,-2,-10,-2,-9,-2,-8,-2,-8,-2,-6,-2,-4,-1,-3,-1,-1,-1,0,-1,2,0,4,0,5,0,6,0,8,0,8,0,9,0,9,-1,9,0,8,-1,0,0,6,0,4,0,3,0,1,0,0,0,-2,0,-4,0,-6,0,-7,0,-8,0,-8,0,-9,0,-9,0,-8,0,-8,0,-7,0,-6,0,-4,0,-3,0,-2,0,0,0,0,0,2,0,3,0,4,0,4,0,0,0,0,0,0,0,0,0,0,0]"
CSI_DATA,23286,80:af:ca:27:52:2a,-55,11,1,0,1,1,1,0,0,0,0,-97,0,11,2,314476091,0,83,1,128,0,"[0,0,0,0,0,0,0,0,0,0,0,0,6,5,6,4,5,4,4,3,2,2,1,1,0,0,0,0,-2,0,-3,-1,-5,-2,-6,-2,-7,-3,-8,-3,-8,-3,-8,-3,-8,-3,-7,-2,-6,-2,-5,-2,-4,-1,-2,-1,-1,0,0,0,1,0,3,0,0,0,6,0,7,1,7,1,8,1,8,1,8,1,7,1,6,0,6,0,4,0,3,0,1,0,0,0,-1,0,-2,-1,-3,-1,-4,-1,-5,-1,-6,-2,-6,-1,-6,-2,-6,-2,-6,-1,-5,-1,-4,-1,-3,-1,0,0,0,0,0,0,0,0,0,0]"
CSI_DATA,23287,80:af:ca:27:52:2a,-55,11,1,0,1,1,1,0,0,0,0,-97,0,11,2,314484278,0,83,1,128,0,"[0,0,0,0,0,0,0,0,0,0,0,0,3,0,4,1,6,2,7,3,8,3,8,4,8,4,8,4,8,4,8,4,6,3,6,2,4,2,2,1,0,0,-1,0,-2,-1,-4,-2,-6,-2,-7,-2,-8,-3,-8,-4,-9,-4,-9,-4,-9,-4,-8,-3,0,0,-6,-2,-5,-2,-4,-1,-2,0,0,0,1,0,2,1,4,2,5,2,6,3,7,3,7,3,7,4,7,3,6,3,6,2,5,2,4,1,2,0,2,0,0,0,0,-1,-1,-2,-2,-2,-2,-3,-3,-4,0,0,0,0,0,0,0,0,0,0]"
CSI_DATA,23288,80:af:ca:27:52:2a,-55,11,1,0,1,1,1,0,0,0,0,-97,0,11,2,314515339,0,83,1,128,0,"[0,0,0,0,0,0,0,0,0,0,0,0,2,-2,4,-2,6,-3,7,-3,8,-4,9,-4,9,-4,9,-4,9,-4,8,-4,7,-3,6,-3,4,-2,2,-1,0,0,0,0,-2,1,-4,2,-5,2,-7,3,-7,4,-8,4,-8,4,-9,4,-9,4,-8,4,0,0,-6,3,-4,2,-3,1,-2,0,0,0,1,-1,2,-2,4,-2,5,-3,6,-4,7,-4,7,-4,7,-4,7,-4,6,-4,6,-3,4,-3,3,-2,2,-2,1,-1,0,-1,-1,0,-2,0,-3,0,-4,0,-4,0,0,0,0,0,0,0,0,0,0,0]"
CSI_DATA,23289,80:af:ca:27:52:2a,-55,11,1,0,1,1,1,0,0,0,0,-97,0,11,2,314533036,0,83,1,128,0,"[0,0,0,0,0,0,0,0,0,0,0,0,7,-1,7,-1,6,-1,5,0,3,0,2,0,1,0,0,0,-1,1,-2,2,-4,3,-5,3,-5,4,-6,4,-6,4,-6,5,-6,5,-5,4,-4,4,-3,3,-3,2,-2,1,-1,0,0,0,0,-2,0,-3,0,0,2,-5,2,-6,3,-7,2,-7,3,-7,2,-7,2,-7,1,-6,1,-5,0,-4,0,-2,0,-1,0,0,0,0,-1,1,-1,3,-1,4,-1,5,-1,5,-1,5,-1,5,-1,5,-1,4,-1,4,0,3,0,3,0,0,0,0,0,0,0,0,0,0]"
CSI_DATA,23290,80:af:ca:27:52:2a,-55,11,1,0,1,1,1,0,0,0,0,-97,0,11,2,314541441,0,83,1,128,0,"[0,0,0,0,0,0,0,0,0,0,0,0,-6,-3,-6,-3,-5,-2,-4,-2,-3,-2,-2,-1,0,0,0,0,1,0,2,0,4,0,5,1,5,1,6,1,6,1,7,1,6,1,6,1,5,1,4,0,3,0,2,0,0,0,0,0,-1,0,-3,0,0,0,-5,-1,-6,-1,-7,-1,-7,-1,-7,-1,-7,-1,-7,-1,-6,-1,-5,-1,-4,0,-3,0,-1,0,0,0,0,0,1,0,2,1,3,1,4,1,4,1,4,1,4,1,4,1,4,1,4,1,3,1,2,0,0,0,0,0,0,0,0,0,0,0]"
CSI_DATA,23291,80:af:ca:27:52:2a,-54,11,1,2,1,1,1,0,0,0,0,-97,0,11,2,314549299,0,83,1,128,0,"[0,0,0,0,0,0,0,0,0,0,0,0,2,0,5,2,6,2,7,3,8,4,8,5,9,5,8,5,8,5,8,5,7,4,5,3,4,2,2,1,0,0,-1,0,-2,-1,-4,-2,-5,-2,-7,-3,-8,-4,-9,-4,-10,-5,-10,-5,-9,-5,-9,-4,0,0,-7,-3,-5,-2,-3,-2,-2,0,0,0,1,0,2,2,4,2,5,3,6,4,7,4,7,4,7,4,7,4,6,3,5,3,5,2,4,2,2,1,1,0,0,0,0,-1,-1,-2,-2,-2,-2,-4,-2,-4,0,0,0,0,0,0,0,0,0,0]"
CSI_DATA,23292,80:af:ca:27:52:2a,-55,11,1,0,1,1,1,0,0,0,0,-97,0,11,2,314558305,0,83,1,128,0,"[0,0,0,0,0,0,0,0,0,0,0,0,5,6,5,5,4,5,3,4,2,3,1,2,0,1,-1,0,-2,-1,-3,-2,-4,-4,-5,-5,-5,-5,-6,-6,-6,-6,-6,-6,-6,-6,-5,-5,-5,-5,-4,-4,-3,-3,-2,-2,-1,-1,0,0,1,1,2,2,0,0,4,4,4,4,5,5,5,5,5,5,5,5,4,5,4,4,3,3,3,2,2,1,1,0,0,0,0,-1,-1,-2,-1,-3,-2,-4,-2,-4,-3,-5,-3,-5,-3,-5,-3,-5,-3,-4,-2,-4,-2,-4,-2,-3,0,0,0,0,0,0,0,0,0,0]"
CSI_DATA,23293,80:af:ca:27:52:2a,-54,11,1,2,1,1,1,0,0,0,0,-97,0,11,2,314580254,0,83,1,128,0,"[0,0,0,0,0,0,0,0,0,0,0,0,-1,-3,-1,-5,-1,-7,-1,-9,-1,-10,-1,-11,-1,-11,-1,-11,-1,-11,-1,-10,-1,-9,0,-8,0,-5,0,-4,0,-2,0,0,0,2,0,3,1,5,1,7,2,8,2,8,2,9,2,9,2,9,2,8,0,0,1,6,1,5,0,2,0,1,0,0,0,-2,-1,-4,-1,-5,-2,-7,-2,-8,-2,-8,-2,-9,-2,-9,-2,-8,-2,-8,-2,-7,-2,-6,-1,-5,-1,-3,-1,-2,0,0,0,0,0,2,0,2,0,4,0,5,0,0,0,0,0,0,0,0,0,0]"
CSI_DATA,23294,80:af:ca:27:52:2a,-55,11,1,0,1,1,1,0,0,0,0,-97,0,11,2,314589089,0,83,1,128,0,"[0,0,0,0,0,0,0,0,0,0,0,0,0,2,0,4,-1,6,-2,8,-2,9,-2,9,-2,9,-2,9,-3,9,-2,8,-2,7,-2,6,-2,4,-1,2,-1,0,0,-1,0,-2,0,-4,0,-6,0,-7,0,-9,0,-9,0,-9,0,-10,0,-10,0,-9,0,0,0,-7,0,-5,0,-4,0,-2,0,0,0,2,0,3,0,4,-1,6,0,7,0,8,-1,8,-1,8,0,8,0,7,0,7,0,5,0,4,0,2,0,1,0,0,0,-1,0,-2,0,-3,1,-4,1,-4,0,0,0,0,0,0,0,0,0,0]"
CSI_DATA,23295,80:af:ca:27:52:2a,-55,11,1,0,1,1,1,0,0,0,0,-97,0,11,2,314611642,0,83,1,128,0,"[0,0,0,0,0,0,0,0,0,0,0,0,-3,1,-6,1,-8,0,-11,0,-12,0,-13,0,-14,0,-14,1,-14,0,-13,1,-12,0,-11,0,-8,0,-5,0,-2,0,0,-1,1,-2,4,-2,6,-3,8,-5,9,-5,11,-5,11,-6,11,-7,11,-7,10,-7,0,0,8,-5,6,-4,4,-3,2,-2,0,0,-2,0,-3,2,-5,3,-7,5,-8,6,-8,7,-9,7,-9,7,-8,7,-8,6,-7,6,-6,5,-4,4,-3,3,-2,2,0,0,0,0,2,-1,2,-2,4,-3,4,-4,0,0,0,0,0,0,0,0,0,0]"
CSI_DATA,23296,80:af:ca:27:52:2a,-54,11,1,0,1,1,1,0,0,0,0,-97,0,11,2,314620902,0,83,1,128,0,"[0,0,0,0,0,0,0,0,0,0,0,0,7,5,6,4,5,4,4,4,3,3,2,2,0,1,0,0,-2,0,-3,-1,-5,-1,-6,-2,-7,-2,-8,-2,-8,-2,-9,-2,-8,-2,-7,-2,-7,-1,-6,-1,-4,-1,-3,-1,-1,-1,0,0,1,0,3,0,0,0,5,0,6,-1,7,-1,7,-1,7,-1,7,-1,7,-1,6,-1,5,-1,4,-1,2,-1,1,0,0,0,-1,0,-2,0,-3,0,-4,0,-5,1,-5,1,-5,1,-5,1,-5,1,-5,1,-4,1,-4,1,-3,1,0,0,0,0,0,0,0,0,0,0]"
CSI_DATA,23297,80:af:ca:27:52:2a,-55,11,1,0,1,1,1,0,0,0,0,-97,0,11,2,314652164,0,83,1,128,0,"[0,0,0,0,0,0,0,0,0,0,0,0,-6,-6,-6,-6,-5,-5,-4,-5,-3,-3,-2,-3,0,-2,0,-1,2,0,3,1,4,2,5,2,6,3,6,3,7,3,7,3,7,3,6,2,5,2,4,2,3,1,2,1,1,0,0,0,-2,0,-3,-1,0,0,-6,-1,-7,-1,-8,-1,-8,-1,-8,-1,-8,-1,-7,-1,-6,-1,-6,-1,-4,0,-3,0,-2,0,0,0,1,0,2,0,3,0,4,0,5,0,5,0,5,0,5,0,5,0,5,0,5,0,4,0,3,0,0,0,0,0,0,0,0,0,0,0]"
CSI_DATA,23298,80:af:ca:27:52:2a,-55,11,1,0,1,1,1,0,0,0,0,-97,0,11,2,314660915,0,83,1,128,0,"[0,0,0,0,0,0,0,0,0,0,0,0,-7,6,-6,5,-6,5,-5,4,-4,2,-3,1,-1,0,0,-1,1,-2,1,-4,3,-5,4,-6,4,-7,5,-7,5,-8,5,-8,4,-8,4,-7,4,-6,3,-5,2,-4,1,-3,0,-1,0,0,-1,1,-2,3,0,0,-3,6,-4,7,-4,8,-4,8,-4,8,-4,8,-4,7,-3,6,-3,6,-2,4,-1,3,-1,1,0,0,1,-1,2,-2,2,-4,3,-5,3,-5,3,-6,3,-6,3,-6,3,-6,3,-6,3,-5,2,-4,1,-3,0,0,0,0,0,0,0,0,0,0]"
CSI_DATA,23299,80:af:ca:27:52:2a,-55,11,1,2,1,1,1,0,0,0,0,-97,0,11,2,314666545,0,83,1,128,0,"[0,0,0,0,0,0,0,0,0,0,0,0,0,2,0,4,0,5,-1,7,-2,8,-2,9,-2,10,-2,10,-2,9,-2,9,-2,8,-2,6,-2,5,-1,3,0,1,0,0,0,-2,0,-4,0,-5,1,-8,1,-8,1,-9,2,-10,2,-11,1,-10,1,-10,0,0,0,-7,0,-6,0,-4,0,-2,-1,0,-1,0,-2,2,-2,4,-3,5,-3,6,-4,7,-4,8,-4,8,-4,8,-4,7,-3,6,-2,5,-2,4,-2,3,0,2,0,0,0,0,1,0,2,-2,3,-2,3,-2,0,0,0,0,0,0,0,0,0,0]"
CSI_DATA,23300,80:af:ca:27:52:2a,-55,11,1,0,1,1,1,0,0,0,0,-97,0,11,2,314674498,0,83,1,128,0,"[0,0,0,0,0,0,0,0,0,0,0,0,7,0,6,0,6,0,5,0,3,0,2,0,0,0,0,0,-1,0,-3,0,-4,0,-5,0,-6,0,-7,0,-7,0,-8,0,-7,0,-6,0,-6,0,-5,0,-3,0,-2,0,-1,0,0,0,1,0,2,0,0,0,5,0,6,-1,6,-1,7,-1,7,-1,6,-1,6,-1,5,0,4,-1,3,0,2,0,1,0,0,0,-1,0,-2,0,-3,0,-4,0,-5,0,-5,0,-5,0,-5,0,-5,0,-5,0,-4,0,-4,0,-3,0,0,0,0,0,0,0,0,0,0,0]"
CSI_DATA,23301,80:af:ca:27:52:2a,-55,11,1,2,1,1,1,0,0,0,0,-97,0,11,2,314679806,0,83,1,128,0,"[0,0,0,0,0,0,0,0,0,0,0,0,0,2,-1,4,-2,6,-2,7,-3,9,-3,9,-3,9,-3,9,-4,9,-3,9,-3,7,-2,6,-2,4,-2,2,0,1,0,0,0,-2,0,-4,2,-6,2,-7,2,-8,2,-9,3,-9,3,-9,3,-9,2,-9,0,0,2,-7,1,-6,0,-4,0,-2,-1,0,-2,0,-2,2,-3,4,-4,5,-4,6,-5,7,-5,7,-5,7,-5,7,-5,6,-4,5,-4,4,-3,4,-2,2,-1,2,0,0,0,0,1,0,2,-1,3,-2,4,-2,0,0,0,0,0,0,0,0,0,0]"
CSI_DATA,23302,80:af:ca:27:52:2a,-54,11,1,0,1,1,1,0,0,0,0,-97,0,11,2,314689349,0,83,1,128,0,"[0,0,0,0,0,0,0,0,0,0,0,0,2,8,2,8,1,7,1,6,0,4,0,2,0,1,0,0,-1,-2,-1,-4,-1,-6,-2,-7,-2,-8,-2,-8,-2,-8,-2,-9,-2,-8,-2,-8,-2,-7,-1,-6,-1,-5,-1,-3,0,-1,0,0,0,1,0,3,0,0,1,6,1,7,1,7,1,8,1,8,1,8,1,7,1,6,1,5,0,4,0,3,0,1,0,0,0,-1,0,-2,0,-3,0,-5,0,-5,0,-6,0,-6,0,-6,0,-6,0,-6,0,-5,0,-5,0,-3,0,0,0,0,0,0,0,0,0,0]"
CSI_DATA,23303,80:af:ca:27:52:2a,-55,11,1,0,1,1,1,0,0,0,0,-97,0,11,2,314696901,0,83,1,128,0,"[0,0,0,0,0,0,0,0,0,0,0,0,-2,3,-4,5,-5,7,-7,8,-8,9,-9,9,-9,9,-9,9,-9,8,-8,7,-8,6,-7,5,-4,4,-3,2,-1,0,0,-1,2,-2,4,-4,5,-5,7,-7,7,-7,8,-8,9,-8,9,-8,9,-8,8,-7,0,0,6,-6,4,-4,2,-3,0,-2,-1,-1,-3,0,-5,1,-7,2,-8,2,-9,3,-10,4,-10,3,-10,3,-10,3,-9,3,-8,2,-7,2,-5,2,-4,2,-2,1,0,1,0,0,2,0,4,0,4,0,5,0,0,0,0,0,0,0,0,0,0,0]"
CSI_DATA,23304,80:af:ca:27:52:2a,-54,11,1,0,1,1,1,0,0,0,0,-97,0,11,2,314714225,0,83,1,128,0,"[0,0,0,0,0,0,0,0,0,0,0,0,7,-4,6,-4,6,-4,5,-3,3,-2,2,-1,1,0,0,0,-1,1,-2,2,-4,3,-4,4,-5,5,-6,5,-6,5,-6,6,-6,6,-5,5,-4,4,-4,4,-3,3,-2,2,-1,0,0,0,0,-1,1,-3,0,0,3,-5,3,-6,4,-7,3,-7,4,-7,4,-7,3,-7,3,-6,2,-5,1,-4,1,-3,0,-2,0,0,-1,0,-2,1,-2,2,-3,3,-3,4,-3,4,-3,4,-3,4,-3,4,-3,4,-3,4,-2,3,-2,2,0,0,0,0,0,0,0,0,0,0]"
CSI_DATA,23305,80:af:ca:27:52:2a,-55,11,1,0,1,1,1,0,0,0,0,-97,0,11,2,314722821,0,83,1,128,0,"[0,0,0,0,0,0,0,0,0,0,0,0,0,2,-2,4,-3,5,-4,6,-5,7,-6,7,-6,8,-6,8,-6,8,-5,7,-5,7,-4,6,-3,4,-2,2,-1,0,0,0,0,-2,0,-4,2,-5,2,-7,2,-8,3,-9,3,-9,3,-10,3,-10,2,-9,0,0,2,-7,1,-5,0,-4,0,-2,0,0,-1,1,-2,2,-2,4,-2,5,-2,7,-3,7,-3,8,-4,8,-3,8,-3,7,-3,7,-2,5,-2,4,-1,2,0,2,0,0,0,0,1,-2,1,-2,2,-3,2,-4,0,0,0,0,0,0,0,0,0,0]"
CSI_DATA,23306,80:af:ca:27:52:2a,-56,11,1,0,1,1,1,0,0,0,0,-97,0,11,2,314730890,0,83,1,128,0,"[0,0,0,0,0,0,0,0,0,0,0,0,-2,-2,-4,-4,-4,-6,-4,-8,-5,-10,-5,-11,-6,-11,-6,-11,-6,-11,-5,-11,-4,-9,-4,-8,-2,-6,-2,-4,0,-2,0,0,1,1,2,3,3,4,4,6,5,7,6,8,6,8,6,9,6,9,6,8,0,0,5,6,4,4,2,3,2,1,0,0,0,-2,-2,-4,-3,-5,-4,-7,-5,-8,-5,-8,-5,-9,-5,-9,-6,-9,-5,-8,-5,-8,-4,-6,-4,-5,-3,-4,-2,-2,-1,0,-1,0,0,2,0,3,0,4,0,5,0,0,0,0,0,0,0,0,0,0]"
CSI_DATA,23307,80:af:ca:27:52:2a,-55,11,1,0,1,1,1,0,0,0,0,-97,0,11,2,314741637,0,83,1,128,0,"[0,0,0,0,0,0,0,0,0,0,0,0,-3,-8,-3,-8,-3,-7,-2,-6,-1,-4,-1,-3,0,-2,0,0,1,1,2,2,2,4,3,5,4,5,4,6,4,6,5,6,5,6,4,5,4,5,3,4,2,3,1,2,1,1,0,0,-1,-1,-2,-2,0,0,-4,-4,-5,-5,-6,-5,-6,-5,-6,-6,-6,-6,-6,-5,-5,-4,-4,-4,-4,-3,-3,-2,-2,-1,-1,0,0,0,1,1,2,2,2,3,3,3,3,4,4,4,4,4,3,4,3,4,3,3,2,3,2,2,0,0,0,0,0,0,0,0,0,0]"
CSI_DATA,23308,80:af:ca:27:52:2a,-54,11,1,0,1,1,1,0,0,0,0,-97,0,11,2,314749485,0,83,1,128,0,"[0,0,0,0,0,0,0,0,0,0,0,0,8,-3,8,-3,7,-2,6,-2,4,-1,2,-1,1,0,0,0,-2,1,-3,1,-5,2,-6,3,-7,3,-7,3,-8,3,-8,3,-8,3,-7,3,-6,3,-5,2,-4,1,-2,1,-1,0,0,0,1,-1,2,-2,0,0,5,-3,6,-3,7,-4,7,-4,7,-4,7,-4,6,-4,5,-3,4,-3,3,-2,2,-2,1,-1,0,-1,-1,0,-2,0,-3,0,-4,1,-5,1,-6,1,-6,1,-6,1,-6,1,-5,1,-4,1,-4,1,-3,1,0,0,0,0,0,0,0,0,0,0]"
CSI_DATA,23309,80:af:ca:27:52:2a,-55,11,1,0,1,1,1,0,0,0,0,-97,0,11,2,314757672,0,83,1,128,0,"[0,0,0,0,0,0,0,0,0,0,0,0,-1,2,-2,3,-4,4,-5,6,-6,7,-7,7,-7,7,-7,7,-7,7,-7,7,-7,6,-5,5,-4,3,-3,2,-1,0,0,0,0,-2,1,-3,2,-4,3,-6,4,-7,4,-7,4,-8,4,-9,5,-8,4,-8,0,0,3,-7,2,-5,2,-4,0,-2,0,0,-1,0,-2,2,-3,3,-4,4,-4,5,-5,6,-5,6,-5,6,-5,6,-4,5,-4,5,-4,4,-3,4,-2,2,-1,2,0,0,0,0,1,-1,2,-2,2,-2,3,-2,0,0,0,0,0,0,0,0,0,0]"
CSI_DATA,23310,80:af:ca:27:52:2a,-55,11,1,0,1,1,1,0,0,0,0,-97,0,11,2,314766128,0,83,1,128,0,"[0,0,0,0,0,0,0,0,0,0,0,0,-9,-1,-8,-1,-7,-1,-6,-1,-4,-1,-2,-1,0,-1,1,-1,2,0,4,0,6,0,7,0,8,0,8,0,8,0,9,0,8,0,7,0,6,0,5,0,3,0,2,0,0,0,-1,0,-2,0,-4,0,0,0,-7,0,-8,0,-8,0,-9,0,-9,0,-8,-1,-8,0,-7,0,-6,0,-4,0,-3,0,-2,0,0,0,1,0,2,1,3,1,4,1,5,1,5,1,6,1,6,2,5,2,5,1,4,1,4,1,3,1,0,0,0,0,0,0,0,0,0,0]"
CSI_DATA,23311,80:af:ca:27:52:2a,-55,11,1,0,1,1,1,0,0,0,0,-97,0,11,2,314773437,0,83,1,128,0,"[0,0,0,0,0,0,0,0,0,0,0,0,2,0,4,1,6,2,8,2,8,3,8,4,9,4,8,3,8,4,7,3,6,3,5,2,4,2,2,1,0,0,-1,0,-2,-1,-4,-2,-6,-2,-6,-3,-7,-4,-8,-4,-8,-4,-9,-4,-8,-4,-8,-4,0,0,-6,-2,-4,-2,-3,-1,-2,0,0,0,1,1,2,2,4,2,4,4,5,4,6,4,6,4,6,4,6,4,5,4,5,4,4,3,3,2,2,1,1,0,0,0,0,-1,0,-2,-2,-3,-2,-4,-2,-4,0,0,0,0,0,0,0,0,0,0]"
CSI_DATA,23312,80:af:ca:27:52:2a,-55,11,1,0,1,1,1,0,0,0,0,-97,0,11,2,314780682,0,83,1,128,0,"[0,0,0,0,0,0,0,0,0,0,0,0,1,-2,2,-4,4,-4,6,-5,6,-6,7,-6,7,-6,7,-6,7,-6,6,-5,6,-5,5,-4,4,-3,2,-2,0,0,0,0,-1,1,-2,2,-4,4,-4,4,-5,5,-6,6,-6,6,-6,7,-6,7,-6,6,0,0,-4,5,-3,4,-2,2,-1,1,0,0,1,-2,2,-2,2,-4,4,-5,4,-6,4,-6,5,-6,5,-6,4,-6,4,-6,4,-6,3,-5,2,-4,1,-3,0,-2,0,-1,-1,0,-2,0,-3,1,-4,2,-4,2,0,0,0,0,0,0,0,0,0,0]"
CSI_DATA,23313,80:af:ca:27:52:2a,-54,11,1,0,1,1,1,0,0,0,0,-97,0,11,2,314789727,0,83,1,128,0,"[0,0,0,0,0,0,0,0,0,0,0,0,0,8,0,7,0,7,0,6,0,4,0,2,0,1,-1,0,-1,-2,-1,-3,-1,-5,-2,-6,-2,-7,-2,-8,-2,-8,-2,-8,-2,-8,-2,-7,-2,-7,-2,-5,-1,-4,-1,-3,0,-1,0,0,0,1,1,2,0,0,2,5,2,6,3,7,3,7,3,7,3,7,3,7,2,6,2,5,2,3,1,2,0,1,0,0,0,-1,0,-2,-1,-3,-1,-5,-2,-5,-2,-6,-2,-6,-2,-6,-2,-6,-2,-5,-2,-5,-1,-4,-1,-3,0,0,0,0,0,0,0,0,0,0]"
CSI_DATA,23314,80:af:ca:27:52:2a,-55,11,1,0,1,1,1,0,0,0,0,-97,0,11,2,314798478,0,83,1,128,0,"[0,0,0,0,0,0,0,0,0,0,0,0,0,2,0,4,0,6,0,8,0,9,0,9,0,10,0,9,0,9,0,8,0,8,0,6,0,4,0,2,0,0,0,-1,0,-2,0,-4,0,-6,0,-8,0,-8,0,-9,0,-10,0,-11,0,-11,0,-9,0,0,0,-7,0,-6,0,-4,-1,-2,-1,0,-1,1,-1,3,-1,5,-1,6,-2,7,-2,8,-2,8,-2,8,-2,8,-2,8,-2,6,-1,6,-1,4,0,3,0,2,0,0,0,0,1,-2,2,-2,2,-3,3,-4,0,0,0,0,0,0,0,0,0,0]"
CSI_DATA,23315,80:af:ca:27:52:2a,-55,11,1,0,1,1,1,0,0,0,0,-97,0,11,2,314809986,0,83,1,128,0,"[0,0,0,0,0,0,0,0,0,0,0,0,2,0,4,0,6,2,7,2,8,3,8,3,9,4,9,3,8,4,8,3,7,3,6,2,4,2,2,1,0,0,-1,0,-2,-1,-4,-2,-6,-2,-7,-3,-8,-3,-8,-4,-9,-4,-10,-4,-9,-4,-9,-3,0,0,-6,-2,-5,-2,-4,-1,-2,0,0,0,1,0,2,2,4,2,5,3,6,4,7,4,7,4,6,4,6,4,6,4,6,4,4,3,4,2,2,1,2,0,0,0,0,-1,-1,-2,-2,-3,-2,-4,-2,-4,0,0,0,0,0,0,0,0,0,0]"
CSI_DATA,23316,80:af:ca:27:52:2a,-54,11,1,0,1,1,1,0,0,0,0,-97,0,11,2,314819359,0,83,1,128,0,"[0,0,0,0,0,0,0,0,0,0,0,0,-1,-9,-1,-8,0,-7,0,-6,0,-4,0,-3,0,-1,0,0,0,1,0,3,0,4,0,6,0,6,0,7,0,7,0,8,0,7,0,7,0,6,0,5,0,4,0,2,0,1,0,0,0,-2,0,-3,0,0,0,-5,0,-7,0,-7,0,-8,0,-7,0,-7,0,-7,0,-6,0,-5,0,-4,0,-3,0,-2,-1,0,-1,0,-1,1,-1,2,-1,3,-1,4,-1,4,-1,5,-2,5,-2,4,-2,4,-1,4,-1,3,-1,2,0,0,0,0,0,0,0,0,0,0]"
CSI_DATA,23317,80:af:ca:27:52:2a,-55,11,1,0,1,1,1,0,0,0,0,-97,0,11,2,314834882,0,83,1,128,0,"[0,0,0,0,0,0,0,0,0,0,0,0,-1,-4,-1,-6,-1,-8,0,-11,0,-11,0,-13,0,-13,0,-13,0,-12,0,-11,0,-10,0,-8,0,-6,0,-4,0,-1,0,0,0,2,0,5,0,6,0,8,0,10,0,11,0,11,0,11,0,12,0,11,0,0,0,8,0,6,0,4,0,2,0,0,0,-2,0,-4,0,-6,0,-8,0,-9,0,-11,1,-11,1,-11,0,-11,0,-9,0,-8,0,-7,0,-6,0,-4,0,-2,-1,-1,-1,0,-2,2,-2,2,-3,4,-3,4,0,0,0,0,0,0,0,0,0,0]"
CSI_DATA,23318,80:af:ca:27:52:2a,-55,11,1,2,1,1,1,0,0,0,0,-97,0,11,2,314840163,0,83,1,128,0,"[0,0,0,0,0,0,0,0,0,0,0,0,-3,1,-5,2,-7,2,-8,2,-9,2,-10,2,-10,2,-10,2,-9,2,-9,1,-8,1,-7,1,-4,0,-3,0,-1,0,0,0,2,-1,3,-2,5,-2,7,-2,7,-3,8,-3,9,-4,9,-4,8,-4,7,-4,0,0,5,-2,4,-2,2,-2,1,-1,0,0,-2,0,-4,0,-5,0,-7,1,-7,1,-8,2,-9,2,-8,1,-8,1,-7,1,-7,1,-6,1,-4,1,-3,0,-2,0,0,0,0,0,2,0,2,0,4,0,4,0,0,0,0,0,0,0,0,0,0,0]"
CSI_DATA,23319,80:af:ca:27:52:2a,-54,11,1,0,1,1,1,0,0,0,0,-97,0,11,2,314858202,0,83,1,128,0,"[0,0,0,0,0,0,0,0,0,0,0,0,10,1,9,1,7,1,6,1,4,1,2,1,1,1,-1,1,-3,0,-4,0,-6,0,-8,0,-9,0,-10,1,-10,0,-10,1,-10,1,-9,1,-8,1,-6,0,-5,0,-3,0,-1,0,0,0,2,-1,3,-2,0,0,7,-2,8,-3,9,-3,9,-3,9,-3,9,-3,9,-3,7,-3,6,-3,4,-2,3,-2,1,-1,0,-1,-2,0,-3,0,-5,0,-6,1,-6,1,-7,1,-7,2,-7,1,-7,1,-7,1,-6,1,-5,1,-4,1,0,0,0,0,0,0,0,0,0,0]"
CSI_DATA,23320,80:af:ca:27:52:2a,-55,11,1,0,1,1,1,0,0,0,0,-97,0,11,2,314884119,0,83,1,128,0,"[0,0,0,0,0,0,0,0,0,0,0,0,-2,-2,-3,-4,-4,-6,-4,-8,-4,-9,-4,-9,-5,-9,-5,-9,-4,-9,-4,-9,-4,-8,-3,-7,-2,-5,-2,-4,0,-2,0,0,1,1,2,2,3,4,4,5,4,6,5,7,5,7,6,7,5,7,5,6,0,0,4,4,3,4,2,2,1,0,0,0,-1,-2,-2,-3,-3,-4,-4,-5,-4,-6,-5,-7,-5,-7,-5,-7,-5,-7,-5,-6,-4,-5,-4,-4,-3,-3,-2,-2,-2,-1,-1,0,0,0,0,1,0,2,1,3,1,4,0,0,0,0,0,0,0,0,0,0]"
CSI_DATA,23321,80:af:ca:27:52:2a,-55,11,1,0,1,1,1,0,0,0,0,-97,0,11,2,314892028,0,83,1,128,0,"[0,0,0,0,0,0,0,0,0,0,0,0,-10,3,-9,2,-8,2,-7,1,-5,0,-3,0,-1,0,0,-1,2,-2,3,-2,6,-3,7,-3,8,-3,8,-4,8,-3,9,-4,8,-4,7,-3,6,-3,5,-2,3,-2,2,-1,0,-1,-1,0,-2,0,-4,1,0,0,-7,2,-8,2,-8,3,-9,3,-9,3,-8,3,-8,2,-7,2,-6,2,-5,2,-3,1,-1,1,0,0,1,0,2,0,4,0,5,0,6,0,6,-1,6,-1,7,-1,6,-1,6,-1,5,-1,5,-1,3,-1,0,0,0,0,0,0,0,0,0,0]"
CSI_DATA,23322,80:af:ca:27:52:2a,-54,11,1,0,1,1,1,0,0,0,0,-97,0,11,2,314898980,0,83,1,128,0,"[0,0,0,0,0,0,0,0,0,0,0,0,-7,5,-7,5,-6,3,-5,2,-4,1,-2,0,-1,0,0,-1,1,-2,3,-3,5,-4,5,-5,6,-5,6,-6,7,-6,7,-6,6,-6,6,-5,5,-5,4,-4,3,-3,1,-2,0,-1,0,0,-2,1,-3,2,0,0,-5,3,-6,4,-7,5,-7,5,-7,5,-7,5,-7,4,-6,3,-5,3,-3,2,-2,2,-1,1,0,0,1,0,2,-1,3,-1,4,-2,5,-2,5,-2,5,-2,6,-2,6,-2,5,-2,5,-2,4,-1,3,-1,0,0,0,0,0,0,0,0,0,0]"
CSI_DATA,23323,80:af:ca:27:52:2a,-55,11,1,0,1,1,1,0,0,0,0,-97,0,11,2,314908911,0,83,1,128,0,"[0,0,0,0,0,0,0,0,0,0,0,0,-7,-7,-6,-6,-5,-6,-4,-5,-3,-4,-2,-3,0,-1,0,0,2,1,3,2,4,3,6,4,6,4,7,5,7,5,7,5,7,4,6,4,6,3,5,3,3,2,2,1,1,0,0,0,-2,-1,-3,-2,0,0,-6,-3,-7,-4,-8,-4,-9,-4,-8,-4,-8,-4,-7,-4,-6,-3,-6,-3,-5,-2,-3,-1,-2,-1,0,0,0,1,2,1,3,2,4,3,4,3,5,3,5,3,5,3,5,3,4,3,4,3,3,2,3,2,0,0,0,0,0,0,0,0,0,0]"
CSI_DATA,23324,80:af:ca:27:52:2a,-55,11,1,0,1,1,1,0,0,0,0,-97,0,11,2,314918452,0,83,1,128,0,"[0,0,0,0,0,0,0,0,0,0,0,0,1,-2,3,-3,5,-4,8,-5,8,-5,9,-5,10,-5,10,-5,10,-5,8,-5,8,-5,7,-4,5,-2,3,-2,2,-1,0,0,-1,1,-3,2,-5,3,-6,5,-7,5,-8,6,-8,6,-8,7,-9,7,-8,7,0,0,-6,5,-5,4,-3,2,-2,1,0,0,1,-1,2,-2,4,-4,5,-5,5,-5,7,-7,7,-6,7,-7,7,-7,6,-6,6,-5,5,-5,3,-4,2,-3,1,-2,0,-1,-1,0,-2,0,-3,1,-5,1,-5,2,0,0,0,0,0,0,0,0,0,0]"
CSI_DATA,23325,80:af:ca:27:52:2a,-54,11,1,0,1,1,1,0,0,0,0,-97,0,11,2,314928146,0,83,1,128,0,"[0,0,0,0,0,0,0,0,0,0,0,0,0,7,0,7,0,6,0,5,0,4,0,2,0,1,-1,0,-1,-2,-1,-3,-1,-5,-1,-6,-1,-7,-1,-7,-1,-7,-1,-8,-1,-7,-1,-7,-1,-6,-1,-5,-1,-4,0,-3,0,-1,0,0,0,1,0,3,0,0,0,5,1,6,1,7,1,7,1,7,1,7,1,7,1,6,1,5,1,4,0,2,0,1,0,0,0,-1,0,-2,0,-3,0,-4,0,-5,0,-5,0,-6,0,-6,0,-6,0,-5,0,-5,0,-4,0,-3,0,0,0,0,0,0,0,0,0,0]"
CSI_DATA,23326,80:af:ca:27:52:2a,-55,11,1,0,1,1,1,0,0,0,0,-97,0,11,2,314937271,0,83,1,128,0,"[0,0,0,0,0,0,0,0,0,0,0,0,-6,4,-6,3,-5,3,-5,2,-3,1,-2,0,-1,0,0,0,0,-1,1,-2,2,-3,3,-4,3,-4,4,-5,4,-5,4,-5,4,-5,3,-5,3,-5,2,-4,2,-3,1,-2,0,-1,0,0,0,0,-1,2,0,0,-2,4,-3,5,-3,5,-3,5,-3,5,-3,5,-3,5,-3,4,-2,4,-1,3,-1,2,0,1,0,0,0,0,0,-1,1,-2,2,-3,2,-3,2,-4,2,-4,2,-4,2,-4,2,-4,2,-3,1,-3,1,-2,0,0,0,0,0,0,0,0,0,0]"
CSI_DATA,23327,80:af:ca:27:52:2a,-54,11,1,0,1,1,1,0,0,0,0,-97,0,11,2,314952621,0,83,1,128,0,"[0,0,0,0,0,0,0,0,0,0,0,0,-8,-3,-8,-2,-7,-2,-6,-2,-4,-2,-3,-1,-1,-1,0,-1,1,0,3,0,4,0,5,0,6,1,7,1,7,1,8,1,7,0,7,0,6,0,5,0,4,0,2,0,1,0,0,0,-1,0,-3,0,0,0,-5,0,-7,0,-7,0,-7,0,-7,0,-7,0,-7,0,-6,0,-5,0,-4,0,-3,0,-2,0,-1,0,0,0,1,0,2,0,3,0,4,0,5,0,5,0,5,0,5,0,4,0,4,0,3,0,3,0,0,0,0,0,0,0,0,0,0,0]"
CSI_DATA,23328,80:af:ca:27:52:2a,-54,11,1,0,1,1,1,0,0,0,0,-97,0,11,2,314959525,0,83,1,128,0,"[0,0,0,0,0,0,0,0,0,0,0,0,10,-2,8,-2,7,-1,6,-1,4,0,2,0,0,0,-1,0,-3,0,-5,0,-7,0,-8,0,-9,0,-10,0,-10,0,-10,0,-10,0,-8,0,-8,0,-6,0,-5,0,-3,0,-1,0,0,0,2,0,3,0,0,0,7,1,8,1,8,2,9,2,9,2,8,2,8,2,7,2,6,1,5,1,3,0,1,0,0,-1,0,-2,-1,-2,-2,-3,-3,-4,-5,-5,-5,-5,-5,-5,-5,-5,-5,-5,-4,-5,-4,-5,-3,-4,-3,-3,0,0,0,0,0,0,0,0,0,0]"
CSI_DATA,23329,80:af:ca:27:52:2a,-55,11,1,0,1,1,1,0,0,0,0,-97,0,11,2,314966664,0,83,1,128,0,"[0,0,0,0,0,0,0,0,0,0,0,0,2,2,2,4,3,6,3,8,3,8,3,9,3,9,3,9,3,8,3,8,2,7,2,6,1,4,0,2,0,0,-1,-1,-2,-2,-3,-4,-4,-5,-4,-6,-4,-7,-5,-8,-6,-8,-6,-8,-6,-8,-6,-7,0,0,-4,-6,-3,-4,-2,-3,-1,-1,0,0,0,2,1,3,2,4,3,5,4,6,4,6,4,6,4,7,4,6,4,6,4,5,3,4,2,3,2,2,1,0,0,0,0,-1,0,-2,-1,-4,-1,-4,-2,-5,0,0,0,0,0,0,0,0,0,0]"
CSI_DATA,23330,80:af:ca:27:52:2a,-54,11,1,0,1,1,1,0,0,0,0,-97,0,11,2,314984422,0,83,1,128,0,"[0,0,0,0,0,0,0,0,0,0,0,0,7,-2,7,-2,6,-2,5,-1,4,-1,2,0,1,0,0,0,-1,1,-3,1,-4,2,-5,3,-6,3,-6,3,-7,3,-7,4,-6,4,-6,3,-5,3,-4,2,-3,2,-2,1,-1,0,0,0,1,-1,2,-2,0,0,3,-4,4,-5,5,-5,5,-5,5,-5,5,-5,5,-5,4,-4,3,-4,2,-3,1,-2,0,-1,0,0,-1,0,-2,1,-3,2,-3,2,-4,3,-4,3,-4,3,-4,3,-4,3,-4,3,-3,3,-3,2,-2,2,0,0,0,0,0,0,0,0,0,0]"
CSI_DATA,23331,80:af:ca:27:52:2a,-55,11,1,0,1,1,1,0,0,0,0,-97,0,11,2,314991704,0,83,1,128,0,"[0,0,0,0,0,0,0,0,0,0,0,0,7,1,7,1,6,1,5,1,4,1,2,1,0,0,0,0,-1,0,-3,0,-5,0,-6,0,-7,0,-7,0,-8,0,-8,0,-8,0,-7,0,-6,0,-5,0,-4,0,-3,0,-1,0,0,0,1,0,2,0,0,0,5,-1,6,-1,7,-1,7,-2,7,-2,7,-2,7,-2,6,-1,5,-1,3,-1,2,-1,1,0,0,0,0,0,-2,0,-3,0,-4,0,-5,0,-5,0,-5,0,-6,0,-5,0,-5,0,-5,0,-4,0,-3,0,0,0,0,0,0,0,0,0,0,0]"
CSI_DATA,23332,80:af:ca:27:52:2a,-55,11,1,0,1,1,1,0,0,0,0,-97,0,11,2,314998748,0,83,1,128,0,"[0,0,0,0,0,0,0,0,0,0,0,0,0,-7,0,-7,0,-6,0,-5,0,-4,0,-2,0,-1,0,0,0,1,0,3,0,4,0,5,0,6,0,6,0,7,0,7,0,6,0,6,0,5,0,4,0,3,0,2,0,0,0,0,0,-1,0,-3,0,0,-1,-5,-1,-6,-1,-7,-2,-7,-1,-7,-1,-7,-1,-7,-1,-6,-1,-5,-1,-4,-1,-3,0,-1,0,0,0,0,0,1,0,3,0,4,0,4,0,4,0,5,0,5,0,5,0,5,0,4,0,4,0,3,0,0,0,0,0,0,0,0,0,0]"
CSI_DATA,23333,80:af:ca:27:52:2a,-55,11,1,0,1,1,1,0,0,0,0,-97,0,11,2,315006236,0,83,1,128,0,"[0,0,0,0,0,0,0,0,0,0,0,0,-2,2,-4,3,-5,4,-6,5,-7,5,-8,5,-8,6,-8,6,-8,5,-7,5,-7,4,-6,3,-4,2,-3,1,-1,0,0,0,1,-2,2,-2,4,-4,5,-4,6,-5,6,-6,7,-6,7,-6,7,-6,6,-6,0,0,4,-4,4,-4,2,-2,0,-1,0,0,-2,0,-4,1,-4,2,-6,2,-7,3,-8,3,-8,3,-8,3,-8,3,-7,3,-6,2,-6,2,-4,2,-3,1,-2,1,0,0,0,0,2,0,2,0,4,0,4,0,0,0,0,0,0,0,0,0,0,0]"
CSI_DATA,23334,80:af:ca:27:52:2a,-55,11,1,0,1,1,1,0,0,0,0,-97,0,11,2,315014340,0,83,1,128,0,"[0,0,0,0,0,0,0,0,0,0,0,0,3,1,5,3,7,5,8,7,8,8,9,8,10,9,9,9,9,9,8,8,7,8,6,6,4,5,2,2,0,1,-1,0,-2,-2,-5,-3,-6,-4,-8,-5,-9,-6,-10,-7,-10,-7,-11,-7,-11,-8,-10,-6,0,0,-8,-5,-6,-4,-5,-2,-2,-1,0,0,1,1,3,2,5,3,6,4,8,5,8,5,8,5,8,5,8,5,8,5,7,4,6,3,5,2,3,1,2,0,0,0,0,-1,-1,-2,-2,-3,-3,-4,-4,-5,0,0,0,0,0,0,0,0,0,0]"
CSI_DATA,23335,80:af:ca:27:52:2a,-55,11,1,0,1,1,1,0,0,0,0,-97,0,11,2,315021703,0,83,1,128,0,"[0,0,0,0,0,0,0,0,0,0,0,0,-2,2,-3,4,-4,5,-6,6,-7,7,-7,7,-8,7,-7,7,-7,7,-7,6,-7,4,-5,4,-4,2,-2,1,-1,0,0,-1,1,-2,2,-3,4,-4,4,-5,5,-6,6,-7,7,-7,6,-7,7,-7,5,-7,0,0,4,-5,3,-4,2,-3,0,-2,-1,0,-2,0,-4,1,-4,2,-6,3,-7,4,-7,4,-7,4,-7,4,-7,4,-7,4,-6,4,-5,3,-4,2,-2,2,-1,1,0,0,0,0,2,0,2,0,4,0,4,0,0,0,0,0,0,0,0,0,0,0]"
CSI_DATA,23336,80:af:ca:27:52:2a,-55,11,1,0,1,1,1,0,0,0,0,-97,0,11,2,315045248,0,83,1,128,0,"[0,0,0,0,0,0,0,0,0,0,0,0,-2,1,-5,2,-7,2,-8,2,-10,2,-11,2,-11,2,-11,2,-11,1,-9,1,-8,1,-7,0,-5,0,-3,0,-1,0,0,-1,2,-2,3,-2,5,-3,6,-3,8,-4,8,-4,8,-4,8,-5,8,-4,8,-4,0,0,6,-3,4,-2,2,-2,0,-1,0,0,-2,0,-4,1,-5,2,-6,2,-7,3,-8,4,-8,4,-8,3,-8,4,-7,3,-6,3,-5,2,-4,2,-3,2,-1,1,0,0,0,0,2,0,3,0,4,-1,4,-1,0,0,0,0,0,0,0,0,0,0]"
CSI_DATA,23337,80:af:ca:27:52:2a,-55,11,1,0,1,1,1,0,0,0,0,-97,0,11,2,315058526,0,83,1,128,0,"[0,0,0,0,0,0,0,0,0,0,0,0,2,0,3,2,4,4,4,6,4,7,4,7,5,8,5,8,4,8,4,7,4,7,3,6,2,4,1,3,0,1,0,0,-2,-2,-2,-3,-3,-4,-4,-6,-4,-7,-6,-8,-5,-8,-6,-8,-6,-9,-6,-7,0,0,-4,-6,-4,-4,-3,-3,-2,-2,-1,0,0,1,0,3,1,4,2,6,2,7,3,7,3,8,2,8,3,8,2,7,2,7,2,5,2,4,1,3,1,1,0,0,0,0,0,-2,0,-3,0,-4,0,-5,0,0,0,0,0,0,0,0,0,0]"
CSI_DATA,23338,80:af:ca:27:52:2a,-55,11,1,2,1,1,1,0,0,0,0,-97,0,11,2,315063985,0,83,1,128,0,"[0,0,0,0,0,0,0,0,0,0,0,0,0,3,-2,4,-3,5,-4,6,-5,7,-6,8,-6,8,-6,8,-6,7,-5,7,-5,6,-4,5,-3,3,-2,2,-1,0,0,-1,0,-2,0,-4,2,-6,2,-7,2,-8,3,-9,3,-10,2,-10,2,-10,2,-9,0,0,2,-6,1,-5,0,-4,0,-2,0,0,-1,1,-2,3,-2,4,-2,6,-3,6,-3,8,-4,8,-4,8,-3,8,-3,7,-2,6,-2,6,-2,4,-1,3,0,2,0,0,0,0,1,-2,2,-2,2,-4,2,-4,0,0,0,0,0,0,0,0,0,0]"
CSI_DATA,23339,80:af:ca:27:52:2a,-55,11,1,0,1,1,1,0,0,0,0,-97,0,11,2,315098778,0,83,1,128,0,"[0,0,0,0,0,0,0,0,0,0,0,0,-3,7,-2,6,-2,5,-2,4,-2,3,-1,2,-1,0,0,-1,0,-2,0,-3,1,-5,1,-6,1,-7,2,-7,2,-7,2,-8,2,-7,1,-7,1,-6,1,-5,0,-4,0,-2,0,-1,0,0,-1,1,-1,3,0,0,-2,5,-2,6,-2,6,-2,7,-3,7,-2,6,-2,6,-2,5,-1,4,-1,3,-1,2,0,1,0,0,1,-1,1,-2,2,-3,2,-3,2,-4,2,-4,2,-5,3,-5,3,-4,2,-4,2,-4,2,-3,1,-3,0,0,0,0,0,0,0,0,0,0]"
CSI_DATA,23340,80:af:ca:27:52:2a,-55,11,1,0,1,1,1,0,0,0,0,-97,0,11,2,315115932,0,83,1,128,0,"[0,0,0,0,0,0,0,0,0,0,0,0,-6,-6,-5,-6,-5,-5,-4,-5,-3,-4,-2,-3,-1,-1,0,0,2,0,3,1,4,2,5,3,6,4,6,4,6,4,7,4,7,3,6,3,5,3,4,2,3,2,2,1,1,0,0,0,-2,-1,-3,-1,0,0,-6,-2,-7,-3,-7,-3,-8,-3,-8,-3,-8,-3,-7,-2,-6,-2,-6,-2,-4,-1,-3,-1,-2,0,0,0,1,0,2,1,3,1,4,1,4,2,5,2,5,2,5,2,5,2,5,2,4,1,4,1,3,1,0,0,0,0,0,0,0,0,0,0]"
CSI_DATA,23341,80:af:ca:27:52:2a,-54,11,1,0,1,1,1,0,0,0,0,-97,0,11,2,315125985,0,83,1,128,0,"[0,0,0,0,0,0,0,0,0,0,0,0,-9,3,-8,3,-7,2,-6,1,-5,1,-2,0,-1,0,0,-1,2,-2,3,-2,5,-3,6,-4,6,-4,7,-4,7,-4,8,-5,7,-4,6,-4,5,-4,4,-3,3,-2,2,-1,0,-1,0,0,-2,1,-4,1,0,0,-6,3,-7,4,-8,4,-8,4,-8,4,-8,4,-7,4,-6,3,-5,3,-4,2,-2,1,-1,1,0,0,1,0,2,0,4,-1,5,-1,5,-1,6,-1,6,-2,6,-1,6,-1,6,-1,5,-1,4,-1,3,-1,0,0,0,0,0,0,0,0,0,0]"
CSI_DATA,23342,80:af:ca:27:52:2a,-54,11,1,0,1,1,1,0,0,0,0,-97,0,11,2,315133439,0,83,1,128,0,"[0,0,0,0,0,0,0,0,0,0,0,0,2,8,2,7,2,7,1,6,0,4,0,3,0,1,-1,0,-2,-1,-2,-3,-3,-4,-4,-5,-4,-6,-4,-7,-5,-7,-5,-7,-5,-6,-5,-6,-4,-5,-4,-5,-3,-4,-2,-3,-1,-1,0,0,1,0,2,2,0,0,4,3,5,4,5,4,6,5,6,5,6,5,5,4,5,4,4,3,3,2,2,1,1,0,0,0,-1,-1,-2,-2,-3,-2,-3,-3,-4,-3,-4,-3,-5,-3,-5,-4,-5,-4,-4,-3,-4,-3,-4,-3,-3,-2,0,0,0,0,0,0,0,0,0,0]"
CSI_DATA,23343,80:af:ca:27:52:2a,-55,11,1,0,1,1,1,0,0,0,0,-97,0,11,2,315142407,0,83,1,128,0,"[0,0,0,0,0,0,0,0,0,0,0,0,2,0,4,1,6,2,7,4,8,4,8,4,9,5,9,4,9,4,8,4,7,4,6,3,4,2,2,2,0,0,0,0,-2,0,-4,-1,-6,-2,-7,-2,-8,-3,-9,-4,-9,-4,-10,-4,-10,-4,-9,-3,0,0,-7,-2,-5,-2,-4,-1,-2,0,0,0,1,0,2,1,4,2,6,2,7,2,7,3,7,3,7,3,7,3,7,3,6,2,5,2,4,1,2,0,2,0,0,0,0,-1,-1,-2,-2,-2,-3,-3,-4,-3,0,0,0,0,0,0,0,0,0,0]"
CSI_DATA,23344,80:af:ca:27:52:2a,-55,11,1,0,1,1,1,0,0,0,0,-97,0,11,2,315149848,0,83,1,128,0,"[0,0,0,0,0,0,0,0,0,0,0,0,0,-3,1,-4,2,-6,4,-7,4,-8,4,-8,5,-8,5,-8,5,-8,4,-8,4,-7,3,-6,2,-4,2,-3,0,-1,0,0,-1,1,-2,3,-3,4,-4,6,-4,6,-4,7,-4,7,-4,8,-4,8,-4,7,0,0,-3,6,-2,4,-2,3,-1,1,0,0,1,-1,2,-2,2,-4,3,-5,4,-6,4,-6,4,-6,4,-6,4,-6,4,-6,4,-6,3,-5,2,-4,1,-3,0,-2,0,-1,-1,0,-2,0,-2,1,-3,1,-4,2,0,0,0,0,0,0,0,0,0,0]"
CSI_DATA,23345,80:af:ca:27:52:2a,-54,11,1,0,1,1,1,0,0,0,0,-97,0,11,2,315173035,0,83,1,128,0,"[0,0,0,0,0,0,0,0,0,0,0,0,4,-8,4,-7,4,-7,4,-5,3,-4,2,-2,1,-1,0,0,0,2,-1,3,-2,5,-2,7,-2,7,-2,8,-3,8,-2,9,-2,8,-2,7,-2,7,-1,6,-1,4,-1,2,0,1,0,0,0,-2,0,-4,0,0,0,-7,0,-8,0,-8,0,-9,0,-9,0,-9,0,-8,0,-7,0,-6,0,-5,0,-3,0,-2,0,0,0,1,0,2,0,3,0,4,0,6,0,6,0,6,0,6,0,6,0,6,0,5,0,4,0,3,0,0,0,0,0,0,0,0,0,0]"
CSI_DATA,23346,80:af:ca:27:52:2a,-55,11,1,0,1,1,1,0,0,0,0,-97,0,11,2,315187568,0,83,1,128,0,"[0,0,0,0,0,0,0,0,0,0,0,0,-7,2,-7,2,-6,1,-5,0,-4,0,-3,0,-1,0,0,0,0,-1,1,-2,3,-2,4,-3,5,-3,5,-4,6,-4,6,-4,5,-4,5,-4,4,-3,3,-3,2,-2,1,-1,0,0,0,0,-1,0,-2,1,0,0,-4,3,-4,4,-5,4,-5,5,-5,5,-5,5,-5,4,-4,4,-3,3,-2,3,-2,2,-1,1,0,0,0,0,1,-1,2,-1,2,-2,3,-3,3,-3,3,-4,3,-4,3,-3,3,-3,3,-3,2,-2,2,-2,0,0,0,0,0,0,0,0,0,0]"
CSI_DATA,23347,80:af:ca:27:52:2a,-55,11,1,0,1,1,1,0,0,0,0,-97,0,11,2,315195413,0,83,1,128,0,"[0,0,0,0,0,0,0,0,0,0,0,0,7,0,7,0,6,0,5,0,3,0,2,0,0,0,0,0,-2,0,-3,0,-5,0,-6,0,-6,0,-7,0,-7,0,-8,0,-7,0,-7,0,-6,0,-5,0,-4,0,-2,0,-1,0,0,0,1,0,2,0,0,0,5,0,6,-1,7,-1,7,-1,7,-1,7,-1,7,-1,6,-1,5,-1,4,0,2,-1,1,0,0,0,0,0,-2,0,-3,0,-4,0,-5,0,-5,0,-6,0,-6,0,-6,0,-5,0,-5,0,-4,0,-3,0,0,0,0,0,0,0,0,0,0,0]"
CSI_DATA,23348,80:af:ca:27:52:2a,-54,11,1,0,1,1,1,0,0,0,0,-97,0,11,2,315233857,0,83,1,128,0,"[0,0,0,0,0,0,0,0,0,0,0,0,-1,-11,-1,-11,0,-9,0,-8,0,-6,0,-3,0,-1,0,0,1,2,1,4,2,6,2,7,2,8,3,9,3,10,3,10,3,9,3,8,3,7,2,6,1,5,1,3,0,1,0,0,-1,-2,-2,-3,0,0,-4,-6,-5,-7,-6,-8,-6,-8,-6,-9,-6,-8,-6,-8,-5,-7,-5,-6,-3,-4,-2,-3,-1,-1,0,0,0,1,1,2,2,3,3,5,3,5,3,6,4,6,4,6,3,6,3,5,3,5,2,4,2,3,0,0,0,0,0,0,0,0,0,0]"
CSI_DATA,23349,80:af:ca:27:52:2a,-55,11,1,0,1,1,1,0,0,0,0,-97,0,11,2,315250213,0,83,1,128,0,"[0,0,0,0,0,0,0,0,0,0,0,0,0,3,-2,4,-3,6,-4,6,-4,7,-5,8,-5,8,-5,8,-5,7,-4,6,-4,6,-4,5,-2,4,-2,2,-1,0,0,-1,0,-3,0,-4,1,-6,1,-7,1,-8,2,-9,1,-9,1,-10,1,-10,0,-9,0,0,0,-6,0,-5,0,-4,0,-2,0,0,0,2,-1,3,-1,5,-1,6,0,7,0,8,-1,8,-1,8,-1,8,-1,7,0,6,0,5,0,4,0,2,0,1,0,0,0,-1,0,-2,0,-3,1,-4,1,-5,0,0,0,0,0,0,0,0,0,0]"
CSI_DATA,23350,80:af:ca:27:52:2a,-55,11,1,0,1,1,1,0,0,0,0,-97,0,11,2,315273418,0,83,1,128,0,"[0,0,0,0,0,0,0,0,0,0,0,0,-3,0,-5,-2,-7,-2,-8,-4,-9,-4,-10,-5,-10,-5,-10,-5,-10,-5,-10,-5,-8,-4,-8,-4,-5,-2,-3,-2,-2,-1,0,0,2,0,3,0,5,0,7,0,8,1,9,0,9,0,10,0,10,0,9,0,0,0,7,0,5,0,3,0,2,0,0,0,-2,0,-3,0,-5,0,-7,0,-8,0,-9,0,-9,0,-9,0,-9,0,-8,0,-8,0,-6,0,-5,0,-3,0,-2,0,0,0,0,0,1,0,2,0,3,0,4,0,0,0,0,0,0,0,0,0,0,0]"
CSI_DATA,23351,80:af:ca:27:52:2a,-55,11,1,0,1,1,1,0,0,0,0,-97,0,11,2,315281012,0,83,1,128,0,"[0,0,0,0,0,0,0,0,0,0,0,0,7,0,7,0,6,0,5,0,3,0,2,0,0,0,0,0,-1,0,-3,0,-4,0,-6,0,-6,0,-7,1,-7,1,-7,1,-7,1,-6,1,-6,1,-5,0,-3,0,-2,0,-1,0,0,0,1,0,2,0,0,0,4,-1,5,-1,6,-2,6,-2,6,-2,6,-2,6,-2,5,-2,4,-1,3,-1,2,-1,1,0,0,0,0,0,-2,0,-3,0,-4,0,-4,0,-5,0,-5,0,-5,0,-5,0,-5,0,-4,0,-4,0,-3,0,0,0,0,0,0,0,0,0,0,0]"
CSI_DATA,23352,80:af:ca:27:52:2a,-55,11,1,0,1,1,1,0,0,0,0,-97,0,11,2,315303098,0,83,1,128,0,"[0,0,0,0,0,0,0,0,0,0,0,0,-6,4,-5,4,-5,3,-4,2,-3,1,-2,0,-1,0,0,0,0,-1,1,-2,2,-3,3,-4,4,-5,4,-5,4,-5,4,-5,4,-5,4,-5,3,-4,2,-4,2,-3,1,-2,0,-1,0,0,-1,0,-1,2,0,0,-3,4,-3,4,-4,5,-4,5,-4,5,-4,5,-4,5,-3,4,-2,3,-2,3,-1,1,0,1,0,0,0,0,1,-1,2,-2,2,-3,2,-3,3,-4,3,-4,3,-4,3,-4,3,-3,2,-3,2,-2,1,-2,0,0,0,0,0,0,0,0,0,0]"
CSI_DATA,23353,80:af:ca:27:52:2a,-55,11,1,0,1,1,1,0,0,0,0,-97,0,11,2,315310462,0,83,1,128,0,"[0,0,0,0,0,0,0,0,0,0,0,0,0,-2,2,-4,3,-5,5,-7,5,-8,6,-8,6,-8,6,-8,6,-8,5,-8,5,-7,5,-6,3,-5,2,-3,0,-1,0,0,0,2,-2,3,-2,5,-3,6,-4,8,-4,8,-4,8,-4,9,-5,9,-4,8,0,0,-2,6,-2,5,-2,3,-1,1,0,0,0,-2,1,-3,2,-5,2,-6,2,-8,2,-8,3,-8,3,-8,3,-8,2,-8,2,-8,2,-6,1,-5,0,-3,0,-2,0,-1,-1,0,-2,1,-2,2,-2,3,-3,3,0,0,0,0,0,0,0,0,0,0]"
CSI_DATA,23354,80:af:ca:27:52:2a,-55,11,1,0,1,1,1,0,0,0,0,-97,0,11,2,315328715,0,83,1,128,0,"[0,0,0,0,0,0,0,0,0,0,0,0,2,2,2,4,3,5,3,8,4,8,3,9,4,10,4,9,3,9,4,8,2,8,2,6,2,5,1,3,0,1,-1,0,-2,-2,-3,-3,-4,-5,-5,-6,-5,-7,-6,-8,-6,-8,-7,-8,-7,-8,-7,-8,0,0,-5,-5,-4,-5,-3,-3,-2,-2,0,0,0,1,2,2,2,4,4,5,5,5,5,6,5,6,5,7,5,6,5,6,5,5,4,5,3,3,2,2,1,0,0,0,0,-1,0,-2,-2,-3,-2,-4,-2,-5,0,0,0,0,0,0,0,0,0,0]"
CSI_DATA,23355,80:af:ca:27:52:2a,-54,11,1,0,1,1,1,0,0,0,0,-97,0,11,2,315337079,0,83,1,128,0,"[0,0,0,0,0,0,0,0,0,0,0,0,-7,-3,-7,-3,-6,-3,-5,-3,-4,-2,-2,-2,-1,-1,0,0,1,0,3,0,4,1,5,1,6,1,6,1,7,2,7,2,7,1,6,1,5,1,4,1,3,1,2,0,1,0,0,0,-2,0,-3,0,0,0,-5,-1,-6,-1,-7,-1,-7,-1,-7,-2,-7,-1,-7,-1,-6,-1,-5,-1,-4,-1,-3,0,-2,0,0,0,0,0,1,1,2,1,3,1,4,1,4,1,4,1,4,2,4,1,4,1,4,1,3,1,3,1,0,0,0,0,0,0,0,0,0,0]"
CSI_DATA,23356,80:af:ca:27:52:2a,-55,11,1,0,1,1,1,0,0,0,0,-97,0,11,2,315344983,0,83,1,128,0,"[0,0,0,0,0,0,0,0,0,0,0,0,2,-7,2,-7,2,-6,2,-5,1,-4,1,-2,0,-1,0,0,0,1,0,2,-1,4,-1,5,-1,6,-1,6,-1,7,-1,7,-1,7,-1,6,-1,6,-1,5,0,3,0,2,0,0,0,0,0,-1,0,-3,0,0,0,-5,0,-6,0,-7,0,-7,0,-7,0,-7,0,-7,0,-6,0,-5,0,-4,0,-3,0,-1,0,0,0,0,0,1,0,2,0,3,0,4,0,4,0,4,0,4,0,4,0,4,0,4,0,3,0,2,0,0,0,0,0,0,0,0,0,0]"
CSI_DATA,23357,80:af:ca:27:52:2a,-54,11,1,2,1,1,1,0,0,0,0,-97,0,11,2,315379567,0,83,1,128,0,"[0,0,0,0,0,0,0,0,0,0,0,0,2,0,4,2,5,3,6,5,6,5,7,6,8,6,7,6,7,6,6,6,5,5,5,4,3,3,2,2,0,0,-1,0,-2,-1,-4,-2,-5,-3,-7,-4,-8,-4,-9,-5,-9,-5,-9,-5,-9,-5,-8,-4,0,0,-7,-3,-5,-2,-3,-2,-2,0,0,0,1,0,2,1,4,2,5,2,7,3,8,3,8,4,8,4,8,3,7,3,6,2,5,2,4,1,2,0,1,0,0,0,0,-1,-2,-2,-2,-2,-3,-3,-4,-4,0,0,0,0,0,0,0,0,0,0]"
CSI_DATA,23358,80:af:ca:27:52:2a,-55,11,1,0,1,1,1,0,0,0,0,-97,0,11,2,315386174,0,83,1,128,0,"[0,0,0,0,0,0,0,0,0,0,0,0,-2,1,-4,2,-6,2,-8,2,-9,2,-9,2,-10,2,-9,2,-9,2,-8,2,-8,1,-6,1,-4,0,-3,0,-1,0,0,-1,2,-1,3,-2,5,-2,6,-3,7,-3,8,-4,8,-4,8,-4,8,-4,8,-4,0,0,6,-3,4,-2,2,-2,0,-1,0,0,-2,0,-4,0,-6,0,-7,0,-8,1,-8,1,-8,1,-9,1,-8,1,-8,1,-7,1,-6,1,-4,1,-3,0,-2,0,0,0,0,0,2,0,2,0,4,0,4,0,0,0,0,0,0,0,0,0,0,0]"
CSI_DATA,23359,80:af:ca:27:52:2a,-55,11,1,2,1,1,1,0,0,0,0,-97,0,11,2,315391279,0,83,1,128,0,"[0,0,0,0,0,0,0,0,0,0,0,0,-3,-1,-4,-2,-6,-3,-7,-4,-8,-5,-8,-6,-8,-6,-8,-6,-8,-6,-7,-6,-6,-5,-6,-4,-4,-3,-3,-2,-1,-1,0,0,2,0,3,1,4,2,6,2,7,3,8,3,8,4,8,4,8,4,8,3,0,0,6,2,4,2,3,0,2,0,0,0,-1,-1,-3,-2,-4,-2,-6,-3,-7,-4,-8,-4,-8,-4,-8,-4,-8,-4,-8,-4,-7,-4,-6,-3,-5,-2,-4,-2,-2,0,-1,0,0,0,0,1,1,2,2,2,3,4,0,0,0,0,0,0,0,0,0,0]"
CSI_DATA,23360,80:af:ca:27:52:2a,-55,11,1,2,1,1,1,0,0,0,0,-97,0,11,2,315398337,0,83,1,128,0,"[0,0,0,0,0,0,0,0,0,0,0,0,2,-2,4,-3,5,-3,7,-4,8,-4,9,-4,9,-4,9,-4,9,-4,8,-4,7,-3,6,-2,4,-2,2,-1,0,0,0,0,-2,0,-4,2,-5,2,-7,3,-7,4,-9,4,-9,4,-9,4,-9,4,-8,4,0,0,-6,3,-5,2,-3,2,-2,0,0,0,1,0,3,-1,4,-2,6,-2,7,-3,7,-3,8,-3,7,-3,7,-3,7,-3,6,-3,5,-2,4,-2,2,-2,1,-2,0,-1,-1,0,-2,0,-3,0,-4,0,-5,0,0,0,0,0,0,0,0,0,0,0]"
CSI_DATA,23361,80:af:ca:27:52:2a,-54,11,1,0,1,1,1,0,0,0,0,-97,0,11,2,315414086,0,83,1,128,0,"[0,0,0,0,0,0,0,0,0,0,0,0,7,-5,7,-5,6,-4,5,-2,4,-2,2,-1,0,0,0,1,-2,1,-3,2,-5,3,-6,4,-7,4,-7,5,-7,5,-8,5,-7,5,-6,4,-5,4,-5,3,-3,2,-2,1,-1,0,0,0,1,-1,2,-2,0,0,5,-4,6,-4,7,-5,7,-5,7,-5,7,-5,6,-4,5,-4,4,-4,2,-3,2,-2,0,-1,0,-1,-1,0,-2,0,-4,0,-5,1,-5,1,-5,1,-6,1,-6,1,-6,1,-5,1,-5,1,-4,1,-4,1,0,0,0,0,0,0,0,0,0,0]"
CSI_DATA,23362,80:af:ca:27:52:2a,-54,11,1,0,1,1,1,0,0,0,0,-97,0,11,2,315429398,0,83,1,128,0,"[0,0,0,0,0,0,0,0,0,0,0,0,1,9,1,8,1,7,0,6,0,4,0,2,0,1,-1,0,-1,-2,-2,-4,-2,-5,-3,-6,-4,-8,-4,-8,-4,-8,-4,-8,-4,-8,-4,-7,-4,-6,-3,-5,-2,-4,-1,-2,0,-1,0,0,1,1,2,2,0,0,4,4,4,5,5,6,5,6,5,6,5,6,5,5,4,5,4,4,2,2,2,1,1,0,0,0,-1,-1,-1,-2,-2,-3,-3,-4,-4,-4,-4,-5,-4,-5,-4,-5,-4,-5,-4,-5,-4,-4,-3,-4,-2,-2,0,0,0,0,0,0,0,0,0,0]"
CSI_DATA,23363,80:af:ca:27:52:2a,-54,11,1,0,1,1,1,0,0,0,0,-97,0,11,2,315440765,0,83,1,128,0,"[0,0,0,0,0,0,0,0,0,0,0,0,-8,-2,-7,-2,-6,-2,-6,-2,-4,-1,-3,-1,-1,0,0,0,1,0,2,0,4,0,5,0,6,0,7,0,7,0,7,0,7,0,7,0,6,0,5,0,4,0,2,0,1,0,0,0,-1,0,-3,0,0,0,-5,0,-6,0,-7,0,-8,0,-8,0,-8,0,-7,0,-6,0,-5,0,-4,0,-3,0,-1,0,0,0,0,0,1,0,3,0,4,0,4,0,5,0,5,0,5,0,5,0,4,0,4,0,3,0,3,0,0,0,0,0,0,0,0,0,0,0]"
CSI_DATA,23364,80:af:ca:27:52:2a,-55,11,1,0,1,1,1,0,0,0,0,-97,0,11,2,315448815,0,83,1,128,0,"[0,0,0,0,0,0,0,0,0,0,0,0,-2,-2,-3,-4,-4,-5,-4,-7,-4,-8,-4,-9,-5,-9,-5,-9,-4,-9,-4,-9,-4,-8,-3,-7,-2,-5,-2,-4,0,-2,0,0,1,0,2,2,3,4,4,4,5,6,6,7,6,7,7,7,7,7,6,6,0,0,4,4,4,4,2,2,1,1,0,0,-1,-2,-2,-3,-4,-4,-4,-5,-5,-6,-6,-7,-6,-7,-6,-7,-7,-7,-6,-7,-6,-6,-5,-5,-4,-4,-3,-2,-2,-1,-1,0,0,0,0,1,0,2,1,3,2,4,0,0,0,0,0,0,0,0,0,0]"
CSI_DATA,23365,80:af:ca:27:52:2a,-55,11,1,0,1,1,1,0,0,0,0,-97,0,11,2,315457005,0,83,1,128,0,"[0,0,0,0,0,0,0,0,0,0,0,0,5,5,4,5,4,4,3,4,2,3,1,2,0,0,0,0,-1,0,-3,-1,-4,-2,-5,-3,-5,-4,-5,-4,-5,-4,-6,-4,-6,-4,-5,-4,-5,-3,-4,-3,-3,-2,-2,-1,-1,0,0,0,1,0,2,0,0,0,4,2,5,2,5,3,6,3,6,3,6,3,5,3,5,2,4,2,3,1,2,0,1,0,0,0,0,0,-1,-1,-2,-2,-3,-2,-4,-2,-4,-3,-5,-3,-5,-3,-4,-3,-4,-3,-4,-3,-3,-2,-3,-2,0,0,0,0,0,0,0,0,0,0]"
CSI_DATA,23366,80:af:ca:27:52:2a,-55,11,1,0,1,1,1,0,0,0,0,-97,0,11,2,315464125,0,83,1,128,0,"[0,0,0,0,0,0,0,0,0,0,0,0,-4,7,-3,7,-3,6,-3,5,-2,3,-2,2,-1,0,0,-1,0,-2,0,-4,1,-5,2,-6,2,-7,2,-7,2,-7,2,-9,2,-7,2,-7,2,-6,1,-5,1,-4,0,-3,0,-1,0,0,-1,1,-1,3,0,0,-2,5,-2,6,-2,7,-2,7,-3,7,-3,7,-2,7,-2,6,-2,5,-1,4,-1,3,0,1,0,0,0,-1,1,-2,1,-3,2,-4,2,-4,2,-5,2,-5,3,-5,3,-5,2,-5,2,-4,2,-4,1,-3,0,0,0,0,0,0,0,0,0,0]"
CSI_DATA,23367,80:af:ca:27:52:2a,-54,11,1,0,1,1,1,0,0,0,0,-97,0,11,2,315479796,0,83,1,128,0,"[0,0,0,0,0,0,0,0,0,0,0,0,6,7,5,6,5,5,4,5,2,3,1,2,0,1,-1,0,-2,-1,-4,-3,-4,-4,-5,-5,-6,-7,-6,-7,-6,-7,-7,-7,-7,-7,-6,-6,-5,-5,-4,-4,-3,-3,-2,-2,-1,-1,0,0,1,1,2,2,0,0,4,5,4,6,5,7,5,7,5,7,5,7,5,6,4,5,4,4,2,3,2,2,1,0,0,0,0,-1,0,-3,-1,-4,-1,-5,-2,-5,-2,-6,-2,-6,-2,-7,-2,-6,-2,-6,-2,-5,-1,-5,-1,-4,0,0,0,0,0,0,0,0,0,0]"
CSI_DATA,23368,80:af:ca:27:52:2a,-54,11,1,0,1,1,1,0,0,0,0,-97,0,11,2,315488272,0,83,1,128,0,"[0,0,0,0,0,0,0,0,0,0,0,0,4,-10,3,-9,3,-7,3,-6,2,-4,1,-2,0,0,0,1,-1,3,-1,5,-2,6,-3,8,-3,9,-3,10,-4,10,-4,10,-3,9,-3,8,-3,7,-2,6,-2,4,-1,2,0,1,0,-1,0,-2,1,-5,0,0,2,-7,2,-8,3,-10,3,-10,3,-10,3,-10,3,-9,2,-8,2,-7,1,-5,0,-3,0,-2,-1,0,-1,1,-2,2,-3,3,-3,4,-4,5,-4,6,-4,6,-4,6,-5,6,-4,5,-3,5,-3,4,-2,3,0,0,0,0,0,0,0,0,0,0]"
CSI_DATA,23369,80:af:ca:27:52:2a,-55,11,1,0,1,1,1,0,0,0,0,-97,0,11,2,315513335,0,83,1,128,0,"[0,0,0,0,0,0,0,0,0,0,0,0,1,-2,3,-2,5,-3,7,-3,8,-3,8,-3,9,-4,9,-4,9,-3,8,-3,8,-2,6,-2,5,-1,3,-1,1,0,0,0,-2,1,-3,2,-4,3,-6,4,-6,4,-8,5,-8,6,-8,6,-8,6,-7,6,0,0,-6,4,-4,3,-3,2,-2,1,0,0,1,-1,2,-2,4,-4,4,-4,5,-6,6,-6,6,-6,6,-6,6,-6,5,-6,4,-6,4,-5,2,-4,2,-3,0,-2,0,-1,-1,0,-2,0,-3,1,-4,2,-4,2,0,0,0,0,0,0,0,0,0,0]"
CSI_DATA,23370,80:af:ca:27:52:2a,-55,11,1,0,1,1,1,0,0,0,0,-97,0,11,2,315524153,0,83,1,128,0,"[0,0,0,0,0,0,0,0,0,0,0,0,-7,-4,-6,-4,-6,-3,-5,-3,-3,-2,-2,-2,0,-1,0,0,1,0,2,0,4,0,5,1,6,1,6,1,7,1,7,1,7,1,6,1,5,1,4,0,3,0,2,0,0,0,0,0,-1,0,-3,0,0,0,-5,0,-6,0,-7,0,-8,0,-8,0,-7,0,-7,0,-6,0,-5,0,-4,0,-3,0,-1,0,0,0,0,0,1,0,3,0,3,0,4,0,5,0,5,0,5,0,5,0,4,0,4,0,3,0,2,0,0,0,0,0,0,0,0,0,0,0]"
CSI_DATA,23371,80:af:ca:27:52:2a,-55,11,1,0,1,1,1,0,0,0,0,-97,0,11,2,315534049,0,83,1,128,0,"[0,0,0,0,0,0,0,0,0,0,0,0,1,8,1,8,1,7,0,6,0,4,0,3,0,1,-1,0,-1,-2,-2,-3,-2,-5,-3,-6,-3,-7,-3,-7,-3,-7,-4,-8,-4,-7,-3,-7,-3,-6,-3,-5,-2,-4,-1,-3,-1,-1,0,0,1,1,1,2,0,0,3,4,4,5,4,5,5,5,4,6,4,5,4,5,4,4,3,4,3,3,2,2,1,1,0,0,0,-1,-1,-2,-2,-3,-3,-3,-3,-4,-3,-4,-4,-4,-4,-4,-3,-4,-3,-4,-3,-4,-3,-3,-2,-3,0,0,0,0,0,0,0,0,0,0]"
CSI_DATA,23372,80:af:ca:27:52:2a,-55,11,1,0,1,1,1,0,0,0,0,-97,0,11,2,315542289,0,83,1,128,0,"[0,0,0,0,0,0,0,0,0,0,0,0,-2,-8,-2,-7,-1,-6,-1,-6,0,-4,0,-3,0,-1,0,0,0,1,0,2,0,4,1,5,1,6,1,7,1,7,1,7,1,7,1,6,1,5,1,4,0,3,0,2,0,0,0,0,0,-1,0,-3,0,0,-1,-5,-1,-6,-1,-7,-1,-7,-1,-7,-1,-7,-1,-7,-1,-6,-1,-5,-1,-4,-1,-3,0,-1,0,0,0,0,0,1,0,2,0,3,0,4,0,5,0,5,0,5,0,5,0,4,0,4,0,3,0,3,0,0,0,0,0,0,0,0,0,0]"
CSI_DATA,23373,80:af:ca:27:52:2a,-54,11,1,0,1,1,1,0,0,0,0,-97,0,11,2,315550729,0,83,1,128,0,"[0,0,0,0,0,0,0,0,0,0,0,0,-4,1,-6,2,-8,2,-10,2,-10,2,-11,2,-12,2,-11,2,-11,2,-10,2,-9,1,-8,1,-5,0,-3,0,-1,0,0,0,2,-1,4,-2,6,-2,8,-3,8,-3,10,-4,10,-4,10,-4,10,-4,9,-4,0,0,6,-3,5,-2,3,-2,1,-1,0,0,-2,0,-5,0,-6,0,-8,1,-8,2,-10,2,-10,1,-10,1,-10,2,-8,2,-8,2,-7,1,-5,1,-3,1,-2,0,0,0,0,0,2,0,3,0,4,0,5,0,0,0,0,0,0,0,0,0,0,0]"
CSI_DATA,23374,80:af:ca:27:52:2a,-55,11,1,0,1,1,1,0,0,0,0,-97,0,11,2,315560498,0,83,1,128,0,"[0,0,0,0,0,0,0,0,0,0,0,0,0,-3,1,-5,2,-6,2,-8,3,-8,3,-9,4,-9,4,-9,4,-9,3,-8,3,-8,2,-6,2,-4,1,-3,0,-1,0,0,0,2,0,3,-2,5,-2,6,-2,7,-2,8,-2,8,-2,9,-2,8,-2,8,0,0,-2,6,-1,4,0,3,0,1,0,0,0,-2,0,-3,0,-5,1,-6,1,-7,1,-8,1,-8,2,-8,2,-8,1,-7,1,-7,1,-6,0,-4,0,-3,0,-2,0,0,0,0,-1,1,-2,2,-2,3,-2,4,0,0,0,0,0,0,0,0,0,0]"
CSI_DATA,23375,80:af:ca:27:52:2a,-55,11,1,0,1,1,1,0,0,0,0,-97,0,11,2,315581549,0,83,1,128,0,"[0,0,0,0,0,0,0,0,0,0,0,0,1,2,1,4,2,6,1,7,1,9,1,9,1,9,2,9,1,9,1,9,0,8,0,7,0,4,0,2,0,0,0,0,-1,-2,-1,-4,-2,-6,-2,-7,-2,-8,-2,-9,-2,-9,-2,-10,-2,-10,-2,-9,0,0,-2,-7,-2,-5,-1,-4,-1,-2,-1,0,0,2,0,3,0,5,0,7,0,7,0,9,0,9,0,9,0,9,0,8,0,7,0,6,0,4,0,3,0,2,0,0,0,0,1,-2,1,-3,1,-4,1,-4,0,0,0,0,0,0,0,0,0,0]"
CSI_DATA,23376,80:af:ca:27:52:2a,-55,11,1,0,1,1,1,0,0,0,0,-97,0,11,2,315588701,0,83,1,128,0,"[0,0,0,0,0,0,0,0,0,0,0,0,9,3,8,3,7,3,6,3,4,2,2,1,1,1,-1,0,-3,0,-4,0,-6,-1,-7,-1,-9,-2,-9,-2,-9,-2,-10,-2,-9,-1,-9,-1,-7,-1,-6,-1,-4,-1,-3,-1,-1,0,0,0,2,0,3,0,0,0,6,0,8,0,9,0,9,0,9,0,9,0,8,0,7,0,6,0,4,0,3,0,1,0,0,-1,-1,-1,-3,-1,-4,-1,-5,-1,-6,-1,-6,-1,-7,-1,-7,-1,-6,-1,-6,-1,-6,-1,-5,-1,-4,0,0,0,0,0,0,0,0,0,0,0]"
CSI_DATA,23377,80:af:ca:27:52:2a,-55,11,1,0,1,1,1,0,0,0,0,-97,0,11,2,315597209,0,83,1,128,0,"[0,0,0,0,0,0,0,0,0,0,0,0,-2,-8,-2,-7,-2,-6,-1,-6,-1,-4,0,-3,0,-1,0,0,1,1,1,2,2,4,2,5,2,6,3,6,3,6,3,7,3,6,3,6,2,5,2,4,1,3,1,2,0,1,0,0,-1,-1,-1,-2,0,0,-3,-5,-3,-5,-4,-6,-4,-6,-4,-6,-4,-6,-4,-6,-3,-5,-3,-4,-2,-3,-2,-2,-1,-1,-1,0,0,0,0,1,1,2,1,3,1,4,2,4,2,4,2,4,2,4,1,4,1,4,1,3,1,2,0,0,0,0,0,0,0,0,0,0]"
CSI_DATA,23378,80:af:ca:27:52:2a,-55,11,1,0,1,1,1,0,0,0,0,-97,0,11,2,315605214,0,83,1,128,0,"[0,0,0,0,0,0,0,0,0,0,0,0,9,3,8,3,7,3,6,2,4,2,3,1,1,1,0,0,-2,0,-4,-1,-5,-1,-7,-1,-8,-2,-9,-2,-9,-2,-9,-2,-9,-1,-8,-1,-7,-1,-6,-1,-5,-1,-3,-1,-2,0,0,0,1,0,3,0,0,0,6,0,7,0,8,0,8,0,8,0,8,0,8,0,6,0,6,0,4,0,3,0,2,0,0,0,-1,-1,-2,-1,-4,-1,-4,-1,-5,-1,-6,-1,-6,-1,-6,-1,-6,-1,-6,-1,-5,-1,-4,-1,-4,-1,0,0,0,0,0,0,0,0,0,0]"
CSI_DATA,23379,80:af:ca:27:52:2a,-54,11,1,0,1,1,1,0,0,0,0,-97,0,11,2,315613398,0,83,1,128,0,"[0,0,0,0,0,0,0,0,0,0,0,0,8,3,8,3,6,2,5,2,3,1,1,1,0,0,-1,0,-3,-1,-4,-1,-6,-2,-7,-3,-8,-4,-8,-4,-8,-4,-9,-4,-8,-4,-8,-3,-6,-2,-5,-2,-4,-1,-2,-1,-1,0,0,0,1,1,3,1,0,0,5,3,6,4,7,4,8,4,7,4,7,4,6,4,6,3,5,2,4,1,2,1,1,0,0,0,0,-1,-1,-2,-2,-3,-3,-4,-4,-4,-4,-5,-4,-5,-4,-5,-4,-5,-4,-5,-4,-5,-3,-4,-2,-3,0,0,0,0,0,0,0,0,0,0]"
CSI_DATA,23380,80:af:ca:27:52:2a,-54,11,1,0,1,1,1,0,0,0,0,-97,0,11,2,315641805,0,83,1,128,0,"[0,0,0,0,0,0,0,0,0,0,0,0,4,6,4,6,3,5,2,4,1,3,0,2,0,1,-1,0,-2,-1,-3,-2,-4,-3,-5,-4,-6,-4,-6,-4,-6,-5,-7,-5,-7,-4,-6,-4,-5,-3,-4,-3,-3,-2,-2,-1,-1,-1,0,0,1,0,3,1,0,0,5,2,6,2,7,2,7,2,7,3,7,2,7,2,6,2,5,1,3,1,2,0,1,0,0,0,-1,-1,-2,-1,-3,-2,-4,-2,-5,-2,-6,-2,-6,-2,-6,-2,-6,-2,-5,-2,-4,-2,-4,-2,-3,-1,0,0,0,0,0,0,0,0,0,0]"
CSI_DATA,23381,80:af:ca:27:52:2a,-55,11,1,0,1,1,1,0,0,0,0,-97,0,11,2,315654061,0,83,1,128,0,"[0,0,0,0,0,0,0,0,0,0,0,0,-6,5,-5,4,-5,4,-4,3,-4,2,-2,1,-1,0,0,-1,0,-2,1,-3,2,-4,3,-5,3,-6,4,-6,4,-6,4,-7,3,-7,3,-6,3,-5,2,-4,2,-3,1,-2,0,-1,0,0,-1,1,-1,3,0,0,-2,5,-2,6,-3,6,-3,7,-3,7,-3,7,-2,6,-2,5,-2,5,-1,4,-1,2,0,1,0,0,0,-1,1,-2,1,-3,1,-4,1,-4,2,-5,2,-5,2,-5,2,-5,2,-5,1,-4,1,-4,1,-3,0,0,0,0,0,0,0,0,0,0]"
CSI_DATA,23382,80:af:ca:27:52:2a,-55,11,1,0,1,1,1,0,0,0,0,-97,0,11,2,315661854,0,83,1,128,0,"[0,0,0,0,0,0,0,0,0,0,0,0,-2,2,-4,3,-5,5,-8,5,-8,5,-9,5,-10,6,-10,6,-10,5,-8,5,-8,5,-7,4,-5,2,-3,1,-1,0,0,-1,1,-2,2,-3,4,-5,5,-5,7,-6,8,-7,8,-7,8,-8,8,-8,7,-8,0,0,5,-5,4,-4,2,-3,1,-2,0,0,-2,0,-3,1,-5,2,-6,3,-7,4,-8,5,-8,5,-8,5,-8,5,-8,4,-7,4,-5,3,-4,2,-3,2,-2,1,0,0,0,0,2,0,2,0,4,-1,5,-1,0,0,0,0,0,0,0,0,0,0]"
CSI_DATA,23383,80:af:ca:27:52:2a,-54,11,1,0,1,1,1,0,0,0,0,-97,0,11,2,315668971,0,83,1,128,0,"[0,0,0,0,0,0,0,0,0,0,0,0,-4,-8,-4,-7,-3,-6,-3,-6,-2,-4,-1,-3,0,-1,0,0,1,1,2,2,2,4,3,5,3,6,3,6,3,7,4,7,4,7,3,6,3,5,2,4,2,3,1,2,0,0,0,0,-1,-2,-1,-3,0,0,-3,-5,-3,-6,-3,-7,-4,-7,-3,-7,-3,-7,-3,-7,-3,-6,-3,-5,-2,-3,-2,-3,-1,-1,-1,0,0,1,0,2,0,3,0,4,0,4,0,5,0,5,0,5,0,5,0,4,0,4,0,3,0,3,0,0,0,0,0,0,0,0,0,0]"
CSI_DATA,23384,80:af:ca:27:52:2a,-54,11,1,0,1,1,1,0,0,0,0,-97,0,11,2,315677729,0,83,1,128,0,"[0,0,0,0,0,0,0,0,0,0,0,0,-4,0,-6,0,-8,-1,-9,-2,-10,-2,-10,-3,-11,-3,-10,-3,-10,-4,-9,-3,-8,-3,-7,-2,-4,-2,-3,-1,-1,0,0,0,2,1,3,2,5,3,6,4,7,4,8,5,8,5,8,5,8,5,7,4,0,0,6,3,4,2,3,1,1,0,0,-1,0,-2,-2,-4,-2,-5,-4,-7,-4,-7,-4,-8,-4,-8,-4,-9,-4,-8,-4,-7,-4,-7,-3,-6,-2,-4,-2,-3,-2,-2,-1,0,-1,0,-1,2,-1,3,-1,4,-1,4,0,0,0,0,0,0,0,0,0,0]"
CSI_DATA,23385,80:af:ca:27:52:2a,-55,11,1,0,1,1,1,0,0,0,0,-97,0,11,2,315695152,0,83,1,128,0,"[0,0,0,0,0,0,0,0,0,0,0,0,0,-3,0,-5,2,-6,2,-8,3,-8,4,-9,4,-9,4,-9,4,-9,3,-8,3,-7,2,-6,2,-4,1,-3,0,-1,0,0,0,2,0,4,-1,5,-2,6,-2,7,-2,8,-2,8,-2,9,-2,9,-1,8,0,0,-1,6,0,4,0,3,0,1,0,0,0,-2,0,-4,0,-5,0,-6,0,-8,0,-8,0,-8,1,-8,0,-8,0,-8,0,-7,0,-6,0,-5,0,-4,0,-2,0,-1,-1,0,-1,1,-2,2,-2,3,-2,4,0,0,0,0,0,0,0,0,0,0]"
CSI_DATA,23386,80:af:ca:27:52:2a,-55,11,1,0,1,1,1,0,0,0,0,-97,0,11,2,315702902,0,83,1,128,0,"[0,0,0,0,0,0,0,0,0,0,0,0,-2,0,-4,-2,-6,-3,-6,-4,-8,-4,-8,-5,-8,-6,-8,-6,-8,-6,-8,-5,-6,-5,-6,-4,-4,-3,-3,-2,-1,-1,0,0,2,0,3,1,4,2,6,2,6,3,8,3,8,3,8,3,8,3,8,3,0,0,6,2,4,2,3,0,2,0,0,0,-2,-1,-3,-2,-4,-2,-6,-3,-6,-4,-8,-4,-8,-4,-8,-4,-8,-4,-7,-4,-6,-4,-6,-3,-4,-2,-3,-2,-2,0,-1,0,0,0,0,1,1,2,2,2,2,3,0,0,0,0,0,0,0,0,0,0]"
CSI_DATA,23387,80:af:ca:27:52:2a,-55,11,1,0,1,1,1,0,0,0,0,-97,0,11,2,315709739,0,83,1,128,0,"[0,0,0,0,0,0,0,0,0,0,0,0,-2,1,-4,2,-6,2,-7,2,-9,2,-9,2,-10,2,-10,2,-10,2,-9,2,-9,1,-7,1,-5,0,-4,0,-2,0,0,-1,1,-2,2,-2,4,-2,6,-3,7,-4,8,-4,8,-4,8,-4,8,-4,7,-4,0,0,6,-4,4,-3,2,-2,1,-1,0,0,-2,0,-3,0,-4,1,-6,2,-7,2,-8,3,-8,3,-8,3,-8,3,-7,3,-7,2,-6,2,-4,2,-3,2,-2,1,0,0,0,0,1,0,2,0,3,0,4,0,0,0,0,0,0,0,0,0,0,0]"
CSI_DATA,23388,80:af:ca:27:52:2a,-56,11,1,0,1,1,1,0,0,0,0,-97,0,11,2,315717807,0,83,1,128,0,"[0,0,0,0,0,0,0,0,0,0,0,0,1,1,3,3,3,5,3,7,3,9,4,9,4,10,4,10,3,9,3,9,3,8,2,7,1,5,0,3,0,1,-1,0,-1,-1,-3,-3,-3,-5,-5,-7,-5,-8,-6,-9,-6,-9,-7,-9,-6,-10,-6,-9,0,0,-5,-7,-3,-5,-3,-3,-1,-1,0,0,0,1,1,3,2,5,3,6,3,7,4,8,4,9,4,9,4,9,4,7,3,7,3,6,3,4,1,3,1,1,0,0,0,-1,0,-2,0,-3,0,-5,-1,-5,0,0,0,0,0,0,0,0,0,0]"
CSI_DATA,23389,80:af:ca:27:52:2a,-55,11,1,2,1,1,1,0,0,0,0,-97,0,11,2,315723506,0,83,1,128,0,"[0,0,0,0,0,0,0,0,0,0,0,0,0,-3,2,-4,4,-5,4,-7,5,-7,7,-7,7,-8,7,-7,7,-7,6,-7,5,-6,4,-5,3,-4,2,-2,0,-1,0,0,-1,1,-2,2,-4,4,-4,5,-5,6,-6,7,-7,7,-7,7,-7,7,-6,7,0,0,-4,5,-3,4,-2,2,-1,1,0,0,1,-1,2,-2,3,-3,4,-4,5,-5,6,-6,6,-6,6,-6,6,-6,5,-6,5,-5,4,-4,3,-4,2,-2,1,-2,0,-1,-1,0,-2,0,-3,0,-4,0,-4,1,0,0,0,0,0,0,0,0,0,0]"
CSI_DATA,23390,80:af:ca:27:52:2a,-55,11,1,2,1,1,1,0,0,0,0,-97,0,11,2,315737396,0,83,1,128,0,"[0,0,0,0,0,0,0,0,0,0,0,0,-1,-2,0,-5,0,-7,0,-8,1,-10,1,-11,1,-11,1,-11,1,-11,1,-10,1,-9,1,-8,0,-6,0,-4,0,-2,0,0,0,2,0,3,0,5,0,7,0,8,0,9,0,10,0,10,0,10,0,9,0,0,0,7,0,5,0,3,0,2,0,0,0,-2,0,-3,0,-5,0,-7,0,-8,0,-8,0,-9,0,-9,0,-9,0,-8,0,-8,0,-7,0,-5,0,-4,0,-2,0,-1,-1,0,0,1,-1,2,-2,3,-2,4,0,0,0,0,0,0,0,0,0,0]"
CSI_DATA,23391,80:af:ca:27:52:2a,-55,11,1,0,1,1,1,0,0,0,0,-97,0,11,2,315752922,0,83,1,128,0,"[0,0,0,0,0,0,0,0,0,0,0,0,2,-1,5,-1,6,-1,8,-1,9,-1,10,0,10,0,10,0,9,0,8,0,8,0,6,0,4,0,2,0,0,0,-1,0,-3,0,-4,0,-6,0,-8,0,-8,0,-9,0,-9,0,-10,0,-10,0,-9,0,0,0,-7,0,-5,0,-4,0,-2,0,0,0,2,0,3,0,4,0,6,0,6,0,8,0,8,0,8,0,8,0,7,0,6,0,5,0,4,0,2,0,1,0,0,0,-1,-1,-2,-1,-3,-2,-4,-2,-4,-2,0,0,0,0,0,0,0,0,0,0]"
CSI_DATA,23392,80:af:ca:27:52:2a,-55,11,1,0,1,1,1,0,0,0,0,-97,0,11,2,315760443,0,83,1,128,0,"[0,0,0,0,0,0,0,0,0,0,0,0,0,2,0,4,0,6,-1,7,-1,8,-2,9,-2,10,-2,9,-2,9,-2,8,-2,8,-1,6,-1,4,-1,3,0,1,0,0,0,-2,0,-4,0,-6,0,-7,0,-8,0,-9,0,-10,-1,-10,0,-10,-1,-9,0,0,0,-7,0,-6,0,-4,0,-2,0,0,0,1,0,3,0,4,0,6,0,7,0,8,0,8,0,8,0,8,0,7,0,6,0,6,0,4,0,3,0,1,0,0,0,-1,0,-2,0,-3,1,-4,0,-5,0,0,0,0,0,0,0,0,0,0]"
CSI_DATA,23393,80:af:ca:27:52:2a,-54,11,1,0,1,1,1,0,0,0,0,-97,0,11,2,315768156,0,83,1,128,0,"[0,0,0,0,0,0,0,0,0,0,0,0,7,3,7,3,6,2,5,2,3,2,2,1,1,1,-1,0,-2,0,-4,-1,-5,-1,-6,-1,-7,-2,-8,-2,-9,-2,-9,-2,-9,-2,-7,-1,-7,-1,-6,-1,-4,-1,-3,-1,-1,0,0,0,1,0,3,0,0,0,6,0,7,0,7,0,8,0,8,0,8,0,7,0,6,0,5,0,4,0,3,0,1,0,0,0,-1,-1,-2,-1,-4,-1,-5,-1,-5,-1,-6,-1,-6,-1,-6,-1,-6,-1,-5,-1,-5,-1,-4,-1,-3,-1,0,0,0,0,0,0,0,0,0,0]"
CSI_DATA,23394,80:af:ca:27:52:2a,-55,11,1,0,1,1,1,0,0,0,0,-97,0,11,2,315775534,0,83,1,128,0,"[0,0,0,0,0,0,0,0,0,0,0,0,7,-1,7,-1,6,-1,5,0,4,0,2,0,1,0,0,0,-1,0,-2,0,-4,1,-5,1,-6,1,-7,1,-7,1,-7,2,-7,2,-6,2,-6,2,-5,1,-4,1,-2,0,-1,0,0,0,0,0,2,-1,0,0,4,-2,5,-2,6,-2,6,-3,6,-3,6,-3,6,-3,5,-2,4,-2,3,-2,2,-1,1,-1,0,0,0,0,-2,0,-3,0,-4,0,-4,0,-5,0,-5,0,-5,0,-5,0,-5,0,-5,0,-4,0,-3,0,0,0,0,0,0,0,0,0,0,0]"
CSI_DATA,23395,80:af:ca:27:52:2a,-56,11,1,0,1,1,1,0,0,0,0,-97,0,11,2,315784687,0,83,1,128,0,"[0,0,0,0,0,0,0,0,0,0,0,0,-3,-2,-4,-4,-5,-6,-5,-7,-6,-9,-6,-9,-7,-10,-7,-9,-6,-9,-6,-9,-5,-8,-4,-7,-3,-5,-1,-3,0,-1,0,0,1,1,3,3,4,4,5,5,6,6,6,7,7,7,7,7,7,7,7,6,0,0,5,5,4,3,2,2,1,1,0,0,-1,-1,-2,-3,-4,-5,-5,-6,-5,-7,-7,-7,-7,-7,-7,-7,-7,-7,-6,-7,-5,-6,-5,-5,-4,-3,-3,-2,-2,-1,-1,0,0,0,0,1,1,3,1,4,1,5,0,0,0,0,0,0,0,0,0,0]"
CSI_DATA,23396,80:af:ca:27:52:2a,-55,11,1,0,1,1,1,0,0,0,0,-97,0,11,2,315793564,0,83,1,128,0,"[0,0,0,0,0,0,0,0,0,0,0,0,-1,9,-1,8,-1,7,-2,6,-1,4,-1,2,-1,1,-1,-1,0,-2,0,-4,0,-6,0,-7,0,-8,0,-8,0,-9,0,-9,0,-9,0,-8,0,-7,0,-6,0,-5,0,-3,0,-2,0,0,0,1,0,3,0,0,0,6,0,7,0,7,0,8,0,8,-1,8,0,7,0,6,0,5,0,4,0,3,0,1,0,0,0,-1,0,-2,1,-4,1,-5,1,-5,1,-6,1,-6,1,-6,1,-6,1,-6,1,-5,1,-4,0,-3,0,0,0,0,0,0,0,0,0,0]"
CSI_DATA,23397,80:af:ca:27:52:2a,-55,11,1,0,1,1,1,0,0,0,0,-97,0,11,2,315801506,0,83,1,128,0,"[0,0,0,0,0,0,0,0,0,0,0,0,-2,0,-5,0,-7,-1,-8,-2,-9,-2,-10,-3,-10,-3,-10,-3,-10,-3,-10,-3,-8,-3,-8,-2,-5,-2,-4,-1,-2,-1,0,0,1,0,3,0,5,0,6,0,8,0,8,0,9,0,10,0,10,0,9,0,0,0,7,0,5,0,3,0,2,0,0,0,-2,0,-3,-1,-5,-1,-6,-1,-8,-1,-8,-1,-8,-1,-8,-1,-8,-1,-8,-1,-8,-1,-6,-1,-5,0,-4,0,-2,0,-1,0,0,0,1,0,2,0,2,1,3,1,0,0,0,0,0,0,0,0,0,0]"
CSI_DATA,23398,80:af:ca:27:52:2a,-54,11,1,0,1,1,1,0,0,0,0,-97,0,11,2,315814127,0,83,1,128,0,"[0,0,0,0,0,0,0,0,0,0,0,0,-7,-5,-7,-5,-6,-3,-5,-3,-3,-2,-2,-2,0,-1,1,0,2,0,3,1,5,1,6,2,7,2,7,2,7,2,8,2,7,2,7,2,6,1,5,1,3,1,2,0,1,0,0,0,-2,0,-3,-1,0,0,-6,-1,-7,-2,-8,-2,-8,-2,-8,-2,-8,-2,-8,-1,-7,-1,-6,-1,-5,-1,-3,0,-1,0,0,0,1,0,2,0,3,1,4,1,5,1,5,1,5,1,5,1,5,1,5,1,4,1,3,1,2,0,0,0,0,0,0,0,0,0,0,0]"
CSI_DATA,23399,80:af:ca:27:52:2a,-54,11,1,2,1,1,1,0,0,0,0,-97,0,11,2,315820862,0,83,1,128,0,"[0,0,0,0,0,0,0,0,0,0,0,0,-3,-1,-5,-2,-6,-4,-8,-5,-8,-5,-9,-6,-10,-6,-9,-6,-9,-6,-8,-6,-8,-5,-6,-5,-5,-3,-2,-2,-1,-1,0,0,2,0,3,1,5,2,6,2,8,3,8,3,9,4,9,4,9,4,8,3,0,0,6,2,5,2,2,1,1,0,0,0,-2,-1,-3,-2,-5,-3,-6,-4,-7,-5,-8,-5,-8,-5,-8,-5,-8,-5,-8,-5,-6,-4,-5,-3,-5,-2,-3,-2,-2,0,-1,0,0,0,0,1,1,2,2,3,2,3,0,0,0,0,0,0,0,0,0,0]"
CSI_DATA,23400,80:af:ca:27:52:2a,-54,11,1,0,1,1,1,0,0,0,0,-97,0,11,2,315831203,0,83,1,128,0,"[0,0,0,0,0,0,0,0,0,0,0,0,8,5,7,4,6,4,5,4,3,3,2,2,0,1,-1,0,-2,0,-4,-1,-6,-2,-7,-2,-8,-2,-9,-3,-9,-3,-9,-3,-9,-2,-8,-2,-7,-2,-6,-2,-5,-1,-3,-1,-2,-1,0,0,2,0,3,0,0,0,6,0,7,0,8,0,9,0,9,0,9,0,8,0,7,0,6,0,5,0,3,0,1,0,0,0,-1,0,-3,0,-4,0,-5,0,-6,0,-6,0,-7,0,-7,0,-7,0,-6,0,-6,0,-5,0,-4,0,0,0,0,0,0,0,0,0,0,0]"
CSI_DATA,23401,80:af:ca:27:52:2a,-56,11,1,0,1,1,1,0,0,0,0,-97,0,11,2,315840119,0,83,1,128,0,"[0,0,0,0,0,0,0,0,0,0,0,0,-2,0,-4,0,-6,-1,-7,-2,-8,-2,-9,-3,-10,-3,-9,-3,-9,-3,-8,-3,-8,-3,-7,-2,-5,-2,-4,-2,-2,-1,0,-1,1,0,3,0,5,0,6,0,7,0,8,0,9,0,9,0,9,0,8,-1,0,0,6,0,5,0,3,0,2,0,0,0,-2,0,-4,0,-5,0,-6,0,-8,0,-8,0,-8,0,-9,0,-9,0,-8,0,-8,0,-6,0,-5,0,-4,0,-2,0,-1,0,0,0,1,0,2,0,4,0,4,0,0,0,0,0,0,0,0,0,0,0]"
CSI_DATA,23402,80:af:ca:27:52:2a,-55,11,1,0,1,1,1,0,0,0,0,-97,0,11,2,315847492,0,83,1,128,0,"[0,0,0,0,0,0,0,0,0,0,0,0,7,-2,6,-2,6,-1,5,-1,4,0,2,0,1,0,0,1,-2,1,-3,1,-5,2,-6,2,-6,2,-7,3,-7,3,-7,3,-7,3,-6,3,-5,2,-5,2,-4,1,-2,1,-1,0,0,0,1,-1,2,-2,0,0,4,-3,5,-4,6,-4,6,-4,6,-4,6,-4,6,-4,5,-3,4,-3,3,-3,2,-2,1,-1,0,-1,-1,0,-2,0,-3,1,-4,1,-5,2,-5,2,-5,2,-5,2,-5,2,-5,2,-5,2,-4,1,-3,1,0,0,0,0,0,0,0,0,0,0]"
CSI_DATA,23403,80:af:ca:27:52:2a,-54,11,1,0,1,1,1,0,0,0,0,-97,0,11,2,315883280,0,83,1,128,0,"[0,0,0,0,0,0,0,0,0,0,0,0,0,9,0,8,0,7,-1,5,-1,4,0,2,0,0,0,-1,0,-2,0,-4,0,-6,0,-8,0,-8,0,-9,0,-9,0,-9,0,-9,0,-8,0,-7,0,-6,0,-4,0,-3,0,-1,0,0,0,1,0,3,0,0,-1,6,-1,7,-1,8,-1,8,-1,8,-1,8,-1,8,-1,6,-1,5,0,4,0,2,0,1,0,0,0,-1,1,-2,1,-4,1,-5,1,-5,2,-5,2,-6,2,-6,2,-5,2,-5,2,-5,2,-4,1,-3,0,0,0,0,0,0,0,0,0,0]"
CSI_DATA,23404,80:af:ca:27:52:2a,-55,11,1,0,1,1,1,0,0,0,0,-97,0,11,2,315890583,0,83,1,128,0,"[0,0,0,0,0,0,0,0,0,0,0,0,-3,0,-5,0,-7,0,-9,-1,-9,-1,-10,-1,-11,-1,-10,-1,-10,-1,-9,-1,-9,-1,-7,-1,-5,-1,-3,-1,-1,0,0,0,2,0,4,0,5,0,7,0,8,0,9,0,9,-1,9,-1,9,0,9,-1,0,0,7,-1,4,0,3,0,1,0,0,0,-2,0,-4,0,-5,0,-7,0,-8,0,-9,0,-9,0,-9,0,-9,0,-8,0,-7,0,-6,0,-5,0,-3,0,-2,0,0,0,0,0,2,0,2,0,4,0,4,0,0,0,0,0,0,0,0,0,0,0]"
CSI_DATA,23405,80:af:ca:27:52:2a,-54,11,1,0,1,1,1,0,0,0,0,-97,0,11,2,315899497,0,83,1,128,0,"[0,0,0,0,0,0,0,0,0,0,0,0,4,-6,4,-6,4,-5,3,-4,2,-3,1,-2,1,-1,0,0,-1,2,-1,3,-2,4,-2,5,-3,6,-3,6,-3,6,-3,7,-3,7,-3,6,-2,5,-2,4,-2,3,-1,2,0,1,0,0,0,-2,0,-3,0,0,1,-5,1,-7,1,-7,1,-8,1,-8,1,-8,1,-7,1,-6,1,-5,0,-4,0,-3,0,-2,0,0,-1,0,-1,2,-1,3,-2,4,-2,4,-2,5,-2,5,-2,5,-2,5,-2,5,-2,4,-1,3,-1,3,0,0,0,0,0,0,0,0,0,0]"
CSI_DATA,23406,80:af:ca:27:52:2a,-55,11,1,0,1,1,1,0,0,0,0,-97,0,11,2,315906943,0,83,1,128,0,"[0,0,0,0,0,0,0,0,0,0,0,0,-2,-2,-4,-3,-5,-4,-6,-6,-7,-7,-7,-7,-7,-8,-7,-8,-7,-8,-7,-7,-5,-7,-4,-6,-3,-4,-2,-3,-1,-1,0,0,1,1,2,2,4,3,4,4,6,5,7,6,7,6,7,6,7,7,7,5,0,0,5,4,4,3,2,2,1,0,0,0,0,-2,-2,-3,-3,-4,-4,-6,-5,-6,-6,-7,-6,-7,-6,-7,-6,-7,-5,-7,-5,-7,-4,-5,-4,-4,-2,-3,-2,-2,-1,0,0,0,0,2,0,2,0,4,0,4,0,0,0,0,0,0,0,0,0,0]"
CSI_DATA,23407,80:af:ca:27:52:2a,-55,11,1,0,1,1,1,0,0,0,0,-97,0,11,2,315951901,0,83,1,128,0,"[0,0,0,0,0,0,0,0,0,0,0,0,-5,7,-4,7,-4,6,-4,4,-3,3,-2,1,-1,0,0,-1,0,-2,0,-4,1,-6,2,-7,2,-8,2,-8,2,-8,2,-9,2,-8,2,-8,1,-7,1,-6,1,-4,0,-3,0,-1,0,0,0,1,0,3,0,0,-1,6,-1,7,-1,8,-1,8,-1,8,-1,8,-1,7,0,6,0,6,0,4,0,2,0,1,0,0,0,-1,0,-2,0,-4,0,-5,0,-6,0,-6,0,-6,0,-6,0,-6,0,-6,0,-5,0,-4,0,-3,0,0,0,0,0,0,0,0,0,0]"
CSI_DATA,23408,80:af:ca:27:52:2a,-55,11,1,0,1,1,1,0,0,0,0,-97,0,11,2,315961470,0,83,1,128,0,"[0,0,0,0,0,0,0,0,0,0,0,0,-1,2,-3,4,-4,6,-7,7,-7,7,-8,8,-9,9,-9,9,-9,9,-8,8,-8,7,-7,6,-4,4,-4,2,-2,0,0,0,0,-2,1,-4,2,-6,3,-8,4,-9,4,-10,4,-11,4,-12,5,-11,4,-11,0,0,3,-8,2,-7,1,-4,0,-2,0,0,-1,1,-2,3,-3,5,-4,7,-4,8,-4,9,-4,9,-4,9,-4,9,-4,9,-4,8,-3,7,-2,5,-1,3,0,2,0,0,0,0,1,-2,2,-3,2,-4,3,-4,0,0,0,0,0,0,0,0,0,0]"
CSI_DATA,23409,80:af:ca:27:52:2a,-55,11,1,0,1,1,1,0,0,0,0,-97,0,11,2,315969699,0,83,1,128,0,"[0,0,0,0,0,0,0,0,0,0,0,0,-8,-5,-7,-5,-6,-4,-5,-4,-3,-3,-2,-2,0,-2,0,-1,2,0,3,0,5,0,7,0,8,0,8,0,8,0,8,0,8,0,8,0,7,0,5,0,4,0,2,0,0,0,0,0,-2,0,-3,1,0,0,-6,1,-7,2,-8,2,-8,3,-8,3,-8,3,-8,3,-6,2,-6,2,-4,2,-3,1,-1,0,0,0,1,0,2,-1,3,-1,4,-2,5,-3,5,-3,5,-3,5,-3,5,-3,5,-3,4,-3,3,-2,2,-2,0,0,0,0,0,0,0,0,0,0]"
CSI_DATA,23410,80:af:ca:27:52:2a,-55,11,1,0,1,1,1,0,0,0,0,-97,0,11,2,315986268,0,83,1,128,0,"[0,0,0,0,0,0,0,0,0,0,0,0,5,8,5,7,4,6,3,5,2,4,1,2,0,1,-1,0,-2,-1,-3,-3,-4,-4,-5,-5,-6,-6,-7,-6,-7,-6,-7,-7,-7,-6,-6,-5,-6,-5,-5,-4,-4,-3,-2,-2,-1,-1,0,0,1,1,3,2,0,0,5,3,6,4,7,4,7,4,7,5,7,5,7,4,6,4,5,3,4,2,3,1,1,0,0,0,-1,-1,-2,-2,-3,-3,-4,-3,-5,-4,-5,-4,-5,-4,-5,-4,-5,-4,-5,-4,-5,-4,-4,-3,-3,-2,0,0,0,0,0,0,0,0,0,0]"
CSI_DATA,23411,80:af:ca:27:52:2a,-54,11,1,0,1,1,1,0,0,0,0,-97,0,11,2,315993825,0,83,1,128,0,"[0,0,0,0,0,0,0,0,0,0,0,0,-6,-8,-6,-7,-5,-6,-3,-6,-2,-4,-1,-3,0,-1,0,0,1,1,2,2,3,3,5,5,5,6,5,6,5,6,6,7,6,6,5,5,5,5,3,4,2,3,1,2,1,1,0,0,-1,-1,-2,-2,0,0,-5,-5,-5,-6,-6,-6,-6,-6,-6,-6,-6,-6,-6,-6,-5,-5,-4,-4,-3,-3,-2,-2,-1,-1,-1,0,0,1,1,2,1,2,2,3,2,4,2,5,3,5,2,5,2,5,2,4,2,3,2,3,1,2,0,0,0,0,0,0,0,0,0,0]"
CSI_DATA,23412,80:af:ca:27:52:2a,-54,11,1,0,1,1,1,0,0,0,0,-97,0,11,2,316010177,0,83,1,128,0,"[0,0,0,0,0,0,0,0,0,0,0,0,-4,-2,-4,-4,-6,-4,-7,-7,-7,-7,-7,-8,-8,-8,-7,-8,-7,-8,-7,-7,-6,-7,-5,-5,-3,-4,-2,-2,0,-1,0,0,2,1,3,2,4,4,5,4,6,5,7,6,7,6,8,6,7,6,7,5,0,0,5,4,4,3,2,2,1,0,0,0,-1,-2,-2,-3,-4,-4,-5,-5,-6,-6,-7,-7,-7,-7,-6,-7,-7,-7,-6,-6,-5,-5,-4,-4,-4,-3,-2,-2,-2,-1,-1,0,0,0,0,2,1,2,1,4,1,4,0,0,0,0,0,0,0,0,0,0]"
CSI_DATA,23413,80:af:ca:27:52:2a,-55,11,1,0,1,1,1,0,0,0,0,-97,0,11,2,316017710,0,83,1,128,0,"[0,0,0,0,0,0,0,0,0,0,0,0,2,0,4,0,6,1,8,2,8,2,9,2,9,2,9,2,9,2,8,2,7,2,6,2,4,1,2,0,0,0,0,0,-2,0,-4,0,-6,-1,-7,-1,-8,-2,-9,-2,-9,-2,-10,-1,-10,-2,-9,-1,0,0,-7,-1,-6,0,-4,0,-2,0,0,0,1,0,3,0,4,0,6,1,7,1,8,1,8,1,8,1,8,1,7,1,6,1,5,0,4,0,3,0,2,0,0,0,0,-1,-2,-1,-3,-2,-4,-2,-4,-2,0,0,0,0,0,0,0,0,0,0]"
CSI_DATA,23414,80:af:ca:27:52:2a,-55,11,1,0,1,1,1,0,0,0,0,-97,0,11,2,316026308,0,83,1,128,0,"[0,0,0,0,0,0,0,0,0,0,0,0,8,2,7,2,6,2,5,2,3,1,2,1,0,0,-1,0,-2,0,-4,0,-5,0,-7,0,-7,-1,-8,-1,-8,-1,-9,-1,-8,0,-7,0,-7,0,-5,0,-4,0,-3,0,-1,0,0,0,1,0,3,-1,0,0,6,-1,7,-1,7,-1,8,-1,8,-1,8,-1,7,-1,6,-1,5,-1,4,-1,3,-1,1,-1,0,0,-1,0,-3,0,-4,0,-5,0,-5,0,-6,0,-6,0,-6,0,-6,0,-6,0,-5,0,-4,0,-3,0,0,0,0,0,0,0,0,0,0,0]"
CSI_DATA,23415,80:af:ca:27:52:2a,-56,11,1,0,1,1,1,0,0,0,0,-97,0,11,2,316035753,0,83,1,128,0,"[0,0,0,0,0,0,0,0,0,0,0,0,-2,2,-5,2,-7,3,-9,3,-10,3,-11,3,-11,4,-11,3,-12,3,-10,3,-10,2,-8,2,-6,1,-4,0,-2,0,0,-2,1,-2,2,-4,4,-5,6,-6,7,-6,8,-8,8,-8,8,-8,8,-8,7,-8,0,0,5,-6,4,-5,2,-4,1,-2,0,0,-2,1,-3,2,-4,4,-5,6,-5,6,-6,8,-6,8,-6,8,-6,8,-5,8,-5,7,-4,6,-3,5,-2,3,-1,2,0,0,0,0,1,-2,2,-3,3,-4,3,-4,0,0,0,0,0,0,0,0,0,0]"
CSI_DATA,23416,80:af:ca:27:52:2a,-55,11,1,0,1,1,1,0,0,0,0,-97,0,11,2,316065117,0,83,1,128,0,"[0,0,0,0,0,0,0,0,0,0,0,0,-3,-8,-3,-8,-3,-7,-2,-6,-1,-4,0,-3,0,-1,0,0,1,1,2,3,2,4,3,5,3,6,3,7,3,7,3,7,3,7,3,6,3,5,2,4,2,3,1,2,0,1,0,0,-1,-2,-2,-3,0,0,-3,-5,-3,-6,-3,-7,-4,-7,-4,-7,-4,-7,-4,-7,-3,-6,-3,-5,-3,-4,-2,-3,-1,-1,-1,0,0,1,0,2,0,3,0,4,1,4,1,5,1,5,1,5,1,5,1,5,1,5,0,4,0,3,0,0,0,0,0,0,0,0,0,0]"
CSI_DATA,23417,80:af:ca:27:52:2a,-54,11,1,0,1,1,1,0,0,0,0,-97,0,11,2,316071738,0,83,1,128,0,"[0,0,0,0,0,0,0,0,0,0,0,0,0,10,0,9,-1,8,-1,7,-1,4,-1,2,-1,0,-1,-1,0,-4,0,-5,0,-7,0,-9,0,-10,0,-10,0,-10,0,-11,0,-10,0,-9,0,-8,0,-7,0,-5,0,-3,0,-1,0,0,-1,2,-1,4,0,0,-1,7,-1,8,-1,9,-1,10,-1,10,-1,9,-1,8,-1,7,-1,7,0,5,0,3,0,1,0,0,1,-1,1,-2,2,-4,2,-5,2,-5,2,-6,2,-7,3,-7,3,-6,3,-6,2,-5,2,-5,1,-4,0,0,0,0,0,0,0,0,0,0]"
CSI_DATA,23418,80:af:ca:27:52:2a,-55,11,1,0,1,1,1,0,0,0,0,-97,0,11,2,316079862,0,83,1,128,0,"[0,0,0,0,0,0,0,0,0,0,0,0,0,3,0,5,0,6,0,8,0,9,0,9,0,10,0,9,0,9,0,8,-1,7,0,6,0,4,0,2,0,0,0,-1,0,-2,0,-4,0,-6,0,-7,0,-8,0,-9,0,-9,0,-10,0,-10,0,-8,0,0,0,-6,0,-5,0,-4,0,-2,-1,0,-1,1,-1,3,-2,4,-2,6,-2,6,-2,8,-2,8,-2,8,-2,8,-2,6,-2,6,-2,5,-1,4,0,2,0,1,0,0,0,0,1,-2,2,-2,2,-3,2,-4,0,0,0,0,0,0,0,0,0,0]"
CSI_DATA,23419,80:af:ca:27:52:2a,-54,11,1,0,1,1,1,0,0,0,0,-97,0,11,2,316094936,0,83,1,128,0,"[0,0,0,0,0,0,0,0,0,0,0,0,-6,-8,-6,-8,-5,-7,-4,-6,-2,-4,-1,-3,0,-2,0,0,2,1,3,2,4,3,6,4,6,5,7,5,7,6,7,6,7,5,6,4,6,4,4,3,3,2,2,1,1,0,0,0,-2,-1,-3,-2,0,0,-6,-3,-7,-4,-8,-4,-9,-4,-9,-4,-8,-4,-8,-4,-7,-3,-6,-3,-5,-2,-3,-1,-2,-1,-1,0,0,0,2,1,3,2,4,2,4,3,5,3,6,3,6,3,5,3,5,3,4,2,4,2,3,1,0,0,0,0,0,0,0,0,0,0]"
CSI_DATA,23420,80:af:ca:27:52:2a,-55,11,1,0,1,1,1,0,0,0,0,-97,0,11,2,316103146,0,83,1,128,0,"[0,0,0,0,0,0,0,0,0,0,0,0,-2,0,-4,-2,-6,-2,-7,-4,-8,-4,-9,-5,-9,-5,-9,-5,-8,-5,-8,-5,-7,-4,-6,-4,-4,-3,-2,-2,-1,-1,0,0,2,0,3,1,4,2,5,3,7,4,7,4,7,4,8,4,8,4,7,4,0,0,5,2,4,2,3,1,1,0,0,0,-1,-2,-2,-3,-4,-4,-4,-5,-6,-5,-7,-6,-7,-7,-7,-7,-7,-7,-6,-6,-5,-5,-4,-4,-4,-3,-3,-2,-2,-1,-1,0,0,0,0,1,0,2,0,3,1,4,0,0,0,0,0,0,0,0,0,0]"
CSI_DATA,23421,80:af:ca:27:52:2a,-55,11,1,0,1,1,1,0,0,0,0,-97,0,11,2,316111938,0,83,1,128,0,"[0,0,0,0,0,0,0,0,0,0,0,0,5,-6,5,-5,4,-4,4,-4,3,-3,2,-2,1,0,0,0,-1,1,-1,3,-2,4,-3,5,-3,5,-4,6,-4,6,-4,6,-3,6,-3,5,-3,5,-2,4,-2,3,-1,2,-1,1,0,0,0,-2,0,-3,0,0,1,-5,1,-6,1,-7,1,-7,1,-7,1,-7,1,-7,1,-6,0,-5,0,-4,0,-3,0,-2,0,0,-1,0,-1,2,-1,3,-1,4,-1,4,-1,4,-1,5,-1,5,-1,5,-1,4,-1,4,-1,3,0,3,0,0,0,0,0,0,0,0,0,0]"
CSI_DATA,23422,80:af:ca:27:52:2a,-55,11,1,2,1,1,1,0,0,0,0,-97,0,11,2,316117054,0,83,1,128,0,"[0,0,0,0,0,0,0,0,0,0,0,0,-1,2,-3,4,-4,5,-6,5,-7,6,-8,7,-8,8,-8,7,-8,7,-8,6,-7,5,-5,5,-4,3,-3,2,-1,0,0,-1,0,-2,1,-4,2,-5,3,-7,4,-8,5,-8,5,-9,5,-9,5,-9,4,-8,0,0,2,-7,2,-5,1,-3,0,-2,0,0,-1,1,-2,2,-3,4,-4,5,-4,6,-5,7,-5,7,-5,7,-5,7,-4,7,-3,6,-2,5,-2,4,-2,2,0,2,0,0,0,0,1,-1,2,-2,2,-3,3,-4,0,0,0,0,0,0,0,0,0,0]"
CSI_DATA,23423,80:af:ca:27:52:2a,-55,11,1,0,1,1,1,0,0,0,0,-97,0,11,2,316124631,0,83,1,128,0,"[0,0,0,0,0,0,0,0,0,0,0,0,0,3,-2,5,-3,7,-4,9,-5,10,-6,11,-6,12,-6,11,-7,11,-5,10,-5,9,-4,7,-3,5,-2,3,-1,1,0,-1,0,-3,1,-4,2,-7,3,-8,3,-9,4,-11,4,-11,4,-12,4,-12,3,-11,0,0,2,-8,2,-6,1,-4,0,-2,0,0,-2,1,-2,3,-3,4,-4,6,-4,7,-4,9,-5,8,-5,8,-4,9,-4,7,-4,7,-3,6,-2,4,-2,3,0,2,0,0,0,0,1,-1,2,-2,3,-3,4,-4,0,0,0,0,0,0,0,0,0,0]"
CSI_DATA,23424,80:af:ca:27:52:2a,-55,11,1,0,1,1,1,0,0,0,0,-97,0,11,2,316154724,0,83,1,128,0,"[0,0,0,0,0,0,0,0,0,0,0,0,2,0,4,0,6,0,8,1,8,2,9,2,10,2,9,2,9,2,8,2,8,2,6,2,4,1,2,0,0,0,-1,0,-2,0,-4,0,-6,0,-8,0,-8,0,-9,0,-10,0,-11,0,-10,0,-9,0,0,0,-7,0,-5,0,-4,0,-2,0,0,0,2,0,3,0,5,0,6,0,7,0,8,0,8,0,8,0,8,0,7,0,6,0,6,0,4,0,3,0,1,-1,0,-1,-1,-1,-2,-1,-3,-2,-4,-2,-5,-2,0,0,0,0,0,0,0,0,0,0]"
CSI_DATA,23425,80:af:ca:27:52:2a,-54,11,1,2,1,1,1,0,0,0,0,-97,0,11,2,316167676,0,83,1,128,0,"[0,0,0,0,0,0,0,0,0,0,0,0,0,-3,3,-3,4,-5,6,-6,7,-6,8,-6,8,-6,8,-6,8,-6,8,-6,6,-6,6,-5,4,-3,3,-2,1,-1,0,0,-1,1,-3,3,-4,4,-6,5,-6,6,-7,6,-7,7,-7,7,-7,7,-6,6,0,0,-5,5,-4,4,-3,3,-1,1,0,0,1,-1,2,-2,3,-3,5,-4,6,-6,6,-6,6,-6,6,-6,6,-6,6,-6,6,-6,4,-5,3,-4,2,-3,1,-2,0,-1,-1,0,-2,0,-3,0,-4,0,-5,0,0,0,0,0,0,0,0,0,0,0]"
CSI_DATA,23426,80:af:ca:27:52:2a,-55,11,1,0,1,1,1,0,0,0,0,-97,0,11,2,316176711,0,83,1,128,0,"[0,0,0,0,0,0,0,0,0,0,0,0,2,-1,4,0,6,0,8,0,9,1,9,1,10,1,10,1,9,1,9,0,8,1,7,0,5,0,3,0,1,0,0,0,-2,0,-4,0,-6,0,-7,0,-9,1,-9,1,-10,1,-10,2,-10,1,-9,2,0,0,-7,1,-5,0,-4,0,-2,0,0,0,1,0,3,-1,4,-2,6,-2,7,-2,8,-2,8,-2,8,-3,8,-3,7,-2,7,-2,5,-2,4,-2,2,-2,1,-1,0,-1,-1,0,-2,0,-3,0,-4,0,-4,0,0,0,0,0,0,0,0,0,0,0]"
CSI_DATA,23427,80:af:ca:27:52:2a,-55,11,1,0,1,1,1,0,0,0,0,-97,0,11,2,316187442,0,83,1,128,0,"[0,0,0,0,0,0,0,0,0,0,0,0,2,1,4,3,5,5,6,7,8,8,8,9,8,9,8,9,8,9,8,8,7,8,5,6,4,5,2,3,0,1,0,0,-2,-1,-5,-2,-6,-4,-8,-5,-9,-5,-10,-6,-10,-6,-11,-6,-11,-6,-10,-5,0,0,-8,-4,-6,-3,-5,-2,-2,-1,0,0,1,0,3,1,5,2,7,2,8,3,9,3,9,4,9,4,9,3,8,3,8,2,7,2,5,1,3,0,2,0,0,0,0,-1,-2,-2,-3,-2,-4,-2,-5,-3,0,0,0,0,0,0,0,0,0,0]"
CSI_DATA,23428,80:af:ca:27:52:2a,-54,11,1,0,1,1,1,0,0,0,0,-97,0,11,2,316197326,0,83,1,128,0,"[0,0,0,0,0,0,0,0,0,0,0,0,7,5,6,5,5,4,3,4,2,3,1,1,0,0,-1,0,-2,-1,-3,-2,-5,-4,-6,-5,-6,-6,-6,-6,-6,-6,-7,-6,-6,-6,-6,-5,-5,-5,-4,-4,-3,-2,-2,-2,-1,-1,0,0,1,1,2,2,0,0,4,4,5,5,5,5,6,6,5,6,5,6,5,5,4,5,3,3,3,2,2,1,1,0,0,0,0,-1,-1,-2,-1,-3,-2,-5,-2,-5,-2,-6,-2,-6,-2,-6,-2,-6,-2,-5,-2,-5,-2,-4,-1,-3,0,0,0,0,0,0,0,0,0,0]"
CSI_DATA,23429,80:af:ca:27:52:2a,-54,11,1,0,1,1,1,0,0,0,0,-97,0,11,2,316205019,0,83,1,128,0,"[0,0,0,0,0,0,0,0,0,0,0,0,-4,7,-4,6,-3,5,-3,4,-2,2,-1,1,-1,0,0,-1,0,-2,1,-4,2,-5,2,-6,3,-7,3,-7,3,-7,3,-8,3,-7,2,-7,2,-6,2,-5,1,-3,1,-2,0,-1,0,0,-1,1,-1,3,0,0,-3,5,-3,6,-3,7,-3,7,-3,7,-4,7,-3,6,-3,6,-2,5,-2,3,-1,2,0,1,0,0,1,-1,1,-2,2,-3,2,-3,3,-4,3,-5,3,-5,3,-5,3,-5,3,-4,2,-4,2,-3,2,-2,0,0,0,0,0,0,0,0,0,0]"
CSI_DATA,23430,80:af:ca:27:52:2a,-54,11,1,0,1,1,1,0,0,0,0,-97,0,11,2,316212280,0,83,1,128,0,"[0,0,0,0,0,0,0,0,0,0,0,0,8,-4,8,-4,6,-3,5,-2,4,-1,2,0,0,0,0,0,-2,1,-4,2,-5,3,-6,4,-7,4,-8,4,-8,5,-8,5,-7,5,-6,4,-6,4,-5,3,-4,2,-2,1,-1,0,0,0,1,-1,2,-2,0,0,4,-5,5,-5,6,-6,6,-6,6,-6,6,-6,5,-5,5,-5,4,-4,2,-3,2,-2,0,-1,0,0,-1,0,-2,1,-3,1,-4,2,-5,3,-5,3,-5,3,-5,3,-5,3,-5,2,-4,2,-4,2,-3,1,0,0,0,0,0,0,0,0,0,0]"
CSI_DATA,23431,80:af:ca:27:52:2a,-55,11,1,0,1,1,1,0,0,0,0,-97,0,11,2,316220951,0,83,1,128,0,"[0,0,0,0,0,0,0,0,0,0,0,0,7,2,7,1,6,1,5,1,3,1,2,1,0,0,-1,0,-2,0,-3,0,-5,0,-6,0,-7,-1,-7,-1,-7,-1,-8,-1,-7,0,-7,0,-6,0,-5,0,-4,0,-2,0,-1,0,0,0,1,0,3,0,0,0,5,0,6,0,7,0,7,0,7,0,7,0,6,0,5,0,5,0,3,-1,2,-1,1,0,0,-1,-1,-1,-2,-1,-3,-1,-4,-1,-5,0,-5,-1,-5,0,-6,0,-5,-1,-5,0,-5,0,-4,0,-3,0,0,0,0,0,0,0,0,0,0,0]"
CSI_DATA,23432,80:af:ca:27:52:2a,-55,11,1,0,1,1,1,0,0,0,0,-97,0,11,2,316229228,0,83,1,128,0,"[0,0,0,0,0,0,0,0,0,0,0,0,-4,0,-5,1,-7,0,-9,0,-10,0,-10,0,-10,0,-10,0,-10,0,-9,0,-8,0,-7,0,-5,0,-3,0,-1,0,0,-1,2,-2,4,-2,6,-2,7,-3,8,-3,8,-3,8,-4,9,-4,9,-4,8,-4,0,0,6,-3,4,-2,3,-2,1,-1,0,0,-2,0,-4,1,-6,2,-7,2,-8,3,-8,3,-8,3,-8,3,-8,3,-8,3,-7,3,-6,2,-4,2,-3,1,-2,0,0,0,0,0,2,0,3,-1,4,-1,4,-1,0,0,0,0,0,0,0,0,0,0]"
CSI_DATA,23433,80:af:ca:27:52:2a,-55,11,1,0,1,1,1,0,0,0,0,-97,0,11,2,316240100,0,83,1,128,0,"[0,0,0,0,0,0,0,0,0,0,0,0,-3,-6,-3,-6,-2,-5,-1,-5,-1,-3,0,-2,0,-1,0,0,1,0,1,2,2,3,3,4,3,4,3,5,3,5,4,5,3,5,3,4,3,4,2,3,2,3,1,1,0,0,0,0,-1,-1,-2,-2,0,0,-3,-3,-4,-4,-4,-5,-5,-5,-4,-5,-4,-5,-4,-5,-4,-4,-3,-3,-3,-3,-2,-2,-1,-1,0,0,0,0,0,1,1,2,1,3,2,3,2,4,2,4,2,4,2,4,2,4,2,3,1,3,1,2,0,0,0,0,0,0,0,0,0,0]"
CSI_DATA,23434,80:af:ca:27:52:2a,-55,11,1,2,1,1,1,0,0,0,0,-97,0,11,2,316245774,0,83,1,128,0,"[0,0,0,0,0,0,0,0,0,0,0,0,2,0,4,0,6,0,7,1,9,1,9,2,10,1,9,2,9,2,9,2,8,1,7,1,4,0,3,0,1,0,0,0,-2,0,-4,0,-6,-1,-7,-1,-9,-2,-9,-2,-10,-2,-10,-2,-10,-2,-9,-2,0,0,-7,-1,-6,-1,-4,0,-2,0,0,0,1,0,2,1,4,1,5,2,7,2,7,2,7,2,7,3,7,2,7,2,7,2,5,2,4,1,3,0,2,0,0,0,0,-1,-1,-2,-2,-2,-2,-3,-3,-4,0,0,0,0,0,0,0,0,0,0]"
CSI_DATA,23435,80:af:ca:27:52:2a,-54,11,1,0,1,1,1,0,0,0,0,-97,0,11,2,316253951,0,83,1,128,0,"[0,0,0,0,0,0,0,0,0,0,0,0,8,-5,7,-4,6,-3,6,-3,4,-2,2,-1,1,0,0,0,-1,1,-2,2,-4,3,-5,5,-6,5,-6,5,-6,5,-7,6,-6,6,-6,5,-5,5,-4,4,-3,3,-2,2,-1,0,0,0,0,-1,1,-3,0,0,3,-5,3,-6,3,-7,3,-7,4,-7,3,-7,3,-7,3,-6,2,-5,1,-4,1,-3,0,-2,0,0,-1,0,-1,1,-2,2,-2,3,-2,4,-3,4,-3,5,-3,5,-3,5,-2,4,-2,3,-2,3,-2,2,0,0,0,0,0,0,0,0,0,0]"
CSI_DATA,23436,80:af:ca:27:52:2a,-54,11,1,0,1,1,1,0,0,0,0,-97,0,11,2,316263021,0,83,1,128,0,"[0,0,0,0,0,0,0,0,0,0,0,0,6,7,5,7,4,6,3,5,2,4,1,2,0,1,-1,0,-2,-2,-3,-3,-4,-5,-5,-6,-6,-7,-6,-7,-6,-7,-7,-8,-6,-7,-6,-6,-5,-6,-4,-5,-3,-3,-2,-2,-1,-1,0,0,1,2,2,3,0,0,4,5,5,6,5,7,5,7,5,7,5,7,5,6,4,5,3,5,3,3,2,2,1,1,1,0,0,-2,-1,-3,-1,-4,-1,-5,-2,-6,-2,-6,-2,-6,-2,-7,-2,-6,-2,-6,-2,-5,-2,-5,-1,-3,0,0,0,0,0,0,0,0,0,0]"
CSI_DATA,23437,80:af:ca:27:52:2a,-55,11,1,0,1,1,1,0,0,0,0,-97,0,11,2,316271878,0,83,1,128,0,"[0,0,0,0,0,0,0,0,0,0,0,0,4,8,3,7,2,6,2,5,1,3,0,2,0,0,-1,-1,-2,-2,-3,-3,-3,-5,-4,-6,-5,-7,-5,-7,-5,-7,-6,-7,-6,-7,-5,-6,-4,-6,-3,-4,-2,-3,-2,-2,-1,-1,0,0,1,1,2,2,0,0,4,4,5,5,5,6,6,6,6,6,5,6,5,5,4,4,3,3,3,2,2,1,1,0,0,0,0,-1,-1,-2,-2,-3,-3,-4,-3,-4,-3,-5,-4,-5,-4,-5,-3,-5,-3,-4,-3,-4,-3,-4,-2,-3,0,0,0,0,0,0,0,0,0,0]"
CSI_DATA,23438,80:af:ca:27:52:2a,-55,11,1,0,1,1,1,0,0,0,0,-97,0,11,2,316286459,0,83,1,128,0,"[0,0,0,0,0,0,0,0,0,0,0,0,0,2,-2,4,-3,6,-4,6,-4,7,-5,8,-6,8,-5,8,-6,8,-5,7,-5,6,-4,5,-3,3,-2,2,-1,0,0,-1,0,-2,1,-4,2,-6,2,-7,3,-8,3,-8,3,-8,3,-9,3,-9,2,-8,0,0,2,-6,1,-4,0,-3,0,-2,0,0,-2,1,-2,2,-2,4,-4,5,-4,6,-4,7,-4,7,-4,7,-4,7,-4,6,-3,6,-2,4,-2,4,-1,2,0,1,0,0,0,0,1,-1,2,-2,2,-3,3,-4,0,0,0,0,0,0,0,0,0,0]"
CSI_DATA,23439,80:af:ca:27:52:2a,-54,11,1,0,1,1,1,0,0,0,0,-97,0,11,2,316294969,0,83,1,128,0,"[0,0,0,0,0,0,0,0,0,0,0,0,-3,7,-3,6,-3,5,-3,4,-2,3,-2,1,-1,0,-1,-1,-1,-3,0,-4,0,-5,0,-6,0,-7,0,-8,0,-8,0,-9,0,-7,-1,-7,-1,-6,0,-5,0,-4,0,-2,0,-1,0,0,0,1,1,3,0,0,2,5,2,6,2,7,3,7,3,7,3,7,3,6,2,5,2,4,2,3,1,2,0,1,0,0,0,-1,-1,-2,-2,-3,-2,-4,-3,-5,-3,-5,-3,-5,-3,-5,-3,-5,-3,-5,-3,-4,-2,-4,-2,-3,0,0,0,0,0,0,0,0,0,0]"
CSI_DATA,23440,80:af:ca:27:52:2a,-55,11,1,0,1,1,1,0,0,0,0,-97,0,11,2,316307561,0,83,1,128,0,"[0,0,0,0,0,0,0,0,0,0,0,0,-7,4,-6,4,-6,3,-5,2,-4,2,-3,1,-1,0,0,-1,1,-2,1,-3,3,-4,4,-5,4,-5,5,-6,5,-6,5,-6,5,-6,4,-5,4,-5,3,-4,2,-3,1,-2,0,-1,0,0,-1,1,-2,2,0,0,-3,4,-4,5,-4,6,-4,6,-4,6,-4,6,-4,6,-3,5,-3,4,-2,3,-1,2,0,1,0,0,0,-1,1,-2,2,-3,2,-3,3,-4,3,-4,3,-5,3,-4,3,-4,3,-4,2,-4,2,-3,1,-3,0,0,0,0,0,0,0,0,0,0]"
CSI_DATA,23441,80:af:ca:27:52:2a,-54,11,1,0,1,1,1,0,0,0,0,-97,0,11,2,316315633,0,83,1,128,0,"[0,0,0,0,0,0,0,0,0,0,0,0,4,-8,3,-7,3,-6,3,-5,2,-4,1,-2,1,-1,0,0,-1,2,-1,3,-2,4,-3,6,-3,6,-3,7,-4,7,-3,8,-3,7,-3,7,-3,6,-2,4,-2,3,-1,2,0,1,0,0,0,-2,1,-3,0,0,2,-6,2,-7,2,-7,2,-8,3,-8,2,-7,2,-7,2,-6,1,-6,1,-4,0,-3,0,-2,0,-1,-1,0,-1,1,-2,2,-3,3,-3,4,-3,4,-3,4,-3,4,-3,4,-3,4,-3,4,-2,3,-2,2,0,0,0,0,0,0,0,0,0,0]"
CSI_DATA,23442,80:af:ca:27:52:2a,-55,11,1,0,1,1,1,0,0,0,0,-97,0,11,2,316324639,0,83,1,128,0,"[0,0,0,0,0,0,0,0,0,0,0,0,5,7,5,6,4,5,3,5,2,4,1,2,0,1,0,0,-2,-1,-3,-2,-4,-4,-5,-4,-5,-5,-6,-6,-6,-6,-6,-6,-6,-6,-6,-5,-5,-5,-4,-4,-3,-3,-2,-2,-1,-1,0,0,1,0,2,1,0,0,4,3,5,4,5,4,6,5,6,5,6,5,5,4,5,4,4,3,3,2,2,1,1,1,0,0,0,-1,-1,-2,-2,-3,-3,-3,-3,-4,-3,-4,-4,-4,-4,-4,-4,-4,-4,-4,-3,-4,-3,-3,-2,-3,0,0,0,0,0,0,0,0,0,0]"
CSI_DATA,23443,80:af:ca:27:52:2a,-55,11,1,0,1,1,1,0,0,0,0,-97,0,11,2,316343616,0,83,1,128,0,"[0,0,0,0,0,0,0,0,0,0,0,0,0,3,-1,6,-2,8,-4,9,-4,10,-4,11,-4,11,-4,11,-4,11,-4,10,-4,8,-4,7,-2,5,-2,3,-1,1,0,-1,0,-3,0,-5,1,-7,2,-8,2,-10,2,-11,2,-11,2,-12,2,-12,2,-11,0,0,1,-8,0,-6,0,-4,0,-2,0,0,-1,2,-2,4,-2,5,-2,7,-3,8,-3,9,-4,9,-4,9,-3,9,-3,8,-3,8,-2,6,-2,5,-1,3,0,2,0,0,0,0,1,-2,2,-3,2,-4,3,-4,0,0,0,0,0,0,0,0,0,0]"
CSI_DATA,23444,80:af:ca:27:52:2a,-54,11,1,0,1,1,1,0,0,0,0,-97,0,11,2,316352487,0,83,1,128,0,"[0,0,0,0,0,0,0,0,0,0,0,0,4,7,4,6,3,6,2,5,1,4,1,2,0,1,-1,0,-2,-1,-3,-2,-4,-4,-5,-5,-5,-5,-6,-6,-6,-6,-6,-6,-6,-6,-5,-5,-5,-4,-4,-4,-3,-3,-2,-2,-1,-1,0,0,1,1,2,1,0,0,4,3,5,4,6,4,6,4,6,4,6,4,6,4,5,3,4,3,3,2,2,1,1,0,0,0,-1,-1,-2,-2,-3,-3,-4,-3,-4,-4,-4,-4,-5,-4,-5,-4,-4,-4,-4,-4,-4,-3,-3,-3,-3,-2,0,0,0,0,0,0,0,0,0,0]"
CSI_DATA,23445,80:af:ca:27:52:2a,-55,11,1,0,1,1,1,0,0,0,0,-97,0,11,2,316372129,0,83,1,128,0,"[0,0,0,0,0,0,0,0,0,0,0,0,-2,0,-5,1,-7,1,-8,0,-10,0,-10,0,-11,0,-10,0,-10,0,-10,0,-9,0,-8,0,-6,0,-4,0,-2,0,0,-1,2,-1,4,-1,5,-2,7,-2,8,-2,9,-2,9,-3,9,-3,9,-3,8,-3,0,0,6,-2,4,-2,3,-1,1,-1,0,0,-2,0,-4,0,-6,0,-7,1,-8,1,-8,2,-9,2,-9,2,-9,2,-8,1,-8,1,-6,1,-5,1,-4,0,-2,0,0,0,0,0,2,0,3,0,4,0,4,0,0,0,0,0,0,0,0,0,0,0]"
CSI_DATA,23446,80:af:ca:27:52:2a,-55,11,1,0,1,1,1,0,0,0,0,-97,0,11,2,316380939,0,83,1,128,0,"[0,0,0,0,0,0,0,0,0,0,0,0,-1,2,-3,4,-4,4,-6,5,-7,6,-7,7,-8,7,-7,7,-8,7,-7,6,-7,5,-5,4,-4,3,-3,2,-2,0,0,0,0,-2,2,-3,3,-4,4,-6,5,-7,6,-7,6,-7,6,-8,6,-8,5,-7,0,0,4,-6,3,-4,2,-3,0,-2,0,0,-2,0,-3,2,-4,3,-5,4,-5,4,-6,5,-7,5,-7,5,-7,5,-6,4,-5,4,-4,4,-3,3,-2,2,-1,1,0,0,0,0,1,0,2,-1,3,-2,4,-2,0,0,0,0,0,0,0,0,0,0]"
CSI_DATA,23447,80:af:ca:27:52:2a,-55,11,1,0,1,1,1,0,0,0,0,-97,0,11,2,316391371,0,83,1,128,0,"[0,0,0,0,0,0,0,0,0,0,0,0,-2,2,-4,2,-6,3,-8,3,-9,4,-9,4,-10,4,-9,4,-9,3,-9,3,-8,2,-7,2,-4,1,-3,0,-2,0,0,0,1,-1,3,-2,4,-3,6,-3,7,-4,8,-4,8,-4,8,-5,9,-4,7,-4,0,0,6,-4,4,-2,2,-2,1,-1,0,0,-2,0,-4,0,-5,0,-7,1,-7,2,-8,2,-8,2,-8,2,-9,2,-8,2,-7,2,-6,1,-4,1,-4,1,-2,0,-1,0,0,0,1,0,2,0,3,0,4,0,0,0,0,0,0,0,0,0,0,0]"
CSI_DATA,23448,80:af:ca:27:52:2a,-55,11,1,0,1,1,1,0,0,0,0,-97,0,11,2,316399014,0,83,1,128,0,"[0,0,0,0,0,0,0,0,0,0,0,0,0,-4,1,-6,2,-7,4,-9,4,-9,4,-9,5,-10,4,-9,5,-9,4,-8,4,-7,3,-6,2,-4,1,-2,0,-1,0,0,-2,2,-2,3,-4,5,-4,6,-5,7,-5,8,-5,8,-6,9,-6,8,-5,7,0,0,-4,6,-3,4,-2,3,0,1,0,0,1,-1,2,-2,4,-4,4,-5,5,-6,6,-7,6,-7,6,-7,6,-7,5,-6,4,-5,4,-4,3,-4,2,-3,0,-2,0,-1,-1,0,-2,0,-3,0,-4,0,-5,0,0,0,0,0,0,0,0,0,0,0]"
CSI_DATA,23449,80:af:ca:27:52:2a,-55,11,1,0,1,1,1,0,0,0,0,-97,0,11,2,316406272,0,83,1,128,0,"[0,0,0,0,0,0,0,0,0,0,0,0,0,3,0,5,0,6,0,8,0,9,0,10,0,10,0,10,0,9,0,8,-1,8,0,6,0,4,0,2,0,0,0,-1,0,-3,0,-4,0,-6,0,-8,0,-8,0,-9,0,-10,0,-11,0,-10,0,-9,0,0,0,-7,0,-5,0,-4,0,-2,-1,0,-1,1,-2,3,-2,4,-2,6,-3,6,-3,7,-4,7,-4,7,-4,7,-3,6,-3,6,-2,5,-2,4,-1,2,0,2,0,0,0,0,1,-1,2,-2,3,-2,4,-3,0,0,0,0,0,0,0,0,0,0]"
CSI_DATA,23450,80:af:ca:27:52:2a,-55,11,1,0,1,1,1,0,0,0,0,-97,0,11,2,316416553,0,83,1,128,0,"[0,0,0,0,0,0,0,0,0,0,0,0,-4,-8,-4,-7,-3,-6,-2,-5,-2,-4,-1,-3,0,-1,0,0,1,1,2,2,3,4,4,5,4,5,4,6,5,6,5,6,5,6,4,5,4,5,3,4,2,3,1,1,0,0,0,0,-1,-1,-3,-2,0,0,-4,-4,-5,-5,-5,-6,-6,-6,-6,-6,-5,-6,-5,-5,-5,-4,-4,-4,-3,-3,-2,-2,-1,-1,-1,0,0,1,1,2,1,3,2,3,2,4,3,4,3,4,3,4,3,4,3,4,2,4,2,3,2,2,0,0,0,0,0,0,0,0,0,0]"
CSI_DATA,23451,80:af:ca:27:52:2a,-55,11,1,0,1,1,1,0,0,0,0,-97,0,11,2,316424801,0,83,1,128,0,"[0,0,0,0,0,0,0,0,0,0,0,0,-7,-3,-7,-3,-6,-2,-5,-2,-4,-2,-2,-1,-1,-1,0,-1,2,0,3,0,4,0,6,0,6,0,7,0,7,1,8,0,7,0,6,0,6,0,5,0,3,0,2,0,1,0,0,0,-2,0,-3,0,0,0,-6,0,-7,0,-7,0,-8,0,-8,0,-8,0,-7,0,-6,0,-5,0,-4,0,-3,0,-1,0,0,0,1,0,2,0,3,0,4,0,5,0,5,0,5,0,5,0,5,0,5,0,4,0,4,0,3,0,0,0,0,0,0,0,0,0,0,0]"
CSI_DATA,23452,80:af:ca:27:52:2a,-55,11,1,0,1,1,1,0,0,0,0,-97,0,11,2,316433729,0,83,1,128,0,"[0,0,0,0,0,0,0,0,0,0,0,0,-3,7,-3,6,-3,5,-3,4,-2,3,-2,1,-1,0,-1,-1,0,-2,0,-4,1,-5,1,-6,1,-7,1,-7,1,-7,1,-7,1,-7,1,-6,0,-6,0,-5,0,-4,0,-2,0,-1,0,0,0,1,0,3,0,0,-1,5,-1,6,-1,7,-1,7,-1,7,-1,7,-1,6,0,5,0,5,0,3,0,2,0,1,0,0,0,-1,1,-2,1,-3,1,-4,1,-5,1,-5,1,-5,1,-6,1,-5,1,-5,1,-5,1,-4,0,-3,0,0,0,0,0,0,0,0,0,0]"
CSI_DATA,23453,80:af:ca:27:52:2a,-55,11,1,0,1,1,1,0,0,0,0,-97,0,11,2,316441207,0,83,1,128,0,"[0,0,0,0,0,0,0,0,0,0,0,0,-2,0,-4,0,-6,-1,-8,-2,-8,-2,-9,-2,-10,-2,-10,-2,-10,-3,-9,-2,-8,-2,-7,-2,-5,-2,-4,-2,-2,-1,0,0,1,0,3,0,5,0,6,0,7,0,8,0,8,0,9,0,9,0,8,0,0,0,6,0,5,0,3,0,2,0,0,0,-2,0,-4,0,-5,0,-6,-1,-7,-1,-8,-1,-8,-1,-8,-1,-8,-1,-8,-1,-7,-1,-6,0,-5,0,-4,0,-2,0,-1,0,0,0,1,0,2,1,3,1,4,1,0,0,0,0,0,0,0,0,0,0]"
CSI_DATA,23454,80:af:ca:27:52:2a,-54,11,1,0,1,1,1,0,0,0,0,-97,0,11,2,316449620,0,83,1,128,0,"[0,0,0,0,0,0,0,0,0,0,0,0,8,4,7,4,6,3,5,3,3,2,2,1,0,1,-1,0,-2,0,-4,-1,-6,-1,-7,-2,-8,-2,-8,-2,-8,-2,-9,-2,-8,-2,-8,-2,-7,-1,-6,-1,-4,-1,-3,-1,-1,-1,0,0,1,0,3,0,0,0,6,0,7,0,7,0,8,0,8,0,8,0,7,0,6,0,5,0,4,0,2,0,1,0,0,0,-1,0,-2,0,-3,0,-4,0,-5,0,-6,0,-6,0,-6,0,-6,0,-5,0,-5,0,-4,0,-3,0,0,0,0,0,0,0,0,0,0,0]"
CSI_DATA,23455,80:af:ca:27:52:2a,-55,11,1,0,1,1,1,0,0,0,0,-97,0,11,2,316457628,0,83,1,128,0,"[0,0,0,0,0,0,0,0,0,0,0,0,0,-3,2,-4,3,-6,4,-7,5,-7,6,-8,7,-8,6,-8,7,-7,5,-7,5,-6,4,-5,3,-4,2,-2,0,-1,0,0,-1,2,-2,3,-4,4,-4,5,-5,6,-6,7,-6,7,-6,7,-6,7,-5,7,0,0,-4,5,-3,4,-2,2,-1,1,0,0,1,-1,2,-2,3,-3,4,-4,4,-5,5,-6,6,-6,6,-6,6,-6,5,-5,4,-5,4,-4,2,-4,2,-3,0,-2,0,-1,-1,0,-2,0,-3,0,-4,0,-4,1,0,0,0,0,0,0,0,0,0,0]"
CSI_DATA,23456,80:af:ca:27:52:2a,-55,11,1,0,1,1,1,0,0,0,0,-97,0,11,2,316481302,0,83,1,128,0,"[0,0,0,0,0,0,0,0,0,0,0,0,-2,8,-2,7,-2,6,-2,6,-2,3,-2,2,0,1,-2,-1,1,-3,-3,-3,-2,-4,-2,-5,-2,-5,-1,-6,-1,-6,-2,-10,-2,-9,-1,-6,-1,-6,-2,-5,-1,-4,-1,-3,0,-1,0,0,0,1,1,2,0,0,2,4,4,6,4,6,4,6,4,6,5,6,4,6,4,4,3,4,2,2,1,1,0,0,0,0,-1,-1,-1,-3,-2,-3,-3,-3,-3,-4,-4,-4,-4,-4,-4,-4,-5,-4,-3,-3,-3,-3,-2,-3,-2,-2,0,0,0,0,0,0,0,0,0,0]"
CSI_DATA,23457,80:af:ca:27:52:2a,-56,11,1,0,1,1,1,0,0,0,0,-97,0,11,2,316501993,0,83,1,128,0,"[0,0,0,0,0,0,0,0,0,0,0,0,0,-3,1,-4,2,-5,3,-6,4,-7,5,-8,5,-8,5,-8,5,-8,4,-7,4,-6,3,-6,2,-4,1,-3,0,-1,0,0,0,1,-1,3,-2,5,-3,6,-3,6,-3,8,-3,8,-3,8,-3,8,-3,8,0,0,-2,6,-2,5,-1,3,0,1,0,0,0,-1,1,-3,1,-5,2,-6,2,-6,3,-8,3,-8,3,-8,3,-8,3,-7,2,-6,2,-6,1,-5,0,-3,0,-2,0,-1,-1,0,-1,0,-2,1,-3,2,-3,3,0,0,0,0,0,0,0,0,0,0]"
CSI_DATA,23458,80:af:ca:27:52:2a,-55,11,1,0,1,1,1,0,0,0,0,-97,0,11,2,316510389,0,83,1,128,0,"[0,0,0,0,0,0,0,0,0,0,0,0,-2,2,-3,3,-5,4,-7,5,-7,6,-8,6,-9,7,-9,7,-9,6,-7,6,-7,5,-6,4,-4,3,-3,2,-2,0,0,-1,0,-2,2,-4,3,-5,4,-7,4,-7,5,-8,5,-9,5,-9,5,-9,4,-9,0,0,3,-7,2,-5,1,-4,0,-2,0,0,-1,1,-2,2,-3,4,-4,5,-4,7,-4,7,-4,7,-4,7,-4,7,-4,7,-3,6,-2,5,-2,4,-1,2,0,1,0,0,0,0,1,-2,2,-2,2,-3,2,-4,0,0,0,0,0,0,0,0,0,0]"
CSI_DATA,23459,80:af:ca:27:52:2a,-55,11,1,0,1,1,1,0,0,0,0,-97,0,11,2,316518920,0,83,1,128,0,"[0,0,0,0,0,0,0,0,0,0,0,0,-6,5,-6,5,-6,4,-5,3,-4,2,-3,1,-1,0,0,-1,1,-2,2,-3,3,-4,4,-5,4,-5,5,-6,5,-6,5,-6,5,-6,4,-6,4,-5,3,-4,2,-3,2,-2,0,-1,0,0,-1,1,-2,2,0,0,-4,4,-4,5,-5,5,-5,6,-5,5,-5,5,-5,5,-4,4,-4,4,-3,3,-2,2,-1,1,0,0,1,0,1,-1,2,-2,3,-2,3,-3,4,-3,4,-3,4,-4,4,-3,4,-3,3,-3,3,-3,2,-2,0,0,0,0,0,0,0,0,0,0]"
CSI_DATA,23460,80:af:ca:27:52:2a,-55,11,1,0,1,1,1,0,0,0,0,-97,0,11,2,316555612,0,83,1,128,0,"[0,0,0,0,0,0,0,0,0,0,0,0,2,0,4,0,7,0,8,1,9,1,9,1,9,1,9,1,9,2,8,1,7,1,6,0,4,0,2,0,0,0,-1,0,-2,0,-4,0,-6,0,-8,0,-9,0,-9,1,-9,1,-10,1,-10,1,-9,2,0,0,-7,1,-5,0,-3,0,-2,0,0,0,2,0,4,-1,4,-2,7,-2,7,-2,8,-3,8,-2,8,-2,8,-3,7,-2,7,-2,5,-2,4,-2,2,-2,1,-1,0,0,-1,0,-2,0,-4,0,-4,0,-5,0,0,0,0,0,0,0,0,0,0,0]"
CSI_DATA,23461,80:af:ca:27:52:2a,-56,11,1,0,1,1,1,0,0,0,0,-97,0,11,2,316563786,0,83,1,128,0,"[0,0,0,0,0,0,0,0,0,0,0,0,-3,0,-5,-1,-6,-1,-7,-3,-8,-3,-9,-3,-9,-3,-9,-3,-8,-3,-7,-3,-7,-3,-5,-2,-4,-2,-2,-1,-1,-1,0,0,1,0,3,0,5,0,6,0,7,1,8,1,8,1,9,1,9,1,8,0,0,0,5,0,4,0,3,0,1,0,0,0,-2,0,-3,-1,-5,-1,-6,-1,-7,-1,-8,-1,-8,-1,-8,-1,-8,-1,-7,-1,-7,-1,-6,-1,-5,0,-3,0,-1,0,0,0,0,0,1,0,2,1,3,1,3,1,0,0,0,0,0,0,0,0,0,0]"
CSI_DATA,23462,80:af:ca:27:52:2a,-55,11,1,0,1,1,1,0,0,0,0,-97,0,11,2,316573038,0,83,1,128,0,"[0,0,0,0,0,0,0,0,0,0,0,0,-2,7,-2,7,-2,6,-2,5,-1,3,-1,2,-1,0,0,-1,0,-2,0,-3,0,-5,0,-6,1,-7,1,-7,1,-8,1,-8,1,-7,0,-7,0,-6,0,-5,0,-4,0,-3,0,-1,0,0,0,1,0,3,0,0,-1,5,-1,6,-1,7,-1,7,-1,7,-1,7,-1,6,-1,6,-1,5,0,4,0,3,0,1,0,0,0,-1,1,-2,1,-3,1,-4,2,-4,2,-5,2,-5,2,-5,2,-5,2,-5,2,-4,1,-4,1,-3,0,0,0,0,0,0,0,0,0,0]"
CSI_DATA,23463,80:af:ca:27:52:2a,-55,11,1,0,1,1,1,0,0,0,0,-97,0,11,2,316580948,0,83,1,128,0,"[0,0,0,0,0,0,0,0,0,0,0,0,-4,6,-4,6,-4,5,-3,4,-3,3,-2,2,-1,0,0,-1,0,-2,0,-3,1,-5,1,-6,2,-7,2,-7,2,-7,2,-8,2,-7,1,-7,1,-6,1,-5,1,-4,0,-3,0,-1,0,0,0,1,0,2,0,0,-1,5,-1,6,-1,6,-1,7,-1,7,-1,7,-1,6,0,5,0,5,0,4,0,2,0,1,0,0,0,-1,0,-2,0,-3,0,-4,0,-5,0,-5,0,-5,0,-5,0,-5,0,-5,0,-4,0,-4,0,-3,0,0,0,0,0,0,0,0,0,0]"
CSI_DATA,23464,80:af:ca:27:52:2a,-55,11,1,0,1,1,1,0,0,0,0,-97,0,11,2,316587940,0,83,1,128,0,"[0,0,0,0,0,0,0,0,0,0,0,0,-3,0,-5,-1,-7,-2,-8,-3,-9,-4,-9,-4,-10,-4,-10,-4,-9,-4,-8,-4,-8,-4,-6,-3,-4,-2,-3,-2,-1,-1,0,0,2,0,4,0,5,1,6,2,7,2,8,2,8,2,9,2,9,2,8,2,0,0,6,1,5,1,3,0,2,0,0,0,-2,-1,-3,-2,-4,-2,-6,-3,-7,-3,-8,-4,-8,-4,-8,-4,-8,-4,-7,-4,-6,-3,-6,-2,-5,-2,-4,-1,-2,0,-1,0,0,0,0,1,1,2,2,2,2,3,0,0,0,0,0,0,0,0,0,0]"
CSI_DATA,23465,80:af:ca:27:52:2a,-54,11,1,0,1,1,1,0,0,0,0,-97,0,11,2,316614235,0,83,1,128,0,"[0,0,0,0,0,0,0,0,0,0,0,0,-9,4,-8,4,-7,3,-6,2,-5,1,-3,0,-1,0,0,-1,1,-2,2,-3,4,-4,5,-5,6,-5,6,-6,7,-6,7,-6,6,-6,5,-6,5,-5,4,-4,3,-3,2,-2,1,-1,0,0,-1,1,-2,3,0,0,-4,5,-5,6,-5,7,-5,7,-6,7,-5,7,-5,6,-4,5,-4,5,-3,4,-2,3,-1,1,0,0,1,-1,2,-2,2,-3,3,-4,3,-5,4,-5,4,-5,4,-5,4,-5,3,-5,3,-4,3,-4,2,-3,0,0,0,0,0,0,0,0,0,0]"
CSI_DATA,23466,80:af:ca:27:52:2a,-55,11,1,0,1,1,1,0,0,0,0,-97,0,11,2,316630860,0,83,1,128,0,"[0,0,0,0,0,0,0,0,0,0,0,0,8,5,7,4,6,4,5,4,3,3,2,2,0,1,-1,0,-3,0,-4,-1,-6,-1,-7,-2,-8,-2,-9,-2,-9,-2,-10,-2,-9,-2,-8,-2,-7,-1,-6,-1,-5,-1,-3,-1,-1,0,0,0,2,0,4,0,0,0,7,0,8,0,9,0,9,0,9,0,9,0,8,0,7,0,6,0,5,0,3,0,2,0,0,-1,-1,-1,-3,-1,-4,-1,-6,-1,-6,-1,-7,-1,-7,-1,-7,-1,-7,-1,-7,-1,-6,-1,-5,-1,-4,0,0,0,0,0,0,0,0,0,0,0]"
CSI_DATA,23467,80:af:ca:27:52:2a,-55,11,1,0,1,1,1,0,0,0,0,-97,0,11,2,316642141,0,83,1,128,0,"[0,0,0,0,0,0,0,0,0,0,0,0,-2,-8,-2,-7,-2,-6,-1,-5,-1,-4,-1,-3,0,-1,0,0,0,1,1,2,1,4,2,5,2,6,2,6,2,6,3,7,3,6,2,6,2,5,2,4,1,3,1,2,0,1,0,0,-1,-1,-1,-3,0,0,-2,-5,-3,-6,-3,-6,-3,-6,-3,-7,-3,-7,-3,-6,-3,-5,-2,-5,-2,-4,-2,-3,-1,-1,0,0,0,1,0,2,0,3,0,3,1,4,1,4,1,5,1,5,1,5,1,4,1,4,0,3,0,3,0,0,0,0,0,0,0,0,0,0]"
CSI_DATA,23468,80:af:ca:27:52:2a,-55,11,1,0,1,1,1,0,0,0,0,-97,0,11,2,316653889,0,83,1,128,0,"[0,0,0,0,0,0,0,0,0,0,0,0,2,2,2,4,3,6,3,8,4,9,3,9,4,9,4,9,3,9,3,8,2,7,2,6,1,4,0,3,0,0,0,0,-1,-2,-2,-4,-3,-5,-4,-7,-4,-8,-4,-9,-4,-9,-5,-9,-4,-9,-4,-8,0,0,-4,-7,-3,-5,-2,-3,-1,-2,0,0,0,1,0,3,1,4,1,6,2,7,2,8,2,8,2,8,2,8,2,7,2,7,2,5,1,4,1,2,0,1,0,0,0,-1,0,-2,0,-3,0,-4,0,-5,0,0,0,0,0,0,0,0,0,0]"
CSI_DATA,23469,80:af:ca:27:52:2a,-55,11,1,2,1,1,1,0,0,0,0,-97,0,11,2,316676888,0,83,1,128,0,"[0,0,0,0,0,0,0,0,0,0,0,0,2,-1,5,-1,6,0,8,0,9,0,10,0,10,0,10,0,10,0,9,0,8,0,7,0,5,0,2,0,1,0,0,0,-2,0,-4,0,-6,0,-8,1,-9,1,-10,1,-10,1,-10,2,-10,2,-9,2,0,0,-7,1,-5,0,-4,0,-2,0,0,0,1,0,3,0,5,-1,6,-1,7,-2,8,-2,8,-2,8,-2,8,-2,8,-2,7,-2,5,-2,4,-1,2,-1,1,-1,0,-1,-1,0,-2,0,-3,0,-5,0,-5,0,0,0,0,0,0,0,0,0,0,0]"
CSI_DATA,23470,80:af:ca:27:52:2a,-55,11,1,0,1,1,1,0,0,0,0,-97,0,11,2,316685574,0,83,1,128,0,"[0,0,0,0,0,0,0,0,0,0,0,0,-2,-3,-2,-5,-2,-7,-2,-8,-2,-9,-2,-10,-2,-11,-2,-11,-1,-11,-1,-9,-1,-8,-1,-7,-1,-5,0,-4,0,-2,0,0,1,2,2,3,2,5,2,6,3,8,4,8,4,8,4,8,4,8,4,8,0,0,3,6,2,4,1,2,0,1,0,0,-1,-2,-2,-4,-2,-5,-4,-6,-4,-7,-5,-8,-4,-8,-4,-8,-5,-8,-4,-7,-4,-6,-4,-6,-3,-4,-2,-3,-2,-2,-1,0,0,0,0,2,0,3,0,4,1,4,0,0,0,0,0,0,0,0,0,0]"
CSI_DATA,23471,80:af:ca:27:52:2a,-55,11,1,0,1,1,1,0,0,0,0,-97,0,11,2,316699569,0,83,1,128,0,"[0,0,0,0,0,0,0,0,0,0,0,0,-3,0,-6,0,-8,0,-11,-1,-11,-1,-12,-2,-13,-1,-13,-1,-13,-1,-11,-1,-11,-2,-9,-1,-6,-1,-4,-1,-2,0,0,-1,2,0,4,-1,6,-1,8,-1,9,-1,11,-1,11,-2,11,-2,12,-2,11,-2,0,0,8,-2,6,-1,4,-1,2,-1,0,0,-2,0,-4,0,-6,0,-8,0,-9,0,-11,0,-11,0,-11,0,-11,1,-10,0,-9,1,-8,0,-6,0,-4,0,-2,0,0,0,0,0,2,0,3,0,4,0,5,0,0,0,0,0,0,0,0,0,0,0]"
CSI_DATA,23472,80:af:ca:27:52:2a,-55,11,1,0,1,1,1,0,0,0,0,-97,0,11,2,316708766,0,83,1,128,0,"[0,0,0,0,0,0,0,0,0,0,0,0,1,-10,1,-9,1,-8,1,-7,1,-5,0,-3,0,-1,0,0,0,2,0,4,0,5,0,7,0,8,0,8,0,9,0,9,0,9,0,8,0,7,0,6,0,4,0,3,0,1,0,0,0,-2,0,-4,0,0,-1,-7,-1,-8,-1,-9,-1,-9,-1,-9,-1,-9,-1,-8,-1,-7,-1,-6,-1,-5,-1,-3,-1,-2,-1,0,-1,1,0,2,0,3,0,5,0,5,0,6,0,6,0,6,0,6,0,5,0,5,0,4,0,3,0,0,0,0,0,0,0,0,0,0]"
CSI_DATA,23473,80:af:ca:27:52:2a,-55,11,1,2,1,1,1,0,0,0,0,-97,0,11,2,316715498,0,83,1,128,0,"[0,0,0,0,0,0,0,0,0,0,0,0,2,0,4,1,5,2,7,4,8,5,8,5,8,5,8,6,8,5,8,5,7,5,5,4,4,2,2,2,1,0,0,0,-2,-1,-4,-2,-5,-3,-6,-4,-8,-5,-8,-5,-9,-5,-9,-5,-9,-5,-8,-5,0,0,-7,-4,-5,-2,-4,-2,-2,-1,0,0,0,0,2,2,3,2,4,3,5,5,5,5,6,5,6,5,6,5,5,5,5,4,4,3,3,2,2,2,1,0,0,0,0,-1,0,-2,-1,-3,-2,-4,-2,-5,0,0,0,0,0,0,0,0,0,0]"
CSI_DATA,23474,80:af:ca:27:52:2a,-54,11,1,0,1,1,1,0,0,0,0,-97,0,11,2,316734499,0,83,1,128,0,"[0,0,0,0,0,0,0,0,0,0,0,0,-6,-8,-5,-7,-4,-6,-4,-5,-2,-4,-1,-2,0,-1,1,0,1,1,3,2,4,4,5,4,5,5,6,5,6,6,6,6,6,5,5,5,5,4,4,3,2,2,1,1,0,0,0,0,-2,-1,-4,-2,0,0,-5,-4,-6,-5,-7,-5,-8,-5,-7,-5,-7,-5,-6,-5,-6,-4,-5,-3,-4,-2,-3,-1,-1,-1,0,0,0,1,1,1,2,2,3,3,4,3,4,4,4,4,4,4,4,4,4,3,4,3,3,2,2,2,0,0,0,0,0,0,0,0,0,0]"
CSI_DATA,23475,80:af:ca:27:52:2a,-55,11,1,0,1,1,1,0,0,0,0,-97,0,11,2,316753996,0,83,1,128,0,"[0,0,0,0,0,0,0,0,0,0,0,0,7,0,7,0,6,0,5,0,3,0,2,0,0,0,0,0,-1,0,-2,1,-4,1,-5,1,-6,2,-6,2,-7,2,-7,2,-6,2,-6,2,-5,2,-4,1,-3,1,-2,0,-1,0,0,0,0,-1,1,-2,0,0,3,-4,4,-4,4,-5,4,-5,4,-5,4,-5,4,-5,3,-5,2,-4,1,-3,1,-2,0,-1,0,0,0,0,-1,1,-2,2,-2,2,-2,3,-3,4,-3,4,-3,4,-3,4,-2,4,-2,3,-2,3,-1,2,0,0,0,0,0,0,0,0,0,0]"
CSI_DATA,23476,80:af:ca:27:52:2a,-55,11,1,0,1,1,1,0,0,0,0,-97,0,11,2,316762830,0,83,1,128,0,"[0,0,0,0,0,0,0,0,0,0,0,0,-2,-2,-1,-5,-1,-6,0,-8,0,-9,0,-10,0,-10,0,-10,0,-10,0,-9,0,-8,0,-7,0,-6,0,-4,0,-2,0,0,0,2,0,3,0,5,0,6,0,8,1,8,1,8,2,9,1,10,2,8,0,0,1,7,0,5,0,3,0,2,0,0,0,-2,0,-4,0,-5,-1,-7,-1,-8,-2,-9,-1,-9,-1,-9,-2,-9,-1,-8,-1,-8,-1,-7,-1,-5,-1,-4,-1,-2,0,-1,0,0,-1,1,0,2,-1,4,-1,4,0,0,0,0,0,0,0,0,0,0]"
CSI_DATA,23477,80:af:ca:27:52:2a,-55,11,1,0,1,1,1,0,0,0,0,-97,0,11,2,316772925,0,83,1,128,0,"[0,0,0,0,0,0,0,0,0,0,0,0,2,0,4,0,6,0,8,0,8,0,9,0,10,0,10,0,9,0,8,0,8,0,6,0,4,0,3,0,1,0,0,0,-2,0,-4,0,-6,0,-7,0,-8,0,-9,0,-9,0,-10,0,-10,0,-9,0,0,0,-7,0,-5,0,-4,0,-2,0,0,0,1,0,3,0,4,0,6,0,6,0,7,0,8,0,8,0,8,0,7,0,6,0,5,0,4,0,2,0,1,0,0,0,0,-1,-2,-1,-3,-1,-4,-1,-4,-2,0,0,0,0,0,0,0,0,0,0]"
CSI_DATA,23478,80:af:ca:27:52:2a,-55,11,1,0,1,1,1,0,0,0,0,-97,0,11,2,316781296,0,83,1,128,0,"[0,0,0,0,0,0,0,0,0,0,0,0,2,7,2,7,1,6,1,5,0,4,0,2,0,1,0,0,-1,-1,-1,-2,-2,-4,-3,-5,-3,-6,-3,-6,-3,-7,-4,-7,-4,-6,-3,-6,-3,-5,-2,-4,-2,-4,-1,-2,0,-1,0,0,0,0,1,1,0,0,2,4,3,5,3,5,4,5,3,5,3,5,3,5,3,4,3,4,2,3,1,1,0,0,0,0,0,0,0,-1,-1,-2,-1,-3,-2,-4,-2,-4,-2,-4,-2,-4,-2,-4,-2,-4,-2,-4,-1,-3,-1,-3,0,0,0,0,0,0,0,0,0,0]"
CSI_DATA,23479,80:af:ca:27:52:2a,-55,11,1,0,1,1,1,0,0,0,0,-97,0,11,2,316788666,0,83,1,128,0,"[0,0,0,0,0,0,0,0,0,0,0,0,-4,0,-6,0,-8,-1,-9,-2,-10,-3,-11,-3,-11,-4,-11,-4,-10,-4,-9,-3,-8,-3,-6,-2,-4,-2,-3,-1,-1,0,0,0,2,0,4,1,6,2,6,2,8,3,8,4,8,4,9,4,8,4,8,3,0,0,6,2,4,1,3,0,1,0,0,-1,-1,-2,-3,-3,-4,-4,-5,-5,-6,-6,-6,-6,-6,-6,-6,-6,-6,-6,-6,-6,-6,-5,-4,-4,-4,-3,-3,-2,-2,-1,-1,0,0,0,0,2,0,3,0,4,0,4,0,0,0,0,0,0,0,0,0,0]"
CSI_DATA,23480,80:af:ca:27:52:2a,-55,11,1,0,1,1,1,0,0,0,0,-97,0,11,2,316796057,0,83,1,128,0,"[0,0,0,0,0,0,0,0,0,0,0,0,3,-1,5,0,7,0,8,0,9,0,10,0,11,0,10,0,10,0,8,0,8,0,6,0,4,0,2,0,0,0,-1,0,-3,0,-4,0,-6,0,-8,0,-8,0,-10,0,-10,0,-11,0,-11,0,-9,0,0,0,-7,0,-6,0,-4,0,-2,0,0,0,2,0,4,0,5,0,6,0,7,0,8,0,8,0,8,0,8,0,8,0,6,0,6,0,4,0,3,0,1,0,0,-1,-1,-1,-2,-1,-3,-2,-4,-2,-4,-2,0,0,0,0,0,0,0,0,0,0]"
CSI_DATA,23481,80:af:ca:27:52:2a,-55,11,1,0,1,1,1,0,0,0,0,-97,0,11,2,316808439,0,83,1,128,0,"[0,0,0,0,0,0,0,0,0,0,0,0,-3,7,-3,7,-3,6,-3,5,-2,3,-2,2,-1,0,-1,-1,0,-2,0,-4,1,-5,1,-6,1,-7,1,-8,1,-8,1,-8,1,-8,1,-7,1,-6,1,-5,0,-4,0,-3,0,-1,0,0,0,1,0,3,0,0,-1,5,-1,6,-1,7,-1,7,-1,7,-1,7,-1,7,-1,6,-1,5,0,4,0,2,0,1,0,0,0,-1,1,-2,1,-3,1,-4,1,-5,1,-5,1,-6,1,-6,1,-5,1,-5,1,-5,1,-4,0,-3,0,0,0,0,0,0,0,0,0,0]"
CSI_DATA,23482,80:af:ca:27:52:2a,-55,11,1,0,1,1,1,0,0,0,0,-97,0,11,2,316817836,0,83,1,128,0,"[0,0,0,0,0,0,0,0,0,0,0,0,-4,0,-6,-2,-8,-3,-9,-4,-10,-5,-10,-6,-11,-6,-10,-6,-10,-6,-10,-5,-8,-5,-7,-4,-5,-3,-3,-2,-1,-1,1,-1,3,0,5,0,7,0,8,0,10,0,10,0,11,0,12,0,11,0,10,0,0,0,8,0,6,0,4,0,1,0,0,0,-3,0,-5,0,-7,0,-8,0,-10,0,-11,0,-11,0,-11,0,-10,0,-10,0,-9,0,-7,0,-6,0,-4,0,-2,0,0,0,0,0,2,0,4,0,5,0,6,0,0,0,0,0,0,0,0,0,0,0]"
CSI_DATA,23483,80:af:ca:27:52:2a,-55,11,1,2,1,1,1,0,0,0,0,-97,0,11,2,316825017,0,83,1,128,0,"[0,0,0,0,0,0,0,0,0,0,0,0,-3,-1,-4,-2,-6,-4,-6,-5,-7,-6,-7,-6,-8,-7,-7,-7,-7,-7,-6,-6,-6,-6,-4,-4,-3,-4,-2,-2,0,-1,0,0,2,1,3,2,4,3,5,4,6,4,6,5,7,6,7,6,6,5,6,5,0,0,5,3,4,2,2,1,1,0,0,-1,-1,-2,-2,-3,-3,-4,-4,-6,-5,-6,-6,-6,-6,-7,-6,-7,-6,-7,-5,-6,-4,-6,-4,-5,-3,-4,-2,-3,-2,-1,-1,0,0,0,0,2,0,3,0,4,0,4,0,0,0,0,0,0,0,0,0,0]"
CSI_DATA,23484,80:af:ca:27:52:2a,-55,11,1,0,1,1,1,0,0,0,0,-97,0,11,2,316832895,0,83,1,128,0,"[0,0,0,0,0,0,0,0,0,0,0,0,-2,-1,-4,-3,-5,-4,-6,-6,-7,-7,-7,-7,-8,-7,-7,-7,-7,-7,-7,-7,-6,-7,-5,-5,-4,-4,-2,-3,-1,-2,0,0,1,0,2,1,4,2,5,3,6,4,7,4,7,4,8,4,8,4,7,4,0,0,6,3,4,2,3,2,2,0,0,0,-1,-1,-2,-2,-4,-3,-5,-4,-7,-4,-7,-4,-7,-5,-7,-5,-7,-5,-7,-4,-7,-4,-5,-4,-4,-2,-3,-2,-2,-1,-1,0,0,0,0,1,1,2,2,2,2,3,0,0,0,0,0,0,0,0,0,0]"
CSI_DATA,23485,80:af:ca:27:52:2a,-55,11,1,0,1,1,1,0,0,0,0,-97,0,11,2,316842092,0,83,1,128,0,"[0,0,0,0,0,0,0,0,0,0,0,0,-4,-1,-5,-2,-7,-4,-8,-6,-9,-6,-10,-7,-11,-7,-11,-7,-11,-8,-10,-6,-8,-6,-7,-5,-6,-4,-4,-3,-2,-2,0,0,2,0,4,1,6,2,7,2,8,3,9,4,10,4,11,3,11,4,10,3,0,0,7,2,6,2,4,1,2,0,0,0,-2,-1,-4,-2,-5,-2,-7,-3,-8,-3,-9,-3,-9,-4,-10,-4,-9,-3,-8,-3,-8,-2,-7,-2,-5,-1,-4,-1,-2,0,-1,0,0,0,1,1,2,1,3,2,4,2,0,0,0,0,0,0,0,0,0,0]"
CSI_DATA,23486,80:af:ca:27:52:2a,-55,11,1,0,1,1,1,0,0,0,0,-97,0,11,2,316850675,0,83,1,128,0,"[0,0,0,0,0,0,0,0,0,0,0,0,0,3,0,5,0,7,0,8,-1,9,-1,10,-1,10,-1,10,-2,10,-1,8,-2,8,-1,6,-1,4,-1,2,0,0,0,-1,0,-3,0,-4,0,-6,0,-8,0,-8,0,-10,0,-10,0,-10,0,-10,0,-9,0,0,0,-7,0,-5,0,-4,0,-2,-1,0,-1,2,-2,3,-2,4,-2,6,-2,6,-2,8,-2,8,-2,8,-2,8,-2,7,-2,6,-2,5,-1,4,0,2,0,2,0,0,0,0,1,-1,2,-2,2,-3,2,-4,0,0,0,0,0,0,0,0,0,0]"
CSI_DATA,23487,80:af:ca:27:52:2a,-55,11,1,0,1,1,1,0,0,0,0,-97,0,11,2,316872141,0,83,1,128,0,"[0,0,0,0,0,0,0,0,0,0,0,0,-3,0,-5,0,-7,0,-9,-1,-9,-1,-10,-1,-11,-1,-11,-1,-10,-1,-9,-1,-9,-1,-7,-1,-5,-1,-4,-1,-2,0,0,-1,2,-1,4,-1,5,-1,7,-1,8,-1,9,-1,9,-1,9,-2,9,-2,9,-2,0,0,7,-2,4,-1,3,-1,1,0,0,0,-2,0,-4,0,-5,0,-7,0,-8,1,-9,1,-9,1,-9,1,-9,1,-8,1,-7,1,-7,1,-5,1,-3,0,-2,0,0,0,0,0,2,0,3,0,4,0,4,0,0,0,0,0,0,0,0,0,0,0]"
CSI_DATA,23488,80:af:ca:27:52:2a,-55,11,1,0,1,1,1,0,0,0,0,-97,0,11,2,316879995,0,83,1,128,0,"[0,0,0,0,0,0,0,0,0,0,0,0,-4,1,-6,0,-8,1,-11,0,-11,0,-12,0,-13,0,-13,0,-13,0,-11,0,-11,0,-9,0,-6,0,-4,0,-2,0,0,-1,2,-2,4,-2,6,-3,8,-4,9,-4,10,-4,11,-5,11,-5,11,-5,10,-5,0,0,7,-4,5,-3,3,-2,1,-1,0,0,-2,0,-4,2,-6,2,-8,3,-8,4,-9,5,-10,5,-10,4,-9,5,-8,4,-8,4,-6,4,-5,3,-4,2,-2,1,0,0,0,0,2,-1,4,-2,4,-2,5,-2,0,0,0,0,0,0,0,0,0,0]"
CSI_DATA,23489,80:af:ca:27:52:2a,-55,11,1,0,1,1,1,0,0,0,0,-97,0,11,2,316887970,0,83,1,128,0,"[0,0,0,0,0,0,0,0,0,0,0,0,2,-1,4,-1,6,0,8,0,8,0,9,0,9,0,9,0,9,0,8,0,7,0,6,0,4,0,2,0,0,0,-1,0,-2,0,-4,0,-6,0,-7,0,-8,0,-9,0,-10,0,-10,0,-10,0,-9,0,0,0,-7,0,-5,0,-4,0,-2,0,0,0,2,0,3,0,4,0,6,1,7,1,8,1,8,1,8,1,8,1,7,1,6,1,5,0,4,0,3,0,2,0,0,-1,0,-1,-2,-2,-2,-2,-3,-3,-4,-3,0,0,0,0,0,0,0,0,0,0]"
CSI_DATA,23490,80:af:ca:27:52:2a,-54,11,1,0,1,1,1,0,0,0,0,-97,0,11,2,316907364,0,83,1,128,0,"[0,0,0,0,0,0,0,0,0,0,0,0,-9,1,-9,1,-8,1,-7,0,-5,0,-3,0,-1,0,0,-1,1,-1,3,-1,4,-2,6,-2,7,-2,8,-2,8,-3,8,-3,8,-3,7,-3,6,-2,5,-2,4,-2,2,-1,1,-1,0,0,-2,0,-3,1,0,0,-6,2,-7,2,-7,3,-8,3,-8,3,-7,3,-7,3,-6,2,-5,2,-4,2,-3,1,-1,0,0,0,1,0,2,-1,3,-1,4,-1,4,-2,4,-2,5,-2,5,-2,4,-2,4,-2,4,-2,3,-1,2,-1,0,0,0,0,0,0,0,0,0,0]"
CSI_DATA,23491,80:af:ca:27:52:2a,-55,11,1,2,1,1,1,0,0,0,0,-97,0,11,2,316915018,0,83,1,128,0,"[0,0,0,0,0,0,0,0,0,0,0,0,2,2,2,4,3,5,4,7,4,8,4,8,5,9,5,9,4,9,4,8,3,7,2,6,2,4,0,2,0,0,-1,0,-2,-2,-2,-4,-3,-5,-5,-7,-5,-8,-5,-8,-6,-9,-6,-9,-6,-8,-5,-8,0,0,-5,-5,-3,-5,-2,-3,-2,-1,0,0,0,1,0,3,2,4,2,5,2,6,3,7,3,8,3,8,3,7,3,7,3,6,2,5,2,4,2,2,1,1,0,0,0,-1,0,-2,0,-3,0,-4,0,-5,0,0,0,0,0,0,0,0,0,0]"
CSI_DATA,23492,80:af:ca:27:52:2a,-55,11,1,0,1,1,1,0,0,0,0,-97,0,11,2,316924000,0,83,1,128,0,"[0,0,0,0,0,0,0,0,0,0,0,0,-8,-4,-7,-4,-6,-3,-5,-3,-3,-2,-2,-2,0,-1,1,0,2,0,3,1,5,2,6,2,7,3,7,3,8,3,8,3,7,3,7,2,6,2,5,2,3,1,2,0,0,0,0,0,-2,-1,-3,-1,0,0,-6,-3,-7,-3,-8,-3,-8,-3,-8,-3,-8,-3,-7,-3,-6,-3,-6,-2,-4,-2,-3,-1,-2,0,0,0,0,1,1,1,2,2,3,3,4,3,4,3,4,3,4,3,4,3,4,3,3,3,3,2,2,2,0,0,0,0,0,0,0,0,0,0]"
CSI_DATA,23493,80:af:ca:27:52:2a,-55,11,1,2,1,1,1,0,0,0,0,-97,0,11,2,316957603,0,83,1,128,0,"[0,0,0,0,0,0,0,0,0,0,0,0,2,0,4,0,6,1,6,2,7,3,8,3,8,4,8,4,8,4,7,3,6,3,5,2,4,2,2,1,0,0,0,0,-2,0,-4,-1,-6,-2,-7,-2,-8,-2,-9,-2,-9,-2,-10,-2,-9,-2,-9,-2,0,0,-7,-2,-5,-1,-4,0,-2,0,0,0,1,0,2,1,4,1,6,2,6,2,7,2,8,2,8,2,8,2,7,2,6,2,6,1,4,1,3,0,2,0,0,0,0,-1,-2,-2,-2,-2,-3,-3,-4,-4,0,0,0,0,0,0,0,0,0,0]"
CSI_DATA,23494,80:af:ca:27:52:2a,-55,11,1,2,1,1,1,0,0,0,0,-97,0,11,2,316962635,0,83,1,128,0,"[0,0,0,0,0,0,0,0,0,0,0,0,-2,1,-4,2,-6,2,-8,2,-9,2,-10,2,-11,2,-11,2,-11,2,-10,2,-9,2,-8,2,-6,1,-4,0,-2,0,0,0,0,-1,2,-2,4,-2,5,-4,7,-4,8,-5,8,-5,8,-5,8,-5,8,-5,0,0,6,-4,5,-3,3,-2,2,-2,0,0,-1,0,-3,1,-5,2,-6,2,-7,3,-8,4,-8,4,-8,4,-8,4,-8,4,-7,3,-5,3,-5,2,-3,1,-2,1,0,0,0,0,1,0,2,-1,3,-1,4,-1,0,0,0,0,0,0,0,0,0,0]"
CSI_DATA,23495,80:af:ca:27:52:2a,-55,11,1,0,1,1,1,0,0,0,0,-97,0,11,2,316971310,0,83,1,128,0,"[0,0,0,0,0,0,0,0,0,0,0,0,2,2,2,5,2,8,2,10,2,11,2,13,2,13,2,13,2,13,2,12,1,10,1,9,0,7,0,5,0,2,-1,0,-2,-2,-3,-5,-4,-7,-5,-8,-5,-10,-6,-10,-7,-10,-7,-11,-7,-11,-7,-10,0,0,-5,-8,-4,-6,-3,-4,-2,-2,0,0,0,1,2,3,3,5,5,6,5,7,6,8,6,8,6,8,6,8,5,7,5,6,5,5,3,3,2,2,1,1,0,0,0,-1,-1,-2,-2,-4,-2,-5,-3,-5,0,0,0,0,0,0,0,0,0,0]"
CSI_DATA,23496,80:af:ca:27:52:2a,-55,11,1,0,1,1,1,0,0,0,0,-97,0,11,2,316986963,0,83,1,128,0,"[0,0,0,0,0,0,0,0,0,0,0,0,0,3,-1,5,-2,7,-3,8,-3,9,-4,10,-4,10,-4,9,-4,8,-4,8,-4,7,-3,6,-2,4,-2,2,0,0,0,-1,0,-3,1,-4,2,-6,2,-7,3,-8,3,-9,3,-10,3,-10,3,-10,2,-9,0,0,2,-6,1,-5,0,-4,0,-2,-1,0,-2,1,-3,2,-3,4,-4,5,-4,6,-5,7,-5,7,-5,7,-5,7,-4,6,-4,6,-3,4,-2,4,-2,2,0,2,0,0,0,0,1,-1,2,-2,3,-2,4,-2,0,0,0,0,0,0,0,0,0,0]"
CSI_DATA,23497,80:af:ca:27:52:2a,-54,11,1,2,1,1,1,0,0,0,0,-97,0,11,2,316995127,0,83,1,128,0,"[0,0,0,0,0,0,0,0,0,0,0,0,-1,3,-2,5,-3,6,-5,8,-5,8,-5,9,-6,9,-6,8,-6,8,-5,7,-5,6,-4,5,-2,3,-2,2,-1,0,0,-1,0,-2,2,-4,2,-5,3,-7,4,-8,4,-8,5,-9,5,-9,4,-9,4,-8,0,0,2,-6,2,-5,0,-3,0,-2,-1,0,-2,1,-3,2,-4,3,-5,5,-5,5,-5,6,-6,6,-6,6,-5,6,-5,5,-5,5,-4,4,-3,3,-2,2,-1,1,0,0,0,0,2,-1,2,-1,3,-2,4,-2,0,0,0,0,0,0,0,0,0,0]"
CSI_DATA,23498,80:af:ca:27:52:2a,-55,11,1,0,1,1,1,0,0,0,0,-97,0,11,2,317008228,0,83,1,128,0,"[0,0,0,0,0,0,0,0,0,0,0,0,1,-2,3,-3,5,-4,7,-4,8,-5,9,-5,10,-5,9,-5,9,-5,8,-5,8,-5,7,-4,5,-3,3,-2,1,0,0,0,-1,1,-2,2,-5,4,-5,5,-6,5,-8,6,-8,7,-8,8,-8,8,-7,7,0,0,-5,5,-4,4,-3,2,-2,1,0,0,0,-1,2,-3,3,-4,4,-5,5,-7,5,-8,5,-8,5,-8,5,-8,5,-7,5,-6,3,-5,2,-5,1,-3,0,-2,0,-1,-1,0,-2,0,-2,2,-3,2,-4,2,0,0,0,0,0,0,0,0,0,0]"
CSI_DATA,23499,80:af:ca:27:52:2a,-55,11,1,0,1,1,1,0,0,0,0,-97,0,11,2,317016435,0,83,1,128,0,"[0,0,0,0,0,0,0,0,0,0,0,0,0,7,0,6,0,5,0,5,0,4,0,2,0,1,0,0,-1,-1,-1,-2,-1,-4,-2,-5,-2,-5,-2,-6,-2,-6,-3,-7,-2,-6,-2,-6,-2,-5,-2,-5,-1,-4,-1,-2,0,-1,0,0,0,0,1,1,0,0,2,4,3,5,3,5,3,5,3,5,3,5,3,5,3,4,2,4,2,3,1,2,0,0,0,0,0,-1,0,-2,-1,-2,-1,-3,-2,-4,-2,-4,-2,-4,-2,-5,-2,-5,-2,-4,-2,-4,-2,-3,-1,-3,0,0,0,0,0,0,0,0,0,0]"
CSI_DATA,23500,80:af:ca:27:52:2a,-55,11,1,0,1,1,1,0,0,0,0,-97,0,11,2,317023570,0,83,1,128,0,"[0,0,0,0,0,0,0,0,0,0,0,0,0,-3,1,-5,3,-7,5,-8,5,-9,6,-9,7,-10,6,-10,7,-9,6,-9,5,-8,5,-7,3,-5,2,-3,1,-1,0,0,0,2,-1,4,-3,5,-3,7,-4,9,-4,9,-5,10,-5,11,-5,11,-4,10,0,0,-3,7,-2,6,-1,3,0,1,0,0,0,-1,1,-3,1,-5,3,-7,3,-9,3,-10,3,-10,3,-10,3,-10,3,-9,3,-9,2,-7,1,-6,1,-5,0,-3,0,-1,-1,0,-1,1,-2,2,-3,3,-3,4,0,0,0,0,0,0,0,0,0,0]"
CSI_DATA,23501,80:af:ca:27:52:2a,-55,11,1,2,1,1,1,0,0,0,0,-97,0,11,2,317043808,0,83,1,128,0,"[0,0,0,0,0,0,0,0,0,0,0,0,2,-1,4,-1,6,-1,8,-1,10,-1,10,-1,11,-1,11,-1,11,0,10,0,9,0,7,0,6,0,3,0,1,0,0,0,-2,0,-4,0,-6,0,-8,1,-9,1,-10,1,-10,2,-11,2,-11,2,-10,2,0,0,-8,1,-6,1,-4,0,-3,0,0,0,1,0,3,0,5,0,6,-1,7,-1,8,-1,9,-1,9,-1,9,-1,8,-1,7,-1,6,-1,5,-1,3,-1,2,0,0,-1,0,0,-2,0,-3,0,-4,-1,-5,-1,0,0,0,0,0,0,0,0,0,0]"
CSI_DATA,23502,80:af:ca:27:52:2a,-54,11,1,0,1,1,1,0,0,0,0,-97,0,11,2,317051250,0,83,1,128,0,"[0,0,0,0,0,0,0,0,0,0,0,0,-9,-2,-8,-2,-7,-2,-5,-2,-4,-2,-2,-1,0,-1,1,0,2,0,4,0,5,1,7,1,7,2,8,2,8,2,8,2,8,2,7,2,6,1,5,1,4,1,2,0,0,0,0,-1,-2,-1,-4,-2,0,0,-6,-3,-7,-3,-8,-4,-8,-4,-8,-4,-8,-4,-7,-4,-6,-3,-5,-2,-4,-2,-3,-1,-2,0,-1,0,0,1,1,2,2,2,2,3,3,4,4,4,4,4,4,4,4,4,3,4,3,4,2,3,2,2,0,0,0,0,0,0,0,0,0,0]"
CSI_DATA,23503,80:af:ca:27:52:2a,-55,11,1,0,1,1,1,0,0,0,0,-97,0,11,2,317061790,0,83,1,128,0,"[0,0,0,0,0,0,0,0,0,0,0,0,7,-4,6,-3,5,-3,4,-2,3,-1,2,-1,1,0,0,0,-2,1,-3,2,-4,3,-5,3,-6,3,-6,4,-6,4,-6,4,-6,4,-5,4,-5,3,-4,3,-3,2,-2,1,-1,0,0,0,1,-1,2,-2,0,0,3,-4,4,-5,4,-5,5,-5,5,-5,5,-5,4,-5,4,-4,3,-4,2,-3,1,-2,0,-1,0,0,-1,0,-2,1,-3,2,-3,2,-4,2,-4,3,-4,3,-4,3,-4,3,-4,3,-4,2,-3,2,-2,1,0,0,0,0,0,0,0,0,0,0]"
CSI_DATA,23504,80:af:ca:27:52:2a,-55,11,1,0,1,1,1,0,0,0,0,-97,0,11,2,317071389,0,83,1,128,0,"[0,0,0,0,0,0,0,0,0,0,0,0,-2,-8,-2,-8,-1,-7,-1,-6,0,-4,0,-3,0,-1,0,0,1,1,2,3,2,4,3,5,3,6,3,7,3,7,3,7,3,7,3,6,3,5,2,4,1,3,1,2,0,1,0,0,-1,-2,-2,-3,0,0,-3,-5,-4,-6,-4,-6,-5,-7,-5,-7,-4,-7,-4,-6,-4,-5,-3,-4,-3,-3,-2,-2,-1,-1,-1,0,0,1,0,2,1,3,2,4,2,4,2,5,3,5,2,5,2,5,2,4,2,4,2,3,1,2,0,0,0,0,0,0,0,0,0,0]"
CSI_DATA,23505,80:af:ca:27:52:2a,-55,11,1,0,1,1,1,0,0,0,0,-97,0,11,2,317077961,0,83,1,128,0,"[0,0,0,0,0,0,0,0,0,0,0,0,-8,-3,-7,-2,-6,-2,-5,-2,-4,-2,-2,-2,-1,-1,0,-1,2,0,4,0,5,0,6,0,7,0,8,0,8,0,8,0,8,0,7,0,6,0,5,0,4,0,2,0,1,0,-1,0,-2,0,-4,0,0,0,-6,1,-7,1,-8,1,-8,1,-8,1,-8,1,-7,1,-7,1,-6,1,-4,1,-3,0,-1,0,0,0,1,0,2,0,3,0,4,-1,5,-1,6,-1,6,-1,6,-1,6,-1,5,-1,5,-1,4,-1,3,-1,0,0,0,0,0,0,0,0,0,0]"
CSI_DATA,23506,80:af:ca:27:52:2a,-54,11,1,0,1,1,1,0,0,0,0,-97,0,11,2,317093490,0,83,1,128,0,"[0,0,0,0,0,0,0,0,0,0,0,0,7,0,7,0,6,0,5,0,4,0,2,0,1,0,0,0,-2,0,-3,1,-5,1,-6,1,-7,1,-7,1,-7,1,-8,1,-7,1,-7,1,-6,1,-5,1,-4,1,-3,0,-1,0,0,0,1,-1,2,-1,0,0,4,-2,5,-3,6,-3,6,-3,6,-3,6,-3,6,-3,5,-3,4,-3,3,-2,2,-2,1,-1,0,0,-1,0,-2,0,-3,1,-4,1,-4,1,-5,2,-5,2,-5,2,-5,2,-5,1,-4,1,-4,1,-3,1,0,0,0,0,0,0,0,0,0,0]"
CSI_DATA,23507,80:af:ca:27:52:2a,-54,11,1,0,1,1,1,0,0,0,0,-97,0,11,2,317100965,0,83,1,128,0,"[0,0,0,0,0,0,0,0,0,0,0,0,3,-7,3,-7,3,-6,3,-5,2,-4,1,-2,0,-1,0,0,0,1,-1,3,-2,4,-2,5,-3,6,-3,6,-3,6,-3,7,-3,7,-2,6,-2,5,-2,4,-1,3,-1,2,0,1,0,0,0,-1,0,-3,0,0,1,-5,1,-6,2,-7,2,-7,2,-7,2,-7,2,-6,1,-6,1,-5,0,-4,0,-3,0,-2,0,0,-1,0,-1,1,-2,2,-2,3,-2,3,-2,4,-2,4,-3,4,-3,4,-3,4,-2,3,-2,3,-2,2,0,0,0,0,0,0,0,0,0,0]"
CSI_DATA,23508,80:af:ca:27:52:2a,-55,11,1,0,1,1,1,0,0,0,0,-97,0,11,2,317107939,0,83,1,128,0,"[0,0,0,0,0,0,0,0,0,0,0,0,8,-3,7,-3,7,-3,6,-2,4,-1,3,-1,1,0,0,0,-2,1,-3,1,-5,2,-6,3,-7,3,-7,3,-7,3,-8,4,-7,3,-7,3,-6,3,-5,2,-4,2,-3,1,-1,0,0,0,1,-1,2,-1,0,0,4,-3,6,-3,6,-4,6,-4,6,-4,6,-4,6,-4,5,-3,4,-3,3,-2,2,-2,1,-1,0,-1,-1,0,-2,0,-3,0,-4,1,-5,1,-5,1,-5,1,-5,1,-5,1,-5,1,-5,1,-4,1,-3,0,0,0,0,0,0,0,0,0,0,0]"
CSI_DATA,23509,80:af:ca:27:52:2a,-54,11,1,0,1,1,1,0,0,0,0,-97,0,11,2,317117292,0,83,1,128,0,"[0,0,0,0,0,0,0,0,0,0,0,0,-11,-2,-10,-2,-8,-2,-7,-2,-4,-2,-2,-1,0,-1,1,0,3,0,5,0,6,1,8,1,8,2,9,2,9,2,10,2,9,2,8,2,7,1,5,1,4,1,2,0,1,0,0,-1,-2,-1,-4,-2,0,0,-7,-3,-8,-4,-9,-4,-10,-4,-9,-4,-9,-4,-8,-4,-7,-3,-7,-2,-5,-2,-4,-1,-2,0,-1,0,0,1,1,2,2,2,3,4,4,4,4,5,4,5,4,5,4,5,4,5,3,4,3,4,2,2,0,0,0,0,0,0,0,0,0,0]"
CSI_DATA,23510,80:af:ca:27:52:2a,-55,11,1,0,1,1,1,0,0,0,0,-97,0,11,2,317126108,0,83,1,128,0,"[0,0,0,0,0,0,0,0,0,0,0,0,-1,-9,-1,-8,0,-7,0,-6,0,-4,0,-3,0,-1,0,0,0,2,1,3,1,5,1,7,1,7,1,8,1,8,1,8,1,8,1,7,1,6,1,5,0,3,0,2,0,1,0,0,-1,-2,-1,-3,0,0,-2,-6,-2,-7,-2,-8,-3,-8,-2,-8,-2,-8,-2,-7,-2,-7,-2,-6,-2,-4,-1,-3,-1,-1,0,0,0,1,0,2,0,3,0,4,0,5,0,6,1,6,0,6,0,6,0,5,0,4,0,4,0,3,0,0,0,0,0,0,0,0,0,0]"
CSI_DATA,23511,80:af:ca:27:52:2a,-55,11,1,0,1,1,1,0,0,0,0,-97,0,11,2,317144600,0,83,1,128,0,"[0,0,0,0,0,0,0,0,0,0,0,0,3,8,3,7,2,6,2,6,1,4,0,3,-1,1,-2,0,-3,-1,-4,-3,-5,-4,-6,-5,-6,-6,-7,-6,-7,-6,-7,-6,-7,-6,-6,-5,-6,-4,-5,-4,-4,-3,-2,-2,-1,-1,0,0,2,0,3,1,0,0,6,2,7,2,8,3,8,2,8,3,8,2,8,2,7,1,6,1,4,0,3,0,1,0,0,0,-1,-1,-3,-1,-4,-2,-5,-2,-6,-2,-6,-2,-7,-1,-7,-2,-7,-2,-6,-1,-6,-1,-5,-1,-4,-1,0,0,0,0,0,0,0,0,0,0]"
CSI_DATA,23512,80:af:ca:27:52:2a,-55,11,1,0,1,1,1,0,0,0,0,-97,0,11,2,317163490,0,83,1,128,0,"[0,0,0,0,0,0,0,0,0,0,0,0,0,2,-2,4,-2,5,-4,7,-4,7,-5,8,-5,9,-4,9,-5,8,-4,7,-4,7,-4,6,-2,4,-2,2,-1,0,0,0,0,-2,0,-4,1,-5,2,-7,2,-8,2,-9,2,-9,2,-9,2,-9,2,-9,0,0,1,-7,1,-5,0,-4,0,-2,0,0,-1,1,-1,2,-2,4,-2,5,-2,7,-2,7,-2,7,-2,7,-2,7,-2,7,-2,6,-2,5,-1,4,0,2,0,1,0,0,0,0,0,-2,1,-2,2,-3,2,-4,0,0,0,0,0,0,0,0,0,0]"
CSI_DATA,23513,80:af:ca:27:52:2a,-55,11,1,0,1,1,1,0,0,0,0,-97,0,11,2,317197752,0,83,1,128,0,"[0,0,0,0,0,0,0,0,0,0,0,0,-3,0,-5,0,-7,0,-9,-1,-9,-2,-10,-2,-11,-2,-10,-2,-10,-2,-9,-2,-9,-2,-7,-2,-5,-1,-3,-1,-2,0,0,0,2,0,4,0,5,0,7,0,8,0,9,-1,9,-1,9,-1,9,-1,9,-1,0,0,7,-1,5,0,3,0,1,0,0,0,-2,0,-4,0,-5,0,-7,0,-8,0,-9,0,-9,0,-9,0,-9,0,-8,0,-7,0,-7,0,-5,0,-3,0,-2,0,0,0,0,0,2,0,3,0,4,0,4,0,0,0,0,0,0,0,0,0,0,0]"
CSI_DATA,23514,80:af:ca:27:52:2a,-55,11,1,2,1,1,1,0,0,0,0,-97,0,11,2,317214075,0,83,1,128,0,"[0,0,0,0,0,0,0,0,0,0,0,0,-2,0,-5,-2,-6,-2,-8,-4,-9,-4,-9,-5,-10,-5,-9,-5,-9,-5,-8,-5,-8,-5,-6,-4,-5,-3,-3,-2,-1,-1,0,0,1,0,3,2,5,2,5,4,7,4,8,5,8,5,8,5,8,5,8,5,0,0,5,3,4,2,2,1,2,0,0,0,-1,-2,-2,-3,-3,-5,-4,-6,-5,-7,-5,-7,-5,-8,-5,-8,-5,-8,-5,-8,-5,-7,-4,-5,-3,-5,-2,-3,-2,-2,-1,0,-1,0,0,2,0,2,0,4,0,5,0,0,0,0,0,0,0,0,0,0]"
CSI_DATA,23515,80:af:ca:27:52:2a,-55,11,1,0,1,1,1,0,0,0,0,-97,0,11,2,317221647,0,83,1,128,0,"[0,0,0,0,0,0,0,0,0,0,0,0,-8,-1,-7,-1,-6,-1,-5,-1,-4,-1,-2,-1,-1,0,0,0,1,0,2,0,4,0,5,0,6,0,7,0,7,0,7,0,7,0,6,0,6,0,4,0,3,0,2,0,0,0,0,0,-1,0,-3,0,0,0,-5,0,-6,0,-7,0,-8,0,-8,0,-7,0,-7,0,-6,0,-5,0,-4,0,-3,0,-1,0,0,0,0,0,1,0,2,0,3,0,4,0,4,1,5,1,5,1,5,1,4,1,4,0,3,0,2,0,0,0,0,0,0,0,0,0,0,0]"
CSI_DATA,23516,80:af:ca:27:52:2a,-55,11,1,2,1,1,1,0,0,0,0,-97,0,11,2,317227833,0,83,1,128,0,"[0,0,0,0,0,0,0,0,0,0,0,0,2,1,3,3,4,5,5,6,5,7,5,8,6,8,5,8,5,8,5,8,4,7,3,5,2,4,1,2,0,0,0,0,-2,-2,-3,-3,-4,-5,-5,-5,-6,-7,-7,-7,-7,-8,-7,-8,-7,-8,-7,-7,0,0,-5,-5,-4,-4,-3,-2,-2,-1,0,0,0,1,1,2,2,4,3,5,4,5,5,6,5,7,5,7,5,7,4,6,4,5,3,4,2,3,2,2,1,1,0,0,0,-1,0,-2,-1,-3,-1,-5,-1,-5,0,0,0,0,0,0,0,0,0,0]"
CSI_DATA,23517,80:af:ca:27:52:2a,-55,11,1,0,1,1,1,0,0,0,0,-97,0,11,2,317235900,0,83,1,128,0,"[0,0,0,0,0,0,0,0,0,0,0,0,-2,2,-4,2,-6,3,-8,4,-9,4,-9,4,-10,4,-9,4,-9,4,-9,4,-8,3,-7,2,-5,2,-3,1,-1,0,0,0,1,-2,3,-2,4,-3,6,-4,7,-4,8,-4,8,-4,8,-5,8,-5,7,-5,0,0,5,-4,4,-3,2,-2,1,-1,0,0,-2,0,-4,0,-5,1,-7,2,-7,2,-8,2,-8,2,-8,2,-8,2,-7,2,-7,2,-6,2,-4,1,-3,1,-2,0,0,0,0,0,1,0,2,0,3,0,4,0,0,0,0,0,0,0,0,0,0,0]"
CSI_DATA,23518,80:af:ca:27:52:2a,-55,11,1,0,1,1,1,0,0,0,0,-97,0,11,2,317258565,0,83,1,128,0,"[0,0,0,0,0,0,0,0,0,0,0,0,-8,-3,-7,-2,-6,-2,-5,-2,-4,-2,-2,-1,-1,-1,0,0,2,0,3,0,5,0,6,0,6,1,7,1,7,1,8,1,7,0,6,0,6,0,5,0,3,0,2,0,1,0,0,0,-2,0,-3,0,0,0,-6,0,-7,0,-7,0,-8,0,-7,-1,-7,0,-7,0,-6,0,-5,0,-4,0,-3,0,-2,0,0,0,1,0,2,0,3,0,4,0,4,0,5,1,5,1,5,1,5,1,4,1,4,1,3,1,2,0,0,0,0,0,0,0,0,0,0,0]"
CSI_DATA,23519,80:af:ca:27:52:2a,-55,11,1,0,1,1,1,0,0,0,0,-97,0,11,2,317267957,0,83,1,128,0,"[0,0,0,0,0,0,0,0,0,0,0,0,-3,0,-5,0,-7,-2,-8,-2,-9,-3,-9,-3,-10,-3,-10,-3,-10,-3,-9,-3,-8,-3,-7,-2,-5,-2,-3,-2,-1,-1,0,0,2,0,4,0,5,0,7,0,8,0,9,0,9,0,10,0,10,0,9,0,0,0,7,0,5,0,3,0,2,0,0,0,-2,0,-4,0,-5,0,-7,0,-8,0,-9,0,-9,0,-9,0,-9,0,-8,0,-7,0,-7,0,-5,0,-4,0,-2,0,0,0,0,0,1,0,2,0,4,1,4,1,0,0,0,0,0,0,0,0,0,0]"
CSI_DATA,23520,80:af:ca:27:52:2a,-55,11,1,0,1,1,1,0,0,0,0,-97,0,11,2,317276168,0,83,1,128,0,"[0,0,0,0,0,0,0,0,0,0,0,0,-7,-2,-7,-2,-5,-2,-5,-2,-3,-1,-2,-1,0,-1,0,-1,1,-1,3,-1,4,-1,5,-1,6,-1,6,-1,7,-1,7,-1,6,-1,6,-1,5,-1,4,-1,3,0,2,0,0,0,0,0,-1,0,-2,1,0,0,-4,2,-5,3,-6,3,-6,4,-6,4,-6,3,-5,3,-4,3,-4,3,-3,2,-2,1,0,0,0,0,0,0,1,-1,2,-2,2,-3,3,-3,3,-3,3,-4,3,-4,3,-4,3,-3,2,-3,2,-3,1,-2,0,0,0,0,0,0,0,0,0,0]"
CSI_DATA,23521,80:af:ca:27:52:2a,-56,11,1,0,1,1,1,0,0,0,0,-97,0,11,2,317284280,0,83,1,128,0,"[0,0,0,0,0,0,0,0,0,0,0,0,-3,0,-4,-2,-5,-3,-6,-4,-7,-5,-7,-5,-7,-5,-7,-5,-7,-5,-7,-5,-5,-5,-5,-4,-3,-3,-2,-2,-1,-1,0,0,1,0,3,1,4,2,5,3,6,3,7,4,7,3,7,3,7,4,7,3,0,0,5,2,4,1,3,1,1,0,0,0,-1,-1,-2,-2,-3,-3,-5,-4,-5,-4,-7,-5,-7,-5,-7,-5,-7,-5,-6,-5,-5,-4,-5,-3,-4,-3,-3,-2,-2,-1,-1,0,0,0,0,1,1,2,1,3,1,3,0,0,0,0,0,0,0,0,0,0]"
CSI_DATA,23522,80:af:ca:27:52:2a,-55,11,1,0,1,1,1,0,0,0,0,-97,0,11,2,317292024,0,83,1,128,0,"[0,0,0,0,0,0,0,0,0,0,0,0,2,2,3,5,4,7,4,9,4,10,4,10,4,11,4,10,4,10,3,10,3,8,2,7,1,5,0,3,0,0,0,-1,-2,-3,-2,-5,-3,-6,-4,-8,-4,-9,-4,-10,-4,-10,-5,-11,-4,-11,-4,-10,0,0,-4,-8,-2,-6,-2,-4,-2,-2,-1,0,0,2,0,4,0,6,1,7,1,8,2,10,1,10,1,10,2,10,1,8,1,8,1,6,1,5,0,3,1,2,0,0,0,-1,0,-2,0,-4,1,-5,1,-6,0,0,0,0,0,0,0,0,0,0]"
CSI_DATA,23523,80:af:ca:27:52:2a,-55,11,1,0,1,1,1,0,0,0,0,-97,0,11,2,317331698,0,83,1,128,0,"[0,0,0,0,0,0,0,0,0,0,0,0,2,0,4,2,5,3,6,4,7,5,7,6,7,7,7,6,7,6,7,6,5,5,4,4,3,3,2,2,0,0,-1,0,-2,-1,-4,-2,-5,-3,-7,-4,-7,-4,-8,-4,-8,-5,-9,-4,-9,-4,-8,-4,0,0,-6,-3,-4,-2,-3,-2,-2,0,0,0,1,1,2,2,4,2,5,3,6,3,7,4,7,4,7,4,7,4,6,3,5,3,4,2,4,1,2,0,1,0,0,0,0,-1,-1,-2,-2,-3,-3,-4,-3,-4,0,0,0,0,0,0,0,0,0,0]"
CSI_DATA,23524,80:af:ca:27:52:2a,-54,11,1,0,1,1,1,0,0,0,0,-97,0,11,2,317339334,0,83,1,128,0,"[0,0,0,0,0,0,0,0,0,0,0,0,-8,2,-8,2,-7,1,-6,1,-4,0,-3,0,-1,0,0,-1,1,-2,2,-2,4,-3,5,-4,6,-4,6,-4,7,-4,7,-5,6,-4,6,-4,5,-4,4,-3,3,-2,1,-1,0,-1,0,0,-1,1,-2,2,0,0,-4,4,-5,4,-6,6,-6,6,-6,6,-6,6,-5,5,-4,4,-3,4,-2,3,-2,2,-1,1,0,0,1,-1,1,-2,2,-2,3,-3,3,-4,3,-4,3,-4,4,-4,4,-4,3,-4,3,-4,3,-3,2,-2,0,0,0,0,0,0,0,0,0,0]"
CSI_DATA,23525,80:af:ca:27:52:2a,-55,11,1,0,1,1,1,0,0,0,0,-97,0,11,2,317357409,0,83,1,128,0,"[0,0,0,0,0,0,0,0,0,0,0,0,-8,-5,-8,-5,-7,-4,-5,-4,-4,-3,-2,-2,-1,-1,0,0,2,0,4,1,5,2,6,3,7,4,8,4,8,4,9,4,8,4,7,3,7,3,5,2,4,2,3,1,1,0,0,0,-2,-1,-4,-2,0,0,-6,-3,-8,-4,-8,-4,-9,-4,-8,-4,-8,-4,-8,-4,-7,-3,-6,-3,-5,-2,-3,-1,-2,0,-1,0,0,1,1,2,2,2,3,3,4,3,4,4,5,4,5,4,5,4,4,4,4,3,3,3,3,2,0,0,0,0,0,0,0,0,0,0]"
CSI_DATA,23526,80:af:ca:27:52:2a,-55,11,1,0,1,1,1,0,0,0,0,-97,0,11,2,317369600,0,83,1,128,0,"[0,0,0,0,0,0,0,0,0,0,0,0,2,0,5,2,7,3,8,4,9,6,9,7,11,7,10,6,10,7,9,6,8,6,7,4,5,4,3,2,1,1,0,0,-2,-1,-4,-2,-6,-3,-8,-4,-9,-4,-10,-4,-11,-5,-12,-5,-12,-5,-11,-4,0,0,-8,-3,-7,-2,-4,-2,-3,-1,0,0,1,0,3,2,4,2,6,3,7,3,9,4,8,4,9,4,9,4,8,4,7,3,6,2,4,2,3,1,2,0,0,0,0,-1,-1,-2,-2,-3,-3,-4,-4,-4,0,0,0,0,0,0,0,0,0,0]"
CSI_DATA,23527,80:af:ca:27:52:2a,-54,11,1,0,1,1,1,0,0,0,0,-97,0,11,2,317404024,0,83,1,128,0,"[0,0,0,0,0,0,0,0,0,0,0,0,-7,-6,-7,-5,-6,-5,-5,-4,-3,-3,-2,-2,-1,-2,0,0,2,0,3,1,5,2,6,2,7,3,7,3,8,3,9,3,8,3,7,2,6,2,5,2,4,1,3,1,1,0,0,0,-2,0,-4,-1,0,0,-7,-1,-9,-1,-9,-1,-10,-1,-10,-2,-10,-1,-9,-1,-7,-1,-6,-1,-5,0,-4,0,-2,0,0,0,1,0,2,0,4,0,5,1,5,1,6,1,6,1,6,1,6,1,6,1,5,1,4,1,3,0,0,0,0,0,0,0,0,0,0,0]"
CSI_DATA,23528,80:af:ca:27:52:2a,-55,11,1,0,1,1,1,0,0,0,0,-97,0,11,2,317414902,0,83,1,128,0,"[0,0,0,0,0,0,0,0,0,0,0,0,-9,1,-9,1,-8,1,-7,0,-5,0,-3,0,-1,-1,0,-1,2,-2,3,-2,5,-3,6,-3,7,-3,8,-4,8,-4,8,-4,8,-4,7,-4,6,-3,5,-3,4,-2,2,-1,1,-1,0,0,-2,1,-3,2,0,0,-6,3,-7,4,-8,5,-8,5,-8,5,-8,5,-7,4,-6,4,-5,4,-4,3,-3,2,-1,1,0,0,1,0,2,-1,3,-2,4,-2,5,-3,6,-3,6,-3,6,-3,6,-3,5,-3,5,-3,4,-3,3,-2,0,0,0,0,0,0,0,0,0,0]"
CSI_DATA,23529,80:af:ca:27:52:2a,-55,11,1,0,1,1,1,0,0,0,0,-97,0,11,2,317424038,0,83,1,128,0,"[0,0,0,0,0,0,0,0,0,0,0,0,-2,2,-4,2,-6,3,-8,4,-8,4,-9,4,-9,4,-9,4,-9,4,-8,4,-8,3,-6,2,-4,2,-3,0,-1,0,0,0,1,-2,3,-2,4,-4,6,-4,6,-5,7,-6,7,-6,8,-6,8,-6,7,-6,0,0,5,-4,4,-3,2,-2,1,-2,0,0,-2,0,-4,1,-4,2,-6,2,-6,3,-7,4,-8,4,-8,4,-8,4,-7,3,-6,3,-6,2,-4,2,-3,2,-2,1,0,0,0,0,2,0,2,0,4,0,4,0,0,0,0,0,0,0,0,0,0,0]"
CSI_DATA,23530,80:af:ca:27:52:2a,-55,11,1,0,1,1,1,0,0,0,0,-97,0,11,2,317431307,0,83,1,128,0,"[0,0,0,0,0,0,0,0,0,0,0,0,-2,2,-4,3,-5,4,-7,4,-8,5,-9,6,-9,6,-9,6,-9,5,-8,4,-7,4,-6,4,-4,2,-3,1,-1,0,0,0,1,-2,2,-2,4,-4,5,-4,6,-5,7,-6,7,-6,7,-7,7,-7,7,-6,0,0,4,-4,3,-4,2,-2,0,-2,0,0,-2,0,-3,1,-4,2,-6,2,-7,3,-7,4,-7,4,-7,4,-7,4,-7,3,-6,3,-5,2,-4,2,-2,1,-2,1,0,0,0,0,1,0,2,0,3,0,4,-1,0,0,0,0,0,0,0,0,0,0]"
CSI_DATA,23531,80:af:ca:27:52:2a,-55,11,1,0,1,1,1,0,0,0,0,-97,0,11,2,317446741,0,83,1,128,0,"[0,0,0,0,0,0,0,0,0,0,0,0,-4,0,-6,0,-8,0,-9,-2,-10,-2,-10,-2,-11,-2,-11,-2,-10,-2,-9,-2,-8,-2,-7,-2,-5,-1,-3,-1,-1,0,0,0,2,0,4,0,6,0,6,1,8,1,8,1,9,1,9,1,9,2,8,0,0,0,6,0,4,0,3,0,1,0,0,0,-2,-1,-4,-2,-5,-2,-6,-2,-7,-3,-8,-3,-8,-4,-8,-4,-8,-3,-8,-3,-6,-3,-6,-2,-4,-2,-3,-1,-2,0,-1,0,0,0,0,1,2,2,2,2,2,3,0,0,0,0,0,0,0,0,0,0]"
CSI_DATA,23532,80:af:ca:27:52:2a,-55,11,1,0,1,1,1,0,0,0,0,-97,0,11,2,317456013,0,83,1,128,0,"[0,0,0,0,0,0,0,0,0,0,0,0,-2,2,-4,2,-6,2,-8,2,-9,3,-10,3,-10,4,-10,4,-10,3,-9,3,-8,2,-7,2,-5,1,-3,0,-1,0,0,0,2,-2,3,-2,4,-3,6,-4,7,-4,8,-4,8,-5,8,-5,8,-5,7,-5,0,0,6,-4,4,-3,2,-2,1,-1,0,0,-2,0,-4,1,-5,2,-6,2,-7,3,-8,3,-8,3,-8,3,-8,3,-7,3,-6,2,-6,2,-4,2,-3,1,-2,1,0,0,0,0,2,0,3,0,4,0,4,0,0,0,0,0,0,0,0,0,0,0]"
CSI_DATA,23533,80:af:ca:27:52:2a,-55,11,1,2,1,1,1,0,0,0,0,-97,0,11,2,317461783,0,83,1,128,0,"[0,0,0,0,0,0,0,0,0,0,0,0,-1,2,-2,4,-4,4,-5,5,-6,6,-7,6,-8,7,-7,6,-8,6,-7,6,-6,5,-5,4,-4,2,-2,1,-1,0,0,-1,0,-2,2,-3,3,-4,4,-6,5,-6,5,-7,6,-8,6,-7,6,-7,5,-7,0,0,4,-5,2,-4,1,-3,0,-2,-1,0,-2,0,-3,2,-4,2,-5,4,-6,4,-6,5,-7,5,-7,4,-6,4,-6,4,-5,4,-4,4,-4,2,-2,2,-1,1,0,0,0,0,2,0,2,0,4,-1,4,-1,0,0,0,0,0,0,0,0,0,0]"
CSI_DATA,23534,80:af:ca:27:52:2a,-55,11,1,0,1,1,1,0,0,0,0,-97,0,11,2,317481923,0,83,1,128,0,"[0,0,0,0,0,0,0,0,0,0,0,0,0,-8,0,-7,0,-6,0,-5,0,-4,0,-2,0,-1,0,0,0,1,0,2,0,4,0,5,0,6,0,7,0,7,1,7,1,7,1,6,0,5,0,4,0,3,0,2,0,0,0,0,0,-1,0,-3,0,0,-1,-5,-1,-6,-1,-7,-2,-7,-1,-8,-1,-7,-1,-7,-1,-6,-1,-5,-1,-4,-1,-3,0,-1,0,0,0,0,0,1,0,3,0,4,0,4,0,5,0,5,0,5,0,5,0,5,0,4,0,4,0,3,0,0,0,0,0,0,0,0,0,0]"
CSI_DATA,23535,80:af:ca:27:52:2a,-55,11,1,0,1,1,1,0,0,0,0,-97,0,11,2,317502872,0,83,1,128,0,"[0,0,0,0,0,0,0,0,0,0,0,0,-3,1,-5,1,-7,1,-8,0,-10,0,-11,0,-11,0,-11,0,-11,0,-10,0,-8,0,-7,0,-5,0,-4,0,-1,0,0,0,2,0,4,0,5,0,7,-1,8,-1,9,-1,9,-1,10,-1,9,-1,8,-1,0,0,6,-1,5,-1,3,-1,1,-1,0,-1,-2,-1,-4,-1,-5,-1,-6,0,-8,0,-8,-1,-8,-1,-8,-1,-8,-1,-8,-1,-8,0,-6,0,-5,0,-4,0,-2,0,-1,0,0,0,1,1,2,1,3,2,4,2,0,0,0,0,0,0,0,0,0,0]"
CSI_DATA,23536,80:af:ca:27:52:2a,-54,11,1,0,1,1,1,0,0,0,0,-97,0,11,2,317512272,0,83,1,128,0,"[0,0,0,0,0,0,0,0,0,0,0,0,-11,2,-10,1,-8,1,-7,0,-5,0,-3,0,-1,0,1,-1,3,-1,4,-2,6,-2,8,-2,9,-2,10,-3,10,-3,10,-3,10,-3,8,-2,7,-2,6,-2,4,-1,2,-1,1,-1,-1,0,-2,0,-5,1,0,0,-8,2,-8,2,-10,2,-10,2,-10,2,-10,2,-9,2,-8,2,-7,2,-5,1,-3,1,-1,1,0,0,1,0,2,0,4,0,5,0,6,-1,7,0,7,-1,7,0,7,0,6,0,6,-1,5,0,3,0,0,0,0,0,0,0,0,0,0,0]"
CSI_DATA,23537,80:af:ca:27:52:2a,-54,11,1,0,1,1,1,0,0,0,0,-97,0,11,2,317520921,0,83,1,128,0,"[0,0,0,0,0,0,0,0,0,0,0,0,7,3,7,2,6,2,5,2,3,2,2,1,0,0,-1,0,-2,0,-3,-1,-5,-1,-6,-1,-7,-2,-8,-2,-8,-2,-8,-2,-8,-2,-7,-1,-7,-1,-6,-1,-4,-1,-3,-1,-1,0,0,0,1,0,3,0,0,0,5,0,6,0,7,0,8,0,8,0,7,0,7,0,6,0,5,0,4,0,2,0,1,0,0,0,-1,-1,-2,-1,-3,-1,-4,-1,-5,-1,-6,-1,-6,-1,-6,-1,-6,-1,-5,-1,-5,-1,-4,-1,-3,-1,0,0,0,0,0,0,0,0,0,0]"
CSI_DATA,23538,80:af:ca:27:52:2a,-54,11,1,0,1,1,1,0,0,0,0,-97,0,11,2,317530075,0,83,1,128,0,"[0,0,0,0,0,0,0,0,0,0,0,0,-7,-5,-7,-4,-6,-4,-5,-4,-4,-3,-3,-2,-1,-1,0,-1,1,0,3,0,4,1,6,1,7,1,7,1,8,1,8,1,8,1,7,1,6,1,5,1,4,0,2,0,1,0,0,0,-2,0,-3,0,0,0,-6,0,-7,0,-8,0,-8,0,-8,0,-8,0,-8,0,-7,0,-6,0,-4,0,-3,0,-2,0,0,0,1,0,2,0,3,0,4,0,5,-1,5,-1,5,-1,6,-1,5,-1,5,-1,5,-1,4,-1,3,-1,0,0,0,0,0,0,0,0,0,0]"
CSI_DATA,23539,80:af:ca:27:52:2a,-56,11,1,0,1,1,1,0,0,0,0,-97,0,11,2,317546691,0,83,1,128,0,"[0,0,0,0,0,0,0,0,0,0,0,0,-1,-2,-2,-4,-2,-5,-2,-7,-3,-8,-2,-8,-3,-9,-3,-9,-3,-9,-2,-8,-2,-8,-1,-6,-1,-5,-1,-3,0,-1,0,0,1,1,1,3,1,4,2,5,3,6,3,7,3,8,3,8,3,8,3,7,0,0,2,6,2,4,1,3,1,1,0,0,0,-1,-1,-3,-1,-5,-2,-6,-3,-7,-3,-8,-3,-8,-3,-8,-3,-8,-3,-8,-3,-6,-2,-6,-2,-5,-1,-3,-1,-2,-1,-1,0,0,0,1,0,3,0,3,0,4,0,0,0,0,0,0,0,0,0,0]"
CSI_DATA,23540,80:af:ca:27:52:2a,-54,11,1,0,1,1,1,0,0,0,0,-97,0,11,2,317555434,0,83,1,128,0,"[0,0,0,0,0,0,0,0,0,0,0,0,2,-9,2,-8,2,-7,2,-6,1,-4,1,-3,0,-1,0,0,0,2,0,3,-1,5,-1,6,-1,7,-1,8,-1,8,-1,8,0,8,0,7,0,6,0,5,0,4,0,2,0,1,0,0,0,-2,0,-3,0,0,-1,-6,-1,-7,-1,-8,-1,-8,-1,-8,-1,-8,-1,-8,-1,-7,-1,-6,-1,-4,-1,-3,-1,-1,0,0,0,1,0,2,0,3,0,4,0,4,0,5,0,6,0,6,0,6,0,5,0,4,0,3,0,3,0,0,0,0,0,0,0,0,0,0]"
CSI_DATA,23541,80:af:ca:27:52:2a,-55,11,1,2,1,1,1,0,0,0,0,-97,0,11,2,317583779,0,83,1,128,0,"[0,0,0,0,0,0,0,0,0,0,0,0,2,0,4,2,5,2,7,4,7,4,8,5,8,5,8,5,7,5,7,4,6,4,5,3,3,2,2,2,0,0,-1,0,-2,-1,-4,-2,-5,-2,-7,-3,-8,-4,-9,-4,-9,-4,-9,-4,-9,-4,-8,-4,0,0,-7,-2,-4,-2,-3,-1,-2,0,0,0,1,0,2,1,4,2,5,3,6,3,7,4,7,4,7,4,7,4,7,3,5,2,4,2,3,2,2,1,1,0,0,0,0,-1,-1,-2,-2,-2,-2,-4,-3,-4,0,0,0,0,0,0,0,0,0,0]"
CSI_DATA,23542,80:af:ca:27:52:2a,-55,11,1,0,1,1,1,0,0,0,0,-97,0,11,2,317592229,0,83,1,128,0,"[0,0,0,0,0,0,0,0,0,0,0,0,-10,4,-9,3,-8,3,-7,2,-5,1,-3,0,-2,0,0,-1,1,-2,3,-3,5,-4,6,-5,6,-5,7,-5,7,-5,8,-6,7,-5,6,-5,6,-4,5,-4,3,-3,2,-2,1,-1,0,0,-2,1,-3,2,0,0,-5,4,-6,5,-7,5,-7,6,-7,5,-7,5,-7,5,-6,4,-5,4,-3,3,-2,2,-1,1,0,0,1,0,2,-1,3,-2,4,-3,5,-3,5,-3,5,-4,6,-3,5,-3,5,-3,4,-3,4,-2,3,-2,0,0,0,0,0,0,0,0,0,0]"
CSI_DATA,23543,80:af:ca:27:52:2a,-55,11,1,0,1,1,1,0,0,0,0,-97,0,11,2,317599864,0,83,1,128,0,"[0,0,0,0,0,0,0,0,0,0,0,0,-2,-2,-4,-4,-4,-4,-5,-7,-6,-7,-6,-8,-6,-8,-6,-8,-6,-8,-5,-7,-4,-7,-4,-6,-3,-4,-2,-3,0,-1,0,0,2,0,3,2,4,3,5,4,6,4,7,5,7,5,7,5,7,5,7,4,0,0,5,3,4,2,2,2,1,0,0,0,-2,-1,-3,-2,-4,-3,-6,-4,-7,-4,-7,-5,-7,-5,-7,-5,-7,-5,-7,-4,-6,-4,-5,-3,-4,-2,-3,-2,-2,0,-1,0,0,0,0,1,2,2,2,3,3,3,0,0,0,0,0,0,0,0,0,0]"
CSI_DATA,23544,80:af:ca:27:52:2a,-55,11,1,0,1,1,1,0,0,0,0,-97,0,11,2,317607815,0,83,1,128,0,"[0,0,0,0,0,0,0,0,0,0,0,0,-2,-3,-3,-6,-4,-8,-4,-10,-4,-10,-3,-11,-4,-12,-3,-12,-3,-11,-2,-10,-2,-10,-2,-8,-1,-6,0,-4,0,-1,0,0,0,2,0,4,0,6,0,8,0,9,0,10,0,10,0,11,0,11,0,10,0,0,0,8,0,6,0,4,0,2,0,0,1,-2,1,-4,2,-6,2,-8,2,-9,2,-10,2,-10,3,-10,2,-10,2,-9,2,-8,2,-7,1,-6,0,-4,0,-3,-1,-2,-2,0,-2,0,-4,2,-4,2,-5,2,0,0,0,0,0,0,0,0,0,0]"
CSI_DATA,23545,80:af:ca:27:52:2a,-54,11,1,0,1,1,1,0,0,0,0,-97,0,11,2,317628340,0,83,1,128,0,"[0,0,0,0,0,0,0,0,0,0,0,0,-6,-6,-6,-5,-5,-5,-4,-4,-3,-3,-2,-2,-1,-1,0,0,1,1,2,2,3,3,4,4,5,4,5,5,5,5,5,5,5,5,5,5,4,4,3,3,2,3,2,1,1,0,0,0,-1,-1,-2,-2,0,0,-3,-4,-4,-5,-4,-6,-5,-6,-5,-6,-4,-6,-4,-6,-4,-5,-3,-4,-3,-3,-2,-2,-1,-1,-1,0,0,1,0,2,0,3,0,4,1,4,1,5,1,5,1,5,1,5,1,4,1,4,0,3,0,3,0,0,0,0,0,0,0,0,0,0]"
CSI_DATA,23546,80:af:ca:27:52:2a,-54,11,1,0,1,1,1,0,0,0,0,-97,0,11,2,317637238,0,83,1,128,0,"[0,0,0,0,0,0,0,0,0,0,0,0,1,3,1,5,2,7,1,9,1,10,0,10,0,11,0,10,0,10,0,9,0,8,0,7,0,4,0,2,0,0,0,-1,0,-3,0,-5,0,-7,0,-9,0,-9,0,-10,0,-11,0,-11,1,-11,0,-10,0,0,0,-7,0,-6,0,-4,0,-2,-1,0,-2,1,-3,2,-3,4,-4,6,-4,7,-4,7,-5,7,-5,7,-5,7,-4,7,-4,6,-4,5,-2,4,-2,2,0,2,0,0,1,0,2,0,3,-1,4,-1,4,-2,0,0,0,0,0,0,0,0,0,0]"
CSI_DATA,23547,80:af:ca:27:52:2a,-54,11,1,2,1,1,1,0,0,0,0,-97,0,11,2,317652017,0,83,1,128,0,"[0,0,0,0,0,0,0,0,0,0,0,0,2,0,5,0,6,1,8,2,8,2,9,3,10,3,9,3,9,3,8,3,8,2,6,2,4,1,2,1,0,0,0,0,-2,0,-4,-1,-6,-1,-8,-2,-8,-2,-9,-2,-10,-2,-10,-2,-10,-2,-9,-2,0,0,-7,-1,-5,-1,-4,0,-2,0,0,0,1,0,3,0,5,1,6,1,7,1,8,2,8,2,8,2,8,2,8,1,6,1,5,1,4,0,2,0,1,0,0,0,0,-1,-2,-1,-3,-2,-4,-2,-4,-3,0,0,0,0,0,0,0,0,0,0]"
CSI_DATA,23548,80:af:ca:27:52:2a,-55,11,1,0,1,1,1,0,0,0,0,-97,0,11,2,317661058,0,83,1,128,0,"[0,0,0,0,0,0,0,0,0,0,0,0,2,7,2,6,2,6,1,5,0,4,0,2,0,1,0,0,-1,-1,-2,-2,-2,-4,-3,-5,-4,-5,-4,-6,-4,-6,-5,-7,-4,-6,-4,-6,-4,-5,-3,-4,-2,-3,-1,-2,-1,-1,0,0,0,0,1,1,0,0,3,3,4,4,4,4,5,5,5,5,5,5,4,4,4,4,3,3,3,2,2,1,0,0,0,0,0,-1,-1,-1,-2,-2,-2,-3,-3,-3,-3,-4,-4,-4,-4,-4,-3,-4,-3,-4,-3,-3,-2,-3,-2,-2,0,0,0,0,0,0,0,0,0,0]"
CSI_DATA,23549,80:af:ca:27:52:2a,-56,11,1,0,1,1,1,0,0,0,0,-97,0,11,2,317669281,0,83,1,128,0,"[0,0,0,0,0,0,0,0,0,0,0,0,-1,-2,-1,-4,0,-6,0,-8,0,-8,0,-9,0,-10,0,-10,0,-10,0,-9,0,-8,0,-7,0,-5,0,-4,0,-2,0,0,0,1,0,3,0,4,1,6,1,7,2,8,2,8,2,8,2,8,2,8,0,0,2,6,1,4,0,3,0,1,0,0,0,-2,0,-3,-1,-4,-2,-6,-2,-7,-2,-8,-2,-8,-2,-8,-2,-8,-2,-8,-2,-7,-2,-6,-2,-4,-2,-4,-1,-2,-1,-1,0,0,0,1,0,2,0,4,0,4,0,0,0,0,0,0,0,0,0,0]"
CSI_DATA,23550,80:af:ca:27:52:2a,-55,11,1,0,1,1,1,0,0,0,0,-97,0,11,2,317688239,0,83,1,128,0,"[0,0,0,0,0,0,0,0,0,0,0,0,8,-1,7,-1,7,0,6,0,4,0,2,0,1,0,0,0,-2,0,-3,0,-5,0,-6,0,-7,0,-8,0,-8,0,-8,0,-8,0,-7,0,-7,0,-6,0,-4,0,-3,0,-1,0,0,0,1,0,3,0,0,0,5,0,6,0,7,-1,7,-1,7,0,7,0,7,0,6,0,5,0,4,0,3,-1,1,0,0,-1,-1,-1,-2,-1,-3,-1,-4,-1,-5,-1,-5,-1,-5,-1,-6,-1,-5,-1,-5,-1,-5,-1,-4,-1,-3,-1,0,0,0,0,0,0,0,0,0,0]"
CSI_DATA,23551,80:af:ca:27:52:2a,-55,11,1,0,1,1,1,0,0,0,0,-97,0,11,2,317718803,0,83,1,128,0,"[0,0,0,0,0,0,0,0,0,0,0,0,-3,-2,-5,-5,-6,-6,-6,-9,-7,-10,-8,-10,-8,-10,-8,-10,-8,-10,-7,-10,-6,-9,-5,-8,-4,-6,-2,-4,-1,-2,0,0,2,1,3,2,5,4,6,5,7,6,8,7,8,8,9,8,8,8,8,7,0,0,6,5,5,4,3,2,1,0,0,0,-2,-2,-3,-3,-5,-5,-7,-5,-8,-6,-8,-8,-8,-8,-8,-8,-8,-8,-8,-6,-7,-6,-6,-5,-5,-4,-3,-2,-2,-1,-1,0,0,0,0,2,2,3,2,4,2,5,0,0,0,0,0,0,0,0,0,0]"
CSI_DATA,23552,80:af:ca:27:52:2a,-55,11,1,0,1,1,1,0,0,0,0,-97,0,11,2,317726305,0,83,1,128,0,"[0,0,0,0,0,0,0,0,0,0,0,0,-2,-2,-3,-4,-4,-5,-4,-7,-5,-8,-5,-9,-6,-9,-6,-9,-6,-9,-6,-9,-5,-8,-4,-7,-3,-5,-2,-4,-1,-2,0,0,1,0,2,2,3,3,4,4,5,6,7,7,7,7,7,7,7,7,7,6,0,0,5,4,4,4,2,2,1,1,0,0,-1,-1,-2,-3,-4,-4,-4,-5,-6,-6,-7,-7,-7,-7,-7,-7,-7,-7,-7,-6,-6,-5,-5,-4,-4,-3,-3,-2,-2,-1,-1,0,0,0,0,1,1,2,2,3,2,4,0,0,0,0,0,0,0,0,0,0]"
CSI_DATA,23553,80:af:ca:27:52:2a,-55,11,1,0,1,1,1,0,0,0,0,-97,0,11,2,317737767,0,83,1,128,0,"[0,0,0,0,0,0,0,0,0,0,0,0,-3,0,-5,0,-7,0,-9,0,-10,0,-11,0,-11,0,-11,-1,-11,-1,-10,-1,-8,-1,-7,-1,-5,-1,-3,0,-1,0,0,0,2,0,4,0,6,0,7,0,8,0,9,0,9,0,10,0,10,1,9,0,0,0,6,0,5,0,3,0,1,0,0,-1,-2,-2,-4,-2,-5,-2,-7,-2,-8,-3,-8,-4,-8,-4,-8,-4,-8,-4,-8,-3,-7,-3,-6,-2,-5,-2,-4,-1,-2,0,-1,0,0,1,0,2,2,2,2,3,2,4,0,0,0,0,0,0,0,0,0,0]"
CSI_DATA,23554,80:af:ca:27:52:2a,-55,11,1,0,1,1,1,0,0,0,0,-97,0,11,2,317745298,0,83,1,128,0,"[0,0,0,0,0,0,0,0,0,0,0,0,-8,-1,-7,-1,-7,-1,-5,-1,-4,-1,-2,-1,-1,0,0,0,1,0,2,0,4,0,5,0,6,0,7,0,7,0,7,0,7,0,6,0,6,0,5,0,3,0,2,0,1,0,0,0,-1,0,-3,0,0,0,-5,0,-6,0,-7,0,-7,0,-7,0,-7,0,-7,0,-6,0,-5,0,-4,0,-3,0,-1,0,0,0,0,0,1,0,2,0,3,0,4,0,4,0,5,0,5,0,5,0,4,0,4,0,3,0,2,0,0,0,0,0,0,0,0,0,0,0]"
CSI_DATA,23555,80:af:ca:27:52:2a,-55,11,1,0,1,1,1,0,0,0,0,-97,0,11,2,317754212,0,83,1,128,0,"[0,0,0,0,0,0,0,0,0,0,0,0,2,-2,3,-3,5,-4,7,-4,8,-4,9,-4,9,-4,9,-4,9,-4,8,-4,7,-4,6,-3,4,-2,2,-1,1,0,0,0,-2,1,-3,2,-4,3,-6,4,-7,4,-7,5,-7,5,-8,6,-8,5,-7,5,0,0,-5,4,-4,3,-2,2,-2,1,0,0,1,-1,2,-2,3,-3,4,-4,5,-4,6,-5,6,-5,6,-5,6,-5,5,-5,4,-4,4,-4,2,-3,2,-2,0,-2,0,-1,-1,0,-2,0,-3,0,-4,1,-4,1,0,0,0,0,0,0,0,0,0,0]"
CSI_DATA,23556,80:af:ca:27:52:2a,-56,11,1,0,1,1,1,0,0,0,0,-97,0,11,2,317763216,0,83,1,128,0,"[0,0,0,0,0,0,0,0,0,0,0,0,1,2,2,4,2,5,2,7,2,8,2,9,2,9,2,9,2,9,1,8,1,8,1,6,0,4,0,3,0,1,0,0,0,-2,-1,-4,-1,-5,-2,-6,-2,-8,-2,-8,-2,-9,-2,-9,-2,-9,-2,-8,0,0,-2,-7,-2,-5,-1,-4,-1,-2,-1,0,0,1,0,2,0,4,0,6,0,6,0,8,0,8,0,8,0,8,0,7,0,6,0,6,0,4,0,3,0,2,0,0,0,0,0,-2,0,-2,1,-4,1,-4,0,0,0,0,0,0,0,0,0,0]"
CSI_DATA,23557,80:af:ca:27:52:2a,-55,11,1,0,1,1,1,0,0,0,0,-97,0,11,2,317801665,0,83,1,128,0,"[0,0,0,0,0,0,0,0,0,0,0,0,-7,-4,-6,-4,-5,-3,-4,-3,-3,-3,-2,-2,0,-1,0,0,1,0,2,0,3,1,4,2,5,3,6,3,6,3,6,3,6,3,5,3,5,2,4,2,3,1,2,0,0,0,0,0,-1,-1,-2,-1,0,0,-4,-3,-5,-3,-6,-4,-6,-4,-6,-4,-6,-4,-6,-4,-5,-3,-5,-3,-3,-2,-3,-1,-1,0,0,0,0,0,0,1,1,2,2,3,2,3,2,4,3,4,3,4,3,4,2,4,2,3,2,3,1,2,0,0,0,0,0,0,0,0,0,0]"
CSI_DATA,23558,80:af:ca:27:52:2a,-55,11,1,0,1,1,1,0,0,0,0,-97,0,11,2,317809586,0,83,1,128,0,"[0,0,0,0,0,0,0,0,0,0,0,0,-1,1,-3,3,-5,3,-7,3,-7,4,-9,4,-9,5,-9,5,-9,4,-8,3,-7,3,-6,3,-5,1,-3,1,-1,0,0,-1,1,-1,2,-2,4,-3,5,-5,5,-5,7,-5,7,-6,7,-6,7,-6,6,-6,0,0,5,-5,3,-3,2,-3,0,-1,0,0,-1,0,-3,1,-4,2,-5,3,-6,3,-7,4,-7,4,-7,4,-7,4,-7,3,-6,3,-5,3,-4,2,-2,1,-1,1,0,0,0,0,1,0,3,-1,3,-1,4,-1,0,0,0,0,0,0,0,0,0,0]"
CSI_DATA,23559,80:af:ca:27:52:2a,-54,11,1,0,1,1,1,0,0,0,0,-97,0,11,2,317822515,0,83,1,128,0,"[0,0,0,0,0,0,0,0,0,0,0,0,7,2,7,2,6,2,5,2,3,1,2,1,1,0,0,0,-2,0,-3,0,-5,-1,-6,-1,-7,-1,-7,-1,-7,-1,-8,-1,-7,-1,-7,-1,-6,-1,-5,-1,-4,-1,-3,0,-1,0,0,0,1,0,2,0,0,0,5,0,6,0,6,0,7,0,7,0,7,0,6,0,5,0,5,0,3,0,2,0,1,0,0,0,-1,0,-2,-1,-3,-1,-4,-1,-4,-1,-5,-1,-5,-1,-5,-1,-5,-1,-5,-1,-4,-1,-4,-1,-3,0,0,0,0,0,0,0,0,0,0,0]"
CSI_DATA,23560,80:af:ca:27:52:2a,-55,11,1,2,1,1,1,0,0,0,0,-97,0,11,2,317827707,0,83,1,128,0,"[0,0,0,0,0,0,0,0,0,0,0,0,2,0,4,0,6,0,8,1,9,2,10,2,11,2,10,2,10,2,9,2,8,2,7,2,5,1,3,1,1,0,0,0,-2,0,-4,0,-6,-1,-8,-1,-8,-1,-10,-1,-11,-2,-11,-2,-11,-1,-10,-1,0,0,-8,-1,-6,0,-4,0,-2,0,0,0,0,0,2,0,4,1,5,1,7,1,8,1,8,2,8,2,8,1,8,1,7,1,6,0,5,0,3,0,2,0,0,0,0,-1,-1,-1,-2,-2,-3,-2,-4,-3,0,0,0,0,0,0,0,0,0,0]"
CSI_DATA,23561,80:af:ca:27:52:2a,-54,11,1,0,1,1,1,0,0,0,0,-97,0,11,2,317835277,0,83,1,128,0,"[0,0,0,0,0,0,0,0,0,0,0,0,-11,1,-10,1,-9,1,-7,0,-5,0,-2,0,-1,0,1,-1,3,-1,5,-1,7,-1,8,-1,9,-1,10,-1,10,-1,10,-2,10,-1,8,-1,7,-1,6,-1,4,-1,2,-1,1,-1,-1,0,-2,0,-5,0,0,0,-8,0,-9,0,-10,0,-11,0,-11,0,-10,0,-10,0,-8,0,-7,0,-5,0,-4,0,-2,0,0,0,1,1,2,1,4,1,5,1,6,1,6,2,7,2,7,2,7,2,6,2,5,2,5,1,4,1,0,0,0,0,0,0,0,0,0,0]"
CSI_DATA,23562,80:af:ca:27:52:2a,-55,11,1,0,1,1,1,0,0,0,0,-97,0,11,2,317845099,0,83,1,128,0,"[0,0,0,0,0,0,0,0,0,0,0,0,-4,8,-4,7,-3,6,-3,4,-3,3,-2,2,-1,0,0,-1,0,-2,0,-4,1,-6,2,-7,2,-7,2,-8,2,-8,2,-9,2,-8,2,-7,1,-7,1,-6,1,-4,0,-3,0,-1,0,0,0,1,-1,3,0,0,-1,6,-1,7,-1,7,-1,8,-2,8,-2,8,-1,7,-1,6,-1,5,0,4,0,3,0,1,0,0,0,-1,1,-2,1,-3,1,-4,1,-5,1,-6,1,-6,1,-6,1,-6,1,-6,1,-4,1,-4,1,-3,0,0,0,0,0,0,0,0,0,0]"
CSI_DATA,23563,80:af:ca:27:52:2a,-55,11,1,0,1,1,1,0,0,0,0,-97,0,11,2,317854376,0,83,1,128,0,"[0,0,0,0,0,0,0,0,0,0,0,0,9,1,8,1,8,0,6,1,4,1,2,1,1,0,-1,0,-3,0,-4,0,-6,0,-8,0,-9,0,-9,0,-9,0,-10,0,-9,0,-9,0,-8,0,-6,0,-4,0,-3,0,-1,0,0,0,2,0,3,-1,0,0,7,-1,8,-2,8,-2,9,-2,9,-2,9,-2,8,-1,7,-2,6,-1,4,-1,2,-1,1,-1,0,-1,-2,0,-3,0,-4,0,-6,0,-6,0,-7,0,-7,0,-7,0,-7,0,-7,0,-6,0,-5,0,-4,0,0,0,0,0,0,0,0,0,0,0]"
CSI_DATA,23564,80:af:ca:27:52:2a,-55,11,1,0,1,1,1,0,0,0,0,-97,0,11,2,317869882,0,83,1,128,0,"[0,0,0,0,0,0,0,0,0,0,0,0,2,1,4,3,4,4,5,6,6,6,6,7,6,8,6,7,5,7,5,6,4,6,3,5,2,4,1,2,0,0,-1,0,-2,-2,-3,-3,-4,-4,-5,-6,-6,-6,-6,-7,-6,-7,-6,-8,-6,-8,-6,-7,0,0,-5,-5,-4,-4,-2,-2,-2,-1,0,0,0,2,1,3,2,4,2,6,3,6,4,7,4,7,4,8,4,7,3,6,3,6,2,5,2,4,2,2,1,1,0,0,0,-1,0,-2,0,-4,0,-4,0,-5,0,0,0,0,0,0,0,0,0,0]"
CSI_DATA,23565,80:af:ca:27:52:2a,-54,11,1,0,1,1,1,0,0,0,0,-97,0,11,2,317889839,0,83,1,128,0,"[0,0,0,0,0,0,0,0,0,0,0,0,-3,0,-5,0,-8,0,-10,-2,-11,-2,-11,-2,-11,-2,-11,-2,-11,-2,-11,-2,-9,-2,-8,-2,-6,-2,-4,-1,-2,0,0,0,2,0,3,0,5,0,7,1,8,1,9,1,10,1,10,1,10,1,9,1,0,0,7,0,5,0,3,0,2,0,0,0,-2,-1,-3,-2,-5,-2,-7,-2,-8,-2,-8,-3,-8,-3,-8,-3,-9,-3,-8,-3,-8,-2,-6,-2,-5,-2,-4,-1,-2,0,-1,0,0,0,0,1,2,2,2,2,2,3,0,0,0,0,0,0,0,0,0,0]"
CSI_DATA,23566,80:af:ca:27:52:2a,-54,11,1,0,1,1,1,0,0,0,0,-97,0,11,2,317899217,0,83,1,128,0,"[0,0,0,0,0,0,0,0,0,0,0,0,-9,1,-8,1,-7,0,-6,0,-5,0,-2,0,-1,0,0,0,2,-1,3,-1,6,-1,7,-1,7,-1,8,-1,8,-1,8,-1,8,-1,7,-1,6,-1,5,-1,3,-1,2,0,0,0,-1,0,-2,-1,-3,0,0,0,-6,0,-8,-1,-8,-1,-8,-1,-8,-1,-8,-1,-8,-1,-7,-1,-6,0,-5,0,-3,0,-2,0,-1,0,0,1,1,1,2,1,3,2,4,2,5,2,5,2,5,3,5,3,4,2,4,2,3,2,2,1,0,0,0,0,0,0,0,0,0,0]"
CSI_DATA,23567,80:af:ca:27:52:2a,-55,11,1,0,1,1,1,0,0,0,0,-97,0,11,2,317907400,0,83,1,128,0,"[0,0,0,0,0,0,0,0,0,0,0,0,-1,-2,-3,-4,-3,-5,-3,-7,-3,-8,-3,-9,-3,-9,-3,-9,-3,-9,-3,-8,-3,-7,-2,-6,-1,-5,-1,-3,0,-1,0,0,0,1,1,3,1,4,2,5,2,7,3,7,3,7,3,8,3,8,3,7,0,0,2,5,1,4,1,2,0,1,0,0,0,-1,0,-3,-1,-5,-1,-6,-1,-7,-1,-7,-1,-8,-1,-8,-1,-8,-1,-7,-1,-7,-1,-5,-1,-4,-1,-3,-1,-1,-1,0,-1,0,-1,1,-1,2,-1,3,-1,3,0,0,0,0,0,0,0,0,0,0]"
CSI_DATA,23568,80:af:ca:27:52:2a,-55,11,1,0,1,1,1,0,0,0,0,-97,0,11,2,317916160,0,83,1,128,0,"[0,0,0,0,0,0,0,0,0,0,0,0,0,-3,1,-4,2,-6,3,-7,3,-8,4,-9,4,-9,4,-9,4,-9,3,-8,4,-7,3,-7,2,-5,1,-3,0,-1,0,0,0,2,-1,3,-2,5,-2,6,-2,7,-3,8,-2,8,-2,9,-3,9,-2,9,0,0,-2,6,-2,4,-1,3,0,1,0,0,0,-2,1,-4,1,-5,2,-7,2,-7,2,-8,2,-9,2,-9,2,-9,2,-7,2,-7,1,-6,0,-4,0,-3,0,-2,0,0,-1,0,-2,1,-2,2,-2,3,-3,4,0,0,0,0,0,0,0,0,0,0]"
CSI_DATA,23569,80:af:ca:27:52:2a,-55,11,1,0,1,1,1,0,0,0,0,-97,0,11,2,317922825,0,83,1,128,0,"[0,0,0,0,0,0,0,0,0,0,0,0,-6,-6,-5,-5,-5,-4,-4,-4,-3,-3,-2,-2,0,-1,0,0,1,0,2,0,3,1,5,2,5,2,6,3,6,3,7,3,6,2,6,2,5,2,4,1,3,1,2,0,1,0,0,0,-1,0,-3,0,0,0,-5,-1,-6,-1,-7,-1,-8,-1,-7,-1,-7,-1,-7,-1,-6,-1,-5,0,-4,0,-3,0,-1,0,0,0,0,0,1,0,2,0,3,0,4,0,4,0,5,0,5,0,5,0,4,0,4,0,3,0,2,0,0,0,0,0,0,0,0,0,0,0]"
CSI_DATA,23570,80:af:ca:27:52:2a,-55,11,1,0,1,1,1,0,0,0,0,-97,0,11,2,317931680,0,83,1,128,0,"[0,0,0,0,0,0,0,0,0,0,0,0,3,6,3,6,2,5,1,5,1,3,0,2,0,1,0,0,-1,-1,-2,-2,-2,-4,-3,-5,-3,-5,-4,-6,-3,-6,-4,-7,-4,-6,-4,-6,-3,-5,-2,-4,-2,-3,-1,-2,0,-1,0,0,0,0,1,2,0,0,2,4,2,5,3,6,3,6,3,6,3,6,3,6,2,5,2,4,2,3,1,2,0,1,0,0,0,-1,0,-2,0,-3,0,-4,0,-4,0,-5,-1,-5,-1,-5,0,-5,0,-5,0,-5,0,-4,0,-3,0,0,0,0,0,0,0,0,0,0]"
CSI_DATA,23571,80:af:ca:27:52:2a,-55,11,1,0,1,1,1,0,0,0,0,-97,0,11,2,317942835,0,83,1,128,0,"[0,0,0,0,0,0,0,0,0,0,0,0,0,2,-1,4,-2,7,-4,9,-4,9,-5,10,-5,12,-5,11,-5,11,-4,10,-4,9,-4,8,-3,6,-2,4,-2,2,-1,0,0,-2,0,-4,0,-7,1,-9,1,-10,1,-12,2,-12,1,-12,2,-12,1,-12,0,0,0,-9,0,-7,0,-5,0,-3,0,0,0,1,-1,3,-1,5,-1,7,-1,9,-1,10,-2,10,-2,10,-1,10,-1,9,-1,9,-1,7,0,6,0,4,0,2,0,0,0,0,0,-2,1,-4,1,-4,1,-6,0,0,0,0,0,0,0,0,0,0]"
CSI_DATA,23572,80:af:ca:27:52:2a,-54,11,1,0,1,1,1,0,0,0,0,-97,0,11,2,317950928,0,83,1,128,0,"[0,0,0,0,0,0,0,0,0,0,0,0,-9,0,-9,0,-7,0,-6,0,-5,0,-3,0,-2,0,0,-1,1,-1,3,-1,4,-2,6,-2,6,-2,7,-2,7,-2,8,-3,7,-3,7,-3,6,-3,5,-2,4,-2,2,-1,1,0,0,0,-1,0,-3,1,0,0,-5,2,-6,3,-7,3,-7,3,-7,3,-7,3,-6,3,-5,3,-5,2,-4,2,-3,1,-1,1,0,0,1,0,2,-1,3,-1,3,-2,4,-2,4,-2,4,-3,5,-3,4,-2,4,-2,4,-2,3,-2,2,-2,0,0,0,0,0,0,0,0,0,0]"
CSI_DATA,23573,80:af:ca:27:52:2a,-54,11,1,0,1,1,1,0,0,0,0,-97,0,11,2,317958896,0,83,1,128,0,"[0,0,0,0,0,0,0,0,0,0,0,0,0,8,0,8,0,7,-1,6,-1,4,0,3,0,1,-1,0,-1,-2,-1,-4,-1,-5,-1,-7,-1,-7,-1,-8,-1,-8,-1,-9,-1,-8,-1,-8,-1,-7,-1,-6,-1,-4,0,-3,0,-2,0,0,0,1,0,3,0,0,1,5,1,6,1,7,1,7,1,7,1,7,1,7,1,6,1,5,1,4,0,3,0,1,0,0,0,-1,0,-2,0,-3,0,-4,0,-5,0,-5,0,-6,0,-6,0,-6,0,-6,0,-5,0,-5,0,-4,0,0,0,0,0,0,0,0,0,0]"
CSI_DATA,23574,80:af:ca:27:52:2a,-55,11,1,0,1,1,1,0,0,0,0,-97,0,11,2,317965947,0,83,1,128,0,"[0,0,0,0,0,0,0,0,0,0,0,0,2,3,2,5,3,7,3,9,4,10,4,11,3,11,3,11,2,11,2,10,2,8,1,7,1,5,0,3,0,0,0,-1,0,-3,-1,-5,-1,-7,-2,-8,-2,-10,-2,-11,-2,-11,-2,-12,-2,-12,-2,-11,0,0,-2,-8,-1,-6,-1,-4,-1,-2,-1,0,-1,2,-2,4,-2,6,-2,7,-2,8,-2,9,-2,9,-2,10,-2,9,-2,8,-2,8,-2,7,-1,5,0,4,0,2,0,0,1,0,1,-2,2,-2,3,-4,4,-4,0,0,0,0,0,0,0,0,0,0]"
CSI_DATA,23575,80:af:ca:27:52:2a,-55,11,1,0,1,1,1,0,0,0,0,-97,0,11,2,317975622,0,83,1,128,0,"[0,0,0,0,0,0,0,0,0,0,0,0,2,-3,4,-4,5,-5,7,-6,8,-6,8,-6,8,-6,8,-6,8,-6,7,-5,6,-5,5,-4,4,-3,2,-2,0,0,0,0,-2,2,-3,2,-5,4,-6,4,-7,5,-7,6,-8,6,-8,6,-8,6,-7,6,0,0,-5,4,-4,3,-2,2,-1,1,0,0,2,-1,3,-2,4,-3,5,-4,6,-5,6,-6,6,-5,6,-5,6,-5,6,-5,5,-4,4,-4,3,-3,2,-2,0,-2,0,-1,-1,0,-2,0,-3,0,-4,1,-5,1,0,0,0,0,0,0,0,0,0,0]"
CSI_DATA,23576,80:af:ca:27:52:2a,-55,11,1,0,1,1,1,0,0,0,0,-97,0,11,2,317983583,0,83,1,128,0,"[0,0,0,0,0,0,0,0,0,0,0,0,7,0,7,0,6,0,5,0,4,0,2,0,0,0,0,0,-2,0,-3,0,-4,0,-6,0,-7,0,-7,0,-7,0,-8,0,-7,0,-7,0,-6,0,-5,0,-4,0,-2,0,-1,0,0,0,1,0,2,0,0,0,5,0,6,0,6,0,7,0,7,0,7,0,6,0,5,0,5,0,3,0,2,0,1,0,0,0,-1,0,-2,0,-3,0,-4,0,-5,0,-5,0,-5,0,-5,0,-5,-1,-5,0,-5,0,-4,0,-3,0,0,0,0,0,0,0,0,0,0,0]"
CSI_DATA,23577,80:af:ca:27:52:2a,-54,11,1,0,1,1,1,0,0,0,0,-97,0,11,2,318010898,0,83,1,128,0,"[0,0,0,0,0,0,0,0,0,0,0,0,7,4,6,3,5,3,4,3,3,2,1,1,0,0,-1,0,-2,-1,-3,-2,-4,-3,-6,-3,-6,-4,-7,-4,-7,-4,-7,-5,-7,-4,-6,-4,-6,-3,-5,-3,-4,-2,-2,-1,-1,-1,0,0,1,1,2,1,0,0,4,3,5,4,6,4,6,4,6,4,6,4,5,4,5,3,4,3,3,2,2,1,1,0,0,0,0,-1,-1,-2,-2,-3,-2,-4,-3,-4,-3,-4,-3,-5,-3,-5,-3,-5,-3,-5,-3,-4,-2,-4,-2,-3,0,0,0,0,0,0,0,0,0,0]"
CSI_DATA,23578,80:af:ca:27:52:2a,-55,11,1,0,1,1,1,0,0,0,0,-97,0,11,2,318019499,0,83,1,128,0,"[0,0,0,0,0,0,0,0,0,0,0,0,7,4,6,3,5,3,4,3,3,2,2,1,0,0,0,0,-2,-1,-3,-1,-4,-2,-5,-3,-6,-3,-7,-3,-7,-4,-7,-4,-7,-3,-6,-3,-6,-3,-5,-2,-4,-2,-2,-1,-1,-1,0,0,1,0,2,1,0,0,4,2,5,2,6,3,6,3,6,3,6,3,5,2,5,2,4,2,3,1,2,1,1,0,0,0,0,-1,-1,-2,-2,-2,-3,-3,-4,-3,-4,-3,-4,-3,-4,-3,-4,-3,-4,-3,-3,-3,-3,-2,-2,-2,0,0,0,0,0,0,0,0,0,0]"
CSI_DATA,23579,80:af:ca:27:52:2a,-54,11,1,0,1,1,1,0,0,0,0,-97,0,11,2,318030858,0,83,1,128,0,"[0,0,0,0,0,0,0,0,0,0,0,0,-3,8,-2,7,-2,6,-2,5,-2,3,-1,1,0,0,0,-1,1,-3,1,-4,2,-6,3,-7,3,-7,3,-8,4,-8,4,-8,3,-7,3,-7,3,-6,2,-5,1,-3,1,-2,0,-1,-1,0,-2,1,-2,2,0,0,-5,4,-5,5,-6,6,-6,6,-6,6,-6,6,-5,5,-5,5,-4,4,-3,3,-2,2,-1,1,0,0,1,0,2,0,3,-1,4,-1,5,-2,5,-2,5,-2,6,-2,5,-2,5,-2,5,-1,4,-1,3,-1,0,0,0,0,0,0,0,0,0,0]"
CSI_DATA,23580,80:af:ca:27:52:2a,-55,11,1,2,1,1,1,0,0,0,0,-97,0,11,2,318044442,0,83,1,128,0,"[0,0,0,0,0,0,0,0,0,0,0,0,0,2,0,5,0,6,0,8,0,9,0,10,0,10,0,10,0,10,0,9,0,8,0,7,0,5,0,3,0,1,0,0,-1,-2,-1,-4,-1,-5,-2,-8,-2,-8,-2,-9,-2,-10,-2,-10,-2,-10,-2,-9,0,0,-2,-7,-2,-5,-1,-4,0,-2,0,0,0,1,0,3,0,5,0,6,1,7,1,8,1,8,1,8,1,8,1,8,1,7,1,5,0,4,0,2,0,1,0,0,0,-1,0,-2,0,-3,0,-5,0,-5,0,0,0,0,0,0,0,0,0,0]"
CSI_DATA,23581,80:af:ca:27:52:2a,-55,11,1,0,1,1,1,0,0,0,0,-97,0,11,2,318051356,0,83,1,128,0,"[0,0,0,0,0,0,0,0,0,0,0,0,4,-7,3,-7,3,-6,3,-5,2,-4,1,-2,1,-1,0,0,0,2,-1,3,-1,4,-2,6,-2,6,-2,7,-2,7,-2,7,-2,7,-2,6,-2,6,-1,5,-1,3,-1,2,0,1,0,0,0,-2,0,-3,0,0,0,-6,0,-7,1,-7,0,-8,1,-8,0,-8,0,-7,0,-6,0,-5,0,-4,0,-3,0,-1,0,0,-1,1,-1,2,-1,3,-1,4,-1,4,-1,5,-1,5,-1,5,-1,5,-1,5,-1,4,-1,4,-1,3,0,0,0,0,0,0,0,0,0,0]"
CSI_DATA,23582,80:af:ca:27:52:2a,-54,11,1,2,1,1,1,0,0,0,0,-97,0,11,2,318056919,0,83,1,128,0,"[0,0,0,0,0,0,0,0,0,0,0,0,2,1,3,3,4,5,5,5,5,7,5,8,6,8,5,8,6,8,5,7,5,6,4,5,2,3,1,2,0,1,-1,0,-2,-2,-4,-2,-5,-4,-6,-5,-7,-5,-8,-6,-8,-7,-8,-6,-8,-6,-8,-5,0,0,-5,-5,-5,-3,-3,-2,-2,-1,0,0,1,0,2,2,3,3,5,4,5,5,6,5,6,5,6,5,6,5,6,5,5,4,5,3,3,2,2,1,1,0,0,0,0,-1,-1,-2,-2,-3,-2,-4,-3,-5,0,0,0,0,0,0,0,0,0,0]"
CSI_DATA,23583,80:af:ca:27:52:2a,-55,11,1,0,1,1,1,0,0,0,0,-97,0,11,2,318064535,0,83,1,128,0,"[0,0,0,0,0,0,0,0,0,0,0,0,0,-3,1,-4,3,-5,4,-5,5,-7,5,-7,6,-7,5,-7,5,-7,5,-6,5,-5,4,-4,3,-3,1,-1,0,0,0,0,-1,1,-3,2,-3,3,-5,4,-5,5,-6,5,-6,6,-6,6,-7,6,-5,5,0,0,-4,4,-3,3,-2,2,-1,1,0,0,1,-1,3,-1,3,-3,5,-3,5,-4,6,-4,6,-4,6,-4,6,-4,6,-4,5,-3,4,-3,3,-3,1,-2,1,-1,0,-1,-1,0,-2,0,-3,0,-4,0,-5,0,0,0,0,0,0,0,0,0,0,0]"
CSI_DATA,23584,80:af:ca:27:52:2a,-55,11,1,0,1,1,1,0,0,0,0,-97,0,11,2,318073701,0,83,1,128,0,"[0,0,0,0,0,0,0,0,0,0,0,0,1,-2,3,-3,5,-4,7,-4,7,-4,9,-4,9,-5,9,-5,9,-5,8,-4,7,-4,7,-4,4,-2,3,-2,1,0,0,0,-1,1,-3,2,-4,3,-6,4,-7,4,-7,5,-8,5,-8,6,-9,6,-8,6,0,0,-6,4,-4,3,-3,2,-2,1,0,0,1,-1,2,-2,4,-3,5,-4,5,-4,7,-5,7,-5,7,-5,7,-5,6,-5,5,-4,4,-4,3,-4,2,-2,1,-2,0,-1,-1,0,-2,0,-3,0,-4,1,-4,1,0,0,0,0,0,0,0,0,0,0]"
CSI_DATA,23585,80:af:ca:27:52:2a,-55,11,1,0,1,1,1,0,0,0,0,-97,0,11,2,318080760,0,83,1,128,0,"[0,0,0,0,0,0,0,0,0,0,0,0,-2,1,-4,2,-6,2,-8,2,-9,3,-9,3,-10,4,-9,4,-9,3,-9,3,-9,2,-7,2,-5,1,-3,0,-2,0,0,0,1,-2,2,-2,4,-3,5,-4,7,-4,7,-5,7,-5,8,-6,8,-5,7,-5,0,0,5,-4,4,-3,2,-2,1,-2,0,0,-2,0,-3,1,-4,2,-6,2,-7,3,-7,4,-7,4,-7,4,-7,4,-7,3,-6,3,-5,2,-4,2,-3,2,-2,1,0,0,0,0,1,0,2,0,3,-1,4,-1,0,0,0,0,0,0,0,0,0,0]"
CSI_DATA,23586,80:af:ca:27:52:2a,-54,11,1,2,1,1,1,0,0,0,0,-97,0,11,2,318086080,0,83,1,128,0,"[0,0,0,0,0,0,0,0,0,0,0,0,-2,2,-4,3,-5,4,-7,5,-8,5,-9,5,-9,5,-9,5,-10,5,-8,5,-8,4,-7,3,-5,2,-3,1,-1,0,0,0,1,-1,2,-2,5,-3,5,-4,7,-5,8,-5,8,-5,8,-5,8,-5,8,-5,0,0,5,-4,4,-3,2,-2,1,-2,0,-1,-2,0,-3,0,-5,0,-6,1,-7,2,-8,2,-8,2,-8,2,-8,2,-8,2,-7,1,-6,1,-5,1,-3,0,-2,0,0,0,0,0,1,0,2,0,3,0,4,0,0,0,0,0,0,0,0,0,0,0]"
CSI_DATA,23587,80:af:ca:27:52:2a,-54,11,1,0,1,1,1,0,0,0,0,-97,0,11,2,318094664,0,83,1,128,0,"[0,0,0,0,0,0,0,0,0,0,0,0,-6,9,-5,8,-5,7,-5,5,-4,3,-2,1,-1,0,0,-1,1,-3,2,-5,4,-6,5,-8,5,-8,6,-9,6,-9,7,-9,6,-9,5,-8,5,-7,4,-5,2,-4,1,-2,0,-1,-1,0,-2,1,-4,2,0,0,-6,5,-7,6,-8,7,-8,7,-8,7,-8,7,-7,6,-6,5,-5,5,-4,4,-2,2,-1,1,0,0,1,0,2,-1,4,-1,5,-2,6,-2,7,-3,7,-3,7,-3,7,-2,6,-2,5,-2,5,-2,4,-1,0,0,0,0,0,0,0,0,0,0]"
CSI_DATA,23588,80:af:ca:27:52:2a,-55,11,1,0,1,1,1,0,0,0,0,-97,0,11,2,318112502,0,83,1,128,0,"[0,0,0,0,0,0,0,0,0,0,0,0,-7,-3,-7,-3,-6,-3,-5,-3,-4,-2,-2,-2,-1,-1,0,-1,2,0,3,0,4,0,6,0,6,0,7,0,7,0,7,0,7,0,6,0,6,0,5,0,3,0,2,0,1,0,0,0,-2,0,-3,0,0,0,-6,0,-6,0,-7,0,-8,1,-8,0,-7,1,-7,1,-6,1,-5,0,-4,0,-3,0,-2,0,0,0,1,0,2,0,3,0,4,0,5,-1,5,-1,5,-1,5,-1,5,-1,5,-1,4,-1,4,0,3,0,0,0,0,0,0,0,0,0,0,0]"
CSI_DATA,23589,80:af:ca:27:52:2a,-54,11,1,0,1,1,1,0,0,0,0,-97,0,11,2,318119908,0,83,1,128,0,"[0,0,0,0,0,0,0,0,0,0,0,0,-2,-9,-2,-8,-1,-7,-1,-7,-1,-5,0,-3,0,-2,0,0,1,1,1,3,2,4,2,6,3,7,3,7,3,7,4,8,4,7,3,7,3,6,2,4,2,3,1,2,0,1,0,0,-1,-1,-2,-2,0,0,-4,-5,-5,-6,-6,-6,-6,-7,-6,-7,-6,-7,-6,-6,-5,-5,-4,-4,-3,-3,-2,-2,-1,-1,0,0,0,1,1,2,2,2,2,3,3,4,3,4,3,4,3,4,3,4,3,4,3,3,2,3,2,2,0,0,0,0,0,0,0,0,0,0]"
CSI_DATA,23590,80:af:ca:27:52:2a,-55,11,1,0,1,1,1,0,0,0,0,-97,0,11,2,318127635,0,83,1,128,0,"[0,0,0,0,0,0,0,0,0,0,0,0,-8,-3,-7,-3,-6,-2,-5,-2,-4,-2,-2,-1,-1,-1,0,0,1,0,2,0,4,0,5,1,6,1,6,1,6,2,7,2,7,1,6,1,5,1,5,1,3,0,2,0,0,0,0,0,-1,0,-3,0,0,0,-5,-1,-6,-2,-7,-2,-7,-2,-7,-2,-7,-2,-7,-2,-6,-1,-5,-1,-4,-1,-3,0,-2,0,0,0,0,0,1,1,2,1,3,2,3,2,4,2,4,2,4,2,4,2,4,2,3,2,3,2,2,1,0,0,0,0,0,0,0,0,0,0]"
CSI_DATA,23591,80:af:ca:27:52:2a,-55,11,1,0,1,1,1,0,0,0,0,-97,0,11,2,318137640,0,83,1,128,0,"[0,0,0,0,0,0,0,0,0,0,0,0,2,0,4,1,6,2,7,4,8,5,8,5,9,6,9,5,8,5,8,5,7,5,6,4,4,3,2,2,0,1,0,0,-2,0,-4,-1,-5,-2,-8,-2,-8,-3,-10,-3,-10,-3,-10,-3,-10,-3,-10,-2,0,0,-8,-2,-6,-2,-4,-1,-2,0,0,0,1,0,2,0,5,0,6,1,7,1,8,2,8,2,8,2,8,1,8,1,7,1,6,1,5,0,3,0,2,0,0,0,0,-1,-2,-1,-3,-2,-4,-2,-5,-2,0,0,0,0,0,0,0,0,0,0]"
CSI_DATA,23592,80:af:ca:27:52:2a,-55,11,1,0,1,1,1,0,0,0,0,-97,0,11,2,318154981,0,83,1,128,0,"[0,0,0,0,0,0,0,0,0,0,0,0,2,8,2,7,1,6,0,6,0,4,0,2,0,1,-1,0,-1,-2,-2,-3,-2,-5,-2,-6,-3,-7,-3,-7,-3,-8,-3,-8,-3,-8,-3,-7,-3,-6,-2,-5,-2,-4,-1,-3,-1,-1,0,0,0,1,1,2,0,0,2,5,2,6,3,6,3,7,3,7,3,7,2,6,2,5,2,5,2,3,1,2,1,1,0,0,0,-1,0,-2,-1,-3,-1,-4,-1,-5,-1,-5,-2,-5,-1,-6,-1,-5,-1,-5,-1,-5,-1,-4,-1,-3,0,0,0,0,0,0,0,0,0,0]"
CSI_DATA,23593,80:af:ca:27:52:2a,-54,11,1,0,1,1,1,0,0,0,0,-97,0,11,2,318163883,0,83,1,128,0,"[0,0,0,0,0,0,0,0,0,0,0,0,-7,8,-6,7,-6,6,-5,4,-4,3,-2,1,-1,0,0,-1,1,-3,2,-5,4,-6,4,-7,5,-8,6,-8,6,-8,6,-9,5,-8,5,-8,4,-7,4,-6,2,-4,1,-3,0,-1,0,0,-1,1,-2,3,0,0,-4,6,-5,7,-6,8,-6,8,-6,8,-6,8,-5,8,-5,6,-4,5,-2,4,-2,3,-1,1,0,0,1,-1,2,-2,3,-3,4,-4,4,-5,4,-5,5,-5,5,-5,5,-5,4,-5,4,-4,4,-4,2,-3,0,0,0,0,0,0,0,0,0,0]"
CSI_DATA,23594,80:af:ca:27:52:2a,-55,11,1,0,1,1,1,0,0,0,0,-97,0,11,2,318180664,0,83,1,128,0,"[0,0,0,0,0,0,0,0,0,0,0,0,1,-3,3,-4,4,-5,7,-6,7,-7,8,-7,8,-7,8,-7,8,-7,7,-6,7,-5,6,-4,4,-3,2,-2,1,0,0,0,-2,2,-2,3,-4,4,-5,6,-6,7,-7,7,-7,7,-7,8,-7,8,-5,7,0,0,-4,5,-3,4,-2,2,-1,1,0,0,1,-2,2,-3,3,-4,4,-6,4,-7,4,-8,4,-7,4,-8,4,-8,4,-7,3,-7,2,-6,2,-4,1,-3,0,-2,0,-1,-1,0,-2,1,-3,2,-4,2,-4,2,0,0,0,0,0,0,0,0,0,0]"
CSI_DATA,23595,80:af:ca:27:52:2a,-55,11,1,0,1,1,1,0,0,0,0,-97,0,11,2,318190090,0,83,1,128,0,"[0,0,0,0,0,0,0,0,0,0,0,0,-3,-3,-4,-5,-4,-7,-4,-9,-5,-11,-4,-11,-5,-12,-5,-11,-4,-11,-4,-11,-4,-9,-3,-8,-2,-6,-1,-4,0,-2,1,0,2,1,4,3,5,4,6,6,7,6,8,7,8,7,9,7,8,7,8,6,0,0,6,4,4,3,2,2,1,0,0,0,-2,-2,-4,-3,-6,-4,-7,-5,-8,-5,-10,-6,-10,-6,-9,-6,-9,-5,-8,-4,-8,-4,-7,-3,-6,-2,-4,-2,-2,0,0,0,0,1,2,2,3,2,4,3,4,3,0,0,0,0,0,0,0,0,0,0]"
CSI_DATA,23596,80:af:ca:27:52:2a,-55,11,1,0,1,1,1,0,0,0,0,-97,0,11,2,318198683,0,83,1,128,0,"[0,0,0,0,0,0,0,0,0,0,0,0,-8,-2,-7,-2,-6,-2,-5,-2,-4,-2,-2,-1,-1,-1,0,-1,2,-1,3,0,5,0,6,0,6,0,7,0,7,0,7,0,7,0,6,0,5,0,4,0,3,0,2,0,1,0,0,0,-2,0,-3,0,0,0,-6,0,-7,1,-7,1,-8,1,-7,1,-7,1,-7,1,-6,1,-5,1,-4,1,-3,0,-1,0,0,0,1,0,2,0,3,0,4,0,4,0,5,0,5,-1,5,0,5,-1,5,-1,4,-1,4,0,3,0,0,0,0,0,0,0,0,0,0,0]"
CSI_DATA,23597,80:af:ca:27:52:2a,-55,11,1,0,1,1,1,0,0,0,0,-97,0,11,2,318206609,0,83,1,128,0,"[0,0,0,0,0,0,0,0,0,0,0,0,5,-7,4,-6,4,-5,4,-4,3,-3,1,-2,0,-1,0,0,-1,1,-2,2,-3,3,-4,4,-5,5,-5,5,-5,6,-6,6,-5,6,-5,5,-4,5,-4,4,-3,3,-2,2,-1,1,0,0,1,-1,2,-2,0,0,4,-4,5,-5,5,-5,5,-5,5,-5,5,-5,5,-5,4,-5,4,-4,2,-3,2,-2,1,-2,0,-1,-1,0,-2,0,-3,1,-4,1,-5,2,-5,2,-5,2,-5,2,-5,2,-5,1,-5,1,-4,1,-3,1,0,0,0,0,0,0,0,0,0,0]"
CSI_DATA,23598,80:af:ca:27:52:2a,-55,11,1,0,1,1,1,0,0,0,0,-97,0,11,2,318214783,0,83,1,128,0,"[0,0,0,0,0,0,0,0,0,0,0,0,-2,-2,-2,-5,-3,-7,-3,-9,-4,-10,-4,-11,-4,-11,-4,-11,-3,-11,-3,-10,-2,-10,-2,-8,-2,-6,-1,-4,0,-2,0,0,1,1,2,3,2,5,3,7,3,8,4,8,4,9,5,9,5,9,5,8,0,0,3,6,2,5,2,3,0,1,0,0,0,-2,-2,-3,-2,-5,-3,-7,-3,-8,-4,-8,-4,-8,-4,-8,-4,-8,-4,-8,-3,-7,-3,-5,-2,-5,-2,-3,-1,-2,-1,0,0,0,0,2,0,2,0,4,0,4,0,0,0,0,0,0,0,0,0,0]"
CSI_DATA,23599,80:af:ca:27:52:2a,-54,11,1,0,1,1,1,0,0,0,0,-97,0,11,2,318223529,0,83,1,128,0,"[0,0,0,0,0,0,0,0,0,0,0,0,-9,3,-8,3,-7,2,-6,1,-4,1,-2,0,-1,0,0,-1,2,-1,3,-2,5,-2,6,-3,7,-4,8,-4,8,-4,8,-4,8,-4,7,-3,6,-3,5,-2,4,-2,2,-1,0,-1,-1,0,-2,0,-4,1,0,0,-6,2,-8,2,-8,2,-8,2,-9,2,-8,2,-8,2,-6,2,-5,2,-4,1,-3,1,-1,1,0,0,1,0,2,0,4,0,4,0,5,0,6,0,6,0,6,0,6,0,5,0,5,0,4,0,3,0,0,0,0,0,0,0,0,0,0,0]"
CSI_DATA,23600,80:af:ca:27:52:2a,-54,11,1,0,1,1,1,0,0,0,0,-97,0,11,2,318232170,0,83,1,128,0,"[0,0,0,0,0,0,0,0,0,0,0,0,-3,-8,-3,-8,-2,-7,-2,-6,-1,-5,0,-3,0,-1,0,0,1,2,2,3,2,5,3,6,3,7,3,7,3,7,4,8,4,7,3,6,3,6,2,5,2,3,1,2,0,0,0,0,-1,-2,-2,-3,0,0,-3,-6,-4,-7,-5,-7,-5,-7,-5,-7,-5,-7,-5,-7,-4,-6,-3,-5,-3,-3,-2,-2,-1,-1,-1,0,0,1,0,2,1,3,1,4,2,5,2,5,2,5,2,5,2,5,2,5,2,4,1,3,1,3,0,0,0,0,0,0,0,0,0,0]"
CSI_DATA,23601,80:af:ca:27:52:2a,-55,11,1,0,1,1,1,0,0,0,0,-97,0,11,2,318239694,0,83,1,128,0,"[0,0,0,0,0,0,0,0,0,0,0,0,-3,0,-5,-1,-7,-1,-8,-2,-10,-2,-10,-3,-11,-3,-11,-2,-11,-3,-9,-2,-8,-2,-7,-2,-5,-2,-4,-1,-2,-1,0,0,2,0,4,0,5,0,7,0,8,0,9,0,9,0,10,0,10,0,8,0,0,0,6,0,5,0,3,0,1,0,0,0,-2,0,-4,0,-5,-1,-7,-1,-8,-1,-8,-1,-9,-1,-9,-1,-8,-1,-8,-1,-7,-1,-6,0,-5,0,-4,0,-2,0,0,0,0,0,2,0,2,1,3,1,4,1,0,0,0,0,0,0,0,0,0,0]"
CSI_DATA,23602,80:af:ca:27:52:2a,-55,11,1,0,1,1,1,0,0,0,0,-97,0,11,2,318247380,0,83,1,128,0,"[0,0,0,0,0,0,0,0,0,0,0,0,2,-2,4,-3,6,-3,9,-4,10,-4,11,-4,12,-4,12,-4,11,-4,11,-4,10,-3,8,-3,6,-2,4,-1,2,0,0,0,-2,2,-4,2,-6,4,-8,4,-8,6,-10,6,-10,6,-11,7,-11,6,-9,6,0,0,-7,5,-6,4,-4,2,-2,1,0,0,2,-2,3,-2,4,-4,6,-5,7,-6,8,-7,8,-7,8,-7,8,-7,7,-6,6,-6,5,-5,4,-4,2,-3,1,-2,0,-1,-2,0,-2,0,-4,1,-5,2,-6,2,0,0,0,0,0,0,0,0,0,0]"
CSI_DATA,23603,80:af:ca:27:52:2a,-55,11,1,0,1,1,1,0,0,0,0,-97,0,11,2,318256616,0,83,1,128,0,"[0,0,0,0,0,0,0,0,0,0,0,0,7,0,6,0,6,0,5,0,3,0,2,0,0,0,0,0,-1,0,-2,0,-4,1,-5,1,-6,1,-6,1,-7,1,-7,2,-7,2,-6,1,-5,1,-4,1,-3,0,-2,0,-1,0,0,0,0,-1,1,-2,0,0,3,-3,4,-3,5,-4,5,-4,5,-4,5,-4,5,-4,4,-3,3,-3,2,-2,1,-2,0,-1,0,0,0,0,-1,0,-2,1,-3,2,-3,2,-4,2,-4,3,-4,3,-4,3,-4,2,-3,2,-3,2,-2,1,0,0,0,0,0,0,0,0,0,0]"
CSI_DATA,23604,80:af:ca:27:52:2a,-55,11,1,0,1,1,1,0,0,0,0,-97,0,11,2,318265959,0,83,1,128,0,"[0,0,0,0,0,0,0,0,0,0,0,0,3,6,3,5,3,5,2,4,1,3,0,2,0,0,0,0,-1,-1,-2,-2,-3,-3,-4,-4,-4,-5,-5,-5,-5,-5,-5,-5,-5,-5,-5,-5,-4,-4,-3,-4,-2,-3,-1,-2,0,-1,0,0,0,0,1,1,0,0,3,3,4,4,5,4,5,4,5,5,5,4,4,4,4,3,3,3,3,2,2,1,1,0,0,0,0,-1,-1,-2,-1,-2,-2,-3,-3,-4,-3,-4,-3,-4,-3,-4,-3,-4,-3,-4,-3,-4,-2,-3,-2,-2,0,0,0,0,0,0,0,0,0,0]"
CSI_DATA,23605,80:af:ca:27:52:2a,-54,11,1,0,1,1,1,0,0,0,0,-97,0,11,2,318281162,0,83,1,128,0,"[0,0,0,0,0,0,0,0,0,0,0,0,-5,7,-5,6,-5,6,-4,5,-3,3,-2,2,-1,0,0,-1,0,-2,1,-3,2,-5,3,-6,3,-7,4,-7,4,-7,4,-8,3,-7,3,-7,3,-6,2,-5,2,-4,1,-3,0,-1,0,0,-1,1,-2,2,0,0,-3,5,-3,6,-4,7,-4,7,-4,7,-4,7,-3,6,-3,6,-2,5,-2,3,-1,2,0,1,0,0,1,-1,1,-1,2,-2,2,-3,3,-4,3,-5,3,-5,3,-5,3,-5,3,-5,2,-4,2,-3,2,-3,0,0,0,0,0,0,0,0,0,0]"
CSI_DATA,23606,80:af:ca:27:52:2a,-54,11,1,0,1,1,1,0,0,0,0,-97,0,11,2,318290430,0,83,1,128,0,"[0,0,0,0,0,0,0,0,0,0,0,0,6,7,5,6,4,5,3,4,2,3,1,2,0,0,-1,-1,-2,-2,-3,-4,-4,-5,-5,-7,-5,-8,-5,-8,-5,-8,-5,-8,-5,-8,-5,-7,-4,-6,-3,-5,-2,-4,-2,-2,-1,-1,0,0,0,2,1,4,0,0,2,6,2,7,2,8,3,8,2,8,2,8,2,8,2,7,1,5,1,4,1,2,1,1,0,0,0,-1,0,-3,0,-4,0,-5,0,-6,0,-7,0,-7,0,-7,1,-7,1,-7,0,-6,1,-5,0,-4,0,0,0,0,0,0,0,0,0,0]"
CSI_DATA,23607,80:af:ca:27:52:2a,-54,11,1,0,1,1,1,0,0,0,0,-97,0,11,2,318298396,0,83,1,128,0,"[0,0,0,0,0,0,0,0,0,0,0,0,0,-9,0,-8,0,-7,0,-6,0,-4,0,-2,0,-1,0,0,0,2,0,4,0,5,0,6,0,8,0,8,0,8,0,9,0,8,0,7,0,6,0,5,0,4,0,2,0,1,0,0,0,-2,-1,-4,0,0,-1,-6,-1,-8,-1,-8,-1,-9,-1,-9,-1,-9,-1,-8,-1,-7,-1,-6,-1,-4,-1,-3,-1,-1,0,0,0,1,0,2,0,4,0,5,0,5,0,5,0,5,0,6,0,5,0,5,0,5,0,4,0,3,0,0,0,0,0,0,0,0,0,0]"
CSI_DATA,23608,80:af:ca:27:52:2a,-54,11,1,0,1,1,1,0,0,0,0,-97,0,11,2,318315665,0,83,1,128,0,"[0,0,0,0,0,0,0,0,0,0,0,0,0,-9,0,-7,0,-7,0,-6,0,-4,0,-3,0,-1,0,0,0,1,0,3,0,4,1,5,1,6,1,7,1,7,1,7,1,7,1,6,1,6,1,5,0,4,0,2,0,1,0,0,-1,-2,-1,-3,0,0,-2,-5,-3,-6,-3,-7,-3,-7,-3,-7,-3,-7,-3,-6,-3,-6,-2,-5,-2,-4,-2,-2,-1,-1,0,0,0,1,0,2,1,3,1,4,1,4,2,4,2,4,2,5,2,4,2,4,1,4,1,3,1,2,0,0,0,0,0,0,0,0,0,0]"
CSI_DATA,23609,80:af:ca:27:52:2a,-55,11,1,0,1,1,1,0,0,0,0,-97,0,11,2,318322360,0,83,1,128,0,"[0,0,0,0,0,0,0,0,0,0,0,0,-1,-7,-1,-7,-1,-6,0,-5,0,-4,0,-3,0,-1,0,0,0,0,1,2,1,3,2,4,2,5,3,5,3,6,3,6,3,5,3,5,2,4,2,4,1,3,1,2,0,0,0,0,-1,-1,-2,-2,0,0,-3,-4,-4,-4,-4,-5,-4,-5,-4,-5,-4,-5,-4,-5,-4,-4,-4,-4,-3,-3,-2,-2,-1,-1,0,0,0,0,0,1,1,2,2,3,2,3,3,3,3,3,3,4,3,4,3,3,2,3,2,3,1,2,0,0,0,0,0,0,0,0,0,0]"
CSI_DATA,23610,80:af:ca:27:52:2a,-55,11,1,0,1,1,1,0,0,0,0,-97,0,11,2,318329129,0,83,1,128,0,"[0,0,0,0,0,0,0,0,0,0,0,0,-7,-2,-6,-2,-5,-2,-4,-2,-3,-1,-2,-1,0,-1,0,0,1,0,2,0,4,0,5,0,6,0,6,0,6,1,7,0,6,0,6,0,5,0,4,0,3,0,2,0,0,0,0,0,-1,0,-3,0,0,0,-5,0,-6,0,-7,0,-7,0,-7,0,-7,-1,-7,0,-6,0,-5,0,-4,0,-3,0,-1,0,0,0,0,0,1,0,2,0,3,0,4,0,4,1,5,0,5,1,4,1,4,1,4,0,3,0,2,0,0,0,0,0,0,0,0,0,0,0]"
CSI_DATA,23611,80:af:ca:27:52:2a,-54,11,1,0,1,1,1,0,0,0,0,-97,0,11,2,318345456,0,83,1,128,0,"[0,0,0,0,0,0,0,0,0,0,0,0,0,9,0,8,0,7,-1,6,-1,4,-1,2,0,1,-1,0,0,-2,0,-3,0,-6,-1,-7,-1,-8,-1,-8,0,-9,-1,-9,-1,-9,-1,-8,-1,-7,0,-6,0,-4,0,-3,0,-1,0,0,0,1,0,3,0,0,0,6,0,7,1,7,1,8,0,8,0,8,0,7,0,6,1,5,0,4,0,3,0,1,0,0,0,-1,0,-2,0,-3,0,-4,0,-5,0,-6,0,-6,0,-6,0,-6,0,-6,0,-5,0,-4,0,-3,0,0,0,0,0,0,0,0,0,0]"
CSI_DATA,23612,80:af:ca:27:52:2a,-55,11,1,2,1,1,1,0,0,0,0,-97,0,11,2,318350765,0,83,1,128,0,"[0,0,0,0,0,0,0,0,0,0,0,0,2,0,4,1,6,2,7,3,8,4,8,5,9,5,9,5,8,5,8,5,8,4,6,3,5,2,2,1,0,0,0,0,-2,0,-4,-1,-5,-2,-7,-3,-8,-3,-9,-4,-10,-4,-10,-4,-10,-4,-9,-3,0,0,-7,-2,-5,-2,-4,-1,-2,0,0,0,0,0,2,1,4,2,5,2,6,3,7,3,8,3,8,3,8,3,7,3,6,2,5,2,4,1,3,0,2,0,0,0,0,-1,-1,-2,-2,-2,-3,-3,-3,-3,0,0,0,0,0,0,0,0,0,0]"
CSI_DATA,23613,80:af:ca:27:52:2a,-54,11,1,0,1,1,1,0,0,0,0,-97,0,11,2,318359596,0,83,1,128,0,"[0,0,0,0,0,0,0,0,0,0,0,0,1,8,0,8,0,7,0,5,0,3,0,2,0,0,-1,-1,-1,-3,-1,-5,-1,-6,-1,-7,-1,-8,-1,-8,-1,-9,-1,-9,-1,-8,-1,-8,-1,-7,-1,-6,-1,-4,0,-2,0,-1,0,0,0,2,0,3,0,0,0,6,0,7,0,8,0,8,0,8,0,8,0,7,0,6,0,6,0,4,0,2,0,1,0,0,0,-1,0,-2,1,-3,1,-5,1,-5,1,-6,1,-6,1,-6,1,-6,1,-6,1,-5,1,-4,0,-3,0,0,0,0,0,0,0,0,0,0]"
CSI_DATA,23614,80:af:ca:27:52:2a,-55,11,1,2,1,1,1,0,0,0,0,-97,0,11,2,318367393,0,83,1,128,0,"[0,0,0,0,0,0,0,0,0,0,0,0,-3,0,-5,0,-7,0,-9,0,-9,0,-10,0,-11,0,-11,0,-10,-1,-9,-1,-9,-1,-7,0,-5,0,-3,0,-1,0,0,0,2,0,4,0,5,0,7,0,8,0,9,0,9,0,9,0,9,0,9,0,0,0,6,0,4,0,3,0,1,0,0,0,-2,0,-4,0,-5,-1,-7,-1,-7,-1,-8,-1,-9,-2,-9,-2,-9,-2,-8,-1,-7,-1,-6,-1,-4,0,-3,0,-2,0,0,0,0,0,1,1,2,1,3,2,4,2,0,0,0,0,0,0,0,0,0,0]"
CSI_DATA,23615,80:af:ca:27:52:2a,-55,11,1,0,1,1,1,0,0,0,0,-97,0,11,2,318375013,0,83,1,128,0,"[0,0,0,0,0,0,0,0,0,0,0,0,2,-2,4,-2,6,-2,7,-2,8,-3,8,-2,9,-2,9,-3,9,-2,8,-2,7,-2,6,-2,4,-1,2,0,1,0,0,0,-2,1,-4,1,-5,2,-6,2,-8,3,-8,3,-8,3,-9,4,-9,4,-8,4,0,0,-6,2,-4,2,-3,1,-2,0,0,0,1,0,3,-1,4,-2,6,-2,6,-3,7,-4,7,-3,7,-3,7,-3,6,-3,6,-3,5,-2,4,-2,2,-2,1,-1,0,-1,-1,0,-2,0,-4,0,-4,0,-5,0,0,0,0,0,0,0,0,0,0,0]"
CSI_DATA,23616,80:af:ca:27:52:2a,-55,11,1,0,1,1,1,0,0,0,0,-97,0,11,2,318382851,0,83,1,128,0,"[0,0,0,0,0,0,0,0,0,0,0,0,0,2,0,4,0,7,0,8,0,9,0,9,0,10,0,10,0,10,0,9,0,8,0,7,0,5,0,3,0,1,-1,0,-1,-2,-2,-4,-2,-6,-2,-8,-2,-9,-3,-9,-3,-10,-4,-10,-3,-10,-4,-9,0,0,-2,-7,-2,-5,-2,-4,-1,-2,0,0,0,1,0,3,1,5,2,7,2,7,2,8,2,8,2,8,2,8,2,7,2,7,2,6,2,4,1,2,0,1,0,0,0,-1,0,-2,0,-4,0,-4,-1,-5,0,0,0,0,0,0,0,0,0,0]"
CSI_DATA,23617,80:af:ca:27:52:2a,-55,11,1,0,1,1,1,0,0,0,0,-97,0,11,2,318394715,0,83,1,128,0,"[0,0,0,0,0,0,0,0,0,0,0,0,-1,-3,-1,-5,-1,-7,0,-9,0,-9,0,-11,0,-11,0,-11,0,-11,0,-9,0,-9,0,-7,0,-5,0,-4,0,-1,0,0,0,2,1,4,1,6,1,7,2,8,2,9,2,9,2,9,2,9,2,9,0,0,2,7,1,4,0,3,0,1,0,0,0,-2,-1,-4,-2,-5,-2,-7,-2,-8,-3,-9,-3,-9,-3,-9,-3,-9,-2,-9,-3,-8,-2,-7,-2,-5,-2,-4,-1,-2,-1,0,0,0,0,2,0,3,0,4,0,4,0,0,0,0,0,0,0,0,0,0]"
CSI_DATA,23618,80:af:ca:27:52:2a,-55,11,1,0,1,1,1,0,0,0,0,-97,0,11,2,318403705,0,83,1,128,0,"[0,0,0,0,0,0,0,0,0,0,0,0,-5,-7,-5,-6,-4,-6,-3,-5,-2,-4,-1,-2,0,-1,0,0,1,1,2,2,3,3,4,4,5,5,5,5,5,5,6,5,5,5,5,4,4,4,4,3,3,2,2,2,0,0,0,0,-2,-1,-3,-2,0,0,-5,-4,-6,-4,-6,-5,-7,-5,-6,-5,-6,-5,-6,-5,-5,-4,-4,-3,-4,-2,-3,-2,-1,-1,0,0,0,1,1,1,2,2,3,3,3,3,3,4,4,4,4,4,3,4,3,3,3,3,2,3,2,2,0,0,0,0,0,0,0,0,0,0]"
CSI_DATA,23619,80:af:ca:27:52:2a,-55,11,1,0,1,1,1,0,0,0,0,-97,0,11,2,318412017,0,83,1,128,0,"[0,0,0,0,0,0,0,0,0,0,0,0,0,2,-2,5,-3,6,-5,8,-5,8,-6,9,-6,9,-6,9,-6,8,-5,8,-5,7,-4,6,-3,4,-2,2,-1,0,0,0,0,-2,1,-4,2,-5,3,-7,4,-8,5,-8,5,-8,5,-9,5,-9,4,-9,0,0,3,-6,2,-5,1,-4,0,-2,0,0,-2,0,-3,2,-4,3,-5,5,-5,5,-6,6,-6,6,-6,6,-6,6,-5,5,-5,5,-4,4,-3,3,-2,2,-1,1,0,0,0,0,1,0,2,-1,3,-2,4,-2,0,0,0,0,0,0,0,0,0,0]"
CSI_DATA,23620,80:af:ca:27:52:2a,-54,11,1,0,1,1,1,0,0,0,0,-97,0,11,2,318421524,0,83,1,128,0,"[0,0,0,0,0,0,0,0,0,0,0,0,-3,-10,-2,-9,-2,-7,-1,-7,-1,-5,0,-2,0,-1,0,0,0,2,1,4,1,6,1,7,1,8,1,9,1,9,1,10,1,8,1,8,1,7,0,5,0,4,0,2,0,0,0,-1,0,-2,0,-4,0,0,0,-7,0,-8,0,-9,0,-10,0,-10,0,-10,0,-9,0,-8,0,-7,0,-5,0,-4,0,-2,-1,-1,-1,0,-2,1,-2,3,-3,4,-3,5,-3,5,-3,5,-4,5,-4,5,-4,5,-3,4,-3,4,-2,2,0,0,0,0,0,0,0,0,0,0]"
CSI_DATA,23621,80:af:ca:27:52:2a,-55,11,1,0,1,1,1,0,0,0,0,-97,0,11,2,318429605,0,83,1,128,0,"[0,0,0,0,0,0,0,0,0,0,0,0,0,-3,0,-5,1,-6,2,-8,2,-9,2,-10,2,-10,2,-10,2,-9,2,-8,2,-8,2,-6,1,-5,0,-3,0,-1,0,0,0,2,0,4,-1,5,-1,6,-1,8,-2,8,-1,8,-1,9,-2,9,-1,8,0,0,-1,6,0,4,0,3,0,1,0,0,0,-2,0,-4,0,-5,0,-6,0,-7,1,-8,1,-8,1,-8,1,-8,1,-7,0,-7,0,-6,0,-4,0,-3,0,-2,0,0,-1,0,-1,1,-2,2,-2,3,-2,4,0,0,0,0,0,0,0,0,0,0]"
CSI_DATA,23622,80:af:ca:27:52:2a,-55,11,1,0,1,1,1,0,0,0,0,-97,0,11,2,318439599,0,83,1,128,0,"[0,0,0,0,0,0,0,0,0,0,0,0,-1,-8,-1,-8,-1,-7,0,-6,0,-4,0,-3,0,-1,0,0,0,1,1,3,1,4,2,5,2,6,2,7,2,7,2,7,2,7,2,6,2,5,1,5,1,3,0,2,0,1,0,0,-1,-1,-2,-3,0,0,-3,-5,-3,-6,-4,-6,-4,-7,-4,-7,-4,-7,-4,-6,-3,-5,-3,-5,-3,-4,-2,-2,-1,-1,0,0,0,1,0,2,1,3,2,4,2,4,2,5,2,5,2,5,2,5,2,4,2,4,2,3,1,3,0,0,0,0,0,0,0,0,0,0]"
CSI_DATA,23623,80:af:ca:27:52:2a,-54,11,1,0,1,1,1,0,0,0,0,-97,0,11,2,318448611,0,83,1,128,0,"[0,0,0,0,0,0,0,0,0,0,0,0,-7,3,-7,3,-6,2,-5,2,-4,1,-2,0,-1,0,0,-1,1,-2,2,-3,3,-3,4,-4,5,-4,5,-5,5,-5,6,-6,5,-5,5,-5,4,-4,3,-4,2,-3,2,-2,0,-1,0,0,-1,1,-2,2,0,0,-4,4,-4,5,-4,5,-5,6,-5,6,-5,6,-4,5,-4,5,-3,4,-2,3,-2,2,-1,1,0,0,1,-1,1,-2,2,-3,3,-3,3,-4,3,-4,3,-5,3,-4,3,-4,3,-4,3,-4,2,-3,2,-3,0,0,0,0,0,0,0,0,0,0]"
CSI_DATA,23624,80:af:ca:27:52:2a,-55,11,1,0,1,1,1,0,0,0,0,-97,0,11,2,318468934,0,83,1,128,0,"[0,0,0,0,0,0,0,0,0,0,0,0,7,6,6,6,5,5,4,5,3,3,1,2,0,1,-1,0,-2,-1,-3,-2,-5,-4,-6,-5,-6,-5,-7,-6,-7,-6,-8,-6,-7,-6,-7,-5,-6,-4,-5,-4,-4,-3,-3,-2,-1,-1,0,0,1,1,3,2,0,0,5,3,6,4,6,5,7,5,7,5,7,5,6,5,5,4,5,3,4,2,3,1,1,0,0,0,-1,-1,-1,-2,-2,-3,-3,-4,-4,-4,-4,-5,-4,-5,-4,-5,-4,-5,-4,-5,-4,-4,-3,-4,-2,-3,0,0,0,0,0,0,0,0,0,0]"
CSI_DATA,23625,80:af:ca:27:52:2a,-55,11,1,0,1,1,1,0,0,0,0,-97,0,11,2,318477233,0,83,1,128,0,"[0,0,0,0,0,0,0,0,0,0,0,0,2,0,4,2,6,3,7,4,7,4,8,5,8,6,8,5,7,5,7,5,6,4,5,4,4,3,2,2,0,0,0,0,-2,-1,-4,-2,-5,-3,-7,-4,-7,-5,-8,-5,-8,-5,-9,-6,-8,-6,-8,-5,0,0,-6,-4,-4,-3,-3,-2,-2,-1,0,0,0,1,2,2,3,3,4,4,4,4,5,5,5,5,5,5,5,5,5,4,4,4,4,3,3,2,2,1,1,0,0,0,0,-1,0,-2,-1,-3,-2,-4,-2,-4,0,0,0,0,0,0,0,0,0,0]"
CSI_DATA,23626,80:af:ca:27:52:2a,-55,11,1,0,1,1,1,0,0,0,0,-97,0,11,2,318501055,0,83,1,128,0,"[0,0,0,0,0,0,0,0,0,0,0,0,0,2,-1,4,-2,6,-3,7,-3,8,-4,9,-4,9,-4,9,-4,9,-4,8,-4,7,-3,6,-2,4,-2,2,-1,0,0,0,0,-2,0,-4,0,-5,1,-7,1,-8,2,-9,1,-9,1,-10,1,-9,1,-9,0,0,0,-7,0,-5,0,-4,0,-2,0,0,0,1,-1,3,-1,4,-2,6,-2,7,-2,8,-2,8,-2,7,-2,8,-2,7,-2,7,-1,5,-1,4,0,2,0,1,0,0,0,0,0,-2,1,-3,2,-4,2,-4,0,0,0,0,0,0,0,0,0,0]"
CSI_DATA,23627,80:af:ca:27:52:2a,-54,11,1,0,1,1,1,0,0,0,0,-97,0,11,2,318508000,0,83,1,128,0,"[0,0,0,0,0,0,0,0,0,0,0,0,-5,6,-5,5,-4,5,-4,3,-3,2,-2,1,-1,0,0,-1,0,-2,1,-3,2,-5,2,-6,3,-6,3,-7,3,-7,3,-7,3,-7,2,-6,2,-6,2,-5,1,-4,1,-2,0,-1,0,0,-1,1,-1,3,0,0,-2,5,-2,6,-2,6,-2,7,-2,7,-2,7,-2,6,-2,5,-1,5,-1,3,0,2,0,1,0,0,0,-1,1,-2,1,-3,1,-4,1,-5,2,-5,1,-5,2,-5,2,-5,1,-5,1,-4,1,-4,0,-3,0,0,0,0,0,0,0,0,0,0]"
CSI_DATA,23628,80:af:ca:27:52:2a,-55,11,1,0,1,1,1,0,0,0,0,-97,0,11,2,318515675,0,83,1,128,0,"[0,0,0,0,0,0,0,0,0,0,0,0,2,-9,1,-8,2,-7,2,-6,1,-4,1,-2,0,-1,0,0,0,2,0,3,0,6,0,7,0,8,0,8,0,8,0,9,0,8,0,7,0,6,0,5,0,3,0,2,0,1,0,0,-1,-2,-1,-3,0,0,-2,-6,-2,-7,-3,-8,-3,-8,-3,-8,-3,-8,-3,-8,-3,-6,-2,-6,-2,-4,-1,-3,-1,-1,0,0,0,1,0,2,1,3,1,4,2,5,2,6,2,6,2,6,2,6,2,5,1,4,1,4,1,3,0,0,0,0,0,0,0,0,0,0]"
CSI_DATA,23629,80:af:ca:27:52:2a,-55,11,1,0,1,1,1,0,0,0,0,-97,0,11,2,318537903,0,83,1,128,0,"[0,0,0,0,0,0,0,0,0,0,0,0,2,0,4,2,6,3,6,4,7,5,8,6,8,6,8,6,8,6,7,6,6,5,5,4,4,3,2,2,0,0,0,0,-2,-1,-4,-2,-5,-3,-6,-4,-8,-4,-8,-5,-8,-5,-9,-5,-9,-5,-8,-4,0,0,-6,-4,-5,-3,-4,-2,-2,-1,0,0,0,0,2,2,4,2,5,3,6,4,6,4,6,4,6,4,6,4,6,4,6,3,4,3,4,2,2,1,2,0,0,0,0,-1,-1,-2,-2,-3,-2,-4,-3,-4,0,0,0,0,0,0,0,0,0,0]"
CSI_DATA,23630,80:af:ca:27:52:2a,-55,11,1,2,1,1,1,0,0,0,0,-97,0,11,2,318544147,0,83,1,128,0,"[0,0,0,0,0,0,0,0,0,0,0,0,2,0,4,0,6,0,8,2,8,2,9,2,10,2,10,2,10,2,9,2,8,2,7,2,5,1,2,1,1,0,0,0,-2,0,-4,-1,-5,-1,-7,-2,-8,-2,-9,-2,-10,-2,-10,-2,-10,-2,-9,-2,0,0,-7,-2,-5,-1,-4,-1,-2,0,0,0,0,0,2,0,4,1,5,2,6,2,7,2,7,2,7,2,7,2,7,2,6,2,5,2,4,1,2,0,2,0,0,0,0,-1,-1,-2,-2,-2,-2,-3,-3,-3,0,0,0,0,0,0,0,0,0,0]"
CSI_DATA,23631,80:af:ca:27:52:2a,-54,11,1,0,1,1,1,0,0,0,0,-97,0,11,2,318563024,0,83,1,128,0,"[0,0,0,0,0,0,0,0,0,0,0,0,6,5,6,5,5,4,4,4,2,2,1,2,0,0,-1,0,-2,-1,-4,-2,-5,-4,-6,-4,-7,-5,-8,-5,-8,-5,-8,-5,-8,-5,-6,-4,-6,-4,-5,-3,-4,-2,-2,-1,-1,-1,0,0,1,1,3,1,0,0,5,2,6,3,7,4,7,4,7,4,7,4,6,3,6,2,5,2,4,1,2,1,1,0,0,0,-1,-1,-2,-2,-3,-2,-4,-4,-5,-4,-5,-4,-5,-4,-5,-4,-5,-4,-5,-4,-4,-3,-4,-3,-3,-2,0,0,0,0,0,0,0,0,0,0]"
CSI_DATA,23632,80:af:ca:27:52:2a,-55,11,1,0,1,1,1,0,0,0,0,-97,0,11,2,318572085,0,83,1,128,0,"[0,0,0,0,0,0,0,0,0,0,0,0,-9,1,-8,0,-7,0,-6,0,-4,0,-3,0,-1,-1,0,-1,2,-1,3,-2,5,-2,6,-2,7,-2,7,-3,7,-3,7,-3,7,-3,6,-2,6,-2,5,-2,3,-1,2,-1,1,0,0,0,-2,0,-3,1,0,0,-6,2,-6,3,-7,3,-7,3,-7,3,-7,3,-7,3,-6,2,-5,2,-4,2,-2,1,-1,1,0,0,1,0,2,0,3,-1,4,-1,5,-2,5,-2,5,-2,5,-2,5,-2,5,-2,4,-2,4,-2,3,-1,0,0,0,0,0,0,0,0,0,0]"
CSI_DATA,23633,80:af:ca:27:52:2a,-55,11,1,0,1,1,1,0,0,0,0,-97,0,11,2,318581575,0,83,1,128,0,"[0,0,0,0,0,0,0,0,0,0,0,0,-4,0,-5,0,-7,0,-8,-1,-9,-1,-10,-1,-10,-1,-10,-1,-10,-1,-9,-1,-8,-1,-6,-1,-5,-1,-3,-1,-1,-1,0,-1,2,-1,4,-2,5,-2,6,-2,8,-2,8,-3,8,-3,8,-4,8,-3,8,-3,0,0,6,-2,4,-2,2,-1,1,0,0,0,-2,0,-4,1,-5,2,-6,2,-7,3,-8,4,-8,4,-8,4,-8,4,-7,4,-6,3,-5,3,-4,2,-2,2,-1,1,0,0,0,0,2,-1,2,-1,4,-2,4,-2,0,0,0,0,0,0,0,0,0,0]"
CSI_DATA,23634,80:af:ca:27:52:2a,-55,11,1,0,1,1,1,0,0,0,0,-97,0,11,2,318591045,0,83,1,128,0,"[0,0,0,0,0,0,0,0,0,0,0,0,-3,2,-6,2,-8,2,-10,1,-10,1,-11,1,-12,1,-12,1,-12,0,-10,0,-10,0,-8,0,-6,0,-4,0,-2,0,0,-1,2,-1,4,-2,6,-2,8,-2,9,-2,10,-3,10,-3,10,-4,11,-4,10,-4,0,0,8,-3,6,-2,4,-2,2,-1,0,0,-2,0,-4,0,-6,0,-8,1,-9,1,-10,2,-10,2,-11,2,-10,2,-10,1,-9,2,-8,1,-6,1,-4,0,-2,0,-1,0,0,0,2,0,3,0,4,0,5,0,0,0,0,0,0,0,0,0,0,0]"
CSI_DATA,23635,80:af:ca:27:52:2a,-55,11,1,0,1,1,1,0,0,0,0,-97,0,11,2,318605429,0,83,1,128,0,"[0,0,0,0,0,0,0,0,0,0,0,0,0,-3,2,-5,4,-5,5,-7,6,-8,7,-8,7,-8,7,-8,7,-8,6,-8,6,-7,5,-6,3,-4,2,-2,0,-1,0,0,0,2,-2,3,-2,5,-3,6,-4,7,-4,8,-4,8,-4,9,-4,9,-3,8,0,0,-2,6,-2,5,-1,3,-1,1,0,0,0,-2,0,-3,1,-5,2,-6,2,-7,2,-8,2,-8,2,-8,2,-8,2,-8,1,-7,1,-6,0,-5,0,-3,0,-2,0,0,-1,0,-1,1,-2,2,-2,2,-2,3,0,0,0,0,0,0,0,0,0,0]"
CSI_DATA,23636,80:af:ca:27:52:2a,-55,11,1,0,1,1,1,0,0,0,0,-97,0,11,2,318621913,0,83,1,128,0,"[0,0,0,0,0,0,0,0,0,0,0,0,-6,5,-6,4,-5,4,-4,3,-3,2,-2,1,-1,0,0,-1,1,-2,2,-3,4,-4,4,-5,5,-5,5,-5,6,-6,6,-6,5,-5,5,-5,4,-5,3,-4,2,-3,1,-2,0,-1,0,0,-2,1,-3,2,0,0,-5,4,-5,4,-6,5,-6,5,-6,5,-6,5,-6,4,-5,4,-4,3,-3,3,-2,2,-1,1,0,0,1,0,2,-1,3,-1,4,-2,4,-2,5,-2,5,-3,5,-2,5,-2,4,-2,4,-2,3,-2,3,-1,0,0,0,0,0,0,0,0,0,0]"
CSI_DATA,23637,80:af:ca:27:52:2a,-55,11,1,0,1,1,1,0,0,0,0,-97,0,11,2,318638214,0,83,1,128,0,"[0,0,0,0,0,0,0,0,0,0,0,0,-5,6,-5,6,-4,5,-4,4,-3,3,-2,1,-1,0,0,-1,0,-2,1,-4,2,-5,2,-6,3,-6,3,-7,3,-7,3,-7,3,-7,3,-6,3,-6,2,-5,1,-3,1,-2,0,-1,0,0,-1,1,-2,3,0,0,-3,5,-3,6,-3,6,-3,7,-4,7,-3,6,-3,6,-3,5,-2,4,-1,3,-1,2,0,1,0,0,1,-1,1,-2,2,-3,3,-4,3,-4,3,-4,3,-5,3,-5,3,-5,3,-4,2,-4,2,-3,1,-3,0,0,0,0,0,0,0,0,0,0]"
CSI_DATA,23638,80:af:ca:27:52:2a,-55,11,1,0,1,1,1,0,0,0,0,-97,0,11,2,318645660,0,83,1,128,0,"[0,0,0,0,0,0,0,0,0,0,0,0,-5,6,-5,5,-4,4,-4,3,-3,2,-2,1,-1,0,0,-1,0,-2,1,-4,2,-5,2,-6,3,-6,3,-7,3,-7,3,-8,3,-7,2,-7,2,-6,2,-5,1,-4,1,-2,0,-1,0,0,-1,2,-1,3,0,0,-2,5,-2,6,-2,7,-2,7,-2,7,-2,7,-2,7,-1,6,-1,5,-1,4,0,2,0,1,0,0,0,-1,1,-2,1,-3,1,-5,1,-5,1,-6,1,-6,1,-6,1,-6,1,-5,1,-5,1,-4,0,-3,0,0,0,0,0,0,0,0,0,0]"
CSI_DATA,23639,80:af:ca:27:52:2a,-55,11,1,0,1,1,1,0,0,0,0,-97,0,11,2,318652989,0,83,1,128,0,"[0,0,0,0,0,0,0,0,0,0,0,0,-7,-4,-7,-4,-6,-4,-4,-3,-3,-2,-2,-2,0,-1,1,0,2,0,3,1,5,2,6,2,6,3,7,3,7,3,7,3,7,3,6,2,5,2,4,2,3,1,2,0,0,0,0,0,-2,-1,-3,-2,0,0,-6,-3,-6,-3,-7,-3,-8,-3,-7,-4,-7,-3,-7,-3,-6,-2,-5,-2,-4,-1,-3,-1,-2,0,-1,0,0,1,1,2,2,2,3,3,4,3,4,3,4,3,4,4,4,4,4,3,3,3,3,3,2,2,0,0,0,0,0,0,0,0,0,0]"
CSI_DATA,23640,80:af:ca:27:52:2a,-55,11,1,0,1,1,1,0,0,0,0,-97,0,11,2,318661140,0,83,1,128,0,"[0,0,0,0,0,0,0,0,0,0,0,0,0,-3,1,-4,2,-6,4,-7,4,-9,4,-9,5,-9,5,-9,5,-9,4,-9,4,-8,4,-7,2,-5,2,-4,0,-2,0,0,0,1,-1,3,-2,4,-2,7,-3,7,-4,9,-4,9,-3,9,-4,9,-3,9,0,0,-2,7,-2,5,-1,4,-1,2,0,0,0,-2,1,-3,1,-5,2,-7,2,-7,2,-9,3,-9,3,-9,3,-9,2,-8,2,-7,2,-7,1,-5,1,-4,0,-2,0,-1,-1,0,-2,1,-2,2,-3,2,-3,3,0,0,0,0,0,0,0,0,0,0]"
CSI_DATA,23641,80:af:ca:27:52:2a,-55,11,1,0,1,1,1,0,0,0,0,-97,0,11,2,318668255,0,83,1,128,0,"[0,0,0,0,0,0,0,0,0,0,0,0,0,2,-2,4,-3,5,-4,6,-5,7,-6,8,-6,8,-6,8,-6,7,-5,7,-5,6,-4,5,-3,4,-2,2,-1,1,0,0,0,-2,1,-3,2,-4,3,-6,4,-6,4,-7,4,-8,4,-8,4,-8,4,-8,0,0,3,-6,2,-4,1,-3,0,-2,0,0,-2,0,-2,2,-4,2,-4,4,-5,4,-6,5,-6,5,-6,5,-6,5,-6,4,-5,4,-4,4,-3,3,-2,2,-1,1,0,0,0,0,1,0,2,-1,3,-1,4,-1,0,0,0,0,0,0,0,0,0,0]"
CSI_DATA,23642,80:af:ca:27:52:2a,-54,11,1,2,1,1,1,0,0,0,0,-97,0,11,2,318674985,0,83,1,128,0,"[0,0,0,0,0,0,0,0,0,0,0,0,0,-3,2,-5,4,-6,5,-7,7,-8,7,-8,7,-9,7,-8,7,-8,7,-7,7,-7,5,-6,3,-4,2,-3,0,-1,0,0,-1,1,-3,3,-4,3,-6,5,-7,6,-7,7,-7,7,-7,7,-7,7,-7,7,0,0,-6,5,-4,3,-3,3,-1,1,0,0,1,0,3,-2,4,-3,5,-3,6,-4,7,-5,7,-5,7,-5,7,-5,7,-4,6,-4,5,-3,3,-3,3,-3,1,-2,0,-1,-1,0,-2,0,-3,0,-4,0,-5,0,0,0,0,0,0,0,0,0,0,0]"
CSI_DATA,23643,80:af:ca:27:52:2a,-55,11,1,0,1,1,1,0,0,0,0,-97,0,11,2,318682776,0,83,1,128,0,"[0,0,0,0,0,0,0,0,0,0,0,0,3,0,5,1,6,2,8,3,8,4,8,4,9,4,8,4,8,4,7,4,6,4,5,3,4,2,2,1,0,0,0,-1,-2,-2,-4,-3,-5,-4,-6,-5,-6,-6,-8,-6,-7,-6,-8,-7,-8,-7,-7,-6,0,0,-6,-4,-4,-4,-3,-2,-2,0,-1,0,0,2,0,3,2,4,2,6,3,6,3,7,3,8,2,8,3,8,2,7,2,6,2,5,2,4,1,2,1,1,1,0,0,-1,0,-2,0,-3,1,-4,1,-5,0,0,0,0,0,0,0,0,0,0]"
CSI_DATA,23644,80:af:ca:27:52:2a,-55,11,1,0,1,1,1,0,0,0,0,-97,0,11,2,318701005,0,83,1,128,0,"[0,0,0,0,0,0,0,0,0,0,0,0,-5,-8,-5,-7,-4,-6,-3,-6,-2,-4,-1,-3,0,-2,0,0,2,1,3,2,4,3,5,4,5,5,6,5,6,6,6,6,6,5,6,5,5,4,4,4,3,3,2,2,1,0,0,0,-2,-1,-3,-2,0,0,-5,-4,-6,-4,-7,-5,-7,-5,-7,-5,-7,-5,-7,-5,-6,-4,-5,-3,-4,-2,-3,-2,-2,-1,0,0,0,1,1,2,2,2,3,3,4,3,4,4,5,4,5,4,4,4,4,4,4,3,3,3,2,2,0,0,0,0,0,0,0,0,0,0]"
CSI_DATA,23645,80:af:ca:27:52:2a,-55,11,1,0,1,1,1,0,0,0,0,-97,0,11,2,318710230,0,83,1,128,0,"[0,0,0,0,0,0,0,0,0,0,0,0,6,-7,6,-7,5,-6,5,-5,3,-3,2,-2,1,0,0,1,-1,2,-2,4,-3,5,-4,6,-4,7,-5,8,-5,8,-5,9,-4,8,-4,7,-4,7,-3,5,-2,4,-2,2,-1,1,0,-1,0,-2,1,-4,0,0,2,-7,2,-9,3,-9,3,-10,3,-10,3,-10,2,-9,2,-7,2,-7,1,-5,0,-4,0,-2,0,0,-1,1,-2,2,-2,3,-3,5,-3,5,-3,6,-3,6,-3,6,-3,6,-3,6,-3,5,-2,4,-2,3,0,0,0,0,0,0,0,0,0,0]"
CSI_DATA,23646,80:af:ca:27:52:2a,-55,11,1,0,1,1,1,0,0,0,0,-97,0,11,2,318719634,0,83,1,128,0,"[0,0,0,0,0,0,0,0,0,0,0,0,-3,1,-5,1,-6,1,-8,1,-9,1,-9,1,-10,1,-9,1,-9,1,-8,0,-8,0,-6,0,-4,0,-3,0,-1,0,0,-1,2,-2,3,-2,4,-2,6,-3,7,-3,8,-4,8,-4,8,-4,8,-4,7,-4,0,0,5,-3,4,-2,2,-2,0,-1,0,0,-2,0,-4,0,-5,2,-6,2,-7,3,-8,3,-8,3,-8,3,-8,3,-7,3,-6,3,-5,2,-4,2,-3,2,-1,1,0,0,0,0,2,0,3,0,4,0,4,-1,0,0,0,0,0,0,0,0,0,0]"
CSI_DATA,23647,80:af:ca:27:52:2a,-55,11,1,0,1,1,1,0,0,0,0,-97,0,11,2,318736861,0,83,1,128,0,"[0,0,0,0,0,0,0,0,0,0,0,0,-4,1,-7,1,-9,1,-11,0,-13,0,-14,0,-14,0,-14,0,-14,0,-13,0,-11,0,-10,0,-7,0,-5,0,-2,0,0,-1,2,-2,4,-2,6,-2,8,-3,10,-3,11,-4,11,-4,11,-5,11,-4,10,-5,0,0,8,-3,5,-2,4,-2,2,-1,0,0,-2,0,-5,1,-6,2,-8,2,-8,3,-10,3,-10,3,-10,3,-10,4,-9,3,-8,3,-7,2,-5,2,-3,2,-2,1,0,0,0,0,2,0,3,-1,4,-1,5,-2,0,0,0,0,0,0,0,0,0,0]"
CSI_DATA,23648,80:af:ca:27:52:2a,-54,11,1,0,1,1,1,0,0,0,0,-97,0,11,2,318746995,0,83,1,128,0,"[0,0,0,0,0,0,0,0,0,0,0,0,2,2,4,3,5,4,6,6,7,7,7,7,7,8,6,8,6,8,5,7,4,7,3,5,2,4,1,2,0,0,0,-1,-2,-2,-2,-4,-3,-6,-4,-7,-4,-8,-4,-9,-4,-9,-5,-9,-4,-9,-4,-8,0,0,-4,-6,-3,-5,-2,-3,-2,-1,-1,0,0,2,0,4,0,5,0,7,0,7,0,9,0,9,0,9,0,8,0,8,0,7,0,6,0,4,0,3,0,2,0,0,1,0,1,-2,2,-2,2,-4,2,-4,0,0,0,0,0,0,0,0,0,0]"
CSI_DATA,23649,80:af:ca:27:52:2a,-54,11,1,0,1,1,1,0,0,0,0,-97,0,11,2,318758871,0,83,1,128,0,"[0,0,0,0,0,0,0,0,0,0,0,0,-8,-1,-8,-1,-7,-1,-6,-1,-4,-1,-2,-1,0,-1,0,-1,2,0,3,0,5,0,6,0,7,0,7,0,8,0,8,0,7,0,7,0,6,0,5,0,3,0,2,0,0,0,0,0,-2,0,-3,0,0,0,-6,0,-7,0,-8,0,-8,0,-8,0,-8,0,-7,0,-6,0,-6,0,-4,0,-3,0,-1,0,0,0,1,0,2,0,3,0,4,0,5,0,5,1,5,0,5,1,5,1,5,1,4,0,3,0,2,0,0,0,0,0,0,0,0,0,0,0]"
CSI_DATA,23650,80:af:ca:27:52:2a,-55,11,1,0,1,1,1,0,0,0,0,-97,0,11,2,318765599,0,83,1,128,0,"[0,0,0,0,0,0,0,0,0,0,0,0,7,-3,7,-3,6,-2,5,-2,4,-1,2,-1,1,0,0,0,-2,1,-3,2,-4,3,-5,3,-6,4,-6,4,-6,4,-7,5,-6,4,-6,4,-5,4,-4,3,-3,2,-2,1,-1,0,0,0,1,-1,2,-3,0,0,4,-4,4,-5,5,-6,5,-6,5,-6,5,-6,5,-5,4,-5,3,-4,2,-3,1,-3,0,-1,0,0,-1,0,-2,1,-3,2,-3,3,-4,3,-4,3,-4,4,-5,4,-4,3,-4,3,-4,3,-3,2,-3,2,0,0,0,0,0,0,0,0,0,0]"
CSI_DATA,23651,80:af:ca:27:52:2a,-54,11,1,0,1,1,1,0,0,0,0,-97,0,11,2,318773695,0,83,1,128,0,"[0,0,0,0,0,0,0,0,0,0,0,0,-9,-2,-9,-2,-7,-1,-6,-2,-4,-1,-3,-1,-1,-1,0,-1,2,0,3,0,5,0,6,0,7,0,7,0,8,0,9,0,8,0,7,0,6,0,5,0,4,0,2,0,1,0,0,0,-2,0,-4,0,0,0,-6,0,-7,0,-8,1,-9,1,-9,1,-9,1,-8,0,-7,0,-6,0,-4,0,-3,0,-2,0,0,0,1,0,2,0,3,0,4,0,5,0,5,0,6,0,6,0,6,0,5,0,5,0,4,0,3,0,0,0,0,0,0,0,0,0,0,0]"
CSI_DATA,23652,80:af:ca:27:52:2a,-55,11,1,0,1,1,1,0,0,0,0,-97,0,11,2,318780625,0,83,1,128,0,"[0,0,0,0,0,0,0,0,0,0,0,0,-3,-7,-3,-7,-2,-6,-2,-5,-1,-4,0,-3,0,-1,0,0,0,0,1,1,2,3,3,4,3,5,3,5,3,6,4,6,4,5,3,5,3,4,2,4,1,3,1,1,0,0,0,0,0,-1,-1,-2,0,0,-3,-4,-4,-5,-4,-5,-4,-6,-4,-6,-4,-6,-4,-5,-4,-5,-3,-4,-3,-3,-2,-2,-1,-1,0,0,0,0,0,1,0,2,1,3,1,3,1,4,2,4,2,4,2,4,1,4,1,4,1,3,1,2,0,0,0,0,0,0,0,0,0,0]"
CSI_DATA,23653,80:af:ca:27:52:2a,-56,11,1,0,1,1,1,0,0,0,0,-97,0,11,2,318789126,0,83,1,128,0,"[0,0,0,0,0,0,0,0,0,0,0,0,5,5,5,4,4,4,3,3,2,2,1,1,0,0,0,0,-1,0,-3,-1,-4,-2,-5,-3,-5,-3,-5,-4,-6,-4,-6,-4,-6,-3,-5,-3,-5,-3,-4,-2,-3,-2,-2,-1,-1,0,0,0,1,0,2,0,0,0,4,1,5,2,5,2,6,2,6,3,6,2,5,2,5,2,4,1,3,1,2,0,1,0,0,0,0,-1,-1,-1,-2,-2,-3,-2,-4,-3,-4,-3,-4,-3,-4,-3,-4,-3,-4,-3,-4,-2,-3,-2,-3,-1,0,0,0,0,0,0,0,0,0,0]"
CSI_DATA,23654,80:af:ca:27:52:2a,-55,11,1,0,1,1,1,0,0,0,0,-97,0,11,2,318808366,0,83,1,128,0,"[0,0,0,0,0,0,0,0,0,0,0,0,8,1,7,1,7,1,5,1,4,1,2,0,1,0,0,0,-2,0,-3,0,-5,0,-6,0,-7,-1,-8,-1,-8,-1,-8,-1,-8,0,-7,0,-7,0,-6,0,-4,0,-3,0,-1,0,0,0,1,0,3,0,0,0,5,0,6,0,7,0,7,0,8,0,7,0,7,0,6,0,5,0,4,0,3,0,2,0,0,-1,-1,-1,-2,-1,-3,-1,-4,-1,-5,-1,-5,-2,-5,-1,-6,-2,-5,-2,-5,-2,-5,-1,-4,-1,-3,-1,0,0,0,0,0,0,0,0,0,0]"
CSI_DATA,23655,80:af:ca:27:52:2a,-55,11,1,0,1,1,1,0,0,0,0,-97,0,11,2,318833364,0,83,1,128,0,"[0,0,0,0,0,0,0,0,0,0,0,0,-4,9,-3,9,-3,7,-3,6,-3,4,-2,2,-1,0,-1,-1,0,-3,0,-4,1,-6,1,-8,1,-9,1,-10,1,-10,1,-10,1,-10,1,-9,1,-7,0,-6,0,-5,0,-3,0,-1,0,0,0,2,0,4,0,0,0,7,0,8,0,9,0,9,0,9,0,9,0,8,0,7,0,6,0,4,0,3,0,1,0,0,0,-2,0,-3,0,-4,1,-5,0,-6,0,-7,0,-7,0,-7,0,-7,0,-6,0,-6,0,-5,0,-4,0,0,0,0,0,0,0,0,0,0]"
CSI_DATA,23656,80:af:ca:27:52:2a,-55,11,1,0,1,1,1,0,0,0,0,-97,0,11,2,318842863,0,83,1,128,0,"[0,0,0,0,0,0,0,0,0,0,0,0,-8,2,-7,2,-6,2,-6,1,-4,0,-3,0,-2,-1,0,-2,1,-2,1,-3,3,-4,3,-5,4,-6,4,-6,4,-6,5,-7,4,-6,4,-6,3,-5,2,-4,2,-3,1,-2,0,-1,0,0,0,2,0,3,0,0,-1,6,-1,7,-1,7,-1,8,-1,8,-1,7,-1,7,0,6,0,5,0,4,0,2,0,1,0,0,0,-1,0,-3,0,-4,0,-5,0,-5,0,-6,-1,-6,-1,-6,-1,-6,-1,-5,-1,-5,-1,-4,-1,-3,0,0,0,0,0,0,0,0,0,0]"
CSI_DATA,23657,80:af:ca:27:52:2a,-56,11,1,0,1,1,1,0,0,0,0,-97,0,11,2,318852225,0,83,1,128,0,"[0,0,0,0,0,0,0,0,0,0,0,0,0,1,0,4,0,5,0,7,0,8,-1,9,-1,9,-1,9,-1,9,-1,8,-1,7,-1,6,-1,4,-1,2,0,1,0,0,-1,-2,-1,-3,-1,-5,-1,-7,-1,-8,-1,-9,-1,-9,-1,-9,-1,-9,-1,-9,0,0,-1,-7,-1,-5,-1,-3,0,-1,0,0,0,1,0,3,0,4,0,5,0,7,0,7,0,7,0,8,0,7,0,7,0,7,0,5,0,4,0,3,0,1,0,0,0,0,0,-1,0,-3,0,-4,0,-5,0,0,0,0,0,0,0,0,0,0]"
CSI_DATA,23658,80:af:ca:27:52:2a,-55,11,1,0,1,1,1,0,0,0,0,-97,0,11,2,318870577,0,83,1,128,0,"[0,0,0,0,0,0,0,0,0,0,0,0,3,8,3,7,2,6,1,6,1,4,0,3,0,1,0,0,-1,-2,-1,-3,-2,-5,-2,-6,-2,-7,-3,-7,-3,-8,-3,-8,-3,-7,-3,-7,-2,-6,-2,-5,-2,-4,-1,-3,-1,-1,0,0,0,1,0,2,0,0,1,5,1,6,1,7,2,7,1,7,1,7,1,7,1,6,1,5,1,4,1,3,0,1,0,0,0,-1,0,-2,0,-3,0,-4,0,-5,0,-5,0,-5,0,-6,0,-5,0,-5,0,-5,0,-4,0,-3,0,0,0,0,0,0,0,0,0,0]"
CSI_DATA,23659,80:af:ca:27:52:2a,-54,11,1,0,1,1,1,0,0,0,0,-97,0,11,2,318878116,0,83,1,128,0,"[0,0,0,0,0,0,0,0,0,0,0,0,-2,-4,-2,-6,-2,-7,-2,-9,-2,-10,-1,-11,-1,-12,-1,-11,0,-10,0,-9,0,-9,0,-7,0,-5,0,-3,0,-1,0,1,0,2,0,4,0,6,0,7,-1,8,-1,9,-1,9,-1,10,-1,9,-1,9,0,0,0,7,0,4,0,3,0,1,0,0,1,-2,2,-4,2,-5,3,-7,3,-7,4,-8,4,-7,4,-8,4,-7,4,-7,3,-7,2,-6,2,-4,1,-3,0,-2,0,-1,-2,0,-2,0,-4,0,-4,0,-4,1,0,0,0,0,0,0,0,0,0,0]"
CSI_DATA,23660,80:af:ca:27:52:2a,-54,11,1,0,1,1,1,0,0,0,0,-97,0,11,2,318897103,0,83,1,128,0,"[0,0,0,0,0,0,0,0,0,0,0,0,9,-1,7,-1,7,-1,6,0,4,0,2,0,1,0,0,0,-2,1,-3,1,-5,1,-6,2,-7,2,-7,2,-8,2,-8,2,-7,2,-7,2,-6,2,-5,1,-4,1,-3,0,-1,0,0,0,1,-1,2,-2,0,0,5,-3,6,-3,6,-4,7,-4,7,-4,6,-4,6,-3,5,-3,4,-3,3,-2,2,-2,1,-1,0,-1,-1,0,-2,0,-3,1,-4,1,-5,2,-5,2,-5,2,-6,2,-5,2,-5,2,-5,2,-4,1,-3,1,0,0,0,0,0,0,0,0,0,0]"
CSI_DATA,23661,80:af:ca:27:52:2a,-54,11,1,0,1,1,1,0,0,0,0,-97,0,11,2,318906537,0,83,1,128,0,"[0,0,0,0,0,0,0,0,0,0,0,0,0,9,0,8,-1,7,-1,6,-1,4,-1,2,-1,1,-1,-1,-1,-2,-1,-4,-1,-6,-1,-7,-2,-8,-2,-8,-2,-9,-2,-9,-2,-9,-2,-8,-2,-7,-1,-6,-1,-4,-1,-3,0,-1,0,0,0,1,1,3,0,0,2,6,2,7,3,7,3,8,3,8,3,8,3,7,2,6,2,5,2,3,1,2,0,1,0,0,0,-1,-1,-3,-1,-4,-1,-5,-2,-6,-2,-6,-2,-6,-2,-7,-2,-6,-2,-6,-2,-5,-2,-4,-1,-3,0,0,0,0,0,0,0,0,0,0]"
CSI_DATA,23662,80:af:ca:27:52:2a,-55,11,1,0,1,1,1,0,0,0,0,-97,0,11,2,318921411,0,83,1,128,0,"[0,0,0,0,0,0,0,0,0,0,0,0,1,2,2,5,2,8,2,10,2,11,2,11,2,12,3,12,2,12,2,11,2,11,2,9,1,6,0,4,0,2,-1,0,-2,-2,-3,-4,-4,-6,-5,-8,-5,-9,-6,-10,-6,-10,-7,-11,-7,-11,-7,-10,0,0,-5,-8,-4,-6,-3,-4,-2,-2,0,0,0,1,2,3,3,5,4,6,5,7,6,8,5,8,5,8,6,8,5,8,5,7,5,5,3,4,2,2,1,1,0,0,0,-1,-1,-2,-2,-3,-2,-5,-2,-5,0,0,0,0,0,0,0,0,0,0]"
CSI_DATA,23663,80:af:ca:27:52:2a,-55,11,1,0,1,1,1,0,0,0,0,-97,0,11,2,318938849,0,83,1,128,0,"[0,0,0,0,0,0,0,0,0,0,0,0,5,6,5,5,4,5,3,4,2,3,1,2,0,1,-1,0,-2,-1,-3,-2,-4,-3,-5,-4,-5,-5,-6,-5,-6,-5,-6,-5,-6,-5,-6,-5,-5,-4,-4,-3,-3,-3,-2,-2,-1,-1,0,0,1,1,2,1,0,0,4,3,5,4,5,4,6,4,5,4,5,4,5,4,4,3,4,3,3,2,2,1,1,0,0,0,0,-1,-1,-2,-2,-3,-3,-3,-3,-4,-3,-4,-4,-4,-3,-4,-3,-4,-3,-4,-3,-4,-3,-3,-2,-3,0,0,0,0,0,0,0,0,0,0]"
CSI_DATA,23664,80:af:ca:27:52:2a,-55,11,1,0,1,1,1,0,0,0,0,-97,0,11,2,318953042,0,83,1,128,0,"[0,0,0,0,0,0,0,0,0,0,0,0,0,2,0,5,0,6,0,8,0,9,0,10,0,10,0,10,0,10,0,8,0,8,0,6,0,4,0,2,0,0,0,-1,0,-2,0,-4,0,-6,0,-8,0,-8,0,-9,0,-9,0,-10,0,-10,0,-9,0,0,0,-7,0,-5,0,-4,0,-2,-1,0,-1,1,-2,3,-2,4,-2,6,-2,6,-3,7,-3,8,-4,7,-3,7,-3,6,-2,6,-2,5,-2,4,-1,2,0,1,0,0,0,0,1,-1,2,-2,2,-2,3,-3,0,0,0,0,0,0,0,0,0,0]"
CSI_DATA,23665,80:af:ca:27:52:2a,-55,11,1,0,1,1,1,0,0,0,0,-97,0,11,2,318961690,0,83,1,128,0,"[0,0,0,0,0,0,0,0,0,0,0,0,-8,-3,-7,-3,-7,-3,-6,-3,-4,-2,-2,-2,-1,-1,0,-1,2,0,3,0,5,0,6,0,7,0,7,1,8,1,8,0,8,0,7,0,6,0,5,0,4,0,2,0,1,0,0,0,-2,0,-3,0,0,0,-6,0,-7,0,-8,0,-8,0,-8,0,-8,0,-7,0,-6,0,-6,0,-4,0,-3,0,-2,0,0,0,1,0,2,0,3,0,4,0,5,0,5,0,6,0,6,0,5,0,5,0,5,0,4,0,3,0,0,0,0,0,0,0,0,0,0,0]"
CSI_DATA,23666,80:af:ca:27:52:2a,-54,11,1,0,1,1,1,0,0,0,0,-97,0,11,2,318970083,0,83,1,128,0,"[0,0,0,0,0,0,0,0,0,0,0,0,6,4,6,3,5,3,4,3,3,2,2,1,0,1,-1,0,-2,0,-3,-1,-5,-2,-6,-2,-7,-3,-7,-2,-7,-3,-8,-3,-7,-2,-7,-2,-6,-2,-5,-2,-4,-1,-3,-1,-1,0,0,0,1,0,3,0,0,0,5,1,6,1,7,1,7,1,7,1,7,1,7,1,6,1,5,1,4,0,2,0,1,0,0,0,-1,-1,-2,-1,-3,-1,-4,-2,-5,-2,-5,-2,-5,-2,-5,-2,-5,-2,-5,-2,-4,-2,-4,-2,-3,-1,0,0,0,0,0,0,0,0,0,0]"
CSI_DATA,23667,80:af:ca:27:52:2a,-55,11,1,0,1,1,1,0,0,0,0,-97,0,11,2,318977476,0,83,1,128,0,"[0,0,0,0,0,0,0,0,0,0,0,0,-3,-8,-3,-7,-2,-7,-2,-6,-1,-4,-1,-3,0,-1,0,0,1,1,1,3,2,4,2,5,3,6,3,7,3,7,3,7,3,7,3,6,2,6,2,5,1,3,1,2,0,1,0,0,-1,-2,-1,-3,0,0,-3,-5,-3,-7,-3,-7,-4,-7,-3,-8,-3,-8,-3,-7,-3,-6,-2,-5,-2,-4,-2,-3,-1,-1,-1,0,-1,1,0,2,0,3,0,4,0,5,0,5,0,5,0,6,0,6,0,5,0,5,0,4,0,3,0,0,0,0,0,0,0,0,0,0]"
CSI_DATA,23668,80:af:ca:27:52:2a,-55,11,1,2,1,1,1,0,0,0,0,-97,0,11,2,318982544,0,83,1,128,0,"[0,0,0,0,0,0,0,0,0,0,0,0,2,0,5,0,6,0,8,1,9,2,9,2,10,2,10,2,10,2,9,2,8,2,6,2,5,1,2,1,0,0,0,0,-2,0,-5,0,-6,0,-8,0,-9,0,-10,0,-10,-1,-10,-1,-10,-1,-10,0,0,0,-8,0,-6,0,-4,0,-2,0,0,0,1,0,3,0,5,0,6,0,8,0,8,0,9,1,9,1,8,0,8,0,8,0,6,0,5,0,3,0,2,0,0,0,0,-1,-2,-2,-3,-2,-4,-2,-5,-2,0,0,0,0,0,0,0,0,0,0]"
CSI_DATA,23669,80:af:ca:27:52:2a,-55,11,1,0,1,1,1,0,0,0,0,-97,0,11,2,318989573,0,83,1,128,0,"[0,0,0,0,0,0,0,0,0,0,0,0,5,-6,4,-6,4,-5,3,-4,2,-3,1,-1,0,0,0,0,-1,1,-1,2,-3,3,-3,4,-4,5,-4,5,-5,5,-5,6,-4,5,-4,5,-4,4,-3,4,-2,3,-1,1,0,0,0,0,0,-1,1,-2,0,0,3,-4,4,-5,4,-5,4,-6,4,-6,4,-6,4,-5,3,-5,3,-4,2,-3,1,-2,0,-1,0,0,-1,0,-2,0,-3,1,-4,1,-4,2,-4,2,-4,2,-5,2,-5,2,-5,2,-4,2,-3,1,-3,1,0,0,0,0,0,0,0,0,0,0]"
CSI_DATA,23670,80:af:ca:27:52:2a,-55,11,1,0,1,1,1,0,0,0,0,-97,0,11,2,318997004,0,83,1,128,0,"[0,0,0,0,0,0,0,0,0,0,0,0,-2,1,-5,2,-7,2,-9,2,-10,2,-10,2,-11,2,-10,2,-10,2,-10,2,-9,2,-8,2,-6,1,-4,0,-2,0,0,-1,1,-2,2,-2,4,-3,5,-4,7,-5,8,-5,8,-5,8,-6,8,-6,7,-6,0,0,5,-5,4,-3,2,-2,1,-1,0,0,-2,0,-2,2,-4,2,-5,3,-6,4,-7,5,-7,5,-7,5,-7,5,-6,5,-5,4,-5,3,-3,2,-2,2,-1,1,0,0,0,0,1,-1,2,-2,2,-2,3,-2,0,0,0,0,0,0,0,0,0,0]"
CSI_DATA,23671,80:af:ca:27:52:2a,-55,11,1,2,1,1,1,0,0,0,0,-97,0,11,2,319005359,0,83,1,128,0,"[0,0,0,0,0,0,0,0,0,0,0,0,-1,-3,-1,-5,-1,-7,-1,-9,0,-9,0,-11,0,-11,0,-11,0,-11,0,-9,0,-9,0,-7,0,-5,0,-4,0,-2,0,0,0,2,0,4,0,5,0,7,0,8,0,9,0,9,0,9,0,9,0,9,0,0,0,7,0,4,0,3,0,1,0,0,0,-2,0,-4,0,-5,0,-7,0,-7,0,-8,0,-9,0,-9,0,-9,0,-8,0,-7,0,-7,0,-5,0,-4,0,-2,-1,-1,-1,0,-1,1,-2,2,-2,3,-2,4,0,0,0,0,0,0,0,0,0,0]"
CSI_DATA,23672,80:af:ca:27:52:2a,-55,11,1,0,1,1,1,0,0,0,0,-97,0,11,2,319020441,0,83,1,128,0,"[0,0,0,0,0,0,0,0,0,0,0,0,1,-4,3,-6,4,-7,6,-8,6,-9,7,-10,7,-10,7,-10,7,-10,6,-8,6,-8,4,-6,3,-5,2,-3,0,-1,0,1,-1,2,-2,4,-3,6,-4,8,-4,8,-5,10,-4,10,-4,10,-4,10,-4,10,0,0,-3,7,-2,5,-1,3,0,1,0,0,0,-2,1,-4,2,-6,2,-8,2,-8,3,-10,3,-10,3,-10,3,-10,2,-8,2,-8,2,-6,1,-5,0,-4,0,-2,0,0,-1,0,-2,1,-2,2,-3,4,-4,4,0,0,0,0,0,0,0,0,0,0]"
CSI_DATA,23673,80:af:ca:27:52:2a,-55,11,1,0,1,1,1,0,0,0,0,-97,0,11,2,319031223,0,83,1,128,0,"[0,0,0,0,0,0,0,0,0,0,0,0,0,2,-1,4,-2,6,-2,7,-2,8,-3,8,-4,9,-3,9,-4,8,-3,8,-3,7,-2,6,-2,4,-2,2,-1,0,0,0,0,-2,0,-4,0,-6,0,-7,0,-8,0,-9,0,-10,0,-10,0,-10,0,-9,0,0,0,-7,0,-5,0,-4,0,-2,0,0,0,1,0,3,0,4,0,6,0,7,0,8,0,8,0,8,0,8,0,7,0,6,0,5,0,4,0,3,0,1,0,0,0,-1,0,-2,0,-3,0,-4,1,-4,0,0,0,0,0,0,0,0,0,0]"
CSI_DATA,23674,80:af:ca:27:52:2a,-55,11,1,0,1,1,1,0,0,0,0,-97,0,11,2,319040155,0,83,1,128,0,"[0,0,0,0,0,0,0,0,0,0,0,0,-7,-2,-7,-1,-6,-1,-5,-1,-4,-1,-2,-1,-1,-1,0,-1,1,-1,2,-1,4,-1,5,-1,6,-1,6,-1,6,-1,7,-1,6,-1,6,-1,5,-1,4,-1,3,0,2,0,0,0,0,0,-1,0,-2,1,0,0,-4,2,-5,2,-6,3,-6,3,-6,3,-6,3,-6,3,-5,2,-4,2,-3,2,-2,1,-1,0,0,0,0,0,1,-1,2,-1,3,-2,4,-2,4,-2,4,-3,4,-3,4,-3,4,-3,3,-2,3,-2,2,-2,0,0,0,0,0,0,0,0,0,0]"
CSI_DATA,23675,80:af:ca:27:52:2a,-56,11,1,0,1,1,1,0,0,0,0,-97,0,11,2,319048543,0,83,1,128,0,"[0,0,0,0,0,0,0,0,0,0,0,0,-3,-1,-4,-2,-6,-3,-7,-5,-8,-6,-8,-6,-9,-7,-9,-6,-8,-6,-7,-6,-7,-6,-6,-5,-4,-4,-3,-3,-1,-1,0,0,1,0,3,1,4,3,6,4,7,4,7,5,8,5,9,5,9,6,8,5,0,0,6,4,4,3,3,1,1,0,0,0,-1,-1,-3,-3,-4,-4,-5,-5,-6,-6,-7,-7,-7,-7,-7,-7,-7,-7,-6,-6,-6,-6,-5,-5,-4,-4,-3,-3,-2,-1,-1,0,0,0,0,1,0,3,1,4,1,4,0,0,0,0,0,0,0,0,0,0]"
CSI_DATA,23676,80:af:ca:27:52:2a,-55,11,1,0,1,1,1,0,0,0,0,-97,0,11,2,319066252,0,83,1,128,0,"[0,0,0,0,0,0,0,0,0,0,0,0,-4,-9,-3,-8,-3,-8,-2,-7,-1,-5,-1,-3,0,-2,0,0,0,1,1,3,2,5,2,6,2,7,3,8,2,8,3,8,3,8,3,7,2,6,2,5,1,4,1,3,0,1,0,0,-1,-2,-1,-3,0,0,-2,-6,-2,-7,-2,-8,-3,-8,-2,-8,-2,-8,-2,-8,-2,-7,-2,-6,-2,-5,-1,-3,-1,-2,-1,0,-1,1,0,2,0,3,0,4,0,5,0,5,0,6,0,6,0,6,0,5,0,5,0,4,0,3,0,0,0,0,0,0,0,0,0,0]"
CSI_DATA,23677,80:af:ca:27:52:2a,-55,11,1,0,1,1,1,0,0,0,0,-97,0,11,2,319077442,0,83,1,128,0,"[0,0,0,0,0,0,0,0,0,0,0,0,-2,-9,-2,-8,-1,-7,-1,-6,0,-4,0,-2,0,-1,0,0,0,2,1,4,1,6,1,7,1,7,1,8,1,8,1,8,1,8,1,7,1,6,1,5,1,3,0,2,0,0,0,-1,0,-2,0,-3,0,0,-1,-6,-1,-8,-1,-8,-1,-9,-1,-9,-1,-8,-1,-8,-1,-7,-1,-6,-1,-4,-1,-3,-1,-1,-1,0,-1,1,-1,2,-1,3,-1,4,-1,5,-1,6,-1,6,-1,6,-1,6,-1,5,-1,4,-1,4,-1,3,0,0,0,0,0,0,0,0,0,0]"
CSI_DATA,23678,80:af:ca:27:52:2a,-55,11,1,0,1,1,1,0,0,0,0,-97,0,11,2,319109760,0,83,1,128,0,"[0,0,0,0,0,0,0,0,0,0,0,0,-8,-2,-7,-2,-6,-2,-5,-2,-4,-1,-2,-1,-1,-1,0,0,2,0,3,0,4,1,6,1,6,1,7,1,7,1,7,2,7,1,6,1,5,1,4,1,3,0,2,0,1,0,0,0,-2,-1,-3,-1,0,0,-6,-2,-6,-2,-7,-3,-7,-3,-7,-3,-7,-3,-7,-3,-6,-2,-5,-2,-4,-1,-3,-1,-2,0,-1,0,0,1,1,1,2,2,3,3,3,3,4,3,4,3,4,4,4,3,3,3,3,3,3,2,2,2,0,0,0,0,0,0,0,0,0,0]"
CSI_DATA,23679,80:af:ca:27:52:2a,-55,11,1,0,1,1,1,0,0,0,0,-97,0,11,2,319116541,0,83,1,128,0,"[0,0,0,0,0,0,0,0,0,0,0,0,3,0,5,2,7,3,9,5,9,6,10,7,11,7,11,7,10,7,9,6,9,6,7,4,5,4,3,2,1,1,-1,0,-3,0,-5,-2,-7,-2,-9,-3,-10,-4,-12,-4,-12,-4,-13,-4,-13,-4,-12,-3,0,0,-9,-2,-7,-2,-5,-1,-2,0,0,0,2,0,4,1,6,2,8,2,9,2,10,2,10,2,10,3,10,2,9,2,9,2,7,1,5,0,4,0,2,0,0,0,-1,-1,-2,-2,-4,-2,-4,-3,-5,-3,0,0,0,0,0,0,0,0,0,0]"
CSI_DATA,23680,80:af:ca:27:52:2a,-55,11,1,0,1,1,1,0,0,0,0,-97,0,11,2,319124945,0,83,1,128,0,"[0,0,0,0,0,0,0,0,0,0,0,0,2,0,4,2,5,2,7,4,7,4,7,5,8,6,8,5,8,6,7,5,7,4,6,4,4,3,2,2,0,1,0,0,-2,0,-4,-1,-5,-2,-7,-3,-7,-3,-9,-4,-9,-4,-9,-4,-9,-4,-9,-3,0,0,-7,-2,-5,-2,-4,-2,-2,0,0,0,1,0,2,1,4,2,5,2,7,2,7,2,7,2,7,2,7,2,7,2,6,2,5,1,4,0,2,0,2,0,0,0,0,-1,-2,-1,-2,-2,-3,-2,-4,-3,0,0,0,0,0,0,0,0,0,0]"
CSI_DATA,23681,80:af:ca:27:52:2a,-55,11,1,0,1,1,1,0,0,0,0,-97,0,11,2,319132201,0,83,1,128,0,"[0,0,0,0,0,0,0,0,0,0,0,0,-1,-9,-1,-8,-1,-7,0,-6,0,-5,0,-3,0,-1,0,0,0,1,1,3,1,4,1,6,1,7,1,7,1,7,2,8,2,7,2,7,1,6,1,5,1,4,0,3,0,1,0,0,-1,-1,-1,-3,0,0,-2,-5,-2,-6,-2,-7,-3,-7,-2,-7,-2,-7,-2,-7,-2,-6,-2,-5,-2,-4,-1,-3,-1,-2,-1,0,0,0,0,2,0,3,0,4,0,4,0,5,1,5,0,5,0,5,0,5,0,4,0,4,0,3,0,0,0,0,0,0,0,0,0,0]"
CSI_DATA,23682,80:af:ca:27:52:2a,-54,11,1,0,1,1,1,0,0,0,0,-97,0,11,2,319142280,0,83,1,128,0,"[0,0,0,0,0,0,0,0,0,0,0,0,-3,-8,-2,-8,-2,-7,-1,-6,0,-4,0,-2,0,-1,0,0,1,2,1,3,1,5,2,6,2,7,2,8,2,8,2,8,2,7,2,7,2,6,1,5,1,3,0,2,0,1,0,-1,0,-2,-1,-3,0,0,-1,-6,-2,-7,-2,-8,-2,-8,-2,-8,-2,-8,-2,-8,-1,-7,-1,-6,-1,-5,-1,-3,-1,-1,-1,0,-1,1,-1,2,-1,3,-1,5,-1,5,-1,5,-1,6,-1,6,-1,6,-1,5,-1,5,-1,4,0,3,0,0,0,0,0,0,0,0,0,0]"
CSI_DATA,23683,80:af:ca:27:52:2a,-55,11,1,0,1,1,1,0,0,0,0,-97,0,11,2,319151058,0,83,1,128,0,"[0,0,0,0,0,0,0,0,0,0,0,0,-3,1,-5,2,-6,2,-8,2,-8,3,-10,3,-10,3,-10,3,-9,2,-8,2,-8,2,-6,2,-5,1,-3,0,-1,0,0,-1,2,-2,3,-2,5,-3,6,-3,7,-4,8,-4,8,-4,8,-5,8,-4,7,-4,0,0,5,-3,4,-2,2,-2,0,-1,0,0,-2,0,-4,1,-5,2,-6,2,-6,2,-8,3,-8,3,-8,3,-8,3,-6,2,-6,2,-5,2,-4,2,-3,1,-1,0,0,0,0,0,2,0,2,0,4,0,4,0,0,0,0,0,0,0,0,0,0,0]"
CSI_DATA,23684,80:af:ca:27:52:2a,-55,11,1,0,1,1,1,0,0,0,0,-97,0,11,2,319159228,0,83,1,128,0,"[0,0,0,0,0,0,0,0,0,0,0,0,8,0,7,0,6,0,5,0,4,0,2,0,1,0,0,0,-2,0,-3,1,-5,1,-6,1,-7,1,-8,1,-8,1,-8,1,-8,1,-7,1,-6,1,-5,1,-4,0,-3,0,-1,0,0,0,1,-1,3,-1,0,0,5,-2,6,-2,6,-3,7,-3,7,-3,7,-3,6,-3,5,-2,5,-2,3,-2,2,-1,1,-1,0,-1,-1,0,-2,0,-4,0,-4,1,-5,1,-5,1,-6,1,-6,1,-5,1,-5,1,-5,1,-4,1,-3,1,0,0,0,0,0,0,0,0,0,0]"
CSI_DATA,23685,80:af:ca:27:52:2a,-54,11,1,0,1,1,1,0,0,0,0,-97,0,11,2,319166726,0,83,1,128,0,"[0,0,0,0,0,0,0,0,0,0,0,0,4,-7,3,-6,3,-6,3,-5,2,-3,1,-2,0,-1,0,0,0,2,-1,3,-1,4,-1,5,-2,6,-2,7,-2,7,-2,7,-2,7,-1,6,-1,6,-1,5,-1,3,-1,2,0,1,0,0,0,-2,0,-3,0,0,0,-6,0,-7,0,-7,0,-8,0,-8,0,-8,0,-7,0,-6,0,-5,0,-4,0,-3,0,-1,0,0,0,1,0,2,0,3,0,4,0,5,0,5,0,5,0,5,0,5,0,5,0,4,0,4,0,3,0,0,0,0,0,0,0,0,0,0]"
CSI_DATA,23686,80:af:ca:27:52:2a,-55,11,1,2,1,1,1,0,0,0,0,-97,0,11,2,319186714,0,83,1,128,0,"[0,0,0,0,0,0,0,0,0,0,0,0,2,-2,4,-2,6,-3,8,-3,8,-4,9,-3,10,-4,10,-3,10,-3,9,-3,8,-3,6,-2,5,-2,2,-1,0,0,0,0,-2,0,-4,1,-5,2,-8,2,-8,2,-9,3,-10,3,-10,3,-10,3,-9,3,0,0,-7,2,-5,2,-3,1,-2,0,0,0,1,0,3,0,5,-1,6,-1,7,-2,8,-2,8,-2,8,-2,8,-2,8,-2,7,-1,5,-1,4,-1,3,-1,2,-1,0,-1,0,-1,-2,-1,-3,-1,-4,-1,-5,-1,0,0,0,0,0,0,0,0,0,0]"
CSI_DATA,23687,80:af:ca:27:52:2a,-54,11,1,0,1,1,1,0,0,0,0,-97,0,11,2,319195972,0,83,1,128,0,"[0,0,0,0,0,0,0,0,0,0,0,0,6,-7,6,-6,5,-5,4,-4,3,-3,2,-2,1,-1,0,0,-1,1,-3,2,-4,3,-5,4,-6,4,-6,5,-7,5,-7,6,-6,5,-6,5,-5,4,-4,3,-3,2,-2,1,-1,1,0,0,1,-1,2,-2,0,0,4,-3,5,-4,6,-5,6,-5,6,-5,6,-5,6,-4,5,-4,4,-3,3,-3,2,-2,1,-1,0,-1,-1,0,-2,0,-3,0,-4,1,-5,1,-5,1,-6,1,-6,1,-6,1,-6,1,-5,1,-4,1,-3,0,0,0,0,0,0,0,0,0,0,0]"
CSI_DATA,23688,80:af:ca:27:52:2a,-54,11,1,0,1,1,1,0,0,0,0,-97,0,11,2,319204556,0,83,1,128,0,"[0,0,0,0,0,0,0,0,0,0,0,0,1,-3,3,-4,4,-5,6,-6,7,-7,7,-7,8,-7,7,-7,8,-6,7,-5,7,-4,5,-4,3,-3,2,-2,0,-1,-1,0,-2,0,-4,1,-6,2,-7,2,-8,2,-9,3,-9,3,-9,3,-9,3,-9,3,0,0,-7,2,-5,1,-3,1,-2,0,0,0,2,0,3,0,5,0,7,0,7,0,8,0,8,0,8,0,8,0,7,0,7,0,5,0,4,0,3,0,2,0,0,-1,0,-2,-1,-2,-2,-2,-2,-3,-3,-4,0,0,0,0,0,0,0,0,0,0]"
CSI_DATA,23689,80:af:ca:27:52:2a,-54,11,1,0,1,1,1,0,0,0,0,-97,0,11,2,319212526,0,83,1,128,0,"[0,0,0,0,0,0,0,0,0,0,0,0,-7,7,-7,7,-6,6,-5,5,-4,3,-2,1,-1,0,0,-1,1,-3,2,-4,3,-6,5,-7,5,-8,6,-8,6,-8,6,-9,5,-8,5,-7,4,-7,3,-6,2,-4,1,-3,0,-1,0,0,-1,1,-2,3,0,0,-4,6,-5,7,-6,8,-6,8,-6,8,-6,8,-5,7,-5,6,-4,6,-2,4,-2,3,-1,1,0,0,1,-1,2,-2,3,-3,3,-4,4,-5,5,-5,5,-5,5,-5,5,-5,5,-5,4,-5,3,-3,2,-3,0,0,0,0,0,0,0,0,0,0]"
CSI_DATA,23690,80:af:ca:27:52:2a,-54,11,1,0,1,1,1,0,0,0,0,-97,0,11,2,319221542,0,83,1,128,0,"[0,0,0,0,0,0,0,0,0,0,0,0,-6,-7,-6,-6,-5,-6,-4,-5,-3,-3,-2,-2,0,-1,0,0,1,0,3,1,4,2,5,3,6,4,6,4,6,5,7,5,6,4,6,3,5,3,4,2,3,2,2,1,1,0,0,0,-2,-1,-3,-1,0,0,-6,-2,-7,-3,-7,-3,-8,-3,-7,-3,-7,-3,-7,-3,-6,-3,-6,-2,-5,-1,-3,-1,-1,0,0,0,0,0,1,1,2,1,3,2,5,2,5,2,5,2,5,2,5,2,5,2,4,2,3,2,2,1,0,0,0,0,0,0,0,0,0,0]"
CSI_DATA,23691,80:af:ca:27:52:2a,-55,11,1,0,1,1,1,0,0,0,0,-97,0,11,2,319229146,0,83,1,128,0,"[0,0,0,0,0,0,0,0,0,0,0,0,2,0,5,0,8,0,10,2,11,2,12,2,13,2,13,2,13,2,12,2,11,2,9,2,7,1,5,1,2,0,0,0,-2,0,-5,0,-8,0,-10,0,-11,0,-12,0,-13,0,-14,0,-14,0,-13,0,0,0,-10,0,-8,0,-5,0,-3,0,0,0,1,0,4,0,6,0,8,0,9,0,11,0,11,0,11,0,11,0,11,0,9,0,8,0,6,0,4,0,2,0,0,0,-1,-1,-2,-1,-4,-1,-5,-2,-6,-2,0,0,0,0,0,0,0,0,0,0]"
CSI_DATA,23692,80:af:ca:27:52:2a,-55,11,1,0,1,1,1,0,0,0,0,-97,0,11,2,319236526,0,83,1,128,0,"[0,0,0,0,0,0,0,0,0,0,0,0,0,-7,0,-7,0,-6,0,-5,0,-4,0,-2,0,-1,0,0,0,1,0,2,0,4,0,5,0,5,0,6,0,6,0,7,0,6,0,6,0,5,0,4,0,3,0,2,0,0,0,0,0,-1,-1,-2,0,0,-2,-5,-2,-5,-2,-6,-3,-6,-2,-6,-2,-6,-2,-6,-2,-5,-2,-5,-2,-3,-1,-2,-1,-1,0,0,0,0,0,1,0,2,0,3,1,4,1,4,1,4,1,5,1,4,1,4,1,4,1,3,0,2,0,0,0,0,0,0,0,0,0,0]"
CSI_DATA,23693,80:af:ca:27:52:2a,-56,11,1,2,1,1,1,0,0,0,0,-97,0,11,2,319246472,0,83,1,128,0,"[0,0,0,0,0,0,0,0,0,0,0,0,-2,1,-4,2,-6,2,-7,2,-8,2,-9,2,-10,3,-9,3,-9,3,-8,2,-8,2,-7,2,-5,1,-4,0,-2,0,0,0,1,-2,2,-2,4,-3,5,-4,6,-5,7,-5,7,-6,7,-6,7,-6,6,-5,0,0,5,-4,4,-3,2,-2,1,-1,0,0,-2,0,-3,1,-4,2,-5,3,-6,4,-6,4,-7,4,-7,4,-7,4,-6,4,-6,4,-5,3,-4,2,-2,2,-2,1,0,0,0,0,2,0,2,-1,3,-1,4,-2,0,0,0,0,0,0,0,0,0,0]"
CSI_DATA,23694,80:af:ca:27:52:2a,-54,11,1,0,1,1,1,0,0,0,0,-97,0,11,2,319260309,0,83,1,128,0,"[0,0,0,0,0,0,0,0,0,0,0,0,4,-8,4,-7,4,-6,3,-5,2,-4,1,-2,0,-1,0,0,-1,2,-2,3,-3,4,-3,6,-4,6,-4,7,-4,7,-5,7,-4,7,-4,6,-3,6,-3,4,-2,3,-2,2,-1,1,0,0,1,-1,1,-3,0,0,3,-5,3,-6,4,-7,4,-7,4,-7,4,-7,4,-6,3,-6,2,-4,2,-4,1,-3,0,-2,0,-1,-1,0,-2,1,-3,2,-3,2,-4,3,-4,3,-4,3,-4,3,-4,3,-4,3,-4,3,-3,2,-2,1,0,0,0,0,0,0,0,0,0,0]"
CSI_DATA,23695,80:af:ca:27:52:2a,-53,11,1,0,1,1,1,0,0,0,0,-97,0,11,2,319267491,0,83,1,128,0,"[0,0,0,0,0,0,0,0,0,0,0,0,12,-5,10,-4,10,-4,8,-2,6,-2,3,0,1,0,-1,0,-4,1,-5,2,-8,2,-10,4,-11,4,-12,4,-12,4,-12,4,-11,4,-10,4,-9,3,-8,2,-6,2,-4,0,-1,0,0,0,2,-1,5,-2,0,0,8,-2,10,-3,10,-4,11,-4,10,-3,11,-3,10,-3,8,-3,7,-2,5,-2,4,-2,2,-2,0,-1,-2,-1,-4,-1,-6,0,-7,0,-8,0,-8,0,-9,0,-8,0,-8,0,-8,0,-7,0,-6,0,-5,0,0,0,0,0,0,0,0,0,0,0]"
CSI_DATA,23696,80:af:ca:27:52:2a,-55,11,1,0,1,1,1,0,0,0,0,-97,0,11,2,319277860,0,83,1,128,0,"[0,0,0,0,0,0,0,0,0,0,0,0,7,2,6,2,5,2,4,2,3,1,1,1,0,0,-1,0,-3,0,-4,0,-5,-1,-6,-1,-7,-2,-7,-2,-8,-2,-8,-2,-7,-1,-7,-1,-6,-1,-5,-1,-4,-1,-3,0,-1,0,0,0,1,0,3,0,0,0,5,0,6,0,7,0,7,0,7,0,7,0,6,0,5,0,5,0,3,0,2,0,1,0,0,0,-1,-1,-2,-1,-3,-1,-4,-1,-5,-1,-5,-1,-5,-1,-5,-1,-5,-1,-5,-1,-4,-1,-4,-1,-3,-1,0,0,0,0,0,0,0,0,0,0]"
CSI_DATA,23697,80:af:ca:27:52:2a,-55,11,1,0,1,1,1,0,0,0,0,-97,0,11,2,319285597,0,83,1,128,0,"[0,0,0,0,0,0,0,0,0,0,0,0,2,-2,4,-1,6,-1,8,-1,8,-1,9,-1,10,-1,9,-1,9,-1,8,-1,8,0,6,-1,4,0,3,0,1,0,0,0,-2,0,-4,0,-5,1,-6,2,-8,2,-8,2,-9,2,-9,2,-9,2,-8,2,0,0,-6,2,-5,1,-4,0,-2,0,0,0,1,0,3,-1,4,-2,6,-2,6,-2,7,-3,8,-2,8,-3,7,-2,7,-2,6,-2,5,-2,4,-2,2,-2,1,-1,0,-1,-1,0,-2,0,-4,0,-4,0,-5,0,0,0,0,0,0,0,0,0,0,0]"
CSI_DATA,23698,80:af:ca:27:52:2a,-55,11,1,0,1,1,1,0,0,0,0,-97,0,11,2,319303769,0,83,1,128,0,"[0,0,0,0,0,0,0,0,0,0,0,0,1,-2,2,-3,4,-4,6,-4,6,-4,7,-5,8,-5,8,-5,8,-5,7,-4,6,-4,6,-3,4,-2,2,-2,0,0,0,0,-2,1,-3,2,-4,2,-6,3,-7,4,-8,4,-8,4,-8,4,-8,4,-8,4,0,0,-6,3,-4,2,-3,2,-2,1,0,0,1,0,3,-1,4,-2,5,-2,6,-2,7,-3,7,-3,8,-3,7,-3,7,-3,6,-2,5,-2,4,-2,2,-2,1,-1,0,-1,0,-1,-2,-1,-3,-1,-4,0,-4,0,0,0,0,0,0,0,0,0,0,0]"
CSI_DATA,23699,80:af:ca:27:52:2a,-55,11,1,0,1,1,1,0,0,0,0,-97,0,11,2,319315394,0,83,1,128,0,"[0,0,0,0,0,0,0,0,0,0,0,0,0,-8,0,-8,0,-7,0,-6,0,-4,0,-3,0,-1,0,0,0,2,0,3,0,4,0,6,0,6,0,7,0,7,0,8,1,7,0,7,0,6,0,5,0,4,0,2,0,1,0,0,0,-2,-1,-3,0,0,-1,-6,-1,-7,-1,-7,-2,-8,-1,-8,-2,-8,-1,-7,-1,-6,-1,-5,-1,-4,-1,-3,-1,-2,-1,0,0,1,0,2,0,3,0,4,0,5,0,5,0,5,0,5,0,5,0,5,0,4,0,4,0,3,0,0,0,0,0,0,0,0,0,0]"
CSI_DATA,23700,80:af:ca:27:52:2a,-55,11,1,0,1,1,1,0,0,0,0,-97,0,11,2,319323549,0,83,1,128,0,"[0,0,0,0,0,0,0,0,0,0,0,0,7,-3,7,-3,6,-2,5,-2,4,-1,2,-1,1,0,0,0,-1,1,-3,2,-4,3,-5,3,-5,4,-6,4,-6,4,-6,5,-6,4,-5,4,-5,4,-4,3,-3,2,-2,1,-1,0,0,0,0,-1,1,-2,0,0,3,-4,3,-5,4,-6,4,-6,4,-6,4,-6,3,-5,3,-5,2,-4,1,-3,1,-2,0,-1,0,0,-1,0,-1,1,-2,2,-2,3,-3,3,-3,4,-3,4,-3,4,-3,4,-3,3,-2,3,-2,3,-2,2,0,0,0,0,0,0,0,0,0,0]"
CSI_DATA,23701,80:af:ca:27:52:2a,-55,11,1,2,1,1,1,0,0,0,0,-97,0,11,2,319328937,0,83,1,128,0,"[0,0,0,0,0,0,0,0,0,0,0,0,0,2,-1,4,-2,6,-3,7,-4,8,-5,9,-5,10,-5,10,-5,10,-5,9,-5,8,-4,7,-2,5,-2,3,-1,1,0,0,0,-2,0,-4,1,-5,1,-8,2,-8,2,-10,2,-10,2,-10,2,-10,2,-10,0,0,1,-8,1,-6,0,-4,0,-2,0,0,0,0,-1,2,-2,4,-2,5,-2,6,-3,7,-3,8,-3,8,-3,8,-2,7,-2,6,-2,5,-2,4,-1,3,0,2,0,0,0,0,1,-1,1,-2,2,-3,2,-4,0,0,0,0,0,0,0,0,0,0]"
CSI_DATA,23702,80:af:ca:27:52:2a,-55,11,1,0,1,1,1,0,0,0,0,-97,0,11,2,319347640,0,83,1,128,0,"[0,0,0,0,0,0,0,0,0,0,0,0,-10,0,-10,0,-9,0,-8,0,-6,0,-3,0,-1,-1,0,-1,2,-1,4,-1,6,-2,8,-2,8,-2,9,-2,9,-2,10,-3,9,-3,8,-2,7,-2,6,-2,4,-1,3,-1,1,0,0,0,-2,0,-4,1,0,0,-7,2,-8,3,-9,3,-9,3,-9,3,-9,3,-8,3,-7,3,-6,2,-4,2,-3,1,-2,1,0,0,1,0,2,-1,4,-1,5,-2,6,-2,6,-2,6,-2,7,-2,6,-2,6,-2,5,-2,4,-2,3,-1,0,0,0,0,0,0,0,0,0,0]"
CSI_DATA,23703,80:af:ca:27:52:2a,-55,11,1,0,1,1,1,0,0,0,0,-97,0,11,2,319354595,0,83,1,128,0,"[0,0,0,0,0,0,0,0,0,0,0,0,0,2,-1,4,-2,6,-3,6,-4,8,-4,8,-4,8,-4,8,-4,8,-4,8,-4,7,-3,6,-2,4,-2,2,-1,0,0,-1,0,-2,0,-4,0,-6,0,-7,0,-8,0,-9,0,-9,0,-10,0,-10,0,-9,0,0,0,-6,0,-5,0,-4,0,-2,0,0,0,2,0,3,0,4,0,6,0,7,0,8,0,8,0,8,0,8,0,7,0,6,0,5,0,4,0,2,0,1,0,0,0,-1,0,-2,0,-3,0,-4,0,-4,0,0,0,0,0,0,0,0,0,0]"
CSI_DATA,23704,80:af:ca:27:52:2a,-55,11,1,0,1,1,1,0,0,0,0,-97,0,11,2,319362992,0,83,1,128,0,"[0,0,0,0,0,0,0,0,0,0,0,0,2,-1,4,-1,6,-1,8,0,8,-1,9,0,9,0,9,-1,9,0,8,0,8,0,6,0,4,0,3,0,0,0,0,0,-2,1,-4,1,-6,2,-7,2,-8,2,-9,2,-8,3,-9,3,-9,3,-8,3,0,0,-6,2,-4,2,-3,1,-2,0,0,0,1,-1,3,-2,4,-2,6,-3,6,-4,7,-4,7,-4,7,-4,7,-4,6,-4,6,-4,4,-3,4,-2,2,-2,1,-2,0,0,-1,0,-2,0,-3,0,-4,0,-5,1,0,0,0,0,0,0,0,0,0,0]"
CSI_DATA,23705,80:af:ca:27:52:2a,-55,11,1,2,1,1,1,0,0,0,0,-97,0,11,2,319368941,0,83,1,128,0,"[0,0,0,0,0,0,0,0,0,0,0,0,-2,-1,-4,-2,-4,-4,-5,-5,-6,-6,-7,-7,-7,-8,-7,-8,-7,-8,-6,-7,-5,-7,-4,-6,-3,-4,-2,-3,-1,-2,0,0,1,0,2,2,3,3,4,4,5,5,5,6,6,7,6,7,6,7,6,6,0,0,4,4,3,3,2,2,1,1,0,0,0,-2,-2,-3,-2,-4,-3,-6,-4,-7,-4,-7,-4,-8,-4,-8,-4,-8,-4,-7,-4,-7,-3,-6,-2,-4,-2,-3,-2,-2,-1,-1,-1,0,0,1,0,2,0,3,0,4,0,0,0,0,0,0,0,0,0,0]"
CSI_DATA,23706,80:af:ca:27:52:2a,-55,11,1,0,1,1,1,0,0,0,0,-97,0,11,2,319377715,0,83,1,128,0,"[0,0,0,0,0,0,0,0,0,0,0,0,4,8,4,7,4,6,3,5,2,4,1,3,0,1,-1,0,-2,-1,-3,-3,-4,-4,-5,-5,-6,-6,-6,-6,-6,-6,-7,-6,-6,-6,-6,-6,-5,-5,-4,-4,-3,-3,-2,-2,-1,-1,0,0,1,1,3,1,0,0,5,3,6,4,6,4,7,4,6,5,6,4,6,4,5,3,5,3,4,2,2,1,1,0,0,0,-1,-1,-2,-2,-3,-3,-4,-3,-4,-4,-5,-4,-5,-4,-5,-4,-5,-4,-5,-4,-4,-3,-4,-3,-3,-2,0,0,0,0,0,0,0,0,0,0]"
CSI_DATA,23707,80:af:ca:27:52:2a,-55,11,1,0,1,1,1,0,0,0,0,-97,0,11,2,319387013,0,83,1,128,0,"[0,0,0,0,0,0,0,0,0,0,0,0,-1,-9,-1,-8,-1,-7,0,-6,0,-5,0,-3,0,-2,0,0,0,1,1,3,1,4,1,6,1,7,1,7,1,7,1,8,1,7,1,7,1,6,1,5,0,4,0,2,0,1,0,0,0,-2,-1,-3,0,0,-1,-6,-2,-7,-2,-7,-2,-8,-2,-8,-2,-8,-2,-7,-2,-6,-1,-5,-1,-4,-1,-3,-1,-2,-1,0,0,1,0,2,0,3,0,4,0,5,0,5,0,5,0,5,0,5,0,5,0,4,0,4,0,3,0,0,0,0,0,0,0,0,0,0]"
CSI_DATA,23708,80:af:ca:27:52:2a,-54,11,1,2,1,1,1,0,0,0,0,-97,0,11,2,319392941,0,83,1,128,0,"[0,0,0,0,0,0,0,0,0,0,0,0,2,1,3,3,5,4,6,6,6,6,7,8,7,8,7,8,7,8,6,8,6,6,5,6,3,4,2,3,0,0,0,0,-2,-2,-3,-3,-4,-5,-5,-6,-6,-7,-6,-8,-7,-9,-7,-9,-7,-9,-6,-8,0,0,-5,-6,-4,-5,-3,-3,-2,-2,-1,0,0,1,0,3,1,4,2,6,3,6,3,7,3,8,3,8,3,8,3,7,2,6,2,6,2,4,1,3,0,1,0,0,0,0,0,-2,0,-3,0,-4,0,-5,0,0,0,0,0,0,0,0,0,0]"
CSI_DATA,23709,80:af:ca:27:52:2a,-54,11,1,0,1,1,1,0,0,0,0,-97,0,11,2,319401837,0,83,1,128,0,"[0,0,0,0,0,0,0,0,0,0,0,0,3,-1,5,-1,7,-1,9,0,9,0,10,0,11,0,10,0,9,0,9,0,8,0,7,0,4,0,2,0,0,0,-1,0,-3,0,-4,-1,-7,-1,-8,-2,-9,-2,-10,-2,-10,-2,-10,-2,-10,-2,-9,-2,0,0,-7,-1,-5,-1,-4,0,-2,0,0,0,1,1,2,2,4,2,5,3,6,3,7,4,7,4,7,4,7,4,7,4,6,3,4,3,4,2,2,1,2,0,0,0,0,-1,0,-2,-1,-3,-2,-4,-2,-4,0,0,0,0,0,0,0,0,0,0]"
CSI_DATA,23710,80:af:ca:27:52:2a,-55,11,1,0,1,1,1,0,0,0,0,-97,0,11,2,319409798,0,83,1,128,0,"[0,0,0,0,0,0,0,0,0,0,0,0,-9,-5,-8,-4,-7,-4,-6,-4,-4,-3,-2,-2,-1,-1,1,0,2,0,4,1,6,2,7,3,8,4,8,4,8,4,9,4,8,4,8,3,7,3,6,2,4,2,2,1,1,0,0,0,-2,-1,-4,-2,0,0,-7,-3,-8,-4,-8,-4,-9,-5,-8,-5,-8,-5,-8,-4,-7,-4,-6,-3,-4,-2,-3,-1,-2,0,-1,0,0,1,1,2,2,2,3,3,4,4,4,4,4,4,4,4,4,4,4,4,4,4,3,3,2,2,0,0,0,0,0,0,0,0,0,0]"
CSI_DATA,23711,80:af:ca:27:52:2a,-55,11,1,0,1,1,1,0,0,0,0,-97,0,11,2,319417673,0,83,1,128,0,"[0,0,0,0,0,0,0,0,0,0,0,0,2,2,2,4,2,6,2,7,3,8,3,8,4,9,4,9,3,9,3,8,2,8,2,6,2,4,0,3,0,1,-1,0,-2,-2,-3,-3,-4,-4,-5,-6,-6,-6,-6,-7,-6,-8,-7,-8,-6,-8,-6,-7,0,0,-5,-5,-4,-4,-2,-2,-1,-1,0,0,1,1,2,2,3,3,4,4,5,5,6,6,6,6,6,6,6,6,5,5,5,4,4,4,3,2,2,2,1,0,0,0,0,-1,-1,-2,-2,-3,-2,-4,-3,-4,0,0,0,0,0,0,0,0,0,0]"
CSI_DATA,23712,80:af:ca:27:52:2a,-55,11,1,0,1,1,1,0,0,0,0,-97,0,11,2,319425345,0,83,1,128,0,"[0,0,0,0,0,0,0,0,0,0,0,0,2,-1,4,-2,5,-2,7,-2,8,-2,8,-2,9,-2,9,-2,9,-2,8,-2,8,-2,6,-2,5,-1,3,0,1,0,0,0,-2,0,-4,1,-5,2,-6,2,-7,3,-8,3,-8,4,-9,4,-9,4,-8,4,0,0,-6,3,-5,2,-4,1,-2,0,0,0,1,-1,2,-2,4,-2,5,-3,6,-4,7,-4,7,-4,7,-4,7,-4,6,-4,6,-4,4,-3,4,-2,2,-2,1,-2,0,-1,-1,0,-2,0,-3,0,-4,0,-4,0,0,0,0,0,0,0,0,0,0,0]"
CSI_DATA,23713,80:af:ca:27:52:2a,-55,11,1,0,1,1,1,0,0,0,0,-97,0,11,2,319433047,0,83,1,128,0,"[0,0,0,0,0,0,0,0,0,0,0,0,4,-6,4,-5,3,-5,3,-3,3,-3,1,-2,0,0,0,0,0,1,-1,2,-2,3,-3,4,-3,4,-3,5,-4,5,-4,6,-3,5,-3,5,-3,4,-3,3,-2,3,-1,2,0,0,0,0,0,-1,1,-2,0,0,2,-4,3,-5,3,-5,3,-6,3,-6,3,-6,3,-5,3,-5,2,-4,1,-3,1,-3,0,-1,0,0,-1,0,-1,0,-2,1,-3,2,-3,2,-3,3,-3,3,-4,3,-4,3,-3,3,-3,3,-3,2,-2,2,0,0,0,0,0,0,0,0,0,0]"
CSI_DATA,23714,80:af:ca:27:52:2a,-55,11,1,0,1,1,1,0,0,0,0,-97,0,11,2,319447852,0,83,1,128,0,"[0,0,0,0,0,0,0,0,0,0,0,0,7,-4,6,-4,6,-3,5,-2,4,-2,2,-1,1,0,0,0,-2,1,-3,2,-4,3,-5,3,-6,4,-6,4,-7,4,-7,4,-7,4,-6,4,-5,3,-5,3,-3,2,-2,1,-1,0,0,0,1,-1,2,-2,0,0,4,-3,5,-4,6,-4,6,-5,6,-5,6,-4,6,-4,5,-4,4,-3,3,-3,2,-2,1,-1,0,-1,-1,0,-2,0,-3,1,-4,1,-5,1,-5,2,-5,2,-5,2,-5,1,-5,2,-5,1,-4,1,-3,1,0,0,0,0,0,0,0,0,0,0]"
CSI_DATA,23715,80:af:ca:27:52:2a,-54,11,1,0,1,1,1,0,0,0,0,-97,0,11,2,319469375,0,83,1,128,0,"[0,0,0,0,0,0,0,0,0,0,0,0,-3,8,-2,7,-2,6,-2,4,-2,3,-1,2,-1,0,0,-1,0,-3,0,-4,1,-6,1,-7,2,-8,2,-8,2,-8,2,-8,2,-8,2,-7,1,-7,1,-6,1,-4,0,-2,0,-1,0,0,-1,1,-1,3,0,0,-2,6,-3,6,-3,7,-3,7,-3,7,-3,7,-3,7,-2,6,-2,5,-1,4,-1,2,0,1,0,0,1,-1,1,-2,2,-3,2,-4,2,-4,3,-4,3,-5,3,-5,3,-5,3,-4,2,-4,2,-3,1,-3,0,0,0,0,0,0,0,0,0,0]"
CSI_DATA,23716,80:af:ca:27:52:2a,-55,11,1,0,1,1,1,0,0,0,0,-97,0,11,2,319485214,0,83,1,128,0,"[0,0,0,0,0,0,0,0,0,0,0,0,-3,0,-4,0,-6,0,-8,0,-9,0,-10,-1,-10,0,-10,0,-10,-1,-9,0,-8,-1,-7,0,-5,0,-4,0,-2,0,0,-1,2,-1,3,-1,5,-1,6,-1,7,-2,8,-2,8,-2,9,-2,9,-2,8,-2,0,0,6,-2,4,-1,3,-1,1,0,0,0,-2,0,-4,0,-5,0,-6,0,-7,1,-8,1,-8,1,-8,1,-8,1,-8,1,-7,1,-6,1,-4,1,-3,1,-2,0,0,0,0,0,2,0,2,0,4,0,4,0,0,0,0,0,0,0,0,0,0,0]"
CSI_DATA,23717,80:af:ca:27:52:2a,-55,11,1,0,1,1,1,0,0,0,0,-97,0,11,2,319492071,0,83,1,128,0,"[0,0,0,0,0,0,0,0,0,0,0,0,0,-3,0,-5,0,-6,0,-8,0,-9,0,-10,0,-11,0,-10,0,-10,0,-9,0,-8,0,-7,0,-5,0,-3,0,-2,0,0,0,2,0,4,0,5,0,6,0,8,0,8,0,9,1,10,0,9,1,8,0,0,0,6,0,5,0,3,0,1,0,0,0,-2,0,-4,0,-5,0,-7,-1,-8,0,-8,0,-9,0,-9,0,-8,0,-8,0,-7,0,-6,-1,-4,0,-4,0,-2,0,0,-1,0,-1,2,-1,3,-1,4,-1,4,0,0,0,0,0,0,0,0,0,0]"
CSI_DATA,23718,80:af:ca:27:52:2a,-54,11,1,0,1,1,1,0,0,0,0,-97,0,11,2,319500134,0,83,1,128,0,"[0,0,0,0,0,0,0,0,0,0,0,0,-8,-2,-7,-2,-6,-1,-6,-2,-4,-1,-2,-1,-1,-1,0,0,2,0,3,0,4,0,6,0,6,1,7,1,7,1,8,1,7,1,6,1,6,0,5,0,3,0,2,0,1,0,0,0,-2,-1,-3,-1,0,0,-6,-1,-7,-1,-7,-2,-8,-1,-8,-2,-8,-2,-7,-1,-6,-1,-5,-1,-4,-1,-3,0,-2,0,0,0,0,1,1,1,2,2,3,2,4,2,4,2,5,2,5,2,4,2,4,2,4,2,3,2,3,1,0,0,0,0,0,0,0,0,0,0]"
CSI_DATA,23719,80:af:ca:27:52:2a,-55,11,1,0,1,1,1,0,0,0,0,-97,0,11,2,319507627,0,83,1,128,0,"[0,0,0,0,0,0,0,0,0,0,0,0,-2,-7,-2,-7,-2,-6,-1,-5,-1,-4,0,-2,0,-1,0,0,0,0,1,2,2,3,3,4,3,5,3,5,3,5,4,6,4,5,4,5,3,4,2,3,1,2,1,1,0,0,0,0,-1,-1,-2,-2,0,0,-4,-3,-5,-4,-5,-5,-5,-5,-5,-5,-5,-5,-5,-4,-4,-4,-4,-3,-3,-2,-2,-1,-1,0,0,0,0,0,0,1,1,2,2,3,2,3,3,3,3,3,3,3,3,3,3,3,2,3,2,2,1,1,0,0,0,0,0,0,0,0,0,0]"
CSI_DATA,23720,80:af:ca:27:52:2a,-55,11,1,0,1,1,1,0,0,0,0,-97,0,11,2,319517747,0,83,1,128,0,"[0,0,0,0,0,0,0,0,0,0,0,0,-2,-4,-2,-6,-2,-8,-2,-10,-2,-11,-2,-12,-2,-13,-2,-13,-2,-13,-2,-12,-1,-11,-1,-9,0,-7,0,-4,0,-2,0,0,0,2,1,4,2,6,2,8,2,9,3,10,3,11,4,11,3,11,3,10,0,0,2,7,2,6,1,4,0,2,0,0,0,-2,-1,-4,-2,-6,-2,-8,-3,-8,-4,-10,-3,-10,-3,-10,-3,-10,-3,-8,-3,-8,-2,-7,-2,-5,-2,-4,-2,-2,-1,0,0,0,0,2,0,3,0,4,0,5,0,0,0,0,0,0,0,0,0,0]"
CSI_DATA,23721,80:af:ca:27:52:2a,-55,11,1,0,1,1,1,0,0,0,0,-97,0,11,2,319528314,0,83,1,128,0,"[0,0,0,0,0,0,0,0,0,0,0,0,2,-2,4,-2,7,-2,8,-1,9,-1,9,-1,10,-1,10,-1,9,0,9,0,8,0,7,0,4,0,2,0,0,0,-1,0,-2,0,-4,0,-6,0,-7,0,-9,0,-9,0,-9,0,-10,0,-10,0,-9,0,0,0,-7,0,-5,0,-4,0,-2,0,0,0,2,0,3,0,4,0,6,0,7,0,8,0,8,0,8,0,8,0,7,0,7,0,5,0,4,0,3,0,2,0,0,-1,0,-1,-2,-2,-2,-2,-4,-2,-4,-2,0,0,0,0,0,0,0,0,0,0]"
CSI_DATA,23722,80:af:ca:27:52:2a,-54,11,1,0,1,1,1,0,0,0,0,-97,0,11,2,319537692,0,83,1,128,0,"[0,0,0,0,0,0,0,0,0,0,0,0,5,-6,5,-6,4,-5,3,-4,2,-2,1,-1,0,0,0,1,-1,2,-2,3,-3,5,-3,6,-4,6,-4,6,-5,6,-5,7,-4,6,-3,6,-3,5,-3,4,-2,3,-1,2,0,0,0,0,0,-2,1,-3,0,0,2,-6,2,-7,3,-7,3,-8,3,-7,3,-7,2,-7,2,-6,2,-5,1,-4,0,-3,0,-1,0,0,-1,0,-2,1,-2,2,-2,3,-3,4,-3,4,-3,5,-3,5,-3,5,-3,4,-2,3,-2,3,-1,2,0,0,0,0,0,0,0,0,0,0]"
CSI_DATA,23723,80:af:ca:27:52:2a,-54,11,1,2,1,1,1,0,0,0,0,-97,0,11,2,319543457,0,83,1,128,0,"[0,0,0,0,0,0,0,0,0,0,0,0,0,2,-1,5,-2,6,-3,8,-3,8,-4,9,-4,10,-4,9,-4,9,-4,8,-3,8,-2,6,-2,4,-2,2,-1,0,0,-1,0,-2,0,-5,0,-6,0,-8,0,-9,0,-10,0,-10,0,-10,0,-10,0,-10,0,0,0,-7,0,-5,0,-4,0,-2,0,0,0,2,0,3,0,5,0,6,0,7,0,8,0,8,0,8,0,8,0,8,0,7,0,5,0,4,0,2,0,1,0,0,0,-1,0,-2,0,-3,0,-5,0,-5,0,0,0,0,0,0,0,0,0,0]"
CSI_DATA,23724,80:af:ca:27:52:2a,-55,11,1,0,1,1,1,0,0,0,0,-97,0,11,2,319551395,0,83,1,128,0,"[0,0,0,0,0,0,0,0,0,0,0,0,-5,5,-5,4,-4,4,-4,3,-3,2,-2,1,-1,0,0,0,0,-1,1,-2,2,-3,3,-4,3,-5,4,-5,4,-5,4,-6,4,-5,3,-5,3,-4,2,-4,2,-3,1,-2,0,0,0,0,-1,0,-1,2,0,0,-3,4,-3,5,-3,5,-4,6,-4,5,-4,5,-3,5,-3,4,-2,4,-1,3,-1,2,0,0,0,0,0,0,1,-1,2,-2,2,-2,2,-3,3,-3,3,-4,3,-4,3,-3,3,-3,2,-3,2,-2,1,-2,0,0,0,0,0,0,0,0,0,0]"
CSI_DATA,23725,80:af:ca:27:52:2a,-54,11,1,0,1,1,1,0,0,0,0,-97,0,11,2,319558953,0,83,1,128,0,"[0,0,0,0,0,0,0,0,0,0,0,0,-8,2,-8,2,-7,2,-6,1,-5,0,-3,0,-1,0,0,-1,1,-2,2,-2,4,-3,5,-4,6,-5,6,-5,7,-5,7,-6,6,-5,6,-5,5,-5,4,-3,3,-3,2,-2,1,-1,0,0,-1,1,-2,2,0,0,-4,5,-5,6,-5,6,-5,6,-6,6,-6,6,-5,6,-4,5,-3,5,-2,3,-2,2,-1,1,0,0,1,-1,1,-2,2,-3,3,-4,3,-5,3,-5,3,-5,3,-5,3,-5,3,-5,3,-4,2,-3,2,-3,0,0,0,0,0,0,0,0,0,0]"
CSI_DATA,23726,80:af:ca:27:52:2a,-55,11,1,0,1,1,1,0,0,0,0,-97,0,11,2,319570757,0,83,1,128,0,"[0,0,0,0,0,0,0,0,0,0,0,0,-3,1,-6,2,-8,2,-10,1,-11,2,-11,2,-12,2,-12,2,-12,1,-11,2,-10,1,-8,1,-6,0,-4,0,-2,0,0,-1,2,-2,4,-2,6,-3,8,-3,8,-4,10,-4,10,-4,11,-5,11,-4,10,-5,0,0,7,-4,6,-3,4,-2,2,-2,0,0,-2,0,-4,0,-6,1,-8,2,-8,3,-10,3,-11,3,-11,3,-11,3,-9,3,-8,3,-7,2,-6,2,-4,2,-2,1,-1,0,0,0,2,0,3,0,4,0,6,0,0,0,0,0,0,0,0,0,0,0]"
CSI_DATA,23727,80:af:ca:27:52:2a,-55,11,1,0,1,1,1,0,0,0,0,-97,0,11,2,319578062,0,83,1,128,0,"[0,0,0,0,0,0,0,0,0,0,0,0,-3,8,-3,7,-3,6,-3,5,-2,3,-1,2,-1,0,0,-1,0,-2,1,-4,2,-6,2,-7,2,-7,3,-8,3,-8,3,-8,3,-8,2,-7,2,-7,2,-6,1,-4,1,-3,0,-1,0,0,-1,1,-2,3,0,0,-3,6,-3,6,-3,7,-3,7,-4,8,-4,7,-3,7,-3,6,-2,5,-2,4,-1,3,0,1,0,0,1,-1,1,-1,2,-3,3,-3,3,-4,3,-4,3,-4,4,-4,4,-4,3,-4,3,-4,3,-3,2,-3,0,0,0,0,0,0,0,0,0,0]"
CSI_DATA,23728,80:af:ca:27:52:2a,-54,11,1,0,1,1,1,0,0,0,0,-97,0,11,2,319586845,0,83,1,128,0,"[0,0,0,0,0,0,0,0,0,0,0,0,-9,0,-8,0,-8,0,-7,-1,-5,-1,-3,-1,-1,-1,0,0,2,0,3,0,5,0,6,0,7,0,8,0,8,0,9,0,8,0,7,0,7,0,6,0,4,0,2,0,1,0,0,0,-2,0,-3,0,0,0,-6,0,-7,0,-8,0,-8,0,-8,0,-8,0,-8,0,-7,0,-6,0,-4,0,-3,0,-2,0,0,0,0,0,2,0,3,0,4,1,4,1,5,1,5,1,5,1,5,1,4,1,4,1,3,1,3,0,0,0,0,0,0,0,0,0,0,0]"
CSI_DATA,23729,80:af:ca:27:52:2a,-54,11,1,0,1,1,1,0,0,0,0,-97,0,11,2,319601337,0,83,1,128,0,"[0,0,0,0,0,0,0,0,0,0,0,0,7,-8,6,-8,6,-6,5,-5,4,-4,2,-2,0,0,0,1,-2,2,-3,4,-5,5,-6,6,-6,7,-7,8,-7,8,-7,8,-6,8,-6,7,-5,6,-5,5,-4,4,-2,2,-1,1,0,0,1,-2,2,-4,0,0,5,-6,5,-8,6,-8,6,-9,6,-8,6,-8,6,-8,5,-6,4,-6,2,-5,1,-4,0,-2,0,-1,-2,0,-3,1,-4,2,-5,3,-5,4,-6,4,-6,4,-6,4,-6,4,-6,4,-5,3,-5,2,-4,2,0,0,0,0,0,0,0,0,0,0]"
CSI_DATA,23730,80:af:ca:27:52:2a,-55,11,1,0,1,1,1,0,0,0,0,-97,0,11,2,319638118,0,83,1,128,0,"[0,0,0,0,0,0,0,0,0,0,0,0,1,-8,1,-7,1,-6,1,-5,1,-4,0,-2,0,-1,0,0,0,1,0,3,0,4,0,6,0,6,0,7,0,7,0,7,0,7,0,6,0,6,0,5,0,3,0,2,0,1,0,0,0,-2,-1,-3,0,0,-1,-5,-1,-6,-2,-7,-2,-7,-2,-7,-2,-7,-2,-7,-1,-6,-1,-5,-1,-4,-1,-3,-1,-1,0,0,0,1,0,2,0,3,0,4,0,4,0,5,0,5,0,5,0,5,0,5,0,4,0,4,0,3,0,0,0,0,0,0,0,0,0,0]"
CSI_DATA,23731,80:af:ca:27:52:2a,-55,11,1,0,1,1,1,0,0,0,0,-97,0,11,2,319646105,0,83,1,128,0,"[0,0,0,0,0,0,0,0,0,0,0,0,-3,0,-4,-2,-7,-3,-8,-4,-9,-4,-9,-5,-9,-6,-9,-5,-9,-6,-9,-5,-8,-5,-7,-4,-5,-3,-3,-2,-2,-1,0,0,2,0,3,1,5,2,7,2,7,2,9,3,9,3,9,3,9,3,9,2,0,0,7,2,4,2,3,1,2,0,0,0,-2,-1,-3,-2,-4,-2,-7,-3,-7,-3,-8,-4,-8,-4,-8,-4,-8,-4,-7,-4,-7,-3,-6,-2,-4,-2,-4,-1,-2,0,-1,0,0,0,0,1,2,2,2,2,3,2,0,0,0,0,0,0,0,0,0,0]"
CSI_DATA,23732,80:af:ca:27:52:2a,-55,11,1,0,1,1,1,0,0,0,0,-97,0,11,2,319676301,0,83,1,128,0,"[0,0,0,0,0,0,0,0,0,0,0,0,7,-5,6,-5,5,-4,4,-3,3,-2,2,-1,1,0,0,0,-1,1,-2,2,-4,3,-4,4,-5,5,-6,5,-6,6,-6,6,-6,6,-5,5,-4,4,-3,4,-3,3,-2,2,-1,0,0,0,0,-1,1,-3,0,0,3,-5,3,-6,4,-7,4,-7,4,-7,4,-7,4,-6,3,-6,2,-4,2,-4,1,-3,0,-1,0,0,-1,0,-2,1,-2,2,-3,3,-3,3,-4,4,-4,4,-4,4,-4,4,-4,3,-3,3,-3,2,-2,2,0,0,0,0,0,0,0,0,0,0]"
CSI_DATA,23733,80:af:ca:27:52:2a,-55,11,1,0,1,1,1,0,0,0,0,-97,0,11,2,319692440,0,83,1,128,0,"[0,0,0,0,0,0,0,0,0,0,0,0,2,2,3,3,3,4,4,6,4,7,4,8,4,8,4,8,4,8,4,7,4,7,3,6,2,4,1,3,0,1,-1,0,-2,-1,-4,-2,-5,-3,-6,-4,-7,-5,-8,-5,-8,-5,-9,-5,-8,-5,-8,-4,0,0,-6,-3,-5,-2,-3,-2,-2,-1,0,0,1,0,3,1,4,2,6,2,7,2,8,2,8,2,8,2,8,2,7,2,6,1,6,1,4,0,3,0,2,0,0,0,-1,-1,-2,-1,-3,-2,-4,-2,-5,-2,0,0,0,0,0,0,0,0,0,0]"
CSI_DATA,23734,80:af:ca:27:52:2a,-55,11,1,2,1,1,1,0,0,0,0,-97,0,11,2,319700525,0,83,1,128,0,"[0,0,0,0,0,0,0,0,0,0,0,0,2,2,2,4,2,5,2,6,2,8,2,8,2,9,2,8,2,8,2,8,2,7,2,6,1,4,0,2,0,1,-1,0,-2,-2,-2,-4,-2,-5,-4,-6,-4,-7,-4,-8,-5,-8,-5,-8,-5,-8,-4,-8,0,0,-4,-6,-3,-4,-2,-3,-1,-2,0,0,0,1,0,3,1,4,2,6,2,6,3,7,3,7,3,8,3,7,3,6,2,6,2,5,2,4,1,2,1,1,0,0,0,-1,0,-2,0,-4,0,-4,0,-5,0,0,0,0,0,0,0,0,0,0]"
CSI_DATA,23735,80:af:ca:27:52:2a,-55,11,1,0,1,1,1,0,0,0,0,-97,0,11,2,319708149,0,83,1,128,0,"[0,0,0,0,0,0,0,0,0,0,0,0,-8,1,-7,1,-6,0,-5,0,-4,0,-3,0,-1,0,0,0,1,-1,3,-1,4,-1,5,-1,6,-1,7,-1,7,-1,8,-1,7,-1,7,-1,6,-1,5,-1,4,-1,2,0,1,0,0,0,-2,0,-3,0,0,0,-5,0,-6,0,-7,0,-8,0,-7,0,-7,0,-7,0,-6,0,-5,0,-4,0,-3,0,-2,0,-1,0,0,0,2,1,2,1,3,1,4,1,4,1,5,1,5,2,4,2,4,2,4,1,3,1,3,1,0,0,0,0,0,0,0,0,0,0]"
CSI_DATA,23736,80:af:ca:27:52:2a,-55,11,1,0,1,1,1,0,0,0,0,-97,0,11,2,319716565,0,83,1,128,0,"[0,0,0,0,0,0,0,0,0,0,0,0,0,2,0,5,0,7,-1,8,-1,10,-1,10,-1,11,-1,10,-2,10,-1,10,-2,8,-1,7,-1,5,-1,3,0,1,0,0,0,-2,0,-5,0,-6,0,-8,0,-9,0,-10,0,-10,0,-10,0,-10,0,-10,0,0,0,-8,0,-5,0,-4,0,-2,0,0,0,1,0,3,-1,5,-1,6,-1,7,-1,8,-1,8,-1,8,-1,8,-1,8,-1,7,0,5,0,4,0,2,0,1,0,0,0,0,0,-2,1,-3,1,-4,1,-5,0,0,0,0,0,0,0,0,0,0]"
CSI_DATA,23737,80:af:ca:27:52:2a,-54,11,1,0,1,1,1,0,0,0,0,-97,0,11,2,319725378,0,83,1,128,0,"[0,0,0,0,0,0,0,0,0,0,0,0,7,-6,7,-5,5,-5,5,-3,3,-2,2,-1,0,0,-1,0,-2,1,-4,2,-5,3,-7,4,-7,4,-8,5,-8,5,-8,5,-8,4,-7,4,-6,4,-5,2,-4,2,-2,1,-1,0,0,0,2,-1,3,-2,0,0,6,-3,7,-4,7,-4,8,-4,8,-4,8,-4,7,-4,6,-3,5,-2,3,-2,2,-2,1,-1,0,-1,-1,-1,-3,0,-4,0,-5,0,-6,0,-7,0,-7,0,-7,0,-7,0,-6,0,-5,0,-5,0,-4,0,0,0,0,0,0,0,0,0,0,0]"
CSI_DATA,23738,80:af:ca:27:52:2a,-54,11,1,0,1,1,1,0,0,0,0,-97,0,11,2,319741526,0,83,1,128,0,"[0,0,0,0,0,0,0,0,0,0,0,0,-4,7,-3,6,-3,6,-3,4,-2,3,-1,2,-1,0,0,-1,0,-2,0,-3,1,-5,1,-6,1,-7,2,-7,2,-8,2,-8,1,-8,1,-7,1,-6,1,-5,1,-4,0,-3,0,-1,0,0,0,1,0,3,0,0,-1,5,-1,6,-1,7,-1,7,-1,7,-1,7,-1,7,-1,6,0,5,0,4,0,2,0,1,0,0,0,-1,0,-2,0,-3,1,-4,1,-5,1,-6,1,-6,1,-6,1,-6,1,-5,1,-4,0,-4,0,-3,0,0,0,0,0,0,0,0,0,0]"
CSI_DATA,23739,80:af:ca:27:52:2a,-55,11,1,0,1,1,1,0,0,0,0,-97,0,11,2,319750273,0,83,1,128,0,"[0,0,0,0,0,0,0,0,0,0,0,0,-3,0,-4,-2,-6,-2,-7,-4,-8,-4,-9,-5,-10,-5,-9,-4,-9,-5,-9,-4,-8,-4,-7,-4,-5,-3,-4,-2,-2,-1,0,-1,2,0,3,0,5,0,6,0,8,1,9,1,9,0,10,0,10,0,9,0,0,0,7,0,5,0,3,0,2,0,0,0,-2,0,-4,0,-5,0,-7,0,-8,0,-9,0,-9,0,-9,0,-9,0,-8,0,-8,0,-6,0,-5,0,-4,0,-2,0,0,0,0,0,2,0,2,0,4,0,4,0,0,0,0,0,0,0,0,0,0,0]"
CSI_DATA,23740,80:af:ca:27:52:2a,-56,11,1,0,1,1,1,0,0,0,0,-97,0,11,2,319759546,0,83,1,128,0,"[0,0,0,0,0,0,0,0,0,0,0,0,2,-1,4,-1,6,0,7,0,8,0,9,0,9,0,9,0,9,0,8,0,8,0,6,0,5,0,3,0,1,0,0,0,-2,0,-4,0,-6,0,-7,0,-8,0,-9,1,-9,1,-10,1,-10,1,-9,1,0,0,-7,1,-5,0,-4,0,-2,0,0,0,1,0,3,0,4,0,6,-1,6,-1,8,-1,8,-1,8,-1,8,-1,7,-1,6,-1,6,-1,4,-1,3,-1,2,-1,0,-1,0,-1,-2,0,-3,0,-4,-1,-5,-1,0,0,0,0,0,0,0,0,0,0]"
CSI_DATA,23741,80:af:ca:27:52:2a,-55,11,1,0,1,1,1,0,0,0,0,-97,0,11,2,319766496,0,83,1,128,0,"[0,0,0,0,0,0,0,0,0,0,0,0,-3,-7,-3,-7,-2,-6,-1,-5,-1,-4,0,-2,0,-1,0,0,0,1,1,2,2,4,2,5,3,5,3,6,3,6,4,6,3,6,3,5,3,5,2,4,1,3,1,1,0,0,0,0,-1,-1,-2,-2,0,0,-3,-5,-4,-6,-4,-6,-4,-6,-4,-7,-4,-6,-4,-6,-4,-5,-3,-4,-3,-3,-2,-2,-1,-1,0,0,0,0,0,1,0,2,1,3,1,4,1,4,2,5,2,5,1,5,1,5,1,4,1,4,1,3,0,0,0,0,0,0,0,0,0,0]"
CSI_DATA,23742,80:af:ca:27:52:2a,-54,11,1,0,1,1,1,0,0,0,0,-97,0,11,2,319783052,0,83,1,128,0,"[0,0,0,0,0,0,0,0,0,0,0,0,-7,-8,-7,-7,-6,-6,-5,-6,-3,-4,-2,-3,-1,-1,0,0,2,1,3,2,4,3,5,5,6,6,7,6,7,6,7,6,7,6,6,5,6,5,5,4,3,3,2,2,1,1,0,0,-1,-1,-3,-2,0,0,-5,-5,-6,-6,-7,-6,-7,-6,-7,-6,-7,-6,-7,-6,-6,-5,-5,-5,-4,-3,-3,-2,-2,-1,-1,0,0,1,1,2,1,3,2,3,3,4,3,5,3,5,3,5,3,5,3,5,3,4,2,3,2,2,0,0,0,0,0,0,0,0,0,0]"
CSI_DATA,23743,80:af:ca:27:52:2a,-54,11,1,0,1,1,1,0,0,0,0,-97,0,11,2,319798928,0,83,1,128,0,"[0,0,0,0,0,0,0,0,0,0,0,0,-1,-10,-1,-8,-1,-7,0,-6,0,-5,0,-3,0,-1,0,0,1,2,1,4,1,6,1,7,1,8,1,8,1,8,2,8,2,8,2,7,1,6,1,5,0,4,0,2,0,1,0,-1,0,-2,-1,-4,0,0,-2,-7,-2,-8,-2,-8,-2,-8,-2,-9,-2,-8,-2,-8,-2,-7,-2,-6,-2,-5,-1,-3,-1,-1,-1,0,0,1,0,2,0,3,0,5,0,5,0,6,0,6,0,6,0,6,0,6,0,5,0,4,0,3,0,0,0,0,0,0,0,0,0,0]"
CSI_DATA,23744,80:af:ca:27:52:2a,-55,11,1,0,1,1,1,0,0,0,0,-97,0,11,2,319825768,0,83,1,128,0,"[0,0,0,0,0,0,0,0,0,0,0,0,2,0,4,0,6,1,7,2,8,2,8,2,9,2,8,3,8,2,8,2,7,2,6,2,4,2,2,1,1,0,0,0,-2,0,-4,-1,-5,-2,-6,-2,-8,-3,-8,-3,-9,-3,-10,-3,-9,-4,-9,-3,0,0,-7,-2,-5,-2,-4,-1,-2,0,0,0,0,1,2,2,4,2,4,3,6,4,6,4,6,4,6,4,6,4,6,4,6,4,5,3,4,2,2,1,2,0,0,0,0,-1,0,-2,-1,-3,-2,-4,-2,-4,0,0,0,0,0,0,0,0,0,0]"
CSI_DATA,23745,80:af:ca:27:52:2a,-55,11,1,0,1,1,1,0,0,0,0,-97,0,11,2,319833555,0,83,1,128,0,"[0,0,0,0,0,0,0,0,0,0,0,0,4,6,4,5,3,5,2,4,1,3,0,2,0,0,0,0,-1,-1,-2,-2,-3,-3,-4,-4,-5,-4,-5,-5,-5,-5,-6,-5,-6,-5,-5,-4,-5,-4,-4,-3,-3,-2,-2,-2,0,0,0,0,1,0,2,1,0,0,4,2,5,3,6,3,6,3,6,4,6,4,5,3,5,3,4,2,3,1,2,0,1,0,0,0,0,-1,-1,-1,-2,-2,-3,-3,-4,-3,-4,-3,-4,-3,-4,-3,-4,-3,-4,-3,-4,-3,-3,-2,-3,-2,0,0,0,0,0,0,0,0,0,0]"
CSI_DATA,23746,80:af:ca:27:52:2a,-55,11,1,0,1,1,1,0,0,0,0,-97,0,11,2,319841190,0,83,1,128,0,"[0,0,0,0,0,0,0,0,0,0,0,0,2,-2,4,-2,6,-2,8,-2,8,-3,10,-3,10,-3,10,-3,10,-3,9,-2,8,-2,7,-2,5,-1,3,0,1,0,0,0,-2,1,-4,2,-5,2,-7,3,-8,4,-8,4,-8,4,-9,4,-9,4,-8,4,0,0,-6,3,-5,2,-3,2,-2,0,0,0,1,-1,3,-2,4,-3,5,-4,6,-4,6,-4,7,-4,7,-4,7,-5,6,-4,6,-4,4,-4,3,-3,2,-2,0,-2,0,-1,-1,0,-2,0,-3,0,-4,0,-4,1,0,0,0,0,0,0,0,0,0,0]"
CSI_DATA,23747,80:af:ca:27:52:2a,-54,11,1,0,1,1,1,0,0,0,0,-97,0,11,2,319861504,0,83,1,128,0,"[0,0,0,0,0,0,0,0,0,0,0,0,-2,-9,-2,-8,-2,-7,-1,-6,0,-4,0,-2,0,-1,0,0,1,2,1,4,1,5,2,6,2,8,2,8,2,8,2,9,2,8,2,7,1,6,1,5,1,4,0,2,0,0,0,-1,0,-2,-1,-4,0,0,-2,-6,-2,-8,-2,-8,-2,-9,-2,-9,-2,-9,-2,-8,-2,-7,-1,-6,-1,-4,-1,-3,-1,-1,-1,0,-1,1,0,2,0,3,0,5,0,5,0,5,0,6,0,6,0,6,0,5,0,5,0,4,0,3,0,0,0,0,0,0,0,0,0,0]"
CSI_DATA,23748,80:af:ca:27:52:2a,-55,11,1,2,1,1,1,0,0,0,0,-97,0,11,2,319876568,0,83,1,128,0,"[0,0,0,0,0,0,0,0,0,0,0,0,2,0,3,2,4,3,5,4,7,5,7,6,7,6,7,6,7,6,6,6,5,5,4,4,3,3,2,2,0,0,-1,0,-2,-1,-4,-2,-5,-3,-7,-4,-7,-4,-8,-4,-9,-4,-9,-4,-9,-4,-8,-4,0,0,-6,-3,-4,-2,-3,-2,-2,0,0,0,1,0,2,1,4,2,5,2,6,3,7,3,7,4,7,4,7,3,7,3,6,2,5,2,4,1,2,0,2,0,0,0,0,-1,-1,-2,-2,-2,-3,-3,-4,-4,0,0,0,0,0,0,0,0,0,0]"
CSI_DATA,23749,80:af:ca:27:52:2a,-55,11,1,0,1,1,1,0,0,0,0,-97,0,11,2,319894745,0,83,1,128,0,"[0,0,0,0,0,0,0,0,0,0,0,0,-3,1,-5,1,-7,1,-9,0,-10,0,-10,0,-11,0,-10,0,-10,0,-9,0,-8,0,-7,0,-5,0,-3,0,-1,0,0,-1,2,-1,4,-2,6,-2,7,-2,8,-2,9,-3,8,-3,9,-4,9,-3,8,-3,0,0,6,-2,4,-2,2,-2,1,-1,-1,0,-2,0,-4,0,-6,0,-7,1,-8,2,-9,2,-9,2,-9,2,-9,2,-8,2,-8,2,-6,2,-5,2,-4,1,-2,0,0,0,0,0,2,0,3,0,4,0,4,0,0,0,0,0,0,0,0,0,0,0]"
CSI_DATA,23750,80:af:ca:27:52:2a,-55,11,1,2,1,1,1,0,0,0,0,-97,0,11,2,319900693,0,83,1,128,0,"[0,0,0,0,0,0,0,0,0,0,0,0,0,-2,2,-4,4,-5,5,-5,6,-6,7,-7,8,-7,8,-7,8,-7,7,-6,6,-6,5,-5,4,-4,2,-2,1,-1,0,0,-1,1,-2,2,-3,4,-4,5,-5,6,-5,7,-5,8,-5,8,-5,8,-5,8,0,0,-4,5,-2,4,-2,2,-1,1,0,0,0,-2,1,-3,2,-4,2,-5,3,-6,4,-7,4,-8,4,-8,4,-8,3,-7,3,-6,2,-5,2,-5,1,-3,0,-2,0,-1,-1,0,-2,0,-2,1,-3,2,-3,2,0,0,0,0,0,0,0,0,0,0]"
CSI_DATA,23751,80:af:ca:27:52:2a,-55,11,1,2,1,1,1,0,0,0,0,-97,0,11,2,319907586,0,83,1,128,0,"[0,0,0,0,0,0,0,0,0,0,0,0,0,2,0,4,0,6,0,7,0,9,0,9,0,10,0,10,0,9,0,9,0,8,0,7,0,5,0,3,0,1,0,0,0,-2,0,-4,0,-6,-1,-7,-1,-9,-1,-9,-1,-10,-1,-10,-1,-10,-1,-9,0,0,-1,-7,-1,-6,-1,-4,0,-2,0,0,0,1,0,3,0,4,0,6,0,7,0,7,0,8,0,8,0,7,0,7,0,7,0,5,0,4,0,3,0,2,0,0,0,0,0,-2,0,-3,0,-4,1,-4,0,0,0,0,0,0,0,0,0,0]"
CSI_DATA,23752,80:af:ca:27:52:2a,-55,11,1,0,1,1,1,0,0,0,0,-97,0,11,2,319915938,0,83,1,128,0,"[0,0,0,0,0,0,0,0,0,0,0,0,-7,-2,-7,-2,-6,-2,-5,-2,-3,-1,-2,-1,-1,0,0,0,1,0,2,0,4,0,5,0,6,1,6,1,6,1,7,1,6,1,6,1,5,0,4,0,3,0,2,0,0,0,0,0,-1,0,-2,0,0,0,-5,0,-6,-1,-6,-1,-7,-1,-7,-1,-6,-1,-6,-1,-5,-1,-5,0,-4,0,-2,0,-1,0,0,0,0,0,1,0,2,0,3,1,3,1,3,1,4,1,4,1,4,1,3,1,3,1,2,1,2,0,0,0,0,0,0,0,0,0,0,0]"
CSI_DATA,23753,80:af:ca:27:52:2a,-55,11,1,0,1,1,1,0,0,0,0,-97,0,11,2,319926694,0,83,1,128,0,"[0,0,0,0,0,0,0,0,0,0,0,0,5,6,5,6,3,5,3,4,1,3,1,2,0,0,-1,-1,-2,-2,-3,-3,-4,-4,-4,-5,-5,-6,-5,-6,-5,-7,-5,-7,-5,-6,-5,-6,-4,-5,-3,-4,-2,-3,-2,-2,-1,-1,0,0,0,1,1,3,0,0,3,5,3,5,4,6,4,6,4,6,4,6,3,6,3,5,3,4,2,3,2,2,1,1,0,0,0,-2,0,-2,-1,-4,-1,-4,-1,-5,-1,-6,-2,-6,-1,-6,-1,-6,-1,-5,-1,-5,-1,-4,-1,-3,0,0,0,0,0,0,0,0,0,0]"
CSI_DATA,23754,80:af:ca:27:52:2a,-55,11,1,0,1,1,1,0,0,0,0,-97,0,11,2,319935232,0,83,1,128,0,"[0,0,0,0,0,0,0,0,0,0,0,0,-2,2,-4,2,-7,3,-8,3,-9,4,-9,4,-10,4,-9,4,-9,4,-9,4,-8,3,-7,2,-5,2,-3,0,-1,0,0,-1,1,-2,3,-2,4,-4,6,-4,7,-5,7,-6,7,-6,7,-7,8,-7,7,-6,0,0,4,-4,4,-4,2,-2,0,-1,0,0,-2,0,-4,2,-4,2,-6,4,-7,4,-7,4,-7,4,-7,4,-7,4,-7,4,-6,4,-4,3,-4,2,-2,2,-1,1,0,0,0,0,2,0,2,-1,4,-2,4,-2,0,0,0,0,0,0,0,0,0,0]"
CSI_DATA,23755,80:af:ca:27:52:2a,-55,11,1,0,1,1,1,0,0,0,0,-97,0,11,2,319953951,0,83,1,128,0,"[0,0,0,0,0,0,0,0,0,0,0,0,-5,-8,-4,-7,-4,-6,-2,-5,-1,-4,-1,-3,0,-1,0,0,1,0,3,1,4,2,5,3,5,4,6,4,6,4,7,4,6,4,6,4,5,3,4,2,3,2,1,1,0,0,0,0,-2,0,-3,-1,0,0,-6,-2,-7,-2,-8,-2,-8,-2,-8,-2,-8,-2,-8,-2,-7,-1,-6,-1,-4,0,-3,0,-1,0,0,0,0,0,2,0,3,0,4,1,5,1,5,1,6,1,6,1,6,1,5,0,5,0,4,0,3,0,0,0,0,0,0,0,0,0,0,0]"
CSI_DATA,23756,80:af:ca:27:52:2a,-55,11,1,0,1,1,1,0,0,0,0,-97,0,11,2,319963096,0,83,1,128,0,"[0,0,0,0,0,0,0,0,0,0,0,0,-1,-7,-1,-6,0,-5,0,-5,0,-4,0,-2,0,-1,0,0,0,1,1,2,1,3,1,4,1,5,2,5,2,6,2,6,2,6,2,5,2,5,1,4,1,3,0,2,0,0,0,0,0,-1,-1,-2,0,0,-2,-4,-3,-5,-3,-5,-4,-5,-3,-6,-3,-5,-3,-5,-3,-5,-3,-4,-2,-3,-2,-2,-1,-1,0,0,0,0,0,1,0,2,1,3,1,4,1,4,2,4,2,4,1,4,1,4,1,4,1,3,1,2,0,0,0,0,0,0,0,0,0,0]"
CSI_DATA,23757,80:af:ca:27:52:2a,-54,11,1,0,1,1,1,0,0,0,0,-97,0,11,2,319986408,0,83,1,128,0,"[0,0,0,0,0,0,0,0,0,0,0,0,-4,-1,-5,-2,-7,-3,-8,-4,-9,-5,-9,-6,-9,-6,-9,-6,-9,-6,-8,-6,-7,-5,-6,-4,-4,-3,-2,-2,0,-1,0,0,2,1,3,2,4,3,6,4,7,4,7,5,7,5,8,5,7,6,7,4,0,0,5,3,4,2,2,1,1,0,0,-1,-1,-2,-2,-3,-3,-4,-4,-6,-5,-6,-6,-7,-5,-7,-5,-7,-6,-7,-5,-6,-4,-5,-4,-4,-4,-3,-3,-2,-2,-1,-1,0,0,0,0,2,0,2,0,4,0,4,0,0,0,0,0,0,0,0,0,0]"
CSI_DATA,23758,80:af:ca:27:52:2a,-55,11,1,0,1,1,1,0,0,0,0,-97,0,11,2,319994681,0,83,1,128,0,"[0,0,0,0,0,0,0,0,0,0,0,0,-1,-9,-1,-8,-1,-7,0,-6,0,-4,0,-3,0,-1,0,0,1,2,1,3,1,5,1,7,2,7,2,8,2,8,2,8,2,8,2,7,2,6,1,5,1,3,0,2,0,0,0,0,-1,-2,-1,-3,0,0,-2,-6,-2,-7,-3,-8,-3,-8,-3,-8,-3,-8,-3,-7,-2,-6,-2,-5,-2,-4,-1,-3,-1,-1,-1,0,0,1,0,2,0,3,0,4,1,5,1,5,1,6,1,6,1,6,1,5,1,4,0,4,0,3,0,0,0,0,0,0,0,0,0,0]"
CSI_DATA,23759,80:af:ca:27:52:2a,-55,11,1,0,1,1,1,0,0,0,0,-97,0,11,2,320003922,0,83,1,128,0,"[0,0,0,0,0,0,0,0,0,0,0,0,2,-1,4,-2,6,-2,8,-1,8,-1,8,-1,9,-1,9,-2,9,-1,8,-1,8,-1,6,-1,4,0,3,0,1,0,0,0,-2,0,-4,0,-5,1,-6,1,-8,2,-8,2,-8,2,-9,2,-9,2,-8,2,0,0,-6,2,-5,1,-3,0,-2,0,0,0,1,0,3,0,4,-1,6,-2,6,-2,7,-2,8,-2,7,-2,7,-2,6,-2,6,-2,5,-2,4,-2,2,-1,1,-1,0,0,-1,0,-2,0,-4,0,-4,0,-5,0,0,0,0,0,0,0,0,0,0,0]"
CSI_DATA,23760,80:af:ca:27:52:2a,-55,11,1,2,1,1,1,0,0,0,0,-97,0,11,2,320009968,0,83,1,128,0,"[0,0,0,0,0,0,0,0,0,0,0,0,1,-2,2,-3,5,-4,6,-5,7,-5,8,-5,8,-6,8,-6,8,-6,8,-5,7,-5,5,-4,4,-2,2,-2,1,0,0,0,-2,1,-3,2,-5,3,-5,5,-6,5,-7,6,-8,6,-8,6,-8,6,-7,5,0,0,-5,5,-4,3,-2,2,-1,1,0,0,1,-1,2,-2,4,-3,5,-5,5,-5,6,-5,6,-5,6,-5,6,-5,5,-5,5,-5,4,-5,2,-3,2,-2,0,-2,0,-1,-1,0,-2,0,-3,0,-4,0,-5,1,0,0,0,0,0,0,0,0,0,0]"
CSI_DATA,23761,80:af:ca:27:52:2a,-55,11,1,0,1,1,1,0,0,0,0,-97,0,11,2,320019474,0,83,1,128,0,"[0,0,0,0,0,0,0,0,0,0,0,0,-6,-4,-6,-4,-5,-3,-4,-3,-3,-2,-2,-2,0,-1,0,0,1,0,2,0,4,0,5,0,5,0,6,0,6,0,7,0,6,0,6,0,5,0,4,0,3,0,2,0,0,0,0,0,-1,0,-3,0,0,0,-5,0,-6,0,-7,0,-7,0,-7,0,-7,0,-6,1,-5,1,-5,0,-4,0,-3,0,-1,0,0,0,0,0,1,0,3,0,4,0,4,-1,5,-1,5,-1,5,-1,5,-1,4,-1,4,-1,3,-1,2,-1,0,0,0,0,0,0,0,0,0,0]"
CSI_DATA,23762,80:af:ca:27:52:2a,-56,11,1,0,1,1,1,0,0,0,0,-97,0,11,2,320029753,0,83,1,128,0,"[0,0,0,0,0,0,0,0,0,0,0,0,0,-2,1,-4,3,-5,4,-6,5,-7,5,-7,6,-7,5,-7,6,-7,5,-6,5,-6,4,-5,3,-3,2,-2,0,-1,0,0,-1,1,-1,3,-3,4,-3,5,-4,6,-5,7,-5,7,-5,7,-5,7,-5,7,0,0,-3,5,-3,3,-1,2,-1,1,0,0,1,-1,1,-3,3,-3,3,-5,3,-5,4,-6,5,-6,5,-6,5,-6,4,-5,3,-5,3,-4,2,-4,1,-3,0,-1,0,-1,-1,0,-2,0,-3,1,-3,1,-4,1,0,0,0,0,0,0,0,0,0,0]"
CSI_DATA,23763,80:af:ca:27:52:2a,-54,11,1,0,1,1,1,0,0,0,0,-97,0,11,2,320038034,0,83,1,128,0,"[0,0,0,0,0,0,0,0,0,0,0,0,-8,1,-8,1,-7,1,-6,0,-4,0,-3,0,-1,0,0,-1,1,-1,3,-2,4,-2,6,-2,6,-2,7,-3,7,-3,8,-3,7,-3,6,-3,6,-2,4,-2,3,-1,2,-1,1,0,0,0,-2,0,-3,1,0,0,-6,2,-6,2,-7,3,-7,3,-7,3,-7,3,-7,2,-6,2,-5,2,-3,1,-2,1,-1,0,0,0,1,0,2,0,3,-1,4,-1,4,-1,5,-1,5,-2,5,-1,5,-1,4,-1,4,-1,3,-1,3,-1,0,0,0,0,0,0,0,0,0,0]"
CSI_DATA,23764,80:af:ca:27:52:2a,-55,11,1,0,1,1,1,0,0,0,0,-97,0,11,2,320046752,0,83,1,128,0,"[0,0,0,0,0,0,0,0,0,0,0,0,-1,2,-2,3,-4,5,-5,6,-6,7,-7,8,-7,8,-7,8,-7,8,-6,7,-6,6,-5,5,-4,4,-2,2,-1,0,0,0,0,-2,1,-3,2,-5,3,-6,4,-7,5,-8,5,-8,5,-9,5,-9,4,-8,0,0,3,-6,2,-5,1,-4,0,-2,0,0,-1,0,-2,2,-3,3,-4,5,-4,5,-5,6,-5,6,-5,6,-5,6,-5,5,-4,5,-3,5,-2,4,-2,2,-1,2,0,0,0,0,1,-1,2,-2,2,-2,3,-2,0,0,0,0,0,0,0,0,0,0]"
CSI_DATA,23765,80:af:ca:27:52:2a,-55,11,1,0,1,1,1,0,0,0,0,-97,0,11,2,320062087,0,83,1,128,0,"[0,0,0,0,0,0,0,0,0,0,0,0,-1,2,-2,4,-4,6,-5,7,-5,7,-7,8,-7,9,-7,8,-7,8,-6,7,-6,6,-4,4,-3,3,-2,2,-1,0,0,-1,0,-2,2,-4,3,-5,4,-7,4,-7,5,-8,5,-8,5,-9,5,-9,4,-8,0,0,3,-6,2,-4,1,-3,0,-2,0,0,-2,0,-3,2,-4,3,-4,4,-5,5,-6,6,-6,6,-6,6,-6,6,-6,5,-5,4,-4,4,-3,3,-2,2,-1,1,0,0,0,0,1,0,2,-1,3,-2,4,-2,0,0,0,0,0,0,0,0,0,0]"
CSI_DATA,23766,80:af:ca:27:52:2a,-54,11,1,0,1,1,1,0,0,0,0,-97,0,11,2,320069427,0,83,1,128,0,"[0,0,0,0,0,0,0,0,0,0,0,0,3,7,3,7,2,6,2,5,1,4,0,2,0,1,-1,0,-1,-1,-2,-3,-3,-4,-4,-5,-4,-6,-4,-6,-4,-7,-5,-7,-5,-6,-4,-6,-4,-5,-3,-5,-2,-3,-2,-2,-1,-1,0,0,1,1,2,2,0,0,4,4,4,4,5,5,5,5,5,5,5,5,5,5,4,4,4,3,3,2,2,1,1,0,0,0,0,-1,-1,-2,-2,-3,-3,-4,-3,-4,-4,-4,-4,-4,-4,-5,-4,-5,-4,-4,-3,-4,-3,-3,-2,-3,0,0,0,0,0,0,0,0,0,0]"
CSI_DATA,23767,80:af:ca:27:52:2a,-54,11,1,0,1,1,1,0,0,0,0,-97,0,11,2,320078317,0,83,1,128,0,"[0,0,0,0,0,0,0,0,0,0,0,0,1,-2,3,-3,5,-5,7,-5,8,-5,8,-6,9,-6,8,-7,9,-6,8,-6,8,-5,6,-5,5,-3,3,-2,1,0,0,0,-1,1,-2,2,-4,4,-5,5,-6,6,-7,7,-8,7,-8,8,-8,8,-7,8,0,0,-5,5,-4,4,-2,2,-2,1,0,0,0,-2,2,-3,3,-5,5,-5,5,-7,5,-8,5,-8,5,-8,5,-8,5,-7,5,-6,4,-5,2,-5,2,-3,0,-2,0,-1,-1,0,-2,0,-3,2,-4,2,-5,2,0,0,0,0,0,0,0,0,0,0]"
CSI_DATA,23768,80:af:ca:27:52:2a,-55,11,1,0,1,1,1,0,0,0,0,-97,0,11,2,320086307,0,83,1,128,0,"[0,0,0,0,0,0,0,0,0,0,0,0,-2,0,-4,-2,-6,-2,-7,-4,-8,-4,-9,-5,-9,-6,-9,-5,-9,-6,-8,-5,-7,-5,-7,-4,-4,-4,-3,-2,-2,-2,0,0,1,0,2,1,4,2,5,3,7,4,7,4,8,4,9,4,8,4,8,4,0,0,6,3,4,2,3,1,2,0,0,0,-1,-1,-2,-2,-4,-4,-5,-4,-6,-5,-7,-6,-7,-6,-7,-6,-7,-6,-6,-6,-6,-5,-5,-4,-4,-3,-3,-2,-2,-1,-2,0,0,0,0,1,0,2,0,3,1,4,0,0,0,0,0,0,0,0,0,0]"
CSI_DATA,23769,80:af:ca:27:52:2a,-56,11,1,0,1,1,1,0,0,0,0,-97,0,11,2,320094193,0,83,1,128,0,"[0,0,0,0,0,0,0,0,0,0,0,0,-2,1,-4,1,-6,1,-8,1,-8,1,-9,1,-10,1,-10,1,-10,1,-8,1,-8,0,-7,0,-5,0,-3,0,-1,0,0,-1,1,-1,3,-1,5,-2,6,-2,6,-3,8,-3,8,-3,8,-3,8,-3,7,-3,0,0,6,-3,4,-2,3,-1,1,-1,0,0,-1,0,-3,0,-5,1,-6,1,-7,1,-8,2,-8,1,-8,1,-8,2,-8,1,-7,1,-6,1,-5,1,-3,1,-2,1,-1,0,0,0,1,0,2,0,3,0,4,0,0,0,0,0,0,0,0,0,0,0]"
CSI_DATA,23770,80:af:ca:27:52:2a,-55,11,1,0,1,1,1,0,0,0,0,-97,0,11,2,320111345,0,83,1,128,0,"[0,0,0,0,0,0,0,0,0,0,0,0,1,-2,3,-3,5,-4,7,-4,8,-5,9,-5,10,-5,9,-5,9,-5,8,-5,8,-4,7,-3,5,-2,3,-2,1,-1,0,0,-2,0,-3,2,-5,2,-7,3,-8,4,-8,4,-8,5,-9,5,-9,5,-8,5,0,0,-7,3,-5,2,-4,2,-2,1,0,0,1,0,2,-1,4,-2,5,-2,6,-3,7,-3,8,-3,8,-3,8,-3,7,-3,6,-3,5,-2,4,-2,2,-2,1,-1,0,-1,0,0,-2,0,-3,0,-4,0,-5,0,0,0,0,0,0,0,0,0,0,0]"
CSI_DATA,23771,80:af:ca:27:52:2a,-55,11,1,0,1,1,1,0,0,0,0,-97,0,11,2,320118381,0,83,1,128,0,"[0,0,0,0,0,0,0,0,0,0,0,0,0,4,0,6,0,8,-2,10,-2,11,-2,12,-2,12,-2,11,-3,11,-2,10,-2,9,-2,7,-2,5,-1,2,0,0,0,-2,0,-4,1,-6,2,-7,2,-9,3,-10,3,-11,3,-11,3,-11,4,-11,3,-10,0,0,2,-8,1,-6,0,-4,0,-2,-2,0,-2,1,-4,3,-4,4,-5,6,-6,6,-6,7,-7,7,-7,7,-6,7,-6,6,-5,6,-4,5,-3,4,-2,3,-1,2,0,1,1,0,2,0,3,-1,4,-1,5,-2,0,0,0,0,0,0,0,0,0,0]"
CSI_DATA,23772,80:af:ca:27:52:2a,-55,11,1,0,1,1,1,0,0,0,0,-97,0,11,2,320126856,0,83,1,128,0,"[0,0,0,0,0,0,0,0,0,0,0,0,1,-2,3,-4,4,-4,6,-5,7,-5,8,-5,8,-6,8,-6,8,-5,7,-5,7,-4,6,-4,4,-2,2,-2,0,0,0,0,-2,1,-3,2,-5,3,-6,4,-7,4,-8,4,-8,5,-8,5,-8,5,-7,4,0,0,-6,3,-4,2,-3,2,-1,0,0,0,1,-1,3,-2,4,-2,5,-3,6,-4,7,-4,7,-4,7,-4,7,-4,6,-4,6,-3,4,-3,3,-2,2,-2,1,-2,0,-1,-1,0,-2,0,-3,0,-4,0,-4,0,0,0,0,0,0,0,0,0,0,0]"
CSI_DATA,23773,80:af:ca:27:52:2a,-55,11,1,0,1,1,1,0,0,0,0,-97,0,11,2,320135074,0,83,1,128,0,"[0,0,0,0,0,0,0,0,0,0,0,0,0,-3,0,-5,1,-7,2,-9,2,-9,2,-10,2,-10,2,-10,3,-10,2,-9,2,-9,2,-7,1,-5,1,-3,0,-2,0,0,0,2,0,4,0,5,-1,7,-1,8,-1,9,-1,9,-1,9,-1,9,0,9,0,0,0,7,0,4,0,3,0,1,0,0,0,-2,0,-4,0,-5,0,-7,0,-8,0,-9,0,-9,0,-9,0,-9,0,-8,0,-7,0,-7,0,-5,0,-4,0,-2,0,0,-1,0,-1,1,-2,2,-2,4,-2,4,0,0,0,0,0,0,0,0,0,0]"
CSI_DATA,23774,80:af:ca:27:52:2a,-54,11,1,0,1,1,1,0,0,0,0,-97,0,11,2,320143609,0,83,1,128,0,"[0,0,0,0,0,0,0,0,0,0,0,0,-8,3,-7,3,-6,3,-6,2,-4,1,-3,1,-2,0,0,-1,1,-2,2,-2,3,-3,4,-4,5,-5,5,-5,6,-5,6,-6,5,-6,5,-5,4,-5,4,-4,3,-3,2,-2,1,-1,0,0,-1,1,-2,2,0,0,-3,4,-4,5,-4,6,-5,6,-5,6,-5,6,-4,6,-4,5,-3,4,-2,3,-2,2,-1,1,0,0,0,-1,1,-2,2,-3,2,-4,3,-4,3,-5,3,-5,3,-5,3,-5,3,-4,3,-4,2,-4,2,-3,0,0,0,0,0,0,0,0,0,0]"
CSI_DATA,23775,80:af:ca:27:52:2a,-55,11,1,0,1,1,1,0,0,0,0,-97,0,11,2,320152416,0,83,1,128,0,"[0,0,0,0,0,0,0,0,0,0,0,0,1,-2,3,-2,5,-2,7,-2,8,-2,9,-2,10,-2,9,-2,9,-2,9,-2,8,-2,7,-1,5,-1,3,0,1,0,0,0,-2,0,-4,0,-6,0,-7,1,-9,1,-9,1,-9,1,-10,1,-10,1,-9,1,0,0,-7,0,-6,0,-4,0,-2,0,0,0,1,0,3,0,4,0,6,0,7,0,8,0,8,0,9,1,9,0,8,0,7,0,6,0,4,0,3,0,2,0,0,-1,0,-1,-1,-2,-2,-2,-3,-3,-4,-3,0,0,0,0,0,0,0,0,0,0]"
CSI_DATA,23776,80:af:ca:27:52:2a,-54,11,1,0,1,1,1,0,0,0,0,-97,0,11,2,320175770,0,83,1,128,0,"[0,0,0,0,0,0,0,0,0,0,0,0,-9,0,-8,0,-8,0,-7,0,-5,0,-3,0,-1,0,0,0,2,0,3,0,5,0,6,0,7,0,8,0,8,0,8,0,8,0,7,0,7,0,5,0,4,0,2,0,1,0,0,0,-2,0,-3,0,0,0,-6,0,-7,0,-8,0,-8,0,-8,-1,-8,-1,-8,-1,-7,0,-6,0,-4,0,-3,0,-2,0,-1,0,0,0,1,1,2,1,3,1,4,1,4,1,5,2,5,2,4,2,4,2,4,1,3,1,3,1,0,0,0,0,0,0,0,0,0,0]"
CSI_DATA,23777,80:af:ca:27:52:2a,-55,11,1,0,1,1,1,0,0,0,0,-97,0,11,2,320203120,0,83,1,128,0,"[0,0,0,0,0,0,0,0,0,0,0,0,2,-2,4,-2,6,-2,8,-2,8,-2,9,-2,10,-2,10,-2,10,-2,9,-2,8,-1,7,-1,4,0,3,0,1,0,0,0,-2,1,-4,1,-5,2,-7,2,-8,2,-8,3,-9,3,-9,3,-9,3,-8,4,0,0,-6,2,-5,2,-3,1,-2,0,0,0,2,0,3,-1,4,-2,6,-2,6,-3,7,-4,8,-4,8,-4,7,-4,7,-4,6,-3,5,-3,4,-2,2,-2,1,-2,0,-1,-1,0,-2,0,-4,0,-4,0,-5,0,0,0,0,0,0,0,0,0,0,0]"
CSI_DATA,23778,80:af:ca:27:52:2a,-56,11,1,0,1,1,1,0,0,0,0,-97,0,11,2,320215126,0,83,1,128,0,"[0,0,0,0,0,0,0,0,0,0,0,0,0,2,0,4,-2,5,-2,6,-2,8,-3,8,-3,9,-3,8,-3,8,-3,8,-3,7,-2,6,-2,4,-2,2,-1,0,-1,0,-1,-2,-1,-4,-1,-6,-1,-7,-1,-8,-2,-9,-2,-9,-2,-10,-2,-10,-2,-8,0,0,-2,-6,-1,-5,-1,-4,0,-2,0,0,0,1,0,3,1,4,2,5,2,6,3,7,3,7,3,7,3,7,3,6,3,6,2,4,2,3,2,2,1,0,0,0,0,-1,0,-2,-1,-3,-2,-4,-2,-4,0,0,0,0,0,0,0,0,0,0]"
CSI_DATA,23779,80:af:ca:27:52:2a,-55,11,1,0,1,1,1,0,0,0,0,-97,0,11,2,320222305,0,83,1,128,0,"[0,0,0,0,0,0,0,0,0,0,0,0,8,-4,7,-4,6,-3,5,-2,4,-1,2,0,0,0,0,0,-1,1,-2,2,-4,3,-5,4,-6,5,-6,5,-7,5,-7,6,-6,6,-6,5,-5,4,-4,3,-3,2,-2,1,0,0,0,0,1,-1,2,-3,0,0,4,-5,4,-6,5,-7,5,-7,5,-7,5,-7,5,-6,4,-6,3,-5,2,-4,1,-3,0,-1,0,0,-1,0,-2,1,-3,2,-4,3,-4,4,-5,4,-5,4,-5,4,-5,4,-4,4,-4,4,-3,3,-3,2,0,0,0,0,0,0,0,0,0,0]"
CSI_DATA,23780,80:af:ca:27:52:2a,-55,11,1,0,1,1,1,0,0,0,0,-97,0,11,2,320243522,0,83,1,128,0,"[0,0,0,0,0,0,0,0,0,0,0,0,-2,0,-5,0,-7,0,-9,0,-9,0,-10,0,-11,0,-11,0,-11,0,-10,0,-9,0,-8,0,-6,0,-4,0,-2,0,0,0,1,0,3,-1,5,-1,7,-1,7,-1,9,-1,9,-2,9,-2,9,-2,9,-2,0,0,7,-2,5,-1,3,-1,2,0,0,0,-2,0,-3,0,-5,0,-7,0,-7,0,-8,0,-9,0,-9,0,-9,0,-8,0,-7,0,-6,0,-5,0,-4,0,-2,0,-1,0,0,0,1,0,2,0,3,0,4,0,0,0,0,0,0,0,0,0,0,0]"
CSI_DATA,23781,80:af:ca:27:52:2a,-54,11,1,0,1,1,1,0,0,0,0,-97,0,11,2,320261524,0,83,1,128,0,"[0,0,0,0,0,0,0,0,0,0,0,0,-8,-7,-7,-7,-6,-6,-5,-5,-3,-4,-2,-2,0,-1,1,0,2,1,3,2,5,3,6,3,7,5,8,5,8,5,8,5,8,5,7,4,6,3,5,3,3,2,2,1,1,0,0,0,-2,-1,-4,-1,0,0,-7,-3,-8,-3,-8,-4,-9,-4,-9,-4,-8,-4,-8,-3,-7,-3,-6,-2,-5,-2,-3,-1,-2,0,0,0,1,1,2,1,3,2,4,2,5,2,6,3,6,3,6,3,5,3,5,2,5,2,3,2,3,1,0,0,0,0,0,0,0,0,0,0]"
CSI_DATA,23782,80:af:ca:27:52:2a,-54,11,1,0,1,1,1,0,0,0,0,-97,0,11,2,320276609,0,83,1,128,0,"[0,0,0,0,0,0,0,0,0,0,0,0,-4,-7,-4,-7,-3,-6,-2,-6,-2,-4,-1,-3,0,-2,0,0,2,1,3,2,4,3,5,4,5,4,6,4,6,5,6,5,6,4,6,4,5,3,4,3,3,2,2,1,0,0,0,0,-2,0,-3,-1,0,0,-6,-2,-7,-2,-7,-2,-8,-2,-8,-2,-8,-2,-7,-2,-6,-2,-5,-1,-4,-1,-3,0,-2,0,0,0,1,0,2,0,3,0,4,1,5,0,5,0,5,0,6,0,5,0,5,0,4,0,4,0,3,0,0,0,0,0,0,0,0,0,0,0]"
CSI_DATA,23783,80:af:ca:27:52:2a,-55,11,1,0,1,1,1,0,0,0,0,-97,0,11,2,320293352,0,83,1,128,0,"[0,0,0,0,0,0,0,0,0,0,0,0,-1,1,-2,3,-4,5,-5,5,-6,6,-7,7,-8,8,-8,7,-8,7,-7,7,-7,6,-5,5,-4,4,-3,2,-2,0,0,0,0,-2,1,-3,2,-5,3,-6,4,-7,4,-8,5,-8,5,-9,5,-9,4,-8,0,0,3,-7,2,-5,1,-4,0,-2,0,0,-1,0,-2,2,-2,3,-3,5,-4,6,-5,7,-5,7,-5,7,-5,7,-4,7,-4,6,-3,5,-2,4,-2,2,-1,2,0,0,0,0,1,-1,2,-2,2,-3,3,-3,0,0,0,0,0,0,0,0,0,0]"
CSI_DATA,23784,80:af:ca:27:52:2a,-55,11,1,0,1,1,1,0,0,0,0,-97,0,11,2,320302300,0,83,1,128,0,"[0,0,0,0,0,0,0,0,0,0,0,0,2,-2,4,-2,6,-3,8,-4,9,-4,10,-4,11,-5,10,-5,11,-5,9,-4,8,-4,8,-3,5,-2,3,-1,1,0,0,0,-2,1,-3,2,-5,3,-7,4,-8,5,-8,5,-8,5,-9,6,-9,6,-8,5,0,0,-6,5,-5,3,-3,2,-2,1,0,0,1,-1,2,-2,3,-3,5,-5,5,-5,6,-6,6,-6,6,-6,6,-6,5,-5,5,-5,4,-5,2,-4,2,-2,0,-2,0,-1,-1,0,-2,0,-3,1,-4,1,-5,2,0,0,0,0,0,0,0,0,0,0]"
CSI_DATA,23785,80:af:ca:27:52:2a,-54,11,1,0,1,1,1,0,0,0,0,-97,0,11,2,320326239,0,83,1,128,0,"[0,0,0,0,0,0,0,0,0,0,0,0,-8,-6,-7,-5,-6,-5,-5,-4,-3,-3,-2,-2,0,-1,1,0,2,0,4,1,5,2,6,2,7,3,8,4,8,4,8,4,8,3,7,3,6,2,5,2,4,1,2,1,1,0,0,0,-2,-1,-4,-1,0,0,-6,-2,-8,-2,-8,-3,-9,-3,-8,-3,-8,-3,-8,-2,-6,-2,-6,-2,-5,-1,-3,-1,-2,0,0,0,1,0,2,1,3,1,4,2,5,2,5,2,5,2,5,2,5,2,5,2,4,1,4,1,2,1,0,0,0,0,0,0,0,0,0,0]"
CSI_DATA,23786,80:af:ca:27:52:2a,-55,11,1,0,1,1,1,0,0,0,0,-97,0,11,2,320345411,0,83,1,128,0,"[0,0,0,0,0,0,0,0,0,0,0,0,0,2,-2,4,-3,5,-4,6,-5,7,-5,7,-6,8,-5,8,-6,7,-5,7,-5,6,-4,5,-3,4,-2,2,-2,0,-1,-1,0,-3,0,-4,0,-6,0,-7,0,-8,0,-9,0,-9,0,-10,0,-10,0,-9,0,0,0,-7,0,-5,0,-3,0,-2,0,0,0,2,0,3,0,5,0,6,1,7,1,8,1,8,1,8,2,8,2,7,2,6,2,5,1,4,1,2,0,1,0,0,0,-1,0,-2,0,-3,-1,-4,-1,-5,0,0,0,0,0,0,0,0,0,0]"
CSI_DATA,23787,80:af:ca:27:52:2a,-54,11,1,0,1,1,1,0,0,0,0,-97,0,11,2,320359454,0,83,1,128,0,"[0,0,0,0,0,0,0,0,0,0,0,0,-8,2,-7,2,-7,2,-6,1,-4,1,-3,0,-2,0,0,-1,1,-1,2,-2,4,-3,5,-3,5,-4,6,-4,6,-4,6,-5,6,-5,5,-4,5,-4,4,-3,3,-3,2,-2,1,-1,0,0,-1,1,-2,2,0,0,-4,4,-5,4,-5,5,-5,5,-6,5,-5,5,-5,5,-4,4,-4,4,-3,3,-2,2,-1,1,0,0,0,0,1,-1,2,-2,3,-3,3,-3,3,-4,4,-4,4,-4,4,-4,3,-4,3,-3,3,-3,2,-2,0,0,0,0,0,0,0,0,0,0]"
CSI_DATA,23788,80:af:ca:27:52:2a,-55,11,1,0,1,1,1,0,0,0,0,-97,0,11,2,320367950,0,83,1,128,0,"[0,0,0,0,0,0,0,0,0,0,0,0,-1,-2,-1,-5,-1,-7,0,-9,-1,-10,0,-11,-1,-11,-1,-11,-1,-11,-1,-11,0,-10,0,-8,0,-6,0,-5,0,-2,0,0,0,1,1,3,2,5,2,6,2,8,3,8,3,8,4,9,3,9,4,8,0,0,2,6,2,5,1,3,0,1,0,0,-1,-2,-2,-3,-2,-5,-3,-6,-4,-7,-5,-8,-5,-8,-5,-8,-5,-8,-5,-7,-4,-6,-4,-5,-3,-4,-2,-2,-2,-1,-1,0,0,0,0,1,0,2,1,3,1,4,0,0,0,0,0,0,0,0,0,0]"
CSI_DATA,23789,80:af:ca:27:52:2a,-54,11,1,0,1,1,1,0,0,0,0,-97,0,11,2,320383378,0,83,1,128,0,"[0,0,0,0,0,0,0,0,0,0,0,0,4,10,3,8,2,7,1,6,1,4,0,2,0,1,-1,-1,-2,-2,-2,-4,-3,-6,-4,-8,-4,-9,-4,-10,-4,-10,-5,-10,-4,-9,-4,-8,-4,-7,-2,-6,-2,-4,-1,-2,-1,-1,0,0,0,2,1,4,0,0,2,7,3,8,3,8,4,8,3,9,3,8,3,8,2,7,2,5,2,4,1,2,1,1,0,0,0,-2,0,-3,0,-4,-1,-6,-1,-7,-1,-7,-1,-7,-1,-7,-1,-7,-1,-7,-1,-6,-1,-5,-1,-4,0,0,0,0,0,0,0,0,0,0]"
CSI_DATA,23790,80:af:ca:27:52:2a,-55,11,1,0,1,1,1,0,0,0,0,-97,0,11,2,320389685,0,83,1,128,0,"[0,0,0,0,0,0,0,0,0,0,0,0,0,4,0,6,0,8,0,10,0,11,0,12,0,13,0,12,0,11,0,11,0,9,0,8,0,6,0,3,0,1,0,-1,0,-3,0,-5,0,-7,0,-9,0,-11,0,-11,0,-11,0,-12,0,-12,0,-11,0,0,0,-8,0,-6,0,-4,0,-2,-1,0,-1,2,-1,4,-2,6,-2,7,-2,8,-2,9,-2,9,-2,9,-2,9,-2,8,-2,8,-1,6,-1,5,0,3,0,2,0,0,1,0,1,-2,2,-3,2,-4,3,-4,0,0,0,0,0,0,0,0,0,0]"
CSI_DATA,23791,80:af:ca:27:52:2a,-55,11,1,0,1,1,1,0,0,0,0,-97,0,11,2,320397933,0,83,1,128,0,"[0,0,0,0,0,0,0,0,0,0,0,0,1,-8,1,-7,1,-6,1,-6,1,-4,0,-3,0,-1,0,0,0,2,0,3,0,4,0,5,0,6,1,7,0,7,1,7,1,7,1,6,1,6,0,5,0,3,0,2,0,1,0,0,-1,-2,-1,-3,0,0,-2,-5,-3,-6,-3,-7,-3,-7,-3,-7,-3,-7,-3,-6,-3,-5,-2,-5,-2,-3,-2,-2,-1,-1,0,0,0,1,0,2,1,3,1,4,1,4,2,4,2,5,2,5,2,5,2,4,2,4,1,3,1,2,0,0,0,0,0,0,0,0,0,0]"
CSI_DATA,23792,80:af:ca:27:52:2a,-55,11,1,0,1,1,1,0,0,0,0,-97,0,11,2,320405613,0,83,1,128,0,"[0,0,0,0,0,0,0,0,0,0,0,0,3,0,5,1,7,2,9,4,9,4,11,4,11,4,11,4,11,4,10,4,9,4,7,3,5,2,3,2,1,0,-1,0,-3,0,-5,0,-7,-1,-9,-1,-10,-1,-12,-2,-12,-1,-12,-1,-12,-1,-12,-1,0,0,-9,0,-7,0,-4,0,-2,0,0,0,2,0,4,0,6,0,8,0,9,0,10,0,10,0,11,0,10,0,9,0,9,0,7,0,5,0,4,0,2,0,0,0,-1,-1,-2,-1,-4,-1,-5,-1,-6,-1,0,0,0,0,0,0,0,0,0,0]"
CSI_DATA,23793,80:af:ca:27:52:2a,-55,11,1,0,1,1,1,0,0,0,0,-97,0,11,2,320414569,0,83,1,128,0,"[0,0,0,0,0,0,0,0,0,0,0,0,2,0,4,2,5,3,6,4,6,5,6,5,7,6,7,6,6,6,6,5,5,4,4,4,3,3,2,2,0,0,-1,0,-2,-1,-4,-2,-4,-4,-6,-4,-6,-5,-7,-6,-8,-6,-8,-6,-8,-6,-7,-5,0,0,-6,-4,-4,-3,-3,-2,-2,0,0,0,0,1,2,2,2,4,4,4,4,5,5,6,5,6,5,6,5,6,4,6,4,5,4,4,3,3,2,2,1,0,0,0,0,-1,0,-2,0,-4,0,-4,-1,-5,0,0,0,0,0,0,0,0,0,0]"
CSI_DATA,23794,80:af:ca:27:52:2a,-55,11,1,0,1,1,1,0,0,0,0,-97,0,11,2,320421873,0,83,1,128,0,"[0,0,0,0,0,0,0,0,0,0,0,0,3,-1,5,0,8,0,9,1,10,1,11,2,12,1,12,1,11,2,10,1,9,1,8,1,6,1,4,0,1,0,0,0,-3,0,-5,0,-7,0,-8,0,-10,0,-11,0,-11,0,-12,0,-12,0,-11,1,0,0,-8,0,-6,0,-4,0,-2,0,0,0,2,0,4,0,6,0,7,0,8,-1,10,-1,10,-1,10,-1,9,-2,8,-1,8,-1,6,-1,5,-1,3,-1,2,-1,0,-1,-1,0,-2,0,-4,-1,-5,-1,-6,-1,0,0,0,0,0,0,0,0,0,0]"
CSI_DATA,23795,80:af:ca:27:52:2a,-54,11,1,0,1,1,1,0,0,0,0,-97,0,11,2,320429296,0,83,1,128,0,"[0,0,0,0,0,0,0,0,0,0,0,0,-3,-8,-3,-8,-3,-7,-2,-6,-1,-5,-1,-3,0,-2,0,0,1,1,2,2,2,4,3,5,3,6,3,6,3,7,4,7,4,6,3,6,3,5,2,4,2,3,1,2,0,1,0,0,-1,-1,-2,-3,0,0,-4,-5,-4,-6,-5,-6,-5,-6,-5,-6,-5,-6,-4,-6,-4,-5,-4,-4,-3,-3,-2,-2,-1,-1,0,0,0,1,0,2,1,3,2,3,2,4,2,4,3,4,3,4,2,4,2,4,2,3,2,3,1,2,0,0,0,0,0,0,0,0,0,0]"
CSI_DATA,23796,80:af:ca:27:52:2a,-55,11,1,0,1,1,1,0,0,0,0,-97,0,11,2,320440201,0,83,1,128,0,"[0,0,0,0,0,0,0,0,0,0,0,0,-1,2,-2,4,-4,6,-5,6,-6,7,-6,8,-7,8,-6,8,-7,8,-6,7,-6,6,-5,5,-4,4,-2,2,-1,0,0,0,0,-2,2,-4,2,-5,4,-6,4,-7,5,-8,5,-8,5,-8,5,-8,4,-8,0,0,3,-6,2,-5,1,-4,0,-2,0,0,-2,0,-3,2,-4,3,-4,4,-5,5,-6,6,-6,6,-6,6,-6,6,-6,5,-5,5,-4,4,-3,4,-2,2,-1,2,0,0,0,0,1,0,2,-1,3,-2,4,-2,0,0,0,0,0,0,0,0,0,0]"
CSI_DATA,23797,80:af:ca:27:52:2a,-55,11,1,0,1,1,1,0,0,0,0,-97,0,11,2,320458457,0,83,1,128,0,"[0,0,0,0,0,0,0,0,0,0,0,0,0,-3,1,-5,2,-7,3,-8,4,-9,4,-10,5,-10,4,-10,5,-10,4,-9,4,-8,3,-7,2,-5,1,-3,0,-1,0,0,0,2,-1,3,-2,5,-2,7,-3,8,-3,8,-3,9,-3,9,-3,9,-3,8,0,0,-2,6,-2,5,-1,3,0,1,0,0,0,-2,1,-4,2,-5,2,-6,2,-8,2,-8,2,-8,2,-8,2,-8,2,-8,2,-7,2,-6,1,-5,0,-3,0,-2,0,0,-1,0,-2,1,-2,2,-3,2,-3,3,0,0,0,0,0,0,0,0,0,0]"
CSI_DATA,23798,80:af:ca:27:52:2a,-55,11,1,0,1,1,1,0,0,0,0,-97,0,11,2,320467164,0,83,1,128,0,"[0,0,0,0,0,0,0,0,0,0,0,0,2,-2,5,-2,7,-2,9,-2,11,-2,12,-2,12,-2,12,-2,12,-1,11,-2,10,-1,9,-1,6,0,4,0,1,0,0,0,-2,1,-4,2,-7,2,-9,2,-10,3,-11,3,-11,4,-12,4,-12,4,-10,4,0,0,-8,3,-6,2,-4,1,-2,0,0,0,2,-1,4,-2,5,-2,7,-3,8,-4,9,-4,9,-4,9,-4,9,-4,8,-4,7,-4,6,-4,4,-3,3,-2,1,-2,0,-1,-1,0,-2,0,-4,0,-5,0,-6,0,0,0,0,0,0,0,0,0,0,0]"
CSI_DATA,23799,80:af:ca:27:52:2a,-55,11,1,0,1,1,1,0,0,0,0,-97,0,11,2,320474079,0,83,1,128,0,"[0,0,0,0,0,0,0,0,0,0,0,0,0,2,0,4,0,6,-1,8,-1,8,-2,9,-2,9,-1,9,-2,9,-1,8,-2,7,-1,6,-1,4,-1,2,0,0,-1,-1,-1,-2,-1,-4,-1,-6,-1,-7,-1,-8,-1,-9,-1,-9,-2,-10,-2,-10,-2,-9,0,0,-1,-6,-1,-5,-1,-3,0,-2,0,0,0,2,0,4,0,5,0,6,1,7,1,8,1,8,1,8,1,8,1,7,1,6,1,5,1,4,0,2,0,1,0,0,0,-1,0,-2,0,-4,0,-4,0,-5,0,0,0,0,0,0,0,0,0,0]"
CSI_DATA,23800,80:af:ca:27:52:2a,-54,11,1,2,1,1,1,0,0,0,0,-97,0,11,2,320479528,0,83,1,128,0,"[0,0,0,0,0,0,0,0,0,0,0,0,-3,0,-5,-2,-6,-3,-8,-4,-8,-5,-8,-5,-9,-6,-9,-6,-8,-6,-8,-5,-7,-5,-5,-4,-4,-3,-2,-2,-1,-1,0,0,2,0,3,2,5,2,6,3,7,4,8,5,8,5,8,5,8,5,7,4,0,0,5,2,4,2,2,1,1,0,0,-1,-1,-2,-2,-3,-4,-4,-5,-5,-6,-6,-6,-6,-6,-7,-6,-7,-6,-6,-6,-6,-5,-5,-5,-5,-4,-3,-3,-2,-2,-1,-1,0,0,0,0,2,0,2,0,4,0,5,0,0,0,0,0,0,0,0,0,0]"
CSI_DATA,23801,80:af:ca:27:52:2a,-55,11,1,0,1,1,1,0,0,0,0,-97,0,11,2,320487064,0,83,1,128,0,"[0,0,0,0,0,0,0,0,0,0,0,0,-3,7,-3,7,-3,6,-3,5,-2,3,-2,2,-1,0,-1,0,0,-2,0,-3,0,-5,1,-6,1,-7,1,-7,1,-8,1,-8,1,-8,1,-7,1,-6,0,-5,0,-4,0,-3,0,-1,0,0,0,1,0,3,0,0,0,5,0,6,0,7,0,7,0,7,0,7,0,7,0,6,0,5,0,4,0,2,0,1,0,0,0,-1,0,-2,0,-3,0,-4,0,-5,1,-5,0,-6,1,-6,1,-5,0,-5,0,-5,0,-4,0,-3,0,0,0,0,0,0,0,0,0,0]"
CSI_DATA,23802,80:af:ca:27:52:2a,-55,11,1,0,1,1,1,0,0,0,0,-97,0,11,2,320494622,0,83,1,128,0,"[0,0,0,0,0,0,0,0,0,0,0,0,2,0,4,0,7,2,7,2,9,3,9,3,10,4,9,3,9,3,9,3,8,3,7,2,4,2,3,1,1,0,0,0,-2,0,-4,-1,-6,-1,-7,-2,-9,-2,-9,-2,-10,-2,-11,-2,-10,-2,-9,-1,0,0,-7,-1,-6,-1,-4,0,-2,0,0,0,1,0,3,0,4,0,6,0,7,0,8,1,8,1,8,1,8,0,7,0,7,0,6,0,4,0,3,0,2,0,0,0,0,-1,-2,-1,-3,-2,-4,-2,-4,-2,0,0,0,0,0,0,0,0,0,0]"
CSI_DATA,23803,80:af:ca:27:52:2a,-55,11,1,0,1,1,1,0,0,0,0,-97,0,11,2,320511546,0,83,1,128,0,"[0,0,0,0,0,0,0,0,0,0,0,0,2,2,2,4,4,5,4,7,4,8,4,8,4,9,4,8,3,8,3,8,2,7,2,6,1,4,0,2,0,0,0,-1,-1,-2,-1,-4,-2,-6,-2,-7,-2,-8,-2,-9,-2,-9,-2,-10,-2,-10,-2,-8,0,0,-2,-6,-1,-5,-1,-4,-1,-2,-1,0,-1,1,-1,3,-1,4,-2,6,-2,7,-2,8,-2,8,-2,8,-2,8,-2,7,-2,6,-2,6,0,4,0,3,0,2,0,0,0,0,1,-1,2,-2,2,-2,3,-3,0,0,0,0,0,0,0,0,0,0]"
CSI_DATA,23804,80:af:ca:27:52:2a,-55,11,1,0,1,1,1,0,0,0,0,-97,0,11,2,320521714,0,83,1,128,0,"[0,0,0,0,0,0,0,0,0,0,0,0,-6,8,-5,8,-4,6,-4,5,-3,3,-2,1,-1,0,0,-1,1,-3,1,-4,2,-6,3,-8,3,-8,3,-9,4,-9,4,-9,4,-9,3,-8,3,-7,2,-6,2,-4,1,-3,0,-1,0,0,-1,2,-2,3,0,0,-3,7,-3,7,-4,8,-3,9,-4,8,-4,8,-3,8,-3,7,-2,6,-1,4,-1,3,0,1,0,0,1,-1,2,-2,2,-3,3,-4,3,-6,3,-6,3,-6,3,-6,3,-6,3,-6,2,-5,2,-4,2,-3,0,0,0,0,0,0,0,0,0,0]"
CSI_DATA,23805,80:af:ca:27:52:2a,-55,11,1,0,1,1,1,0,0,0,0,-97,0,11,2,320530558,0,83,1,128,0,"[0,0,0,0,0,0,0,0,0,0,0,0,0,-2,2,-4,4,-4,5,-6,6,-6,6,-6,7,-7,6,-6,7,-6,6,-6,6,-5,4,-4,3,-3,2,-2,0,0,0,0,-1,1,-2,2,-4,4,-4,4,-5,5,-6,6,-6,6,-6,6,-6,6,-6,6,0,0,-4,4,-3,3,-2,2,-1,1,0,0,1,-1,2,-2,3,-4,4,-4,4,-5,5,-6,6,-6,6,-6,5,-6,5,-5,4,-5,4,-4,2,-4,1,-3,0,-2,0,-1,-1,0,-2,0,-3,0,-4,1,-4,1,0,0,0,0,0,0,0,0,0,0]"
CSI_DATA,23806,80:af:ca:27:52:2a,-55,11,1,0,1,1,1,0,0,0,0,-97,0,11,2,320538171,0,83,1,128,0,"[0,0,0,0,0,0,0,0,0,0,0,0,8,4,7,4,6,3,5,3,3,2,2,2,0,1,-1,0,-3,0,-4,-1,-6,-1,-7,-2,-8,-2,-9,-2,-9,-2,-10,-2,-9,-2,-8,-2,-7,-1,-6,-1,-4,-1,-3,-1,-1,0,0,0,2,0,3,0,0,0,6,0,8,0,8,0,9,0,9,0,9,0,8,0,7,0,6,0,4,0,3,0,1,0,0,0,-2,-1,-3,0,-4,0,-5,0,-6,0,-7,0,-7,0,-7,0,-7,0,-6,0,-6,0,-5,0,-4,0,0,0,0,0,0,0,0,0,0,0]"
CSI_DATA,23807,80:af:ca:27:52:2a,-55,11,1,0,1,1,1,0,0,0,0,-97,0,11,2,320557814,0,83,1,128,0,"[0,0,0,0,0,0,0,0,0,0,0,0,-6,5,-6,4,-5,4,-5,3,-3,2,-2,1,-1,0,0,-1,1,-2,2,-3,3,-4,4,-4,5,-5,5,-5,5,-5,5,-6,5,-5,4,-5,4,-4,3,-4,2,-3,1,-2,0,-1,0,0,-1,1,-2,2,0,0,-4,4,-5,4,-5,5,-5,5,-5,5,-5,5,-5,4,-4,4,-4,3,-3,3,-2,2,-1,1,0,0,1,0,2,-1,2,-2,3,-2,4,-3,4,-3,4,-3,4,-3,4,-3,4,-3,4,-2,3,-2,2,-2,0,0,0,0,0,0,0,0,0,0]"
CSI_DATA,23808,80:af:ca:27:52:2a,-55,11,1,0,1,1,1,0,0,0,0,-97,0,11,2,320566678,0,83,1,128,0,"[0,0,0,0,0,0,0,0,0,0,0,0,2,-2,4,-2,6,-3,8,-3,8,-3,10,-3,10,-3,10,-3,10,-3,9,-2,8,-2,7,-2,5,-1,3,-1,1,0,0,0,-2,0,-4,0,-5,1,-8,1,-8,2,-9,2,-10,2,-10,2,-10,2,-9,2,0,0,-7,2,-5,1,-4,0,-2,0,0,0,1,0,3,0,5,0,6,0,7,0,8,0,8,0,8,0,8,0,7,0,7,0,5,0,4,-1,3,0,1,-1,0,-1,0,-1,-2,-1,-3,-2,-4,-2,-4,-2,0,0,0,0,0,0,0,0,0,0]"
CSI_DATA,23809,80:af:ca:27:52:2a,-54,11,1,0,1,1,1,0,0,0,0,-97,0,11,2,320575460,0,83,1,128,0,"[0,0,0,0,0,0,0,0,0,0,0,0,0,10,0,8,0,7,0,6,0,4,0,2,0,0,0,-1,0,-3,0,-5,0,-7,0,-8,0,-9,1,-10,1,-10,1,-10,1,-10,1,-8,1,-8,0,-6,0,-4,0,-3,0,-1,-1,0,-1,2,-1,3,0,0,-2,6,-3,7,-4,8,-4,8,-4,8,-4,8,-4,7,-3,6,-2,5,-1,4,-1,3,0,1,0,0,1,0,2,-1,3,-2,4,-3,4,-4,5,-4,5,-4,5,-4,5,-4,5,-4,4,-3,4,-2,2,-2,0,0,0,0,0,0,0,0,0,0]"
CSI_DATA,23810,80:af:ca:27:52:2a,-55,11,1,0,1,1,1,0,0,0,0,-97,0,11,2,320595915,0,83,1,128,0,"[0,0,0,0,0,0,0,0,0,0,0,0,0,3,0,6,0,8,-2,10,-2,11,-2,12,-2,12,-2,12,-3,12,-2,11,-3,9,-2,8,-2,6,-2,4,-1,1,-1,-1,0,-3,0,-5,0,-7,0,-9,0,-11,0,-12,0,-12,0,-12,0,-13,0,-12,0,0,0,-9,0,-7,0,-4,0,-2,0,0,-1,2,-1,4,-1,6,-2,8,-2,9,-2,10,-2,10,-2,10,-2,10,-2,9,-2,9,-1,7,0,5,0,4,0,2,0,0,1,-1,1,-2,2,-4,2,-4,2,-5,0,0,0,0,0,0,0,0,0,0]"
CSI_DATA,23811,80:af:ca:27:52:2a,-55,11,1,0,1,1,1,0,0,0,0,-97,0,11,2,320621563,0,83,1,128,0,"[0,0,0,0,0,0,0,0,0,0,0,0,-1,-4,0,-6,0,-8,0,-10,0,-11,0,-12,0,-12,0,-12,0,-12,0,-11,1,-10,0,-8,0,-6,0,-4,0,-2,0,0,0,2,0,4,0,6,0,8,0,9,0,10,0,10,0,11,0,11,0,10,0,0,0,8,0,6,0,4,0,2,0,0,0,-2,0,-4,0,-6,1,-8,1,-9,1,-10,2,-10,2,-10,1,-10,1,-9,1,-8,1,-8,0,-6,0,-4,0,-3,0,-1,-1,0,-2,1,-2,2,-3,3,-3,4,0,0,0,0,0,0,0,0,0,0]"
CSI_DATA,23812,80:af:ca:27:52:2a,-55,11,1,0,1,1,1,0,0,0,0,-97,0,11,2,320629422,0,83,1,128,0,"[0,0,0,0,0,0,0,0,0,0,0,0,-2,2,-4,4,-6,5,-8,6,-9,8,-10,8,-10,8,-10,8,-10,8,-9,8,-9,7,-8,6,-5,4,-4,2,-2,0,0,-1,0,-2,2,-4,3,-6,5,-8,5,-9,6,-10,6,-10,6,-11,6,-11,5,-10,0,0,4,-8,3,-6,2,-4,0,-2,0,0,-1,1,-2,3,-3,5,-5,6,-4,8,-5,9,-5,8,-5,8,-5,9,-5,8,-4,8,-3,6,-2,5,-2,3,0,2,0,0,0,0,1,-2,2,-3,2,-4,2,-5,0,0,0,0,0,0,0,0,0,0]"
CSI_DATA,23813,80:af:ca:27:52:2a,-55,11,1,0,1,1,1,0,0,0,0,-97,0,11,2,320637736,0,83,1,128,0,"[0,0,0,0,0,0,0,0,0,0,0,0,-9,1,-8,1,-7,1,-6,0,-5,0,-3,0,-1,-1,0,-1,2,-1,3,-1,5,-2,6,-2,7,-2,7,-2,8,-2,8,-2,7,-2,7,-2,6,-2,5,-2,4,-1,2,-1,1,0,0,0,-2,0,-3,1,0,0,-6,1,-7,2,-7,2,-8,2,-8,2,-7,2,-7,2,-6,2,-5,1,-4,1,-3,1,-1,0,0,0,1,0,2,0,3,0,4,0,5,0,5,0,5,-1,5,-1,5,0,5,0,5,0,4,0,3,0,0,0,0,0,0,0,0,0,0,0]"
CSI_DATA,23814,80:af:ca:27:52:2a,-55,11,1,0,1,1,1,0,0,0,0,-97,0,11,2,320648637,0,83,1,128,0,"[0,0,0,0,0,0,0,0,0,0,0,0,-7,-5,-6,-5,-5,-4,-4,-4,-3,-3,-2,-2,0,-1,0,0,2,1,3,2,4,3,5,3,6,4,6,4,6,5,7,5,6,4,6,4,5,3,4,3,3,2,2,1,1,0,0,0,-2,-1,-3,-2,0,0,-5,-4,-6,-4,-6,-5,-7,-5,-6,-5,-6,-5,-6,-5,-5,-4,-5,-3,-4,-2,-3,-2,-2,-1,-1,0,0,1,1,2,2,3,2,3,3,4,3,4,3,4,3,4,3,4,3,4,3,4,2,3,2,2,0,0,0,0,0,0,0,0,0,0]"
CSI_DATA,23815,80:af:ca:27:52:2a,-55,11,1,0,1,1,1,0,0,0,0,-97,0,11,2,320656991,0,83,1,128,0,"[0,0,0,0,0,0,0,0,0,0,0,0,6,4,6,4,5,4,4,3,3,2,2,2,0,1,-1,0,-2,0,-3,-1,-5,-2,-6,-2,-7,-3,-7,-3,-8,-3,-8,-3,-8,-3,-7,-2,-6,-2,-5,-2,-4,-1,-2,-1,-1,0,0,0,1,0,3,0,0,0,5,1,6,1,7,1,7,1,7,1,7,1,7,1,6,0,5,0,4,0,2,0,1,0,0,0,-1,-1,-2,-1,-3,-1,-4,-1,-5,-1,-5,-1,-6,-1,-6,-1,-6,-1,-5,-1,-5,-1,-4,-1,-3,-1,0,0,0,0,0,0,0,0,0,0]"
CSI_DATA,23816,80:af:ca:27:52:2a,-55,11,1,0,1,1,1,0,0,0,0,-97,0,11,2,320665121,0,83,1,128,0,"[0,0,0,0,0,0,0,0,0,0,0,0,0,2,0,4,0,6,0,7,0,9,0,9,0,10,0,9,0,9,0,9,0,8,0,7,0,5,0,3,0,1,-1,0,-1,-2,-1,-4,-2,-5,-2,-7,-2,-8,-2,-9,-3,-9,-3,-9,-3,-9,-3,-9,0,0,-2,-7,-2,-5,-2,-4,-1,-2,0,0,0,1,0,2,1,4,2,5,2,6,3,7,3,7,2,7,3,7,3,7,2,6,2,5,2,4,1,2,0,1,0,0,0,-1,0,-2,-1,-3,-1,-4,-1,-4,0,0,0,0,0,0,0,0,0,0]"
CSI_DATA,23817,80:af:ca:27:52:2a,-55,11,1,0,1,1,1,0,0,0,0,-97,0,11,2,320673229,0,83,1,128,0,"[0,0,0,0,0,0,0,0,0,0,0,0,6,-1,6,-1,5,-1,5,0,3,0,2,0,1,0,0,0,-1,0,-2,1,-3,1,-4,2,-5,2,-5,2,-6,2,-6,2,-6,2,-5,2,-5,2,-4,2,-3,1,-2,0,-1,0,0,0,0,0,1,-1,0,0,3,-3,4,-3,5,-4,5,-4,5,-4,5,-4,5,-4,4,-3,3,-3,2,-2,1,-2,0,-1,0,0,0,0,-1,0,-2,0,-3,1,-4,1,-4,2,-4,2,-4,2,-4,2,-4,2,-4,2,-3,1,-3,1,0,0,0,0,0,0,0,0,0,0]"
CSI_DATA,23818,80:af:ca:27:52:2a,-55,11,1,0,1,1,1,0,0,0,0,-97,0,11,2,320681760,0,83,1,128,0,"[0,0,0,0,0,0,0,0,0,0,0,0,1,-2,3,-3,4,-4,6,-4,7,-5,8,-5,8,-6,8,-6,8,-5,8,-5,7,-4,6,-4,4,-2,2,-2,1,0,0,0,-2,1,-3,2,-4,3,-6,4,-6,4,-7,5,-8,6,-8,6,-8,6,-7,6,0,0,-5,4,-4,3,-3,2,-1,1,0,0,1,-1,2,-2,4,-3,5,-4,6,-5,6,-5,6,-5,7,-5,6,-5,6,-5,5,-4,4,-4,3,-4,2,-3,1,-2,0,-1,-1,0,-2,0,-3,0,-4,0,-5,1,0,0,0,0,0,0,0,0,0,0]"
CSI_DATA,23819,80:af:ca:27:52:2a,-55,11,1,2,1,1,1,0,0,0,0,-97,0,11,2,320688153,0,83,1,128,0,"[0,0,0,0,0,0,0,0,0,0,0,0,2,0,4,0,6,2,7,2,8,3,9,4,9,4,9,4,9,4,8,3,7,3,6,2,4,2,2,1,1,0,0,0,-2,0,-4,-1,-5,-2,-7,-2,-8,-3,-9,-3,-9,-3,-9,-3,-9,-3,-9,-3,0,0,-7,-2,-5,-2,-4,-1,-2,0,0,0,0,0,2,1,4,2,5,2,6,3,7,3,7,4,7,3,7,3,7,3,6,2,4,2,4,1,2,0,2,0,0,0,0,-1,-1,-2,-2,-2,-2,-3,-3,-4,0,0,0,0,0,0,0,0,0,0]"
CSI_DATA,23820,80:af:ca:27:52:2a,-54,11,1,0,1,1,1,0,0,0,0,-97,0,11,2,320702685,0,83,1,128,0,"[0,0,0,0,0,0,0,0,0,0,0,0,1,8,1,7,1,6,0,5,0,3,0,2,0,0,0,-1,-1,-2,-1,-3,-1,-6,-1,-7,-1,-7,-1,-8,-1,-8,-1,-9,-1,-8,-1,-7,-1,-6,-1,-5,-1,-4,0,-2,0,-1,0,0,0,1,0,3,0,0,0,5,0,6,0,7,0,7,0,7,0,7,0,7,0,6,0,5,0,4,0,2,0,1,0,0,0,-1,1,-2,1,-3,1,-4,1,-4,1,-5,1,-6,1,-6,1,-5,1,-5,1,-4,1,-4,1,-3,0,0,0,0,0,0,0,0,0,0]"
CSI_DATA,23821,80:af:ca:27:52:2a,-55,11,1,0,1,1,1,0,0,0,0,-97,0,11,2,320709828,0,83,1,128,0,"[0,0,0,0,0,0,0,0,0,0,0,0,-3,-2,-4,-4,-4,-6,-5,-7,-5,-8,-5,-8,-6,-9,-6,-8,-5,-8,-4,-8,-4,-7,-3,-6,-2,-4,-1,-3,0,-1,0,0,1,2,2,3,2,4,3,6,4,6,4,7,4,7,5,8,4,8,4,6,0,0,3,4,2,4,2,2,1,0,0,0,0,-2,-1,-4,-2,-5,-2,-6,-3,-7,-3,-8,-3,-8,-3,-8,-3,-8,-3,-7,-3,-6,-2,-6,-2,-4,-2,-3,-2,-2,-1,0,-1,0,0,2,0,2,0,4,0,4,0,0,0,0,0,0,0,0,0,0]"
CSI_DATA,23822,80:af:ca:27:52:2a,-55,11,1,0,1,1,1,0,0,0,0,-97,0,11,2,320719480,0,83,1,128,0,"[0,0,0,0,0,0,0,0,0,0,0,0,-9,2,-8,2,-7,1,-6,1,-4,0,-3,0,-1,0,0,-1,2,-2,3,-2,4,-3,6,-3,7,-4,7,-4,7,-4,7,-4,7,-4,6,-4,6,-4,4,-3,3,-2,2,-1,1,0,0,0,-1,1,-3,2,0,0,-5,3,-6,4,-6,4,-6,5,-7,5,-6,5,-6,4,-5,4,-4,3,-3,2,-2,2,-1,1,0,0,1,-1,2,-1,2,-2,3,-3,4,-3,4,-4,4,-4,4,-4,4,-3,4,-3,3,-3,3,-3,2,-2,0,0,0,0,0,0,0,0,0,0]"
CSI_DATA,23823,80:af:ca:27:52:2a,-55,11,1,0,1,1,1,0,0,0,0,-97,0,11,2,320726765,0,83,1,128,0,"[0,0,0,0,0,0,0,0,0,0,0,0,8,1,7,1,6,1,5,1,4,1,2,1,0,0,0,0,-2,0,-4,0,-5,0,-6,0,-7,0,-8,0,-8,0,-8,0,-8,0,-7,0,-6,0,-5,0,-4,0,-3,0,-1,0,0,0,2,0,3,0,0,0,5,0,6,0,7,-1,7,-1,7,0,7,-1,7,0,6,-1,5,-1,4,-1,2,-1,1,-1,0,-1,-1,-1,-2,-1,-4,-1,-5,-1,-5,-1,-6,-1,-6,0,-6,-1,-6,-1,-5,-1,-5,0,-4,0,-3,0,0,0,0,0,0,0,0,0,0,0]"
CSI_DATA,23824,80:af:ca:27:52:2a,-55,11,1,0,1,1,1,0,0,0,0,-97,0,11,2,320734993,0,83,1,128,0,"[0,0,0,0,0,0,0,0,0,0,0,0,2,1,4,3,4,4,5,6,6,6,6,7,6,8,6,7,6,7,6,6,4,6,4,5,2,4,1,2,0,1,-1,0,-2,-1,-4,-2,-5,-4,-6,-4,-7,-5,-8,-6,-8,-6,-9,-6,-8,-6,-8,-5,0,0,-6,-4,-5,-3,-3,-2,-2,-1,0,0,1,1,3,2,4,2,6,3,6,4,7,4,7,4,7,4,7,4,6,4,6,3,5,2,4,2,2,1,1,0,0,0,0,-1,-2,-2,-2,-2,-3,-4,-4,-4,0,0,0,0,0,0,0,0,0,0]"
CSI_DATA,23825,80:af:ca:27:52:2a,-56,11,1,0,1,1,1,0,0,0,0,-97,0,11,2,320747803,0,83,1,128,0,"[0,0,0,0,0,0,0,0,0,0,0,0,1,-2,3,-3,4,-4,6,-5,6,-5,7,-5,8,-5,8,-5,7,-5,6,-5,6,-4,5,-3,4,-2,2,-1,1,0,0,0,-1,1,-3,2,-4,3,-5,4,-6,5,-6,5,-6,5,-7,6,-7,5,-6,5,0,0,-5,4,-3,3,-3,2,-1,1,0,0,1,-1,2,-2,3,-3,5,-3,5,-5,6,-5,6,-5,6,-5,6,-5,5,-5,5,-5,4,-4,3,-3,2,-2,0,-1,0,-1,-1,0,-2,0,-3,0,-4,0,-5,1,0,0,0,0,0,0,0,0,0,0]"
CSI_DATA,23826,80:af:ca:27:52:2a,-55,11,1,0,1,1,1,0,0,0,0,-97,0,11,2,320766114,0,83,1,128,0,"[0,0,0,0,0,0,0,0,0,0,0,0,-6,-5,-6,-5,-5,-4,-4,-4,-3,-3,-2,-2,0,-1,0,0,1,0,2,1,3,1,5,2,5,3,6,3,6,3,6,3,6,3,6,3,5,2,4,2,3,1,2,0,0,0,0,0,-1,0,-2,-1,0,0,-5,-2,-6,-2,-6,-2,-7,-2,-7,-2,-6,-2,-6,-2,-5,-2,-5,-1,-4,-1,-3,0,-1,0,0,0,0,0,1,0,2,1,3,1,3,1,4,1,4,2,4,2,4,2,4,1,3,1,3,1,2,1,0,0,0,0,0,0,0,0,0,0]"
CSI_DATA,23827,80:af:ca:27:52:2a,-55,11,1,0,1,1,1,0,0,0,0,-97,0,11,2,320778305,0,83,1,128,0,"[0,0,0,0,0,0,0,0,0,0,0,0,3,0,4,2,6,2,7,4,8,4,8,5,8,5,8,5,8,5,7,4,6,4,5,3,4,2,2,2,0,0,-1,0,-3,-1,-4,-2,-6,-2,-7,-3,-8,-4,-9,-4,-9,-4,-10,-4,-9,-4,-9,-3,0,0,-6,-2,-5,-2,-4,-1,-2,0,0,0,1,0,3,2,4,2,6,2,6,2,7,3,7,3,7,3,7,3,6,2,6,2,5,2,4,1,2,0,1,0,0,0,0,-1,-2,-2,-2,-2,-3,-3,-4,-4,0,0,0,0,0,0,0,0,0,0]"
CSI_DATA,23828,80:af:ca:27:52:2a,-55,11,1,0,1,1,1,0,0,0,0,-97,0,11,2,320785136,0,83,1,128,0,"[0,0,0,0,0,0,0,0,0,0,0,0,-3,-1,-5,-2,-7,-2,-8,-4,-10,-5,-10,-5,-10,-5,-10,-5,-10,-5,-9,-5,-8,-5,-7,-4,-5,-2,-3,-2,-1,-1,0,0,2,0,3,0,5,1,7,2,8,2,9,2,9,2,10,2,10,2,9,2,0,0,7,1,5,0,3,0,1,0,0,0,-2,0,-4,-1,-5,-2,-7,-2,-8,-2,-9,-2,-9,-2,-9,-2,-9,-2,-8,-2,-8,-2,-6,-2,-5,-1,-3,0,-2,0,0,0,0,0,1,0,2,1,3,2,4,2,0,0,0,0,0,0,0,0,0,0]"
CSI_DATA,23829,80:af:ca:27:52:2a,-54,11,1,0,1,1,1,0,0,0,0,-97,0,11,2,320793823,0,83,1,128,0,"[0,0,0,0,0,0,0,0,0,0,0,0,8,1,7,0,6,0,5,1,4,1,2,0,1,0,0,1,-2,0,-3,0,-5,0,-6,1,-7,1,-8,1,-8,1,-8,1,-8,1,-7,1,-6,1,-5,1,-4,0,-3,0,-1,0,0,0,1,-1,2,-2,0,0,5,-2,6,-3,6,-3,7,-3,7,-3,7,-3,6,-3,5,-3,4,-3,3,-2,2,-2,1,-1,0,-1,-1,0,-2,0,-3,1,-4,1,-5,2,-5,2,-5,2,-5,2,-5,2,-5,2,-4,2,-4,1,-3,1,0,0,0,0,0,0,0,0,0,0]"
CSI_DATA,23830,80:af:ca:27:52:2a,-55,11,1,0,1,1,1,0,0,0,0,-97,0,11,2,320803008,0,83,1,128,0,"[0,0,0,0,0,0,0,0,0,0,0,0,-3,7,-3,6,-3,5,-3,4,-2,3,-1,1,-1,0,0,0,0,-2,0,-3,0,-5,0,-6,0,-7,0,-7,0,-8,0,-8,0,-7,0,-7,0,-6,0,-5,0,-4,0,-3,0,-1,0,0,0,1,0,2,0,0,1,5,1,6,1,6,1,7,1,7,1,7,1,6,1,5,1,4,1,3,0,2,0,1,0,0,0,-1,0,-2,0,-3,-1,-4,-1,-4,-2,-5,-2,-5,-2,-5,-2,-5,-2,-5,-1,-4,-1,-4,-1,-3,0,0,0,0,0,0,0,0,0,0]"
CSI_DATA,23831,80:af:ca:27:52:2a,-55,11,1,0,1,1,1,0,0,0,0,-97,0,11,2,320811353,0,83,1,128,0,"[0,0,0,0,0,0,0,0,0,0,0,0,0,2,0,4,0,6,0,7,0,8,-1,9,-1,9,-1,9,-1,9,-1,8,-1,7,-1,6,-1,5,-1,3,0,1,0,0,0,-2,0,-3,0,-5,0,-7,0,-8,0,-9,0,-9,-1,-10,0,-10,-1,-9,0,0,0,-7,0,-5,0,-3,0,-2,-1,0,0,1,0,3,0,4,0,6,0,7,0,8,0,8,0,8,0,8,0,7,0,7,0,6,0,5,0,3,0,1,0,0,0,0,0,-1,1,-3,1,-4,1,-5,0,0,0,0,0,0,0,0,0,0]"
CSI_DATA,23832,80:af:ca:27:52:2a,-55,11,1,0,1,1,1,0,0,0,0,-97,0,11,2,320819590,0,83,1,128,0,"[0,0,0,0,0,0,0,0,0,0,0,0,2,0,4,0,7,1,8,2,9,3,9,4,10,4,9,4,9,4,9,3,7,3,7,2,4,2,2,1,0,0,0,0,-2,0,-4,-1,-6,-1,-8,-2,-9,-2,-9,-2,-10,-2,-11,-2,-10,-2,-9,-2,0,0,-7,-1,-5,-1,-4,0,-2,0,0,0,1,0,3,0,4,0,6,1,7,1,8,1,8,1,8,2,8,1,7,1,7,0,6,0,4,0,3,0,2,0,0,0,0,-1,-2,-1,-3,-2,-4,-2,-4,-2,0,0,0,0,0,0,0,0,0,0]"
CSI_DATA,23833,80:af:ca:27:52:2a,-55,11,1,0,1,1,1,0,0,0,0,-97,0,11,2,320829667,0,83,1,128,0,"[0,0,0,0,0,0,0,0,0,0,0,0,-1,1,-3,2,-5,4,-7,4,-7,4,-8,5,-9,5,-9,5,-9,5,-8,4,-7,4,-7,3,-4,2,-3,1,-2,0,0,0,0,-2,2,-2,4,-4,4,-4,6,-5,7,-6,7,-6,7,-7,7,-6,6,-6,0,0,4,-4,4,-4,2,-3,1,-2,0,0,-2,0,-3,1,-4,2,-5,2,-6,3,-7,4,-7,4,-7,4,-7,4,-7,3,-6,3,-5,3,-4,2,-3,2,-2,1,0,0,0,0,1,0,2,0,3,-1,4,-1,0,0,0,0,0,0,0,0,0,0]"
CSI_DATA,23834,80:af:ca:27:52:2a,-54,11,1,0,1,1,1,0,0,0,0,-97,0,11,2,320843839,0,83,1,128,0,"[0,0,0,0,0,0,0,0,0,0,0,0,-3,-9,-2,-8,-2,-7,-1,-6,-1,-4,0,-3,0,-1,0,0,1,2,2,3,2,5,3,6,3,7,3,7,3,7,4,8,3,7,3,7,3,6,2,4,1,3,1,2,0,0,0,-1,-1,-2,-2,-3,0,0,-3,-6,-4,-7,-4,-7,-5,-7,-4,-7,-4,-7,-4,-7,-4,-6,-3,-5,-3,-3,-2,-2,-1,-1,0,0,0,1,0,2,1,3,1,4,2,4,2,5,2,5,2,6,2,5,2,5,2,4,1,3,1,3,0,0,0,0,0,0,0,0,0,0]"
CSI_DATA,23835,80:af:ca:27:52:2a,-55,11,1,0,1,1,1,0,0,0,0,-97,0,11,2,320873821,0,83,1,128,0,"[0,0,0,0,0,0,0,0,0,0,0,0,1,-4,3,-5,4,-6,6,-7,7,-8,8,-8,8,-9,8,-8,8,-8,7,-8,7,-6,6,-6,4,-4,2,-2,0,0,0,0,-2,2,-3,4,-4,5,-5,7,-6,8,-6,8,-6,9,-7,9,-7,9,-6,8,0,0,-4,6,-3,5,-2,3,0,2,0,0,2,-2,3,-4,4,-5,4,-6,5,-8,6,-8,6,-8,6,-8,6,-8,5,-8,4,-7,4,-6,2,-5,1,-4,0,-2,0,-1,-2,0,-2,0,-4,2,-4,2,-5,2,0,0,0,0,0,0,0,0,0,0]"
CSI_DATA,23836,80:af:ca:27:52:2a,-55,11,1,0,1,1,1,0,0,0,0,-97,0,11,2,320882665,0,83,1,128,0,"[0,0,0,0,0,0,0,0,0,0,0,0,-7,3,-7,3,-6,2,-5,1,-4,1,-2,0,-1,0,0,0,1,-1,2,-2,3,-2,4,-3,5,-3,6,-4,6,-4,6,-4,6,-4,5,-4,5,-3,4,-3,3,-2,1,-1,0,0,0,0,-1,0,-2,1,0,0,-4,3,-5,3,-6,3,-6,4,-6,4,-6,4,-6,3,-5,3,-4,2,-3,2,-2,1,-1,0,0,0,0,0,1,0,2,-1,3,-1,4,-2,4,-2,4,-2,4,-2,4,-2,4,-2,4,-2,3,-1,2,-1,0,0,0,0,0,0,0,0,0,0]"
CSI_DATA,23837,80:af:ca:27:52:2a,-55,11,1,0,1,1,1,0,0,0,0,-97,0,11,2,320890208,0,83,1,128,0,"[0,0,0,0,0,0,0,0,0,0,0,0,-2,2,-5,2,-7,3,-9,4,-11,4,-11,4,-12,5,-12,5,-12,4,-11,4,-11,4,-8,4,-6,2,-4,1,-2,0,0,-1,1,-2,3,-3,4,-4,6,-6,7,-6,8,-8,8,-8,8,-8,8,-8,7,-8,0,0,6,-6,4,-4,2,-3,1,-2,0,0,-2,1,-3,2,-4,4,-5,5,-6,6,-6,7,-7,7,-7,7,-6,7,-6,6,-6,6,-4,5,-3,4,-2,2,-1,2,0,0,0,0,1,-1,2,-2,3,-3,4,-4,0,0,0,0,0,0,0,0,0,0]"
CSI_DATA,23838,80:af:ca:27:52:2a,-55,11,1,0,1,1,1,0,0,0,0,-97,0,11,2,320906574,0,83,1,128,0,"[0,0,0,0,0,0,0,0,0,0,0,0,3,0,4,0,6,2,8,2,8,2,8,3,9,3,8,3,8,3,8,3,6,3,5,2,4,2,2,1,0,0,-1,0,-2,0,-4,-1,-6,-2,-7,-2,-8,-2,-9,-3,-9,-3,-10,-3,-9,-3,-8,-2,0,0,-6,-2,-5,-1,-3,-1,-2,0,0,0,1,0,3,1,4,2,5,2,6,2,7,2,7,2,7,3,7,2,6,2,6,2,5,2,4,1,2,0,1,0,0,0,0,-1,-1,-2,-2,-2,-3,-3,-3,-3,0,0,0,0,0,0,0,0,0,0]"
CSI_DATA,23839,80:af:ca:27:52:2a,-55,11,1,0,1,1,1,0,0,0,0,-97,0,11,2,320914791,0,83,1,128,0,"[0,0,0,0,0,0,0,0,0,0,0,0,5,6,4,6,4,5,3,5,2,3,1,2,0,1,-1,0,-2,-1,-3,-2,-4,-4,-5,-5,-5,-5,-6,-6,-6,-6,-6,-6,-6,-5,-6,-5,-5,-4,-4,-4,-3,-3,-2,-2,-1,-1,0,0,1,1,2,1,0,0,4,3,5,4,6,4,6,4,6,4,6,4,6,4,5,3,4,2,3,2,2,1,1,0,0,0,-1,-1,-2,-2,-3,-2,-3,-3,-4,-3,-4,-4,-5,-4,-5,-4,-4,-4,-4,-4,-4,-3,-3,-3,-2,-2,0,0,0,0,0,0,0,0,0,0]"
CSI_DATA,23840,80:af:ca:27:52:2a,-55,11,1,0,1,1,1,0,0,0,0,-97,0,11,2,320933657,0,83,1,128,0,"[0,0,0,0,0,0,0,0,0,0,0,0,1,7,0,6,0,5,0,5,0,4,0,2,0,1,-1,0,-1,-1,-2,-2,-2,-4,-3,-4,-3,-5,-3,-6,-3,-6,-4,-6,-4,-6,-3,-5,-3,-5,-2,-4,-2,-3,-1,-2,0,-1,0,0,0,0,1,1,0,0,3,3,4,4,4,4,5,4,5,4,4,4,4,4,4,3,3,2,3,1,2,1,1,0,0,0,0,-1,-1,-1,-2,-2,-3,-3,-4,-3,-4,-3,-4,-3,-4,-4,-4,-3,-4,-3,-4,-3,-3,-2,-3,-2,0,0,0,0,0,0,0,0,0,0]"
CSI_DATA,23841,80:af:ca:27:52:2a,-55,11,1,0,1,1,1,0,0,0,0,-97,0,11,2,320942906,0,83,1,128,0,"[0,0,0,0,0,0,0,0,0,0,0,0,-7,2,-7,1,-6,1,-5,0,-4,0,-2,0,-1,0,0,0,1,-1,2,-1,3,-2,4,-3,5,-3,6,-3,6,-3,6,-4,6,-4,5,-3,5,-3,4,-2,3,-2,1,-1,0,0,0,0,-1,0,-2,1,0,0,-4,3,-5,3,-6,4,-6,4,-6,4,-6,4,-6,4,-5,3,-4,3,-3,2,-2,1,-1,0,0,0,0,0,1,0,2,-1,3,-2,4,-2,4,-2,4,-3,4,-2,4,-2,4,-2,4,-2,3,-2,2,-1,0,0,0,0,0,0,0,0,0,0]"
CSI_DATA,23842,80:af:ca:27:52:2a,-55,11,1,0,1,1,1,0,0,0,0,-97,0,11,2,320954199,0,83,1,128,0,"[0,0,0,0,0,0,0,0,0,0,0,0,4,-7,4,-7,3,-6,3,-5,2,-4,1,-2,1,-1,0,0,0,1,-1,3,-2,4,-2,5,-3,6,-3,7,-3,7,-3,7,-3,7,-2,6,-2,6,-2,5,-2,4,-1,2,-1,1,0,0,0,-2,0,-3,0,0,1,-5,1,-6,1,-7,1,-7,2,-7,1,-7,1,-7,1,-6,1,-5,0,-4,0,-3,0,-2,0,-1,-1,0,-1,1,-1,2,-2,3,-2,4,-2,4,-2,5,-2,5,-2,5,-2,4,-2,4,-2,3,-1,3,0,0,0,0,0,0,0,0,0,0]"
CSI_DATA,23843,80:af:ca:27:52:2a,-55,11,1,0,1,1,1,0,0,0,0,-97,0,11,2,320963751,0,83,1,128,0,"[0,0,0,0,0,0,0,0,0,0,0,0,-3,0,-5,0,-8,-1,-9,-2,-10,-2,-10,-3,-11,-3,-11,-2,-10,-3,-10,-3,-9,-3,-8,-2,-5,-2,-3,-2,-1,-1,0,0,2,0,4,0,5,0,7,1,8,1,9,1,10,2,10,1,10,2,9,1,0,0,7,0,5,0,3,0,2,0,0,0,-2,-1,-4,-2,-5,-2,-7,-2,-8,-2,-8,-2,-9,-2,-9,-2,-9,-2,-8,-2,-8,-2,-7,-2,-5,-1,-4,0,-2,0,-1,0,0,0,0,1,2,2,2,2,3,2,0,0,0,0,0,0,0,0,0,0]"
CSI_DATA,23844,80:af:ca:27:52:2a,-55,11,1,0,1,1,1,0,0,0,0,-97,0,11,2,320973626,0,83,1,128,0,"[0,0,0,0,0,0,0,0,0,0,0,0,-6,6,-5,5,-5,4,-4,3,-3,2,-2,1,-1,0,0,-1,1,-2,2,-3,3,-4,4,-5,5,-6,5,-6,5,-6,5,-6,5,-6,4,-5,4,-5,3,-4,2,-3,1,-2,0,-1,0,0,-1,1,-3,2,0,0,-4,4,-5,5,-5,5,-5,5,-6,5,-6,5,-5,5,-4,4,-4,3,-3,3,-2,2,-1,1,0,0,1,0,2,-1,3,-2,3,-2,4,-3,4,-3,4,-3,5,-3,4,-3,4,-3,4,-3,3,-2,2,-2,0,0,0,0,0,0,0,0,0,0]"
CSI_DATA,23845,80:af:ca:27:52:2a,-55,11,1,0,1,1,1,0,0,0,0,-97,0,11,2,320984274,0,83,1,128,0,"[0,0,0,0,0,0,0,0,0,0,0,0,8,0,7,0,6,0,5,1,4,0,2,0,1,0,0,0,-2,0,-4,0,-5,0,-6,1,-7,1,-8,1,-8,1,-8,1,-8,1,-7,1,-7,1,-5,1,-4,0,-3,0,-1,0,0,0,1,-1,3,-2,0,0,5,-2,6,-3,7,-3,7,-3,7,-3,7,-3,6,-3,5,-3,4,-3,3,-2,2,-2,1,-1,0,0,-1,0,-2,0,-3,1,-4,1,-5,2,-5,2,-5,2,-5,2,-5,2,-5,2,-5,2,-4,1,-3,1,0,0,0,0,0,0,0,0,0,0]"
CSI_DATA,23846,80:af:ca:27:52:2a,-55,11,1,0,1,1,1,0,0,0,0,-97,0,11,2,320991707,0,83,1,128,0,"[0,0,0,0,0,0,0,0,0,0,0,0,-3,7,-2,7,-2,6,-2,5,-2,4,-1,2,-1,1,0,0,0,-1,0,-3,0,-4,0,-6,1,-7,1,-7,1,-8,1,-8,0,-8,0,-7,0,-7,0,-6,0,-4,0,-3,0,-1,0,0,0,1,0,2,0,0,0,5,0,6,0,7,0,7,0,7,0,7,0,7,0,6,0,5,0,4,0,3,0,1,0,0,0,0,0,-2,0,-3,0,-4,0,-5,0,-5,0,-5,0,-6,0,-5,0,-5,0,-5,0,-4,0,-3,0,0,0,0,0,0,0,0,0,0]"
CSI_DATA,23847,80:af:ca:27:52:2a,-55,11,1,0,1,1,1,0,0,0,0,-97,0,11,2,320999541,0,83,1,128,0,"[0,0,0,0,0,0,0,0,0,0,0,0,-4,5,-4,5,-3,5,-3,4,-2,2,-2,1,-1,0,0,0,0,-1,0,-3,0,-4,0,-5,1,-5,1,-6,1,-6,1,-7,1,-6,1,-6,0,-5,0,-5,0,-4,0,-2,0,-1,0,0,0,1,0,2,0,0,0,4,0,5,0,6,0,6,0,6,0,6,0,6,0,5,0,4,0,3,0,2,0,1,0,0,0,0,0,-2,0,-3,0,-4,0,-4,0,-5,0,-5,0,-5,0,-5,0,-5,0,-4,0,-4,0,-3,0,0,0,0,0,0,0,0,0,0]"
CSI_DATA,23848,80:af:ca:27:52:2a,-56,11,1,0,1,1,1,0,0,0,0,-97,0,11,2,321008460,0,83,1,128,0,"[0,0,0,0,0,0,0,0,0,0,0,0,-6,-4,-5,-4,-4,-3,-4,-3,-3,-2,-2,-2,0,-1,0,0,1,0,2,0,3,1,4,1,4,2,5,2,5,2,6,2,5,2,5,2,4,1,4,1,3,0,2,0,0,0,0,0,-1,0,-2,0,0,0,-4,-1,-5,-1,-6,-1,-6,-1,-6,-2,-6,-2,-6,-1,-5,-1,-4,-1,-4,0,-2,0,-1,0,0,0,0,0,1,0,2,1,3,1,3,1,4,1,4,1,4,1,4,1,4,1,3,1,3,1,2,0,0,0,0,0,0,0,0,0,0,0]"
CSI_DATA,23849,80:af:ca:27:52:2a,-55,11,1,0,1,1,1,0,0,0,0,-97,0,11,2,321017844,0,83,1,128,0,"[0,0,0,0,0,0,0,0,0,0,0,0,7,-5,6,-4,6,-4,5,-3,4,-2,2,-1,1,0,0,0,-1,1,-2,2,-4,3,-5,4,-6,4,-6,5,-6,5,-6,5,-6,5,-5,5,-5,4,-4,3,-3,2,-2,1,-1,0,0,0,1,-1,2,-3,0,0,3,-4,4,-5,5,-6,5,-6,5,-6,5,-6,4,-5,4,-5,3,-4,2,-3,1,-2,0,-2,0,-1,-1,0,-2,1,-3,1,-4,2,-4,3,-4,3,-4,3,-4,3,-4,3,-4,3,-4,3,-3,2,-3,2,0,0,0,0,0,0,0,0,0,0]"
CSI_DATA,23850,80:af:ca:27:52:2a,-55,11,1,0,1,1,1,0,0,0,0,-97,0,11,2,321043406,0,83,1,128,0,"[0,0,0,0,0,0,0,0,0,0,0,0,-3,-2,-4,-4,-5,-6,-5,-7,-6,-8,-6,-8,-6,-9,-6,-8,-5,-8,-5,-8,-4,-7,-4,-6,-2,-4,-2,-2,0,-1,0,0,1,2,2,3,3,4,4,5,4,6,5,7,5,7,6,7,5,7,5,6,0,0,4,4,2,3,2,2,0,0,0,0,-1,-2,-2,-4,-2,-5,-3,-6,-4,-6,-4,-8,-4,-8,-4,-8,-4,-8,-4,-7,-3,-6,-3,-5,-2,-4,-2,-2,-2,-2,-1,0,0,0,0,2,0,3,0,4,0,4,0,0,0,0,0,0,0,0,0,0]"
CSI_DATA,23851,80:af:ca:27:52:2a,-55,11,1,0,1,1,1,0,0,0,0,-97,0,11,2,321054564,0,83,1,128,0,"[0,0,0,0,0,0,0,0,0,0,0,0,-1,-3,0,-5,0,-6,0,-7,0,-9,1,-9,1,-9,1,-9,1,-9,1,-9,1,-8,0,-7,0,-5,0,-3,0,-1,0,0,0,1,0,3,0,5,0,6,0,7,0,8,0,8,0,9,0,9,0,7,0,0,0,5,0,4,0,3,0,1,0,0,0,-1,0,-3,0,-5,0,-6,-1,-7,-1,-8,-1,-8,0,-8,-1,-8,-1,-7,-1,-7,-1,-5,-1,-4,-1,-3,-1,-1,0,0,0,0,0,1,-1,2,-1,3,-1,4,0,0,0,0,0,0,0,0,0,0]"
CSI_DATA,23852,80:af:ca:27:52:2a,-55,11,1,0,1,1,1,0,0,0,0,-97,0,11,2,321063722,0,83,1,128,0,"[0,0,0,0,0,0,0,0,0,0,0,0,0,-3,0,-4,1,-6,2,-7,2,-8,3,-8,3,-9,3,-9,3,-9,3,-8,3,-8,2,-6,2,-5,1,-3,0,-1,0,0,0,2,0,3,0,5,0,6,0,7,0,8,0,8,1,9,1,8,1,8,0,0,1,6,0,4,0,3,0,1,0,0,-1,-2,-1,-4,-2,-5,-2,-6,-3,-7,-4,-8,-4,-8,-4,-8,-4,-8,-4,-7,-4,-6,-3,-5,-2,-4,-2,-3,-1,-2,0,0,0,0,0,2,0,2,1,3,1,4,0,0,0,0,0,0,0,0,0,0]"
CSI_DATA,23853,80:af:ca:27:52:2a,-56,11,1,0,1,1,1,0,0,0,0,-97,0,11,2,321072027,0,83,1,128,0,"[0,0,0,0,0,0,0,0,0,0,0,0,-3,-1,-4,-3,-5,-5,-5,-7,-6,-8,-6,-9,-7,-9,-7,-9,-6,-9,-6,-9,-5,-8,-5,-7,-3,-5,-2,-3,0,-1,0,0,1,1,3,2,4,3,5,5,6,5,7,6,7,7,8,7,8,7,7,6,0,0,6,4,5,3,3,2,1,0,0,0,-1,-1,-3,-3,-4,-4,-5,-5,-7,-6,-7,-7,-7,-7,-8,-7,-8,-7,-7,-6,-7,-5,-6,-5,-5,-3,-3,-3,-2,-1,-1,0,0,0,0,1,1,2,2,3,2,4,0,0,0,0,0,0,0,0,0,0]"
CSI_DATA,23854,80:af:ca:27:52:2a,-54,11,1,0,1,1,1,0,0,0,0,-97,0,11,2,321080726,0,83,1,128,0,"[0,0,0,0,0,0,0,0,0,0,0,0,-7,-5,-7,-5,-6,-4,-5,-4,-4,-3,-2,-2,-1,-1,0,0,2,0,3,1,4,2,5,2,6,3,7,3,7,3,7,3,7,3,6,3,6,2,5,2,3,1,2,1,1,0,0,0,-2,-1,-3,-1,0,0,-6,-2,-7,-3,-7,-3,-8,-3,-8,-3,-7,-3,-7,-3,-6,-2,-6,-2,-4,-1,-3,-1,-2,0,0,0,0,0,1,1,2,1,3,2,4,2,4,2,5,2,5,2,5,2,4,2,4,2,3,2,3,1,0,0,0,0,0,0,0,0,0,0]"
CSI_DATA,23855,80:af:ca:27:52:2a,-54,11,1,0,1,1,1,0,0,0,0,-97,0,11,2,321088518,0,83,1,128,0,"[0,0,0,0,0,0,0,0,0,0,0,0,-3,-9,-3,-8,-2,-7,-1,-6,-1,-4,-1,-3,0,-1,0,0,0,1,1,3,1,4,2,6,2,7,2,7,2,7,2,8,2,7,2,7,2,6,1,5,1,4,0,2,0,1,0,0,0,-2,-1,-3,0,0,-1,-6,-1,-6,-2,-7,-2,-7,-2,-8,-2,-7,-2,-7,-1,-6,-1,-5,-1,-4,-1,-3,-1,-1,-1,0,-1,0,0,2,0,3,0,4,0,4,0,5,0,5,0,5,0,5,0,5,0,4,0,4,0,3,0,0,0,0,0,0,0,0,0,0]"
CSI_DATA,23856,80:af:ca:27:52:2a,-55,11,1,0,1,1,1,0,0,0,0,-97,0,11,2,321111509,0,83,1,128,0,"[0,0,0,0,0,0,0,0,0,0,0,0,-1,8,-1,7,-1,6,-1,5,-1,4,-1,2,0,1,0,-1,0,-2,0,-3,0,-5,0,-6,0,-7,0,-7,0,-8,-1,-8,-1,-7,-1,-7,-1,-6,0,-5,0,-4,0,-3,0,-1,0,0,0,1,0,2,0,0,1,5,1,6,1,6,1,7,1,7,1,7,1,6,1,5,1,5,1,3,0,2,0,1,0,0,0,-1,0,-2,0,-3,0,-4,0,-5,0,-5,-1,-5,0,-5,0,-5,0,-5,-1,-4,0,-4,0,-3,0,0,0,0,0,0,0,0,0,0]"
CSI_DATA,23857,80:af:ca:27:52:2a,-55,11,1,0,1,1,1,0,0,0,0,-97,0,11,2,321122044,0,83,1,128,0,"[0,0,0,0,0,0,0,0,0,0,0,0,-2,2,-4,2,-7,3,-9,3,-10,4,-12,4,-12,4,-12,4,-12,4,-11,4,-10,4,-9,3,-7,2,-4,1,-2,0,0,-1,1,-2,2,-3,4,-4,6,-6,7,-7,8,-7,9,-8,9,-9,9,-8,8,-8,0,0,6,-7,4,-5,3,-3,1,-2,0,0,-2,1,-3,2,-4,4,-6,5,-7,6,-7,7,-7,7,-7,7,-7,7,-7,7,-6,6,-5,5,-4,4,-2,2,-1,2,0,0,0,0,2,-1,2,-2,4,-3,4,-4,0,0,0,0,0,0,0,0,0,0]"
CSI_DATA,23858,80:af:ca:27:52:2a,-56,11,1,0,1,1,1,0,0,0,0,-97,0,11,2,321129942,0,83,1,128,0,"[0,0,0,0,0,0,0,0,0,0,0,0,-1,-2,0,-4,0,-6,2,-8,2,-8,2,-9,2,-10,2,-10,2,-9,2,-9,2,-8,2,-7,1,-5,1,-4,0,-2,0,0,0,2,0,3,0,4,0,6,0,7,0,8,0,8,0,9,0,9,1,8,0,0,0,6,0,5,0,3,0,2,0,0,0,-2,0,-4,-1,-5,-2,-6,-2,-7,-2,-8,-2,-8,-2,-8,-2,-8,-2,-8,-2,-7,-2,-6,-2,-4,-2,-3,-1,-2,-1,0,0,0,0,1,0,2,0,3,0,4,0,0,0,0,0,0,0,0,0,0]"
CSI_DATA,23859,80:af:ca:27:52:2a,-55,11,1,0,1,1,1,0,0,0,0,-97,0,11,2,321137468,0,83,1,128,0,"[0,0,0,0,0,0,0,0,0,0,0,0,7,-1,7,-1,6,0,5,0,3,0,2,0,0,0,0,0,-1,0,-3,1,-4,1,-5,1,-6,1,-7,2,-7,2,-7,2,-7,2,-6,2,-6,2,-5,1,-3,1,-2,0,-1,0,0,0,1,0,2,-1,0,0,4,-2,5,-3,6,-3,6,-3,6,-3,6,-3,6,-3,5,-3,4,-2,3,-2,2,-1,0,-1,0,0,-1,0,-2,0,-3,0,-4,0,-5,1,-5,1,-5,1,-6,1,-5,1,-5,1,-5,1,-4,0,-3,0,0,0,0,0,0,0,0,0,0,0]"
CSI_DATA,23860,80:af:ca:27:52:2a,-55,11,1,0,1,1,1,0,0,0,0,-97,0,11,2,321145284,0,83,1,128,0,"[0,0,0,0,0,0,0,0,0,0,0,0,7,5,7,5,6,5,4,4,3,3,2,2,0,1,-1,0,-2,-1,-4,-2,-5,-3,-6,-4,-7,-5,-7,-5,-7,-5,-8,-5,-8,-5,-7,-5,-6,-4,-5,-4,-4,-3,-3,-2,-1,-1,0,0,1,1,3,2,0,0,5,3,6,4,7,4,7,5,7,5,7,5,6,4,5,4,5,3,4,2,3,1,1,0,0,0,0,-1,-1,-2,-2,-3,-3,-4,-4,-4,-4,-5,-4,-5,-4,-5,-4,-5,-4,-5,-4,-4,-3,-4,-3,-3,0,0,0,0,0,0,0,0,0,0]"
CSI_DATA,23861,80:af:ca:27:52:2a,-55,11,1,0,1,1,1,0,0,0,0,-97,0,11,2,321155355,0,83,1,128,0,"[0,0,0,0,0,0,0,0,0,0,0,0,-8,0,-7,0,-6,0,-5,0,-4,0,-2,0,-1,0,0,0,1,0,2,0,4,0,5,0,6,0,6,0,7,0,7,0,6,0,6,0,5,0,4,0,3,0,2,0,0,0,0,0,-1,0,-2,0,0,0,-5,-1,-6,-1,-6,-1,-7,-1,-6,-1,-6,-1,-6,-1,-5,-1,-5,-1,-4,0,-3,0,-1,0,0,0,0,0,1,0,1,1,2,1,3,1,3,2,3,2,3,2,3,2,3,2,3,2,2,1,2,1,0,0,0,0,0,0,0,0,0,0]"
CSI_DATA,23862,80:af:ca:27:52:2a,-54,11,1,0,1,1,1,0,0,0,0,-97,0,11,2,321163641,0,83,1,128,0,"[0,0,0,0,0,0,0,0,0,0,0,0,8,-2,8,-1,6,-1,5,0,4,0,2,0,0,0,-1,0,-2,0,-4,0,-6,0,-7,0,-8,0,-9,0,-9,0,-9,0,-8,0,-8,0,-7,0,-5,0,-4,0,-2,0,-1,0,0,0,1,0,3,1,0,0,5,1,6,2,7,2,8,2,7,2,7,2,6,2,6,2,5,1,4,1,2,0,1,0,0,-1,0,-1,-1,-2,-2,-3,-3,-4,-4,-4,-4,-5,-4,-5,-4,-5,-4,-5,-3,-5,-3,-4,-2,-4,-2,-3,0,0,0,0,0,0,0,0,0,0]"
CSI_DATA,23863,80:af:ca:27:52:2a,-54,11,1,2,1,1,1,0,0,0,0,-97,0,11,2,321169081,0,83,1,128,0,"[0,0,0,0,0,0,0,0,0,0,0,0,-4,0,-6,0,-8,-1,-9,-2,-11,-2,-11,-2,-11,-2,-11,-2,-11,-2,-10,-2,-8,-2,-7,-2,-5,-2,-3,-1,-1,0,0,0,2,0,4,0,5,0,8,0,8,0,9,0,10,1,10,1,10,1,9,0,0,0,7,0,5,0,3,0,1,0,0,0,-2,-1,-4,-1,-5,-2,-7,-2,-8,-2,-9,-2,-9,-2,-9,-2,-9,-2,-8,-2,-8,-2,-7,-1,-5,-1,-3,0,-2,0,-1,0,0,0,1,1,2,2,3,2,3,2,0,0,0,0,0,0,0,0,0,0]"
CSI_DATA,23864,80:af:ca:27:52:2a,-55,11,1,0,1,1,1,0,0,0,0,-97,0,11,2,321183778,0,83,1,128,0,"[0,0,0,0,0,0,0,0,0,0,0,0,-8,-4,-7,-4,-6,-3,-5,-4,-4,-3,-2,-2,-1,-1,0,-1,2,0,3,0,5,1,6,1,7,2,7,2,7,2,8,2,7,2,6,2,6,1,5,1,3,1,2,0,1,0,0,0,-2,0,-3,0,0,0,-6,-1,-7,-1,-8,-1,-8,-1,-8,-1,-8,-1,-7,-1,-6,-1,-5,-1,-4,0,-3,0,-2,0,0,0,1,0,2,1,3,1,4,1,5,1,5,1,5,1,5,1,5,1,5,1,4,1,4,1,3,0,0,0,0,0,0,0,0,0,0,0]"
CSI_DATA,23865,80:af:ca:27:52:2a,-56,11,1,0,1,1,1,0,0,0,0,-97,0,11,2,321200457,0,83,1,128,0,"[0,0,0,0,0,0,0,0,0,0,0,0,3,0,5,0,6,1,7,1,8,2,8,3,8,3,8,3,8,3,8,3,6,2,5,2,3,1,2,1,0,0,-1,0,-3,0,-4,-1,-6,-1,-7,-1,-8,-1,-9,-2,-9,-2,-9,-2,-9,-2,-8,-1,0,0,-6,-1,-5,-1,-3,0,-1,0,0,0,1,0,3,1,4,1,6,1,6,1,7,2,7,2,7,2,7,2,6,1,6,1,5,1,4,0,3,0,1,0,0,0,0,-1,-1,-1,-2,-2,-3,-3,-3,-3,0,0,0,0,0,0,0,0,0,0]"
CSI_DATA,23866,80:af:ca:27:52:2a,-55,11,1,0,1,1,1,0,0,0,0,-97,0,11,2,321217086,0,83,1,128,0,"[0,0,0,0,0,0,0,0,0,0,0,0,2,-2,4,-2,6,-2,8,-2,9,-2,10,-2,11,-2,10,-2,10,-2,9,-2,8,-2,8,-2,5,-1,3,0,1,0,0,0,-2,1,-3,2,-5,2,-7,3,-8,3,-8,4,-9,4,-9,5,-9,5,-8,5,0,0,-6,3,-5,2,-3,2,-2,0,0,0,1,-1,2,-2,4,-3,5,-4,5,-5,6,-5,6,-5,6,-5,6,-5,5,-5,5,-5,4,-4,2,-3,2,-2,0,-2,0,-1,-1,0,-2,0,-3,0,-4,1,-4,1,0,0,0,0,0,0,0,0,0,0]"
CSI_DATA,23867,80:af:ca:27:52:2a,-55,11,1,0,1,1,1,0,0,0,0,-97,0,11,2,321224659,0,83,1,128,0,"[0,0,0,0,0,0,0,0,0,0,0,0,-3,7,-3,7,-3,6,-3,5,-2,3,-2,2,-1,0,0,-1,0,-2,0,-3,1,-5,1,-6,2,-7,2,-7,2,-8,2,-8,2,-8,2,-7,1,-6,1,-5,1,-4,0,-3,0,-1,0,0,-1,1,-1,3,0,0,-2,5,-2,6,-2,7,-2,7,-2,7,-2,7,-2,6,-1,6,-1,5,-1,4,0,3,0,1,0,0,0,-1,1,-2,1,-3,2,-4,2,-4,2,-5,2,-5,2,-5,2,-5,2,-5,2,-4,1,-4,1,-3,0,0,0,0,0,0,0,0,0,0]"
CSI_DATA,23868,80:af:ca:27:52:2a,-54,11,1,0,1,1,1,0,0,0,0,-97,0,11,2,321241967,0,83,1,128,0,"[0,0,0,0,0,0,0,0,0,0,0,0,8,3,7,2,6,2,4,2,3,1,2,1,0,0,-1,0,-2,0,-3,-1,-5,-1,-6,-1,-7,-1,-8,-1,-8,-2,-8,-1,-8,-1,-7,-1,-7,-1,-6,-1,-4,-1,-3,-1,-1,0,0,0,1,0,3,0,0,0,6,0,7,0,7,0,8,0,8,0,7,0,7,0,6,0,5,0,3,0,2,0,1,0,0,0,-1,0,-2,0,-3,0,-4,0,-5,0,-6,-1,-6,0,-6,-1,-6,-1,-5,-1,-4,0,-4,-1,-3,0,0,0,0,0,0,0,0,0,0,0]"
CSI_DATA,23869,80:af:ca:27:52:2a,-55,11,1,0,1,1,1,0,0,0,0,-97,0,11,2,321250237,0,83,1,128,0,"[0,0,0,0,0,0,0,0,0,0,0,0,2,0,4,0,6,2,7,2,8,3,8,4,8,4,8,4,8,4,8,3,7,3,6,2,4,2,2,1,0,0,-1,0,-2,0,-4,0,-6,-1,-7,-1,-8,-2,-9,-2,-9,-2,-10,-2,-10,-2,-9,-1,0,0,-6,-1,-5,0,-4,0,-2,0,0,0,2,0,3,0,4,0,6,0,7,0,8,0,8,0,8,0,8,0,7,0,6,0,5,0,4,0,2,0,1,0,0,0,-1,-1,-2,-1,-3,-1,-4,-2,-4,-2,0,0,0,0,0,0,0,0,0,0]"
CSI_DATA,23870,80:af:ca:27:52:2a,-55,11,1,0,1,1,1,0,0,0,0,-97,0,11,2,321259992,0,83,1,128,0,"[0,0,0,0,0,0,0,0,0,0,0,0,4,-5,4,-5,3,-5,3,-4,2,-3,1,-1,1,0,0,0,0,1,0,2,0,4,-1,5,-1,5,-1,6,-1,6,-1,6,-1,6,-1,5,-1,5,0,4,0,3,0,2,0,0,0,0,0,-1,0,-3,0,0,0,-5,0,-5,-1,-6,-1,-6,-1,-6,-1,-6,-1,-6,-1,-5,-1,-5,-1,-3,0,-2,0,-1,0,0,0,0,0,1,0,2,0,3,0,4,0,4,1,4,1,4,1,4,1,4,1,4,0,3,0,2,0,0,0,0,0,0,0,0,0,0]"
CSI_DATA,23871,80:af:ca:27:52:2a,-54,11,1,0,1,1,1,0,0,0,0,-97,0,11,2,321279348,0,83,1,128,0,"[0,0,0,0,0,0,0,0,0,0,0,0,5,7,4,6,4,5,3,5,2,4,1,2,0,1,-1,0,-2,-1,-3,-2,-4,-4,-5,-4,-5,-5,-6,-6,-6,-6,-7,-6,-6,-5,-6,-5,-5,-4,-4,-4,-3,-3,-2,-2,-1,-1,0,0,1,0,2,1,0,0,4,3,5,3,6,4,6,4,6,4,6,4,6,3,5,3,4,2,3,2,2,1,1,0,0,0,-1,-1,-2,-2,-3,-2,-4,-3,-4,-3,-4,-3,-5,-3,-5,-4,-5,-3,-4,-3,-4,-3,-3,-3,-3,-2,0,0,0,0,0,0,0,0,0,0]"
CSI_DATA,23872,80:af:ca:27:52:2a,-55,11,1,0,1,1,1,0,0,0,0,-97,0,11,2,321287801,0,83,1,128,0,"[0,0,0,0,0,0,0,0,0,0,0,0,-2,2,-4,2,-5,3,-7,4,-8,4,-9,4,-9,5,-9,5,-9,4,-9,4,-8,4,-7,3,-5,2,-4,1,-2,0,0,0,0,-2,2,-3,3,-4,4,-5,5,-6,6,-7,6,-7,7,-7,7,-7,6,-7,0,0,4,-5,3,-4,2,-3,1,-2,0,0,-1,0,-2,2,-4,3,-4,4,-5,5,-6,5,-6,6,-6,5,-6,6,-5,5,-4,4,-4,4,-3,4,-2,2,-1,1,0,0,0,0,1,-1,2,-2,2,-2,3,-2,0,0,0,0,0,0,0,0,0,0]"
CSI_DATA,23873,80:af:ca:27:52:2a,-55,11,1,0,1,1,1,0,0,0,0,-97,0,11,2,321296516,0,83,1,128,0,"[0,0,0,0,0,0,0,0,0,0,0,0,0,-4,2,-5,3,-7,4,-8,5,-8,5,-8,6,-8,6,-8,6,-8,5,-7,5,-6,4,-5,2,-4,2,-2,0,-1,-1,0,-2,2,-3,3,-4,4,-5,4,-6,5,-6,6,-7,6,-7,6,-7,6,-6,6,0,0,-5,4,-4,3,-2,2,-1,1,0,0,2,0,3,-1,4,-2,6,-3,6,-3,7,-4,7,-4,7,-4,7,-4,6,-3,6,-3,5,-2,4,-2,2,-2,1,-2,0,-1,-1,-1,-2,-1,-3,-1,-4,-1,-5,-1,0,0,0,0,0,0,0,0,0,0]"
CSI_DATA,23874,80:af:ca:27:52:2a,-55,11,1,0,1,1,1,0,0,0,0,-97,0,11,2,321309182,0,83,1,128,0,"[0,0,0,0,0,0,0,0,0,0,0,0,2,8,2,7,2,6,1,5,0,4,0,2,0,1,-1,0,-1,-2,-2,-3,-2,-5,-3,-6,-3,-7,-4,-7,-4,-7,-4,-8,-4,-7,-4,-6,-3,-6,-3,-5,-2,-4,-1,-3,-1,-1,0,0,1,1,2,2,0,0,3,4,4,5,4,6,4,6,4,6,4,6,4,6,3,5,3,4,2,3,2,2,1,1,0,0,0,-1,-1,-2,-2,-3,-2,-4,-3,-5,-3,-5,-3,-5,-3,-5,-3,-5,-3,-5,-2,-4,-2,-4,-2,-3,0,0,0,0,0,0,0,0,0,0]"
CSI_DATA,23875,80:af:ca:27:52:2a,-55,11,1,0,1,1,1,0,0,0,0,-97,0,11,2,321316839,0,83,1,128,0,"[0,0,0,0,0,0,0,0,0,0,0,0,0,-3,2,-4,4,-5,6,-6,7,-7,7,-7,8,-7,7,-7,8,-7,7,-7,7,-6,5,-5,4,-3,2,-2,1,0,0,0,-1,2,-2,3,-4,4,-4,5,-6,6,-7,7,-7,7,-7,8,-7,7,-6,7,0,0,-4,5,-3,4,-2,2,-1,1,0,0,1,-2,2,-3,3,-4,4,-6,4,-7,4,-7,5,-7,5,-7,4,-7,4,-7,4,-7,3,-5,2,-4,1,-3,0,-2,0,-1,-1,0,-2,0,-3,2,-4,2,-4,2,0,0,0,0,0,0,0,0,0,0]"
CSI_DATA,23876,80:af:ca:27:52:2a,-55,11,1,0,1,1,1,0,0,0,0,-97,0,11,2,321326368,0,83,1,128,0,"[0,0,0,0,0,0,0,0,0,0,0,0,-1,-2,-1,-4,0,-6,0,-8,0,-9,0,-10,0,-10,0,-10,0,-10,0,-9,0,-9,0,-7,0,-6,0,-4,0,-2,0,0,0,1,1,3,1,4,1,6,2,7,2,8,2,9,2,9,2,9,2,8,0,0,2,6,1,4,1,3,0,1,0,0,0,-2,-1,-3,-2,-4,-2,-6,-3,-7,-4,-8,-3,-8,-4,-8,-4,-8,-4,-7,-3,-7,-3,-6,-2,-4,-2,-3,-2,-2,-1,0,0,0,0,1,0,2,0,3,0,4,0,0,0,0,0,0,0,0,0,0]"
CSI_DATA,23877,80:af:ca:27:52:2a,-56,11,1,0,1,1,1,0,0,0,0,-97,0,11,2,321334866,0,83,1,128,0,"[0,0,0,0,0,0,0,0,0,0,0,0,6,3,5,3,4,3,4,2,2,2,1,1,0,0,0,0,-2,0,-3,-1,-4,-1,-4,-2,-5,-2,-6,-2,-6,-2,-7,-3,-6,-2,-6,-2,-5,-2,-4,-1,-3,-1,-2,-1,-1,0,0,0,0,0,2,0,0,0,4,1,5,1,5,1,6,1,6,1,6,2,5,1,5,1,4,1,3,0,2,0,1,0,0,0,0,0,-1,-1,-2,-1,-3,-2,-4,-2,-4,-2,-4,-2,-4,-3,-4,-2,-4,-2,-4,-2,-3,-2,-3,-1,0,0,0,0,0,0,0,0,0,0]"
CSI_DATA,23878,80:af:ca:27:52:2a,-54,11,1,0,1,1,1,0,0,0,0,-97,0,11,2,321343605,0,83,1,128,0,"[0,0,0,0,0,0,0,0,0,0,0,0,-8,-4,-8,-4,-7,-3,-6,-3,-4,-3,-2,-2,-1,-1,0,-1,2,0,3,0,5,1,6,1,7,1,8,1,8,1,8,1,8,1,7,1,6,1,5,1,4,0,2,0,1,0,0,0,-2,0,-3,0,0,0,-6,0,-7,0,-8,0,-8,0,-8,0,-8,0,-8,0,-7,0,-6,0,-4,0,-3,0,-2,0,0,0,1,0,2,0,3,0,4,0,5,0,5,0,6,0,6,0,6,0,5,0,4,0,4,0,3,0,0,0,0,0,0,0,0,0,0,0]"
CSI_DATA,23879,80:af:ca:27:52:2a,-55,11,1,0,1,1,1,0,0,0,0,-97,0,11,2,321367577,0,83,1,128,0,"[0,0,0,0,0,0,0,0,0,0,0,0,2,-2,4,-2,6,-3,7,-3,8,-4,8,-3,9,-4,9,-4,9,-3,8,-3,7,-2,6,-2,4,-1,2,0,0,0,0,0,-2,1,-4,2,-5,2,-6,3,-7,4,-8,4,-8,4,-8,4,-8,4,-8,4,0,0,-6,3,-4,2,-3,1,-2,0,0,0,1,-1,3,-2,4,-2,5,-3,6,-4,6,-4,6,-4,6,-4,6,-4,6,-4,5,-4,4,-4,3,-3,2,-2,0,-2,0,-1,-1,0,-2,0,-3,0,-4,0,-4,0,0,0,0,0,0,0,0,0,0,0]"
CSI_DATA,23880,80:af:ca:27:52:2a,-55,11,1,0,1,1,1,0,0,0,0,-97,0,11,2,321375829,0,83,1,128,0,"[0,0,0,0,0,0,0,0,0,0,0,0,6,5,6,5,5,4,4,4,3,3,2,2,0,1,-1,0,-2,-1,-3,-1,-5,-2,-6,-3,-6,-3,-7,-4,-7,-4,-8,-4,-7,-3,-7,-3,-6,-3,-5,-2,-4,-2,-3,-1,-1,-1,0,0,1,0,3,0,0,0,5,1,6,1,7,1,7,1,7,1,7,1,7,1,6,1,5,0,4,0,3,0,1,0,0,0,-1,-1,-2,-1,-3,-1,-4,-1,-5,-1,-6,-1,-6,-1,-6,-1,-6,-1,-5,-1,-5,-1,-4,-1,-3,-1,0,0,0,0,0,0,0,0,0,0]"
CSI_DATA,23881,80:af:ca:27:52:2a,-55,11,1,0,1,1,1,0,0,0,0,-97,0,11,2,321386159,0,83,1,128,0,"[0,0,0,0,0,0,0,0,0,0,0,0,2,0,5,2,6,2,7,4,8,5,8,5,9,5,9,5,8,5,8,5,7,5,6,4,4,2,2,2,0,0,-1,0,-2,0,-5,-1,-6,-2,-8,-2,-9,-2,-10,-3,-10,-3,-10,-3,-10,-3,-10,-2,0,0,-8,-2,-5,-2,-4,-1,-2,0,0,0,1,0,3,0,5,1,7,1,8,1,8,2,9,2,8,2,9,2,8,1,7,1,6,0,5,0,3,0,2,0,0,0,-1,-1,-2,-2,-3,-2,-4,-2,-5,-2,0,0,0,0,0,0,0,0,0,0]"
CSI_DATA,23882,80:af:ca:27:52:2a,-55,11,1,0,1,1,1,0,0,0,0,-97,0,11,2,321392184,0,83,1,128,0,"[0,0,0,0,0,0,0,0,0,0,0,0,-2,0,-4,1,-6,1,-7,1,-8,1,-9,1,-10,1,-10,1,-10,1,-9,1,-8,0,-7,0,-6,0,-4,0,-2,0,0,0,1,-1,2,-1,4,-2,6,-2,7,-2,8,-2,8,-2,8,-3,8,-2,8,-3,0,0,6,-2,4,-2,3,-2,2,-1,0,0,-2,0,-3,0,-4,0,-6,0,-7,0,-8,0,-8,0,-8,0,-8,0,-8,0,-7,1,-6,0,-5,1,-4,0,-2,0,-1,0,0,0,1,0,2,0,3,0,4,0,0,0,0,0,0,0,0,0,0,0]"
CSI_DATA,23883,80:af:ca:27:52:2a,-55,11,1,0,1,1,1,0,0,0,0,-97,0,11,2,321401351,0,83,1,128,0,"[0,0,0,0,0,0,0,0,0,0,0,0,-1,3,-3,4,-5,6,-7,7,-8,8,-8,8,-9,9,-8,8,-9,8,-8,8,-8,7,-6,6,-5,4,-4,2,-2,0,0,-1,0,-3,2,-4,3,-6,4,-8,4,-9,5,-10,5,-10,5,-10,6,-10,4,-10,0,0,4,-8,2,-6,2,-4,0,-2,0,0,-2,2,-2,3,-4,5,-4,6,-4,8,-5,8,-5,8,-6,8,-5,8,-5,8,-4,7,-4,6,-2,5,-2,3,0,2,0,0,0,0,2,-2,2,-3,3,-4,4,-4,0,0,0,0,0,0,0,0,0,0]"
CSI_DATA,23884,80:af:ca:27:52:2a,-54,11,1,0,1,1,1,0,0,0,0,-97,0,11,2,321431310,0,83,1,128,0,"[0,0,0,0,0,0,0,0,0,0,0,0,8,0,7,0,6,0,5,1,3,0,2,0,0,0,-1,0,-2,0,-4,0,-6,0,-7,0,-8,0,-8,0,-8,0,-9,0,-8,0,-7,0,-7,0,-6,0,-4,0,-3,0,-1,0,0,0,1,0,3,0,0,0,6,0,7,0,7,0,8,0,7,0,7,0,7,0,6,0,5,0,4,0,2,0,1,0,0,-1,-1,-1,-2,-1,-3,-1,-5,-1,-5,-1,-6,-1,-6,-1,-6,-1,-6,-1,-5,-1,-5,-1,-4,-1,-3,-1,0,0,0,0,0,0,0,0,0,0]"
CSI_DATA,23885,80:af:ca:27:52:2a,-55,11,1,0,1,1,1,0,0,0,0,-97,0,11,2,321439891,0,83,1,128,0,"[0,0,0,0,0,0,0,0,0,0,0,0,2,2,4,4,5,6,6,8,6,8,6,9,7,10,7,9,6,9,6,8,5,8,4,6,3,4,2,3,0,1,-1,0,-2,-2,-4,-3,-6,-4,-6,-6,-8,-6,-8,-7,-9,-7,-10,-8,-9,-8,-8,-6,0,0,-7,-5,-5,-4,-4,-2,-2,-1,0,0,1,1,3,2,4,3,6,4,7,5,8,6,8,6,8,6,8,6,7,5,6,4,5,4,4,2,3,2,2,0,0,0,0,-1,-2,-2,-2,-3,-3,-4,-4,-5,0,0,0,0,0,0,0,0,0,0]"
CSI_DATA,23886,80:af:ca:27:52:2a,-54,11,1,0,1,1,1,0,0,0,0,-97,0,11,2,321448572,0,83,1,128,0,"[0,0,0,0,0,0,0,0,0,0,0,0,0,8,0,7,0,6,0,6,0,4,0,3,0,1,0,0,-1,-1,-1,-2,-2,-4,-2,-5,-2,-6,-3,-7,-3,-7,-3,-7,-3,-7,-3,-6,-3,-6,-2,-5,-2,-4,-1,-2,0,-1,0,0,0,0,1,1,0,0,3,3,4,4,4,5,4,5,4,5,4,5,4,5,3,4,3,3,2,2,1,1,0,0,0,0,0,0,-1,-2,-2,-2,-2,-3,-3,-3,-3,-4,-3,-4,-4,-4,-3,-4,-3,-4,-3,-3,-2,-3,-2,-2,0,0,0,0,0,0,0,0,0,0]"
CSI_DATA,23887,80:af:ca:27:52:2a,-56,11,1,0,1,1,1,0,0,0,0,-97,0,11,2,321456572,0,83,1,128,0,"[0,0,0,0,0,0,0,0,0,0,0,0,2,0,4,0,5,0,6,1,8,2,8,2,9,2,8,2,8,3,8,2,7,2,6,2,4,2,3,1,1,0,0,0,-2,0,-4,0,-5,0,-7,0,-8,0,-9,0,-9,0,-10,0,-10,0,-9,0,0,0,-7,0,-6,0,-4,0,-2,0,0,0,1,0,3,0,4,0,6,0,7,0,8,0,8,0,8,0,8,0,7,0,6,-1,6,-1,4,-1,3,-1,2,-1,0,-1,0,-1,-2,-1,-3,0,-4,-1,-4,-1,0,0,0,0,0,0,0,0,0,0]"
CSI_DATA,23888,80:af:ca:27:52:2a,-55,11,1,2,1,1,1,0,0,0,0,-97,0,11,2,321470376,0,83,1,128,0,"[0,0,0,0,0,0,0,0,0,0,0,0,-1,2,-2,3,-4,5,-5,6,-6,7,-7,7,-7,8,-7,8,-7,8,-7,7,-6,6,-5,5,-4,4,-2,2,-1,0,0,0,0,-2,1,-4,2,-5,3,-6,4,-8,5,-8,5,-9,5,-9,5,-9,4,-8,0,0,3,-7,2,-5,1,-4,0,-2,0,0,-1,0,-2,2,-3,3,-4,5,-5,5,-5,6,-5,7,-5,7,-5,7,-5,6,-5,5,-4,5,-2,4,-2,2,-1,2,0,0,0,0,1,-1,2,-2,3,-2,3,-2,0,0,0,0,0,0,0,0,0,0]"
CSI_DATA,23889,80:af:ca:27:52:2a,-55,11,1,0,1,1,1,0,0,0,0,-97,0,11,2,321470865,0,83,1,128,0,"[0,0,0,0,0,0,0,0,0,0,0,0,1,-8,1,-8,1,-7,1,-6,1,-4,0,-3,0,-1,0,0,0,2,0,3,-1,5,0,6,-1,7,-1,7,-1,7,-1,8,-1,8,-1,7,-1,6,-1,5,0,4,0,2,0,1,0,0,0,-2,0,-3,0,0,0,-6,0,-7,0,-8,0,-8,0,-8,0,-8,0,-7,0,-6,0,-6,0,-4,0,-3,0,-2,-1,-1,-1,1,-1,1,-1,3,-1,4,-1,4,-2,5,-2,5,-2,5,-2,5,-2,5,-1,4,-1,4,-1,3,0,0,0,0,0,0,0,0,0,0]"
CSI_DATA,23890,80:af:ca:27:52:2a,-54,11,1,0,1,1,1,0,0,0,0,-97,0,11,2,321486012,0,83,1,128,0,"[0,0,0,0,0,0,0,0,0,0,0,0,7,6,6,5,5,5,4,4,3,3,2,2,0,1,-1,0,-2,-1,-4,-2,-5,-3,-6,-4,-7,-5,-7,-5,-7,-5,-8,-5,-8,-5,-7,-4,-6,-4,-5,-3,-4,-3,-3,-2,-1,-1,0,0,1,1,3,1,0,0,5,3,6,4,7,4,7,4,7,4,7,4,7,4,6,3,5,2,4,2,3,1,2,0,0,0,0,-1,-2,-2,-3,-3,-3,-3,-4,-4,-5,-4,-5,-4,-5,-4,-5,-4,-4,-4,-4,-4,-3,-3,-3,-3,0,0,0,0,0,0,0,0,0,0]"
CSI_DATA,23891,80:af:ca:27:52:2a,-55,11,1,0,1,1,1,0,0,0,0,-97,0,11,2,321486854,0,90,1,128,0,"[0,0,0,0,0,0,0,0,0,0,0,0,-7,7,-7,7,-6,6,-6,4,-4,3,-3,1,-1,0,0,-1,1,-3,2,-4,4,-5,4,-6,6,-7,6,-7,6,-7,6,-8,6,-8,5,-7,4,-6,3,-5,3,-4,2,-2,0,-1,0,0,-2,1,-3,2,0,0,-5,5,-6,6,-6,7,-6,7,-7,7,-6,7,-6,6,-5,6,-4,5,-3,4,-2,2,-1,1,0,0,1,0,2,-1,3,-2,4,-3,4,-3,5,-4,5,-4,6,-4,5,-4,5,-3,4,-3,4,-3,3,-2,0,0,0,0,0,0,0,0,0,0]"
CSI_DATA,23892,80:af:ca:27:52:2a,-55,11,1,0,1,1,1,0,0,0,0,-97,0,11,2,321500190,0,83,1,128,0,"[0,0,0,0,0,0,0,0,0,0,0,0,1,2,2,4,2,7,2,8,2,9,2,9,2,10,2,9,2,9,2,9,1,8,1,7,0,4,0,2,0,0,0,-1,-1,-2,-2,-4,-2,-6,-3,-7,-3,-8,-4,-9,-4,-9,-4,-9,-4,-9,-4,-9,0,0,-3,-7,-2,-5,-2,-3,-1,-1,0,0,0,2,0,3,1,4,1,6,2,7,2,8,2,8,2,8,2,8,2,7,2,7,1,5,1,4,1,2,0,1,0,0,0,-1,0,-2,0,-4,0,-4,0,-5,0,0,0,0,0,0,0,0,0,0]"
CSI_DATA,23893,80:af:ca:27:52:2a,-54,11,1,0,1,1,1,0,0,0,0,-97,0,11,2,321507046,0,83,1,128,0,"[0,0,0,0,0,0,0,0,0,0,0,0,8,1,7,1,7,1,6,1,4,1,2,1,1,0,0,0,-2,0,-3,0,-5,0,-7,0,-7,0,-8,0,-8,0,-8,0,-8,0,-7,0,-7,0,-6,0,-4,0,-3,0,-1,0,0,0,1,-1,2,-1,0,0,5,-2,6,-2,7,-2,7,-3,7,-3,7,-3,6,-3,5,-2,4,-2,3,-2,2,-1,1,-1,0,0,-1,0,-2,0,-3,1,-4,1,-5,1,-5,1,-5,2,-6,2,-6,1,-5,1,-4,1,-4,1,-3,1,0,0,0,0,0,0,0,0,0,0]"
CSI_DATA,23894,80:af:ca:27:52:2a,-55,11,1,0,1,1,1,0,0,0,0,-97,0,11,2,321513692,0,83,1,128,0,"[0,0,0,0,0,0,0,0,0,0,0,0,0,-2,0,-5,2,-6,3,-8,3,-8,4,-9,4,-10,4,-10,4,-10,4,-9,4,-8,3,-8,2,-5,2,-4,0,-2,0,0,0,2,0,3,0,5,0,7,-1,8,-1,9,-1,9,0,10,-1,10,0,9,0,0,0,7,0,5,0,3,0,2,0,0,0,-2,0,-4,0,-5,0,-7,0,-8,-1,-9,0,-9,0,-9,-1,-9,-1,-8,-1,-8,-1,-7,-1,-5,-1,-4,0,-2,0,0,0,0,0,2,0,2,0,4,0,5,0,0,0,0,0,0,0,0,0,0]"
CSI_DATA,23895,80:af:ca:27:52:2a,-55,11,1,0,1,1,1,0,0,0,0,-97,0,11,2,321521854,0,83,1,128,0,"[0,0,0,0,0,0,0,0,0,0,0,0,-8,0,-8,0,-7,0,-6,0,-4,0,-3,0,-1,0,0,-1,1,-1,2,-1,4,-2,5,-2,6,-2,6,-3,7,-3,7,-3,7,-3,6,-3,5,-3,4,-2,3,-1,2,-1,0,0,0,0,-1,1,-2,2,0,0,-4,3,-5,4,-5,5,-5,5,-5,5,-5,5,-5,5,-4,4,-3,3,-2,3,-1,2,0,1,0,0,0,0,1,-1,2,-2,2,-3,3,-4,3,-4,3,-4,3,-4,3,-4,3,-4,2,-4,2,-3,1,-3,0,0,0,0,0,0,0,0,0,0]"
CSI_DATA,23896,80:af:ca:27:52:2a,-55,11,1,2,1,1,1,0,0,0,0,-97,0,11,2,321527072,0,83,1,128,0,"[0,0,0,0,0,0,0,0,0,0,0,0,-3,0,-5,-1,-7,-2,-8,-2,-9,-3,-10,-4,-10,-4,-10,-4,-10,-4,-9,-4,-8,-3,-7,-2,-5,-2,-2,-2,-1,-1,0,0,2,0,4,0,5,0,7,1,8,1,9,1,10,2,10,1,9,1,8,1,0,0,6,0,5,0,2,0,1,0,0,-1,-2,-1,-4,-2,-5,-2,-7,-2,-8,-2,-8,-2,-9,-2,-9,-2,-8,-2,-8,-2,-8,-2,-7,-2,-5,-1,-3,0,-2,0,-1,0,0,0,1,1,2,2,2,2,3,2,0,0,0,0,0,0,0,0,0,0]"
CSI_DATA,23897,80:af:ca:27:52:2a,-55,11,1,0,1,1,1,0,0,0,0,-97,0,11,2,321537179,0,83,1,128,0,"[0,0,0,0,0,0,0,0,0,0,0,0,-7,3,-6,2,-6,2,-5,1,-3,1,-2,0,-1,0,0,0,1,-1,2,-2,3,-2,4,-3,5,-3,6,-3,6,-3,6,-4,6,-4,5,-3,5,-3,4,-2,3,-2,1,-1,0,0,0,0,-1,0,-2,1,0,0,-5,2,-5,2,-6,2,-6,3,-6,3,-6,3,-6,2,-5,2,-4,2,-3,1,-2,1,-1,0,0,0,0,0,1,0,2,0,3,0,4,-1,4,-1,4,-1,5,-1,4,-1,4,-1,4,-1,3,0,2,0,0,0,0,0,0,0,0,0,0,0]"
CSI_DATA,23898,80:af:ca:27:52:2a,-55,11,1,0,1,1,1,0,0,0,0,-97,0,11,2,321558794,0,83,1,128,0,"[0,0,0,0,0,0,0,0,0,0,0,0,3,0,5,0,7,1,8,2,9,2,10,2,10,2,10,2,9,3,8,2,7,2,6,2,4,1,2,0,0,0,-1,0,-3,0,-4,-1,-6,-2,-8,-2,-8,-2,-9,-3,-10,-2,-10,-2,-10,-3,-9,-2,0,0,-7,-2,-5,-1,-4,0,-2,0,0,0,1,1,3,2,4,2,6,2,6,2,7,3,7,3,7,3,7,3,6,2,6,2,5,2,4,1,2,0,2,0,0,0,0,-1,-1,-2,-2,-2,-3,-4,-3,-4,0,0,0,0,0,0,0,0,0,0]"
CSI_DATA,23899,80:af:ca:27:52:2a,-54,11,1,0,1,1,1,0,0,0,0,-97,0,11,2,321569229,0,83,1,128,0,"[0,0,0,0,0,0,0,0,0,0,0,0,2,-2,4,-3,6,-3,8,-3,9,-4,10,-4,10,-4,10,-4,10,-4,9,-4,8,-3,7,-2,5,-2,3,-1,1,0,0,0,-2,1,-4,2,-5,2,-7,3,-8,4,-9,5,-9,5,-9,5,-10,5,-8,5,0,0,-7,3,-5,2,-3,2,-2,0,0,0,1,-1,3,-2,5,-2,6,-3,6,-4,8,-5,8,-5,8,-5,8,-5,7,-4,6,-4,5,-3,4,-2,2,-2,1,-1,0,0,-1,0,-2,0,-4,0,-5,0,-5,0,0,0,0,0,0,0,0,0,0,0]"
CSI_DATA,23900,80:af:ca:27:52:2a,-55,11,1,0,1,1,1,0,0,0,0,-97,0,11,2,321576944,0,83,1,128,0,"[0,0,0,0,0,0,0,0,0,0,0,0,2,-2,4,-2,7,-2,8,-2,9,-2,10,-2,11,-2,10,-2,10,-2,9,-1,9,-1,7,-1,5,0,3,0,1,0,0,0,-2,0,-4,1,-6,1,-8,2,-9,2,-9,2,-10,2,-10,2,-10,2,-9,2,0,0,-7,2,-5,1,-3,0,-2,0,0,0,2,0,4,0,5,-1,7,-1,7,-2,9,-2,9,-2,9,-2,8,-2,7,-2,7,-2,6,-2,4,-2,2,-1,1,-1,0,-1,-1,-1,-2,-1,-4,-1,-4,-1,-5,-1,0,0,0,0,0,0,0,0,0,0]"
CSI_DATA,23901,80:af:ca:27:52:2a,-56,11,1,0,1,1,1,0,0,0,0,-97,0,11,2,321594153,0,83,1,128,0,"[0,0,0,0,0,0,0,0,0,0,0,0,-1,-3,0,-5,0,-6,0,-7,1,-9,1,-9,1,-9,1,-9,1,-9,1,-8,1,-7,1,-6,0,-5,0,-3,0,-1,0,0,0,1,0,3,0,5,0,6,0,7,0,8,0,8,0,9,0,9,0,7,0,0,0,5,0,4,0,3,0,1,0,0,0,-1,0,-3,0,-5,-1,-6,-1,-7,-1,-8,-1,-8,-1,-8,-1,-8,-1,-7,-1,-7,-1,-6,-1,-5,-1,-3,-1,-2,-1,-1,0,0,0,1,0,2,-1,3,0,4,0,0,0,0,0,0,0,0,0,0]"
CSI_DATA,23902,80:af:ca:27:52:2a,-54,11,1,2,1,1,1,0,0,0,0,-97,0,11,2,321604340,0,83,1,128,0,"[0,0,0,0,0,0,0,0,0,0,0,0,2,-1,4,-1,6,-1,8,-1,10,-1,10,0,11,-1,10,0,10,0,10,0,9,0,7,0,5,0,3,0,1,0,0,0,-3,0,-4,0,-6,1,-8,1,-9,1,-10,2,-10,2,-10,2,-10,2,-10,2,0,0,-7,1,-6,0,-3,0,-2,0,0,0,1,0,3,0,5,0,6,-1,7,-2,8,-2,9,-2,9,-2,8,-2,8,-2,6,-2,6,-1,4,-1,3,-1,1,-1,0,-1,-1,0,-2,0,-3,0,-4,0,-5,0,0,0,0,0,0,0,0,0,0,0]"
CSI_DATA,23903,80:af:ca:27:52:2a,-55,11,1,0,1,1,1,0,0,0,0,-97,0,11,2,321612847,0,83,1,128,0,"[0,0,0,0,0,0,0,0,0,0,0,0,-2,0,-5,0,-7,-1,-9,-2,-9,-2,-11,-2,-11,-3,-11,-3,-11,-3,-9,-2,-8,-3,-8,-2,-5,-2,-3,-2,-2,0,0,0,2,0,3,0,5,1,6,2,8,2,8,2,8,2,9,2,9,2,8,2,0,0,6,2,5,1,3,0,1,0,0,0,-1,-1,-2,-2,-4,-3,-5,-4,-6,-4,-8,-5,-8,-5,-8,-5,-8,-5,-6,-5,-6,-5,-5,-3,-5,-2,-3,-2,-2,-1,-1,0,0,0,0,1,0,2,1,2,2,3,0,0,0,0,0,0,0,0,0,0]"
CSI_DATA,23904,80:af:ca:27:52:2a,-54,11,1,0,1,1,1,0,0,0,0,-97,0,11,2,321622565,0,83,1,128,0,"[0,0,0,0,0,0,0,0,0,0,0,0,-4,0,-6,0,-8,-1,-10,-2,-10,-2,-10,-3,-11,-3,-10,-3,-10,-4,-9,-3,-8,-3,-7,-2,-5,-2,-3,-1,-1,0,0,0,2,0,4,1,5,2,7,2,8,3,8,4,8,4,9,4,8,4,8,3,0,0,6,2,5,2,3,0,2,0,0,-1,-1,-2,-2,-3,-4,-5,-5,-5,-5,-6,-6,-7,-6,-7,-6,-7,-6,-7,-5,-6,-5,-6,-5,-5,-4,-3,-3,-2,-2,-1,-1,0,0,0,0,2,0,2,0,4,0,5,0,0,0,0,0,0,0,0,0,0]"
CSI_DATA,23905,80:af:ca:27:52:2a,-55,11,1,0,1,1,1,0,0,0,0,-97,0,11,2,321631086,0,83,1,128,0,"[0,0,0,0,0,0,0,0,0,0,0,0,-2,-3,-2,-5,-2,-7,-2,-8,-2,-9,-2,-10,-2,-11,-2,-11,-2,-10,-2,-9,-1,-8,-1,-7,-1,-5,0,-3,0,-1,0,0,0,2,0,4,0,5,1,6,1,8,1,8,1,8,2,9,1,9,1,8,0,0,1,6,0,4,0,3,0,1,0,0,0,-2,0,-4,0,-5,0,-7,0,-8,0,-8,0,-8,0,-8,0,-8,0,-8,0,-7,0,-6,0,-5,0,-3,0,-2,-1,-1,-1,0,-2,1,-2,2,-2,3,-2,4,0,0,0,0,0,0,0,0,0,0]"
CSI_DATA,23906,80:af:ca:27:52:2a,-55,11,1,0,1,1,1,0,0,0,0,-97,0,11,2,321640361,0,83,1,128,0,"[0,0,0,0,0,0,0,0,0,0,0,0,1,-8,1,-7,1,-7,1,-6,1,-4,0,-3,0,-1,0,0,0,1,0,3,0,4,0,6,0,6,0,7,0,7,0,7,1,7,1,6,0,6,0,4,0,3,0,2,0,1,0,0,-1,-2,-1,-3,0,0,-2,-5,-2,-6,-2,-7,-3,-7,-2,-7,-3,-7,-2,-6,-2,-5,-2,-5,-2,-4,-1,-2,-1,-1,0,0,0,1,0,2,0,3,1,4,1,4,1,5,1,5,1,5,1,5,1,4,1,4,1,3,1,3,0,0,0,0,0,0,0,0,0,0]"
CSI_DATA,23907,80:af:ca:27:52:2a,-54,11,1,0,1,1,1,0,0,0,0,-97,0,11,2,321647669,0,83,1,128,0,"[0,0,0,0,0,0,0,0,0,0,0,0,-6,6,-6,6,-4,4,-4,4,-3,2,-2,1,-1,0,0,-1,0,-2,1,-3,1,-5,2,-6,2,-7,2,-8,2,-8,2,-8,2,-8,2,-7,2,-7,1,-5,1,-4,0,-3,0,-1,0,0,0,1,0,3,0,0,-1,6,-1,7,-1,7,-1,8,-1,8,-1,8,0,7,0,6,0,5,0,4,0,2,0,1,0,0,0,-1,0,-2,0,-3,0,-4,0,-6,0,-6,0,-6,0,-6,0,-6,0,-6,0,-5,0,-4,0,-3,0,0,0,0,0,0,0,0,0,0]"
CSI_DATA,23908,80:af:ca:27:52:2a,-55,11,1,0,1,1,1,0,0,0,0,-97,0,11,2,321655939,0,83,1,128,0,"[0,0,0,0,0,0,0,0,0,0,0,0,-1,2,-2,4,-4,4,-6,5,-6,6,-7,6,-7,6,-7,6,-7,6,-6,5,-6,4,-5,4,-4,2,-2,1,-1,0,0,-1,1,-2,2,-3,4,-4,4,-5,5,-6,6,-6,6,-6,6,-7,6,-6,6,-6,0,0,4,-5,3,-4,2,-2,0,-2,0,0,-2,0,-4,1,-5,2,-6,3,-6,4,-7,4,-7,4,-8,4,-7,4,-7,4,-6,3,-5,3,-4,2,-3,2,-2,1,0,0,0,0,2,0,3,0,4,0,4,0,0,0,0,0,0,0,0,0,0,0]"
CSI_DATA,23909,80:af:ca:27:52:2a,-55,11,1,2,1,1,1,0,0,0,0,-97,0,11,2,321661696,0,83,1,128,0,"[0,0,0,0,0,0,0,0,0,0,0,0,2,0,3,2,4,4,5,5,6,6,6,6,6,7,6,7,6,7,6,6,5,6,4,5,3,4,2,2,0,1,0,0,-2,-2,-3,-2,-4,-4,-6,-5,-6,-6,-7,-6,-8,-6,-8,-7,-8,-6,-7,-6,0,0,-6,-4,-4,-4,-3,-2,-2,-1,0,0,0,1,2,2,2,4,4,4,4,5,5,6,5,6,5,6,5,6,5,6,4,5,4,4,3,3,2,2,1,1,0,0,0,-1,0,-2,-1,-3,-1,-4,-2,-5,0,0,0,0,0,0,0,0,0,0]"
CSI_DATA,23910,80:af:ca:27:52:2a,-55,11,1,0,1,1,1,0,0,0,0,-97,0,11,2,321672077,0,83,1,128,0,"[0,0,0,0,0,0,0,0,0,0,0,0,3,-8,3,-7,3,-6,3,-5,2,-4,1,-2,0,-1,0,0,0,1,-1,3,-2,4,-2,5,-2,6,-3,7,-3,7,-3,7,-3,7,-2,6,-2,6,-2,5,-1,4,-1,2,0,1,0,0,0,-2,0,-3,0,0,1,-5,1,-6,1,-7,1,-7,2,-8,2,-7,1,-7,1,-6,1,-5,0,-4,0,-3,0,-2,0,-1,-1,0,-1,1,-2,2,-2,3,-2,4,-2,4,-2,5,-2,5,-2,5,-2,4,-2,4,-2,3,-1,3,0,0,0,0,0,0,0,0,0,0]"
CSI_DATA,23911,80:af:ca:27:52:2a,-55,11,1,0,1,1,1,0,0,0,0,-97,0,11,2,321681986,0,83,1,128,0,"[0,0,0,0,0,0,0,0,0,0,0,0,-8,0,-7,0,-6,0,-5,0,-4,0,-2,0,-1,0,0,0,1,-1,2,-1,4,-1,5,-1,6,-1,6,-1,6,-1,7,-2,6,-2,6,-2,5,-1,4,-1,3,-1,2,0,0,0,0,0,-1,0,-2,0,0,0,-5,1,-6,1,-6,1,-7,1,-7,1,-7,1,-6,1,-5,1,-5,1,-3,1,-2,0,-1,0,0,0,0,0,1,0,2,0,3,0,4,0,4,0,4,0,5,0,4,0,4,0,4,0,3,0,2,0,0,0,0,0,0,0,0,0,0,0]"
CSI_DATA,23912,80:af:ca:27:52:2a,-54,11,1,0,1,1,1,0,0,0,0,-97,0,11,2,321690953,0,83,1,128,0,"[0,0,0,0,0,0,0,0,0,0,0,0,-5,7,-5,6,-4,5,-4,4,-3,2,-2,1,-1,0,0,-1,1,-2,1,-3,2,-5,3,-6,3,-7,4,-7,4,-7,4,-7,3,-7,3,-6,3,-6,2,-5,1,-3,1,-2,0,-1,0,0,-1,1,-2,2,0,0,-3,5,-3,6,-4,6,-4,7,-4,7,-4,6,-3,6,-3,5,-2,5,-2,3,-1,2,0,1,0,0,1,-1,1,-1,2,-2,2,-3,3,-4,3,-4,3,-5,3,-5,3,-4,3,-4,3,-3,2,-3,2,-2,0,0,0,0,0,0,0,0,0,0]"
CSI_DATA,23913,80:af:ca:27:52:2a,-55,11,1,2,1,1,1,0,0,0,0,-97,0,11,2,321697134,0,83,1,128,0,"[0,0,0,0,0,0,0,0,0,0,0,0,-3,-2,-4,-3,-5,-4,-7,-6,-7,-7,-7,-7,-7,-8,-7,-7,-7,-7,-7,-7,-6,-6,-4,-5,-3,-4,-2,-2,0,-1,0,0,2,1,3,2,4,4,5,4,6,5,7,6,7,6,7,6,7,6,6,5,0,0,4,4,3,2,2,1,1,0,0,0,-1,-2,-2,-3,-3,-4,-4,-5,-4,-6,-5,-7,-6,-7,-6,-7,-5,-7,-5,-6,-4,-5,-4,-4,-4,-3,-2,-2,-2,-1,-1,0,0,0,0,2,0,2,0,4,0,4,0,0,0,0,0,0,0,0,0,0]"
CSI_DATA,23914,80:af:ca:27:52:2a,-55,11,1,0,1,1,1,0,0,0,0,-97,0,11,2,321704443,0,83,1,128,0,"[0,0,0,0,0,0,0,0,0,0,0,0,-7,1,-7,1,-6,0,-5,0,-4,0,-2,0,-1,0,0,0,1,-1,2,-2,3,-2,4,-3,5,-3,5,-3,6,-3,6,-4,5,-3,5,-3,4,-3,3,-2,2,-2,1,-1,0,0,0,0,-1,0,-2,1,0,0,-4,3,-4,4,-5,4,-5,4,-5,4,-5,4,-4,4,-4,3,-3,3,-2,2,-1,1,0,0,0,0,0,0,1,-1,2,-2,2,-2,3,-3,3,-3,3,-4,3,-4,3,-3,3,-3,2,-3,2,-2,1,-2,0,0,0,0,0,0,0,0,0,0]"
CSI_DATA,23915,80:af:ca:27:52:2a,-54,11,1,0,1,1,1,0,0,0,0,-97,0,11,2,321712983,0,83,1,128,0,"[0,0,0,0,0,0,0,0,0,0,0,0,-8,2,-7,2,-6,2,-6,1,-4,1,-3,0,-1,0,0,-1,1,-2,2,-2,4,-3,5,-4,5,-4,6,-5,6,-5,6,-5,6,-5,5,-5,5,-4,4,-4,3,-3,2,-2,1,-1,0,0,-1,1,-2,2,0,0,-4,4,-5,5,-5,5,-5,6,-5,6,-5,6,-5,5,-4,5,-3,4,-2,3,-2,2,-1,1,0,0,1,-1,1,-2,2,-3,3,-3,3,-4,3,-4,3,-5,3,-5,3,-4,3,-4,3,-4,2,-3,2,-3,0,0,0,0,0,0,0,0,0,0]"
CSI_DATA,23916,80:af:ca:27:52:2a,-55,11,1,0,1,1,1,0,0,0,0,-97,0,11,2,321721519,0,83,1,128,0,"[0,0,0,0,0,0,0,0,0,0,0,0,-3,7,-3,6,-3,5,-3,4,-2,3,-1,1,-1,0,0,-1,0,-2,0,-3,1,-5,1,-6,2,-6,2,-7,2,-7,2,-7,2,-7,2,-6,2,-6,1,-5,1,-3,0,-2,0,-1,0,0,-1,1,-1,3,0,0,-2,5,-3,6,-3,6,-3,6,-3,7,-3,6,-3,6,-2,5,-2,4,-1,3,-1,2,0,1,0,0,1,-1,1,-2,2,-2,3,-3,3,-4,3,-4,3,-4,3,-4,3,-4,3,-4,3,-4,2,-3,2,-3,0,0,0,0,0,0,0,0,0,0]"
CSI_DATA,23917,80:af:ca:27:52:2a,-55,11,1,0,1,1,1,0,0,0,0,-97,0,11,2,321729756,0,83,1,128,0,"[0,0,0,0,0,0,0,0,0,0,0,0,0,-2,0,-4,1,-7,2,-8,2,-9,3,-9,3,-10,2,-10,3,-9,2,-9,2,-9,2,-7,1,-5,1,-4,0,-2,0,0,0,1,0,3,0,5,0,7,0,7,0,9,0,9,0,9,0,9,0,9,0,0,0,7,0,5,0,3,0,2,0,0,0,-2,0,-4,0,-5,0,-7,0,-7,0,-9,0,-9,0,-9,-1,-9,0,-8,-1,-7,-1,-6,-1,-4,-1,-3,0,-2,0,0,0,0,0,1,0,2,0,3,0,4,0,0,0,0,0,0,0,0,0,0]"
CSI_DATA,23918,80:af:ca:27:52:2a,-55,11,1,0,1,1,1,0,0,0,0,-97,0,11,2,321737445,0,83,1,128,0,"[0,0,0,0,0,0,0,0,0,0,0,0,8,-1,8,-1,7,-1,6,0,4,0,3,0,1,0,0,0,-2,0,-3,1,-5,1,-6,1,-7,1,-8,1,-8,1,-8,2,-8,2,-7,2,-7,1,-5,1,-4,1,-3,0,-1,0,0,0,1,-1,3,-1,0,0,5,-2,6,-2,6,-3,7,-3,7,-3,7,-3,6,-3,5,-2,5,-2,3,-2,2,-1,1,-1,0,-1,-1,0,-2,0,-3,0,-4,0,-5,1,-5,1,-6,1,-6,1,-6,1,-5,0,-5,0,-4,0,-3,0,0,0,0,0,0,0,0,0,0,0]"
CSI_DATA,23919,80:af:ca:27:52:2a,-54,11,1,2,1,1,1,0,0,0,0,-97,0,11,2,321742641,0,83,1,128,0,"[0,0,0,0,0,0,0,0,0,0,0,0,-3,0,-6,-2,-7,-3,-9,-3,-10,-4,-10,-5,-11,-6,-11,-6,-10,-6,-10,-5,-9,-4,-7,-3,-6,-3,-3,-2,-1,-1,0,0,2,0,3,1,5,2,6,3,8,3,9,3,10,4,10,4,10,3,9,3,0,0,6,3,5,2,3,0,1,0,0,0,-1,-1,-3,-3,-4,-3,-6,-4,-6,-5,-7,-5,-7,-6,-7,-6,-7,-6,-7,-5,-6,-5,-6,-4,-4,-3,-3,-2,-3,-1,-1,0,0,0,0,1,1,3,1,3,2,4,0,0,0,0,0,0,0,0,0,0]"
CSI_DATA,23920,80:af:ca:27:52:2a,-55,11,1,0,1,1,1,0,0,0,0,-97,0,11,2,321749561,0,83,1,128,0,"[0,0,0,0,0,0,0,0,0,0,0,0,3,-9,3,-8,3,-7,3,-6,2,-4,1,-2,0,0,0,1,-1,2,-2,4,-3,6,-3,7,-4,7,-4,8,-4,8,-4,9,-4,8,-3,7,-3,6,-3,5,-2,3,-1,2,0,1,0,-1,1,-2,2,-3,0,0,3,-6,3,-7,4,-8,4,-8,4,-8,4,-8,4,-7,3,-6,2,-6,1,-4,1,-3,0,-2,-1,-1,-2,0,-3,1,-3,2,-4,3,-4,3,-5,3,-5,4,-5,4,-5,3,-4,3,-4,3,-3,3,-3,2,0,0,0,0,0,0,0,0,0,0]"
CSI_DATA,23921,80:af:ca:27:52:2a,-54,11,1,0,1,1,1,0,0,0,0,-97,0,11,2,321758361,0,83,1,128,0,"[0,0,0,0,0,0,0,0,0,0,0,0,8,6,7,5,6,4,4,4,3,3,1,2,0,1,-1,0,-3,-1,-4,-2,-6,-3,-7,-4,-8,-5,-8,-5,-9,-5,-9,-5,-8,-4,-8,-4,-7,-4,-6,-3,-4,-2,-3,-1,-1,-1,0,0,2,1,3,1,0,0,6,3,7,3,8,3,8,3,8,4,8,3,8,3,7,3,6,2,4,1,3,1,1,0,0,0,-1,-1,-2,-2,-3,-3,-4,-3,-5,-4,-6,-4,-6,-4,-6,-4,-6,-4,-5,-4,-4,-3,-4,-3,-3,-2,0,0,0,0,0,0,0,0,0,0]"
CSI_DATA,23922,80:af:ca:27:52:2a,-55,11,1,0,1,1,1,0,0,0,0,-97,0,11,2,321767180,0,83,1,128,0,"[0,0,0,0,0,0,0,0,0,0,0,0,-3,0,-5,0,-7,0,-8,-1,-9,-2,-10,-2,-11,-2,-11,-2,-10,-2,-9,-2,-8,-2,-7,-1,-5,-1,-4,-1,-1,0,0,0,2,0,4,0,5,-1,6,-1,8,-1,8,-1,8,-1,9,-2,9,-1,8,-2,0,0,6,-1,4,-1,3,-1,1,0,0,0,-2,0,-4,0,-5,0,-6,0,-7,1,-8,1,-8,1,-8,1,-8,1,-8,1,-7,1,-6,1,-4,1,-3,0,-2,0,0,0,0,0,2,0,3,0,4,0,4,0,0,0,0,0,0,0,0,0,0,0]"
CSI_DATA,23923,80:af:ca:27:52:2a,-55,11,1,0,1,1,1,0,0,0,0,-97,0,11,2,321773964,0,83,1,128,0,"[0,0,0,0,0,0,0,0,0,0,0,0,-1,-3,0,-5,0,-7,1,-9,1,-9,1,-10,2,-11,1,-10,2,-10,1,-9,1,-9,1,-7,0,-5,0,-4,0,-2,0,0,0,2,0,4,0,5,0,7,0,8,0,9,0,9,0,9,0,9,0,9,0,0,0,7,0,4,0,3,0,1,0,0,0,-2,0,-4,0,-5,-1,-7,-1,-7,-2,-9,-1,-9,-1,-9,-2,-9,-1,-8,-2,-7,-2,-6,-1,-4,-1,-3,-1,-2,0,0,0,0,0,2,0,3,0,4,0,4,0,0,0,0,0,0,0,0,0,0]"
CSI_DATA,23924,80:af:ca:27:52:2a,-54,11,1,0,1,1,1,0,0,0,0,-97,0,11,2,321780931,0,83,1,128,0,"[0,0,0,0,0,0,0,0,0,0,0,0,3,8,3,7,2,6,1,5,0,3,0,2,0,1,-1,0,-2,-1,-3,-3,-4,-4,-5,-5,-6,-6,-6,-6,-6,-6,-7,-6,-6,-6,-6,-5,-5,-4,-4,-3,-3,-3,-2,-2,0,-1,0,0,2,0,3,1,0,0,6,2,7,2,7,3,8,2,8,3,7,2,7,2,6,2,5,1,4,1,2,0,1,0,0,0,-1,-1,-2,-1,-4,-1,-5,-2,-6,-2,-6,-2,-6,-2,-6,-2,-6,-2,-6,-2,-5,-1,-5,-1,-3,-1,0,0,0,0,0,0,0,0,0,0]"
CSI_DATA,23925,80:af:ca:27:52:2a,-55,11,1,0,1,1,1,0,0,0,0,-97,0,11,2,321788860,0,83,1,128,0,"[0,0,0,0,0,0,0,0,0,0,0,0,-8,1,-7,0,-6,0,-5,0,-4,0,-3,0,-1,-1,0,-1,1,-1,3,-2,4,-2,5,-2,6,-3,6,-3,6,-3,7,-3,6,-3,6,-3,5,-3,4,-2,3,-1,2,-1,0,0,0,0,-2,0,-3,1,0,0,-5,3,-5,3,-6,4,-6,4,-6,4,-6,4,-6,3,-5,3,-4,3,-3,2,-2,2,-1,1,0,0,1,0,2,-1,3,-1,3,-2,4,-2,4,-3,4,-3,5,-3,4,-3,4,-3,4,-2,3,-2,2,-2,0,0,0,0,0,0,0,0,0,0]"
CSI_DATA,23926,80:af:ca:27:52:2a,-55,11,1,0,1,1,1,0,0,0,0,-97,0,11,2,321797221,0,83,1,128,0,"[0,0,0,0,0,0,0,0,0,0,0,0,3,-7,2,-6,2,-5,2,-4,1,-3,0,-2,0,0,0,0,0,1,0,2,-1,4,-1,5,-2,5,-2,6,-2,6,-2,7,-2,6,-2,6,-1,5,-1,4,-1,3,0,2,0,0,0,0,0,-1,0,-2,0,0,0,-5,0,-6,1,-6,1,-7,1,-7,1,-7,1,-6,0,-6,0,-5,0,-4,0,-3,0,-1,0,0,0,0,-1,1,-1,2,-1,3,-1,3,-2,4,-1,4,-2,4,-2,4,-2,4,-1,3,-1,3,-1,2,0,0,0,0,0,0,0,0,0,0]"
CSI_DATA,23927,80:af:ca:27:52:2a,-55,11,1,0,1,1,1,0,0,0,0,-97,0,11,2,321812083,0,83,1,128,0,"[0,0,0,0,0,0,0,0,0,0,0,0,0,8,0,7,0,7,0,5,0,4,0,2,0,0,0,0,0,-1,0,-3,0,-5,-1,-6,0,-7,-1,-7,0,-8,-1,-8,-1,-8,-1,-7,-1,-6,0,-5,0,-4,0,-3,0,-1,0,0,0,1,0,2,0,0,0,5,1,6,1,6,1,7,1,7,1,7,1,6,1,6,0,5,0,3,0,2,0,1,0,0,0,0,0,-2,0,-3,0,-4,0,-5,0,-5,0,-5,0,-5,0,-5,0,-5,0,-5,0,-4,0,-3,0,0,0,0,0,0,0,0,0,0]"
CSI_DATA,23928,80:af:ca:27:52:2a,-55,11,1,0,1,1,1,0,0,0,0,-97,0,11,2,321831129,0,83,1,128,0,"[0,0,0,0,0,0,0,0,0,0,0,0,5,-6,5,-5,4,-5,4,-4,3,-3,2,-2,1,0,0,0,-1,2,-2,3,-3,4,-3,5,-4,5,-4,6,-4,6,-4,6,-4,6,-3,6,-3,5,-3,4,-2,3,-2,2,-1,1,0,0,0,-2,1,-3,0,0,2,-5,2,-6,2,-7,2,-7,2,-7,2,-7,2,-6,2,-6,1,-5,1,-4,0,-3,0,-2,0,0,-1,0,-1,1,-2,2,-2,3,-2,4,-2,4,-2,4,-3,4,-3,4,-2,4,-2,4,-2,3,-1,2,0,0,0,0,0,0,0,0,0,0]"
CSI_DATA,23929,80:af:ca:27:52:2a,-55,11,1,0,1,1,1,0,0,0,0,-97,0,11,2,321840536,0,83,1,128,0,"[0,0,0,0,0,0,0,0,0,0,0,0,-2,2,-4,2,-6,3,-8,3,-9,4,-10,4,-10,5,-10,5,-10,5,-9,5,-9,4,-8,3,-5,2,-4,1,-2,0,0,-1,0,-2,2,-3,3,-5,4,-6,5,-7,6,-8,6,-8,6,-9,6,-9,5,-8,0,0,4,-7,3,-5,2,-4,0,-2,0,0,-1,1,-2,2,-2,4,-3,5,-4,7,-5,8,-5,8,-5,8,-4,8,-4,7,-3,7,-2,5,-2,5,-1,2,0,1,0,0,0,0,1,-2,1,-3,2,-4,2,-5,0,0,0,0,0,0,0,0,0,0]"
CSI_DATA,23930,80:af:ca:27:52:2a,-55,11,1,0,1,1,1,0,0,0,0,-97,0,11,2,321849221,0,83,1,128,0,"[0,0,0,0,0,0,0,0,0,0,0,0,-2,0,-4,0,-6,0,-8,-1,-9,-1,-9,-2,-10,-2,-10,-2,-10,-2,-9,-1,-9,-2,-7,-1,-6,-1,-4,-1,-2,-1,0,-1,1,-1,3,-1,4,-1,7,-1,7,-1,8,-2,9,-2,9,-2,9,-2,8,-2,0,0,7,-2,4,-2,3,-1,2,-1,0,0,-2,0,-3,0,-4,0,-6,0,-7,1,-8,2,-9,2,-9,1,-8,2,-8,2,-7,2,-7,2,-4,1,-3,1,-2,0,-1,0,0,0,1,0,2,0,3,0,4,0,0,0,0,0,0,0,0,0,0,0]"
CSI_DATA,23931,80:af:ca:27:52:2a,-55,11,1,0,1,1,1,0,0,0,0,-97,0,11,2,321858078,0,83,1,128,0,"[0,0,0,0,0,0,0,0,0,0,0,0,-1,1,-3,2,-5,3,-7,3,-7,3,-8,4,-9,4,-8,4,-9,3,-7,3,-7,3,-6,2,-4,1,-3,0,-1,0,0,-1,1,-1,2,-2,3,-3,5,-4,5,-5,6,-5,6,-5,7,-6,7,-6,6,-6,0,0,4,-5,3,-3,2,-3,1,-1,0,0,-1,0,-3,1,-4,2,-5,3,-5,3,-6,4,-7,4,-7,4,-7,4,-6,4,-5,3,-5,3,-3,3,-2,1,-1,1,0,0,0,0,1,0,2,-1,3,-1,3,-1,0,0,0,0,0,0,0,0,0,0]"
CSI_DATA,23932,80:af:ca:27:52:2a,-55,11,1,0,1,1,1,0,0,0,0,-97,0,11,2,321865725,0,83,1,128,0,"[0,0,0,0,0,0,0,0,0,0,0,0,-1,3,-4,4,-5,6,-7,7,-8,8,-9,8,-9,9,-9,9,-9,8,-8,8,-8,7,-7,6,-4,4,-3,2,-2,0,0,-1,0,-3,2,-4,3,-6,4,-8,4,-9,5,-10,5,-10,5,-11,5,-11,4,-10,0,0,3,-8,2,-6,1,-4,0,-2,0,0,-1,1,-2,3,-3,5,-4,7,-4,7,-4,9,-5,9,-5,9,-4,9,-4,8,-4,7,-3,6,-2,4,-1,3,0,2,0,0,0,0,2,-2,2,-3,3,-4,3,-4,0,0,0,0,0,0,0,0,0,0]"
CSI_DATA,23933,80:af:ca:27:52:2a,-54,11,1,0,1,1,1,0,0,0,0,-97,0,11,2,321907432,0,83,1,128,0,"[0,0,0,0,0,0,0,0,0,0,0,0,-4,7,-4,7,-4,6,-3,5,-3,3,-2,2,-1,1,-1,0,0,-2,0,-3,1,-5,1,-6,1,-7,1,-8,2,-8,2,-8,1,-8,1,-7,1,-7,1,-6,1,-4,0,-3,0,-2,0,0,0,1,0,3,0,0,0,5,0,7,0,7,0,8,0,8,0,8,0,7,0,6,0,5,0,4,0,3,0,1,0,0,0,-1,0,-2,0,-4,0,-5,0,-5,0,-6,0,-6,0,-6,0,-6,0,-6,0,-5,0,-4,0,-3,0,0,0,0,0,0,0,0,0,0]"
CSI_DATA,23934,80:af:ca:27:52:2a,-55,11,1,0,1,1,1,0,0,0,0,-97,0,11,2,321916003,0,83,1,128,0,"[0,0,0,0,0,0,0,0,0,0,0,0,-3,0,-5,-2,-7,-4,-8,-5,-9,-6,-9,-6,-11,-7,-11,-7,-10,-7,-9,-7,-8,-6,-6,-5,-5,-4,-3,-3,-2,-2,0,0,2,0,3,2,4,3,6,4,7,5,8,6,8,6,9,6,9,6,8,6,0,0,6,4,5,3,3,2,2,0,0,0,-1,-2,-2,-4,-4,-5,-5,-6,-6,-7,-6,-8,-6,-8,-6,-8,-6,-8,-6,-8,-6,-7,-5,-6,-4,-4,-4,-3,-2,-2,-2,0,-1,0,0,2,0,3,0,4,0,5,0,0,0,0,0,0,0,0,0,0]"
CSI_DATA,23935,80:af:ca:27:52:2a,-55,11,1,0,1,1,1,0,0,0,0,-97,0,11,2,321925174,0,83,1,128,0,"[0,0,0,0,0,0,0,0,0,0,0,0,-3,-2,-4,-5,-4,-7,-5,-9,-5,-10,-6,-11,-6,-12,-6,-12,-6,-11,-5,-10,-4,-9,-4,-8,-3,-6,-2,-4,0,-2,0,0,2,1,3,3,4,4,5,6,6,7,7,8,7,8,8,8,7,9,7,7,0,0,5,5,4,4,2,2,1,1,0,0,-1,-2,-3,-4,-4,-4,-5,-6,-7,-7,-7,-7,-7,-8,-7,-8,-7,-7,-7,-7,-6,-6,-5,-5,-4,-4,-3,-2,-2,-1,-1,0,0,0,0,2,1,3,2,4,2,4,0,0,0,0,0,0,0,0,0,0]"
CSI_DATA,23936,80:af:ca:27:52:2a,-55,11,1,2,1,1,1,0,0,0,0,-97,0,11,2,321930471,0,83,1,128,0,"[0,0,0,0,0,0,0,0,0,0,0,0,-3,-1,-5,-2,-6,-4,-7,-5,-8,-6,-8,-7,-9,-7,-8,-7,-8,-7,-8,-6,-7,-5,-5,-5,-4,-4,-2,-2,-1,-1,0,0,2,0,3,1,5,2,6,3,7,3,8,4,8,4,8,4,8,4,8,3,0,0,5,2,4,2,2,1,1,0,0,0,-2,-1,-3,-2,-5,-2,-6,-4,-7,-4,-8,-5,-8,-5,-8,-5,-8,-5,-7,-4,-6,-3,-5,-2,-5,-2,-3,-1,-2,0,-1,0,0,0,0,1,1,2,2,2,2,3,0,0,0,0,0,0,0,0,0,0]"
CSI_DATA,23937,80:af:ca:27:52:2a,-54,11,1,0,1,1,1,0,0,0,0,-97,0,11,2,321937943,0,83,1,128,0,"[0,0,0,0,0,0,0,0,0,0,0,0,-6,6,-5,5,-5,5,-4,4,-3,3,-2,1,-1,0,0,-1,1,-2,1,-3,3,-4,3,-5,4,-6,4,-6,4,-6,5,-6,4,-6,4,-6,3,-5,3,-4,2,-3,1,-2,0,-1,0,0,-1,1,-2,2,0,0,-3,4,-4,5,-4,5,-4,6,-4,5,-4,5,-4,5,-3,4,-3,4,-2,3,-1,2,-1,1,0,0,1,0,1,-1,2,-2,3,-3,3,-3,3,-3,3,-4,3,-4,3,-3,3,-3,3,-3,2,-3,2,-2,0,0,0,0,0,0,0,0,0,0]"
CSI_DATA,23938,80:af:ca:27:52:2a,-55,11,1,0,1,1,1,0,0,0,0,-97,0,11,2,321970384,0,83,1,128,0,"[0,0,0,0,0,0,0,0,0,0,0,0,2,0,4,2,5,2,7,4,8,5,8,5,8,6,8,5,8,5,8,5,7,5,5,4,4,3,2,2,0,1,-1,0,-2,0,-5,-1,-6,-2,-8,-2,-8,-2,-10,-2,-10,-2,-10,-2,-10,-2,-10,-2,0,0,-8,-1,-6,-1,-4,0,-2,0,0,0,1,0,3,0,5,0,6,0,8,0,8,0,8,0,9,0,8,0,8,0,7,0,6,0,5,0,3,0,1,0,0,0,-1,0,-2,-1,-3,-1,-5,-1,-5,-2,0,0,0,0,0,0,0,0,0,0]"
CSI_DATA,23939,80:af:ca:27:52:2a,-54,11,1,0,1,1,1,0,0,0,0,-97,0,11,2,321976588,0,83,1,128,0,"[0,0,0,0,0,0,0,0,0,0,0,0,1,-8,1,-7,1,-6,1,-5,1,-4,1,-2,0,-1,0,0,0,2,0,3,0,5,0,6,0,7,0,7,0,7,0,7,0,7,0,6,0,6,0,5,0,3,0,2,0,1,0,0,-1,-2,-1,-3,0,0,-1,-6,-1,-7,-2,-7,-2,-7,-2,-8,-2,-7,-2,-7,-2,-6,-2,-5,-1,-4,-1,-3,-1,-1,0,0,0,1,0,2,0,3,0,4,0,5,0,5,0,5,0,5,0,5,0,5,0,4,0,4,0,3,0,0,0,0,0,0,0,0,0,0]"
CSI_DATA,23940,80:af:ca:27:52:2a,-55,11,1,2,1,1,1,0,0,0,0,-97,0,11,2,321993864,0,83,1,128,0,"[0,0,0,0,0,0,0,0,0,0,0,0,2,-2,4,-2,6,-2,8,-2,9,-2,10,-2,10,-2,10,-2,10,-2,9,-2,8,-2,7,-2,5,-1,3,0,1,0,0,0,-2,0,-4,0,-6,0,-8,1,-9,1,-10,1,-10,2,-10,2,-10,2,-10,2,0,0,-8,1,-5,0,-4,0,-2,0,0,0,1,0,3,0,5,0,6,0,8,0,8,-1,9,0,9,0,8,0,8,0,7,0,6,0,5,0,3,0,2,0,0,0,0,-1,-2,-1,-3,-2,-4,-2,-5,-2,0,0,0,0,0,0,0,0,0,0]"
CSI_DATA,23941,80:af:ca:27:52:2a,-54,11,1,0,1,1,1,0,0,0,0,-97,0,11,2,322002966,0,83,1,128,0,"[0,0,0,0,0,0,0,0,0,0,0,0,-6,-7,-6,-7,-5,-6,-4,-6,-3,-4,-2,-3,0,-1,0,0,1,1,3,2,4,3,5,4,6,5,6,5,6,6,7,6,7,5,6,5,5,4,4,3,3,2,2,1,1,0,0,0,-2,-1,-3,-2,0,0,-5,-3,-6,-4,-7,-5,-7,-5,-7,-5,-7,-5,-7,-4,-6,-3,-5,-3,-4,-2,-3,-1,-2,-1,0,0,0,1,1,1,2,2,3,2,4,3,4,3,5,3,5,3,4,3,4,3,3,2,3,2,2,1,0,0,0,0,0,0,0,0,0,0]"
CSI_DATA,23942,80:af:ca:27:52:2a,-54,11,1,2,1,1,1,0,0,0,0,-97,0,11,2,322025878,0,83,1,128,0,"[0,0,0,0,0,0,0,0,0,0,0,0,3,-1,5,-1,7,-1,9,-1,10,-1,10,-1,11,-1,11,-1,10,-1,10,0,9,0,7,0,5,0,3,0,0,0,0,0,-3,0,-5,0,-6,0,-8,1,-10,1,-10,2,-10,2,-11,2,-10,2,-10,2,0,0,-7,1,-6,1,-3,0,-2,0,0,0,1,0,3,0,5,-1,6,-1,7,-1,8,-2,9,-2,9,-2,9,-2,8,-2,7,-2,6,-2,4,-1,3,-1,1,-1,0,0,-1,0,-3,0,-3,0,-5,0,-6,0,0,0,0,0,0,0,0,0,0,0]"
CSI_DATA,23943,80:af:ca:27:52:2a,-55,11,1,2,1,1,1,0,0,0,0,-97,0,11,2,322032378,0,83,1,128,0,"[0,0,0,0,0,0,0,0,0,0,0,0,0,2,-2,4,-3,5,-5,6,-5,8,-6,8,-6,8,-6,8,-6,8,-6,8,-5,6,-5,5,-3,4,-2,2,-1,0,0,0,0,-2,1,-4,2,-5,2,-7,3,-8,4,-8,4,-9,4,-9,4,-9,3,-8,0,0,2,-6,2,-5,1,-4,0,-2,0,0,-1,0,-2,2,-3,3,-4,5,-5,6,-5,7,-5,7,-5,7,-5,7,-5,6,-4,5,-3,5,-2,4,-2,2,-1,1,0,0,0,0,1,-1,2,-2,3,-2,4,-2,0,0,0,0,0,0,0,0,0,0]"
CSI_DATA,23944,80:af:ca:27:52:2a,-55,11,1,0,1,1,1,0,0,0,0,-97,0,11,2,322055927,0,83,1,128,0,"[0,0,0,0,0,0,0,0,0,0,0,0,8,0,7,0,7,0,6,0,4,0,3,0,1,0,0,0,-2,0,-3,1,-5,1,-6,1,-7,1,-7,1,-7,1,-8,2,-7,2,-7,1,-6,1,-5,1,-4,1,-3,0,-1,0,0,0,1,-1,2,-2,0,0,4,-2,5,-3,6,-3,6,-4,6,-3,6,-3,6,-3,5,-3,4,-3,3,-2,2,-2,1,-1,0,-1,-1,0,-2,0,-3,1,-4,1,-4,2,-5,2,-5,2,-5,2,-5,2,-5,2,-4,2,-4,1,-3,1,0,0,0,0,0,0,0,0,0,0]"
CSI_DATA,23945,80:af:ca:27:52:2a,-55,11,1,0,1,1,1,0,0,0,0,-97,0,11,2,322072799,0,83,1,128,0,"[0,0,0,0,0,0,0,0,0,0,0,0,0,-2,2,-4,3,-6,4,-7,5,-7,6,-8,6,-9,6,-8,6,-8,6,-7,5,-7,4,-6,3,-4,2,-3,0,-1,0,0,-1,1,-2,2,-2,4,-4,5,-4,7,-4,7,-4,8,-4,8,-5,8,-4,7,0,0,-3,6,-2,4,-2,3,-1,2,0,0,0,-1,1,-2,2,-4,2,-5,3,-7,4,-7,4,-7,4,-7,4,-7,3,-7,3,-7,2,-6,2,-4,1,-3,0,-2,0,-1,-1,0,-2,0,-2,1,-3,2,-3,2,0,0,0,0,0,0,0,0,0,0]"
CSI_DATA,23946,80:af:ca:27:52:2a,-54,11,1,0,1,1,1,0,0,0,0,-97,0,11,2,322087304,0,83,1,128,0,"[0,0,0,0,0,0,0,0,0,0,0,0,-7,-8,-6,-7,-5,-6,-4,-6,-2,-4,-1,-3,0,-1,1,0,2,1,3,2,4,3,5,5,6,6,6,6,6,6,7,6,7,6,6,5,5,5,4,3,3,2,2,1,0,0,0,0,-2,-2,-3,-2,0,0,-6,-5,-6,-5,-7,-6,-7,-6,-7,-6,-7,-6,-7,-5,-6,-5,-5,-4,-4,-3,-3,-2,-2,-1,-1,0,0,1,1,2,2,3,3,3,3,4,3,5,4,5,4,5,3,5,3,5,3,4,2,3,2,2,0,0,0,0,0,0,0,0,0,0]"
CSI_DATA,23947,80:af:ca:27:52:2a,-55,11,1,0,1,1,1,0,0,0,0,-97,0,11,2,322101888,0,83,1,128,0,"[0,0,0,0,0,0,0,0,0,0,0,0,3,0,5,2,7,4,8,5,9,6,9,7,10,7,10,7,10,7,9,6,8,6,7,5,5,4,3,2,0,1,-1,0,-3,0,-5,-1,-7,-2,-9,-3,-10,-4,-11,-4,-12,-4,-12,-4,-12,-4,-12,-3,0,0,-9,-2,-7,-2,-4,-1,-2,0,0,0,2,0,4,0,6,1,8,2,9,1,10,2,10,2,10,2,10,2,9,2,9,1,7,1,5,0,4,0,2,0,0,0,-1,-1,-2,-1,-4,-2,-5,-2,-6,-2,0,0,0,0,0,0,0,0,0,0]"
CSI_DATA,23948,80:af:ca:27:52:2a,-55,11,1,0,1,1,1,0,0,0,0,-97,0,11,2,322117357,0,83,1,128,0,"[0,0,0,0,0,0,0,0,0,0,0,0,-3,1,-5,2,-7,3,-9,2,-10,3,-11,3,-11,3,-11,3,-11,2,-10,2,-9,1,-7,1,-5,0,-3,0,-1,0,0,-1,1,-2,3,-3,5,-4,6,-5,7,-5,8,-6,8,-6,8,-7,8,-7,7,-6,0,0,5,-5,4,-3,2,-3,1,-1,0,0,-2,0,-3,1,-5,3,-6,4,-7,5,-7,6,-7,6,-7,6,-7,6,-7,5,-6,5,-5,4,-3,3,-2,2,-1,1,0,0,0,0,1,-1,3,-1,3,-2,4,-3,0,0,0,0,0,0,0,0,0,0]"
CSI_DATA,23949,80:af:ca:27:52:2a,-54,11,1,0,1,1,1,0,0,0,0,-97,0,11,2,322135196,0,83,1,128,0,"[0,0,0,0,0,0,0,0,0,0,0,0,7,6,6,5,6,5,5,4,3,3,2,2,0,1,-1,0,-2,-1,-3,-2,-4,-4,-6,-5,-6,-5,-7,-6,-7,-6,-7,-6,-7,-6,-6,-5,-6,-5,-5,-4,-3,-3,-2,-2,-1,-1,0,0,1,1,2,2,0,0,4,4,5,5,5,5,6,6,6,6,5,6,5,5,4,4,4,4,3,3,2,2,1,1,0,0,0,-1,-1,-2,-2,-3,-2,-4,-3,-5,-3,-5,-3,-5,-3,-6,-3,-6,-2,-5,-2,-5,-2,-4,-2,-3,0,0,0,0,0,0,0,0,0,0]"
CSI_DATA,23950,80:af:ca:27:52:2a,-55,11,1,0,1,1,1,0,0,0,0,-97,0,11,2,322142474,0,83,1,128,0,"[0,0,0,0,0,0,0,0,0,0,0,0,3,0,5,0,7,0,8,1,9,2,9,2,10,2,9,2,9,2,8,2,7,2,6,2,4,1,2,0,0,0,-1,0,-3,0,-4,-1,-6,-2,-7,-2,-8,-2,-9,-3,-9,-3,-9,-3,-9,-3,-9,-2,0,0,-7,-2,-5,-1,-3,0,-2,0,0,0,1,1,2,2,4,2,5,3,6,3,7,4,7,4,7,4,7,4,6,3,5,2,4,2,4,1,2,0,2,0,0,0,0,-1,0,-2,-1,-3,-2,-4,-2,-4,0,0,0,0,0,0,0,0,0,0]"
CSI_DATA,23951,80:af:ca:27:52:2a,-54,11,1,0,1,1,1,0,0,0,0,-97,0,11,2,322149908,0,83,1,128,0,"[0,0,0,0,0,0,0,0,0,0,0,0,8,5,7,5,6,4,5,3,3,3,1,2,0,0,-1,0,-3,-1,-5,-2,-6,-3,-7,-3,-8,-4,-8,-5,-8,-5,-10,-5,-9,-4,-8,-3,-7,-3,-6,-3,-4,-2,-3,-1,-1,0,0,0,2,1,3,1,0,0,6,2,7,3,8,3,8,3,8,3,8,3,8,3,6,2,6,2,5,1,3,0,1,0,0,0,-1,-1,-2,-2,-3,-2,-5,-3,-5,-3,-6,-4,-6,-4,-6,-4,-6,-4,-5,-4,-5,-3,-4,-3,-3,-2,0,0,0,0,0,0,0,0,0,0]"
CSI_DATA,23952,80:af:ca:27:52:2a,-55,11,1,2,1,1,1,0,0,0,0,-97,0,11,2,322155660,0,83,1,128,0,"[0,0,0,0,0,0,0,0,0,0,0,0,-1,2,-2,4,-4,5,-5,6,-7,7,-7,7,-7,7,-7,7,-7,7,-7,7,-6,5,-4,4,-3,3,-2,2,-1,0,0,-1,0,-2,2,-4,2,-5,3,-7,4,-7,4,-8,4,-9,4,-9,4,-9,4,-8,0,0,2,-7,2,-4,0,-3,0,-2,0,0,-2,1,-2,2,-3,4,-3,5,-4,6,-4,7,-4,7,-4,7,-4,7,-4,7,-3,5,-2,4,-2,4,-2,2,0,1,0,0,0,0,1,-1,2,-2,2,-3,3,-3,0,0,0,0,0,0,0,0,0,0]"
CSI_DATA,23953,80:af:ca:27:52:2a,-55,11,1,0,1,1,1,0,0,0,0,-97,0,11,2,322164083,0,83,1,128,0,"[0,0,0,0,0,0,0,0,0,0,0,0,1,-8,1,-7,1,-6,1,-5,1,-4,1,-3,0,-1,0,0,0,2,0,3,0,4,0,6,0,6,0,7,0,7,0,7,0,7,0,6,0,6,0,4,0,3,0,2,0,0,0,0,0,-2,-1,-3,0,0,-1,-6,-1,-6,-1,-7,-2,-7,-2,-7,-1,-7,-2,-7,-1,-6,-1,-5,-1,-4,-1,-2,-1,-1,-1,0,0,1,0,2,0,3,0,4,0,4,0,5,0,5,0,5,0,5,0,4,0,4,0,3,0,3,0,0,0,0,0,0,0,0,0,0]"
CSI_DATA,23954,80:af:ca:27:52:2a,-55,11,1,0,1,1,1,0,0,0,0,-97,0,11,2,322202725,0,83,1,128,0,"[0,0,0,0,0,0,0,0,0,0,0,0,-8,4,-7,4,-7,3,-6,2,-4,1,-3,1,-1,0,0,-1,1,-1,2,-2,4,-3,5,-4,5,-4,6,-5,6,-5,6,-5,6,-5,5,-5,5,-4,4,-3,3,-3,2,-2,1,-1,0,0,-1,0,-2,2,0,0,-4,3,-5,4,-5,5,-6,5,-6,5,-6,5,-5,5,-5,4,-4,4,-3,3,-2,2,-1,1,0,0,0,0,1,-1,2,-2,3,-2,3,-3,4,-3,4,-3,4,-3,4,-3,4,-3,3,-3,3,-2,2,-2,0,0,0,0,0,0,0,0,0,0]"
CSI_DATA,23955,80:af:ca:27:52:2a,-54,11,1,0,1,1,1,0,0,0,0,-97,0,11,2,322211175,0,83,1,128,0,"[0,0,0,0,0,0,0,0,0,0,0,0,-3,-2,-5,-4,-5,-6,-6,-8,-6,-8,-6,-9,-6,-10,-6,-9,-5,-9,-5,-8,-4,-8,-4,-6,-2,-5,-2,-2,0,0,0,0,0,2,2,4,2,5,2,7,3,8,4,8,4,8,5,8,4,8,4,8,0,0,2,5,2,4,2,2,1,0,0,0,0,-2,0,-4,0,-5,-1,-8,-1,-8,-2,-9,-2,-9,-1,-9,-1,-9,-1,-8,-1,-8,-1,-7,-1,-5,-1,-4,-1,-2,-1,-1,-1,0,-1,1,-2,2,-2,3,-2,4,0,0,0,0,0,0,0,0,0,0]"
CSI_DATA,23956,80:af:ca:27:52:2a,-55,11,1,0,1,1,1,0,0,0,0,-97,0,11,2,322227934,0,83,1,128,0,"[0,0,0,0,0,0,0,0,0,0,0,0,-4,0,-6,-2,-8,-2,-10,-4,-11,-4,-11,-4,-12,-5,-12,-4,-11,-5,-11,-4,-9,-4,-8,-4,-6,-3,-4,-2,-1,-1,0,-1,2,0,4,0,6,0,8,0,9,0,11,0,11,0,12,0,11,0,11,0,0,0,8,0,6,0,4,0,2,0,0,0,-2,0,-4,0,-6,0,-8,0,-9,0,-11,0,-11,0,-11,0,-11,0,-10,0,-9,0,-8,0,-6,0,-4,0,-2,0,-1,0,0,0,2,0,3,0,4,0,5,0,0,0,0,0,0,0,0,0,0,0]"
CSI_DATA,23957,80:af:ca:27:52:2a,-55,11,1,0,1,1,1,0,0,0,0,-97,0,11,2,322250988,0,83,1,128,0,"[0,0,0,0,0,0,0,0,0,0,0,0,4,-6,4,-5,3,-5,3,-4,2,-3,1,-1,0,0,0,0,0,1,-1,2,-2,3,-2,4,-3,5,-3,5,-3,5,-3,6,-3,6,-3,5,-2,5,-2,4,-1,3,-1,1,0,0,0,0,0,-1,0,-3,0,0,1,-5,1,-6,1,-6,2,-7,2,-7,2,-7,1,-6,1,-5,1,-5,0,-4,0,-2,0,-1,0,0,0,0,-1,1,-1,2,-2,3,-2,3,-2,4,-2,4,-2,4,-2,4,-2,4,-2,3,-1,3,-1,2,0,0,0,0,0,0,0,0,0,0]"
CSI_DATA,23958,80:af:ca:27:52:2a,-54,11,1,0,1,1,1,0,0,0,0,-97,0,11,2,322259584,0,83,1,128,0,"[0,0,0,0,0,0,0,0,0,0,0,0,6,-5,6,-5,5,-4,4,-3,3,-2,2,-1,1,0,0,0,-1,1,-2,2,-3,3,-4,4,-5,4,-5,5,-5,5,-5,5,-5,5,-5,5,-4,4,-4,3,-3,2,-2,2,-1,0,0,0,1,-1,1,-2,0,0,3,-4,3,-5,4,-6,4,-6,4,-6,4,-6,4,-6,3,-5,2,-4,2,-3,1,-3,0,-2,0,-1,-1,0,-2,1,-2,2,-3,2,-3,3,-4,3,-4,3,-4,3,-4,3,-3,3,-3,3,-3,2,-2,2,0,0,0,0,0,0,0,0,0,0]"
CSI_DATA,23959,80:af:ca:27:52:2a,-55,11,1,0,1,1,1,0,0,0,0,-97,0,11,2,322278221,0,83,1,128,0,"[0,0,0,0,0,0,0,0,0,0,0,0,-9,-6,-8,-5,-7,-4,-6,-4,-4,-3,-2,-2,0,-1,1,0,2,1,4,2,6,3,7,4,7,4,8,5,8,5,8,5,8,4,7,4,6,3,5,3,3,2,2,1,1,0,0,-1,-2,-2,-3,-2,0,0,-6,-4,-7,-5,-7,-6,-8,-6,-8,-6,-8,-6,-7,-6,-6,-4,-6,-4,-4,-3,-3,-2,-2,-1,-1,0,0,1,1,2,1,3,2,4,3,4,3,5,3,6,3,6,3,6,3,5,3,4,2,4,2,3,0,0,0,0,0,0,0,0,0,0]"
CSI_DATA,23960,80:af:ca:27:52:2a,-55,11,1,0,1,1,1,0,0,0,0,-97,0,11,2,322294295,0,83,1,128,0,"[0,0,0,0,0,0,0,0,0,0,0,0,0,8,0,8,0,7,-1,6,-1,4,-1,3,-1,1,-1,0,-1,-2,-1,-3,-1,-5,-2,-6,-2,-7,-2,-7,-2,-8,-2,-8,-3,-8,-2,-7,-2,-6,-2,-5,-1,-4,-1,-3,0,-1,0,0,1,1,1,2,0,0,2,5,3,5,3,6,4,6,4,6,4,6,3,6,3,5,3,4,2,3,1,2,1,1,0,0,0,-1,-1,-2,-2,-3,-2,-4,-3,-5,-3,-5,-3,-5,-3,-5,-3,-5,-3,-5,-3,-4,-2,-4,-2,-3,0,0,0,0,0,0,0,0,0,0]"
CSI_DATA,23961,80:af:ca:27:52:2a,-54,11,1,0,1,1,1,0,0,0,0,-97,0,11,2,322303810,0,83,1,128,0,"[0,0,0,0,0,0,0,0,0,0,0,0,-8,4,-7,3,-6,3,-6,2,-4,1,-3,0,-1,0,0,-1,1,-2,2,-3,3,-5,5,-5,5,-6,5,-6,6,-6,6,-7,5,-6,5,-6,4,-5,3,-4,2,-3,1,-2,0,-1,0,0,-1,1,-2,3,0,0,-3,5,-4,6,-5,7,-5,7,-5,7,-5,7,-4,6,-3,6,-3,5,-2,3,-1,2,0,1,0,0,1,-1,1,-2,2,-3,2,-4,3,-5,3,-5,3,-6,3,-6,3,-5,3,-5,2,-5,2,-3,1,-3,0,0,0,0,0,0,0,0,0,0]"
CSI_DATA,23962,80:af:ca:27:52:2a,-55,11,1,0,1,1,1,0,0,0,0,-97,0,11,2,322311577,0,83,1,128,0,"[0,0,0,0,0,0,0,0,0,0,0,0,-4,-2,-5,-4,-6,-6,-6,-8,-7,-8,-7,-10,-7,-10,-7,-10,-6,-10,-6,-8,-5,-8,-4,-7,-3,-5,-2,-3,0,-1,0,0,2,2,3,3,4,5,5,6,6,7,6,8,6,8,7,8,7,8,6,7,0,0,5,5,4,4,2,2,1,0,0,-1,-1,-2,-2,-4,-3,-6,-4,-7,-5,-8,-6,-9,-6,-9,-6,-9,-6,-9,-5,-8,-5,-8,-4,-6,-4,-5,-2,-3,-2,-2,-1,0,-1,1,0,2,0,4,0,4,0,6,0,0,0,0,0,0,0,0,0,0]"
CSI_DATA,23963,80:af:ca:27:52:2a,-55,11,1,0,1,1,1,0,0,0,0,-97,0,11,2,322321202,0,83,1,128,0,"[0,0,0,0,0,0,0,0,0,0,0,0,0,-4,1,-6,2,-8,4,-9,4,-10,5,-10,6,-11,6,-10,6,-10,5,-10,5,-8,4,-7,3,-5,2,-4,0,-2,0,0,-1,2,-2,4,-4,6,-4,7,-5,8,-6,9,-6,10,-6,10,-6,10,-5,9,0,0,-4,7,-3,5,-2,4,-1,2,0,0,1,-2,2,-3,4,-4,5,-6,5,-7,6,-8,6,-8,6,-8,6,-8,6,-7,5,-6,4,-6,3,-5,2,-4,0,-2,0,-1,-1,0,-2,0,-4,1,-5,1,-5,2,0,0,0,0,0,0,0,0,0,0]"
CSI_DATA,23964,80:af:ca:27:52:2a,-55,11,1,2,1,1,1,0,0,0,0,-97,0,11,2,322332335,0,83,1,128,0,"[0,0,0,0,0,0,0,0,0,0,0,0,-1,2,-3,3,-5,4,-6,6,-7,6,-8,7,-9,7,-9,7,-9,6,-8,6,-7,6,-6,5,-5,3,-3,2,-1,0,0,0,1,-2,2,-3,3,-4,5,-6,6,-6,6,-7,6,-8,6,-8,6,-8,6,-7,0,0,4,-6,3,-5,2,-3,0,-2,0,-1,-2,0,-3,1,-4,2,-5,3,-6,4,-6,5,-7,5,-7,5,-7,5,-6,4,-6,4,-5,3,-4,3,-3,2,-2,1,0,0,0,0,1,0,2,0,3,-1,4,-1,0,0,0,0,0,0,0,0,0,0]"
CSI_DATA,23965,80:af:ca:27:52:2a,-55,11,1,0,1,1,1,0,0,0,0,-97,0,11,2,322340214,0,83,1,128,0,"[0,0,0,0,0,0,0,0,0,0,0,0,-1,3,-2,5,-3,6,-4,7,-4,8,-5,8,-6,8,-5,8,-6,8,-5,7,-5,6,-4,5,-2,3,-2,2,0,0,0,-1,1,-2,2,-4,4,-5,4,-6,5,-6,6,-7,6,-7,6,-8,6,-7,5,-7,0,0,4,-5,3,-4,1,-3,0,-2,-1,0,-2,0,-4,0,-5,2,-6,2,-7,2,-8,3,-8,3,-8,3,-8,3,-7,2,-6,2,-6,2,-4,2,-3,1,-2,1,0,0,0,0,2,0,3,0,4,0,4,0,0,0,0,0,0,0,0,0,0,0]"
CSI_DATA,23966,80:af:ca:27:52:2a,-54,11,1,2,1,1,1,0,0,0,0,-97,0,11,2,322347070,0,83,1,128,0,"[0,0,0,0,0,0,0,0,0,0,0,0,-2,2,-4,3,-6,5,-8,5,-9,5,-9,5,-10,5,-10,5,-9,5,-9,5,-8,4,-6,2,-5,2,-3,0,-1,0,0,-1,1,-2,3,-3,5,-4,6,-5,7,-5,8,-6,8,-7,8,-7,8,-6,7,-6,0,0,5,-5,4,-4,2,-2,1,-2,-1,0,-2,0,-4,1,-5,2,-6,2,-8,3,-8,3,-8,4,-8,3,-8,3,-8,3,-7,3,-5,2,-5,2,-3,1,-2,1,0,0,0,0,2,0,3,0,4,0,5,0,0,0,0,0,0,0,0,0,0,0]"
CSI_DATA,23967,80:af:ca:27:52:2a,-55,11,1,0,1,1,1,0,0,0,0,-97,0,11,2,322354969,0,83,1,128,0,"[0,0,0,0,0,0,0,0,0,0,0,0,0,3,0,5,0,8,0,9,-1,11,-1,11,-1,12,-1,11,-1,11,-1,11,-2,9,-1,8,0,6,0,4,0,1,0,0,0,-3,0,-5,0,-6,-1,-8,-1,-10,-1,-11,-1,-11,-1,-12,-1,-12,-1,-11,0,0,-1,-8,-1,-6,-1,-4,-1,-2,0,0,0,2,0,4,0,5,0,7,0,8,0,9,0,10,0,10,0,9,0,9,0,8,0,6,0,5,0,3,0,2,0,0,0,-1,0,-2,0,-4,1,-5,1,-6,0,0,0,0,0,0,0,0,0,0]"
CSI_DATA,23968,80:af:ca:27:52:2a,-55,11,1,0,1,1,1,0,0,0,0,-97,0,11,2,322362255,0,83,1,128,0,"[0,0,0,0,0,0,0,0,0,0,0,0,7,2,7,2,6,2,5,2,3,2,2,1,0,1,-1,0,-2,0,-4,0,-5,0,-6,-1,-7,-1,-7,-1,-8,-1,-8,-1,-8,0,-7,0,-6,0,-5,0,-4,0,-3,0,-1,0,0,0,1,0,3,-1,0,0,5,-1,6,-1,7,-1,7,-2,7,-1,7,-1,6,-1,5,-1,5,-1,3,-1,2,-1,1,-1,0,0,-1,0,-2,0,-4,0,-4,0,-5,0,-5,0,-5,0,-6,0,-5,0,-5,0,-5,0,-4,0,-3,0,0,0,0,0,0,0,0,0,0,0]"
CSI_DATA,23969,80:af:ca:27:52:2a,-56,11,1,0,1,1,1,0,0,0,0,-97,0,11,2,322371294,0,83,1,128,0,"[0,0,0,0,0,0,0,0,0,0,0,0,-2,2,-4,2,-6,3,-7,3,-8,4,-9,4,-10,4,-9,4,-9,4,-8,4,-8,3,-6,2,-5,2,-4,0,-2,0,0,-1,0,-2,2,-4,2,-5,4,-6,4,-7,4,-8,5,-8,4,-9,4,-8,4,-8,0,0,2,-6,2,-5,1,-3,0,-2,0,0,-1,1,-2,3,-2,4,-2,6,-2,7,-2,8,-2,8,-2,8,-2,8,-2,8,-2,6,-1,6,0,4,0,3,0,2,0,0,0,0,0,-2,0,-4,1,-4,1,-5,0,0,0,0,0,0,0,0,0,0]"
CSI_DATA,23970,80:af:ca:27:52:2a,-56,11,1,0,1,1,1,0,0,0,0,-97,0,11,2,322380435,0,83,1,128,0,"[0,0,0,0,0,0,0,0,0,0,0,0,7,0,6,0,6,0,4,0,3,0,2,0,0,0,0,0,-2,0,-3,0,-4,0,-5,0,-6,0,-7,0,-7,0,-8,0,-7,0,-7,0,-6,0,-5,0,-4,0,-3,0,-1,0,0,0,1,0,2,0,0,0,4,0,6,0,6,0,7,-1,7,0,7,0,6,0,5,0,5,-1,4,0,2,0,1,0,0,0,0,0,-2,0,-3,0,-4,0,-4,0,-5,0,-5,0,-5,0,-5,-1,-5,-1,-4,0,-4,0,-3,0,0,0,0,0,0,0,0,0,0,0]"
CSI_DATA,23971,80:af:ca:27:52:2a,-55,11,1,0,1,1,1,0,0,0,0,-97,0,11,2,322398539,0,83,1,128,0,"[0,0,0,0,0,0,0,0,0,0,0,0,2,1,3,2,5,4,5,6,5,7,6,8,7,8,7,8,6,8,5,8,5,7,4,6,3,4,2,2,0,1,0,0,-2,-1,-3,-2,-4,-4,-5,-5,-6,-6,-7,-7,-7,-7,-8,-8,-8,-8,-8,-7,0,0,-5,-5,-5,-4,-3,-3,-2,-1,0,0,0,0,1,2,2,3,3,5,5,5,5,6,5,6,5,6,5,6,5,5,4,5,4,4,3,3,2,2,1,0,0,0,0,-1,0,-2,-1,-3,-1,-4,-2,-5,0,0,0,0,0,0,0,0,0,0]"
CSI_DATA,23972,80:af:ca:27:52:2a,-55,11,1,0,1,1,1,0,0,0,0,-97,0,11,2,322411905,0,83,1,128,0,"[0,0,0,0,0,0,0,0,0,0,0,0,4,-10,3,-9,3,-8,3,-6,2,-4,1,-2,1,-1,0,1,-1,3,-1,4,-2,6,-3,8,-3,8,-3,9,-3,9,-3,10,-3,9,-2,8,-2,7,-2,6,-1,4,-1,2,0,1,0,0,0,-2,1,-4,0,0,1,-7,2,-9,2,-9,2,-10,2,-9,2,-9,2,-9,1,-8,1,-7,0,-5,0,-4,0,-2,-1,0,-1,1,-2,2,-2,3,-2,4,-2,6,-3,6,-3,6,-3,6,-3,6,-3,6,-2,5,-2,4,-2,3,0,0,0,0,0,0,0,0,0,0]"
CSI_DATA,23973,80:af:ca:27:52:2a,-55,11,1,0,1,1,1,0,0,0,0,-97,0,11,2,322433422,0,83,1,128,0,"[0,0,0,0,0,0,0,0,0,0,0,0,10,2,9,2,8,1,6,2,4,1,3,1,1,1,-1,0,-3,0,-4,0,-6,0,-8,0,-9,0,-10,0,-10,0,-11,0,-10,0,-9,0,-8,0,-7,0,-5,0,-3,0,-1,0,0,0,2,0,3,-1,0,0,6,-1,8,-2,9,-2,10,-2,10,-2,9,-2,9,-2,7,-2,6,-2,5,-2,3,-1,1,-1,0,-1,-2,0,-3,0,-4,0,-6,0,-6,0,-7,0,-7,1,-7,0,-7,0,-7,0,-6,0,-5,0,-4,0,0,0,0,0,0,0,0,0,0,0]"
CSI_DATA,23974,80:af:ca:27:52:2a,-55,11,1,0,1,1,1,0,0,0,0,-97,0,11,2,322441438,0,83,1,128,0,"[0,0,0,0,0,0,0,0,0,0,0,0,2,-9,2,-8,2,-8,2,-6,1,-4,1,-2,0,-1,0,0,0,2,-1,4,-1,6,-2,7,-2,8,-2,8,-2,8,-2,9,-2,8,-2,8,-2,7,-1,6,-1,4,-1,2,0,1,0,-1,0,-2,1,-4,0,0,2,-7,2,-8,2,-9,2,-9,2,-9,2,-9,2,-8,2,-7,1,-6,1,-5,0,-3,0,-2,-1,0,-1,0,-2,1,-3,3,-3,4,-4,4,-4,5,-4,5,-4,5,-4,5,-4,4,-4,4,-3,3,-2,3,0,0,0,0,0,0,0,0,0,0]"
CSI_DATA,23975,80:af:ca:27:52:2a,-55,11,1,0,1,1,1,0,0,0,0,-97,0,11,2,322450074,0,83,1,128,0,"[0,0,0,0,0,0,0,0,0,0,0,0,0,2,-1,4,-2,5,-3,7,-4,8,-4,8,-4,9,-4,9,-4,9,-4,8,-4,7,-3,6,-2,4,-2,2,-1,1,-1,0,0,-2,0,-4,0,-5,0,-7,0,-8,0,-9,0,-9,0,-10,0,-10,0,-9,0,0,0,-7,0,-6,0,-4,0,-2,0,0,0,1,0,2,0,4,0,6,0,7,0,8,0,8,0,8,0,8,0,7,0,7,0,6,0,4,0,3,0,2,0,0,0,0,0,-2,0,-3,0,-4,0,-4,0,0,0,0,0,0,0,0,0,0]"
CSI_DATA,23976,80:af:ca:27:52:2a,-55,11,1,0,1,1,1,0,0,0,0,-97,0,11,2,322465986,0,83,1,128,0,"[0,0,0,0,0,0,0,0,0,0,0,0,0,3,0,5,-1,7,-2,9,-2,11,-2,11,-3,12,-3,11,-3,11,-2,10,-3,9,-2,8,-2,6,-1,4,0,1,0,-1,0,-3,0,-5,0,-6,0,-8,0,-10,1,-11,1,-11,0,-12,1,-12,0,-11,0,0,0,-8,0,-6,0,-4,0,-2,0,0,-1,1,-2,3,-2,5,-2,6,-2,8,-2,9,-2,9,-2,9,-2,9,-2,8,-2,8,-2,6,-1,5,-1,4,0,2,0,0,0,0,1,-2,2,-3,2,-4,2,-4,0,0,0,0,0,0,0,0,0,0]"
CSI_DATA,23977,80:af:ca:27:52:2a,-55,11,1,0,1,1,1,0,0,0,0,-97,0,11,2,322494010,0,83,1,128,0,"[0,0,0,0,0,0,0,0,0,0,0,0,5,-5,5,-4,4,-4,4,-3,3,-2,2,-1,0,0,0,0,0,1,-1,2,-2,3,-3,4,-3,5,-4,5,-4,5,-4,6,-4,6,-3,5,-3,5,-2,4,-2,3,-1,1,0,0,0,0,0,-1,0,-3,0,0,1,-5,1,-6,1,-6,1,-7,2,-7,2,-7,1,-6,1,-6,1,-5,0,-4,0,-2,0,-1,0,0,0,0,-1,1,-1,2,-1,3,-1,4,-2,4,-1,4,-2,4,-1,4,-1,4,-1,4,-1,3,0,2,0,0,0,0,0,0,0,0,0,0]"
CSI_DATA,23978,80:af:ca:27:52:2a,-55,11,1,0,1,1,1,0,0,0,0,-97,0,11,2,322502018,0,83,1,128,0,"[0,0,0,0,0,0,0,0,0,0,0,0,-1,-7,-1,-7,0,-6,0,-5,0,-4,0,-2,0,-1,0,0,1,1,1,2,2,3,3,4,3,5,3,5,3,5,3,6,3,5,3,4,3,4,2,3,1,2,0,1,0,0,0,0,-1,0,-2,-1,0,0,-4,-3,-5,-3,-6,-4,-6,-4,-6,-4,-6,-4,-6,-3,-5,-3,-4,-2,-3,-1,-2,-1,-1,0,0,0,0,0,1,0,2,1,3,1,4,1,4,2,4,2,4,2,4,1,4,1,3,1,3,1,2,0,0,0,0,0,0,0,0,0,0,0]"
CSI_DATA,23979,80:af:ca:27:52:2a,-55,11,1,0,1,1,1,0,0,0,0,-97,0,11,2,322510681,0,83,1,128,0,"[0,0,0,0,0,0,0,0,0,0,0,0,-2,7,-2,6,-2,5,-2,4,-2,3,-1,1,0,0,0,0,0,-2,0,-3,0,-5,0,-6,0,-7,0,-7,0,-7,0,-8,0,-7,0,-7,0,-6,0,-5,0,-4,0,-2,0,-1,0,0,0,1,0,2,0,0,0,5,0,6,0,7,0,7,0,7,0,7,0,7,0,6,0,5,0,4,0,2,0,1,0,0,0,0,0,-2,0,-3,0,-4,0,-5,0,-5,0,-6,0,-6,0,-6,0,-5,0,-5,0,-4,0,-3,0,0,0,0,0,0,0,0,0,0]"
CSI_DATA,23980,80:af:ca:27:52:2a,-55,11,1,0,1,1,1,0,0,0,0,-97,0,11,2,322520383,0,83,1,128,0,"[0,0,0,0,0,0,0,0,0,0,0,0,0,3,0,5,-2,8,-3,10,-3,11,-4,11,-4,12,-4,12,-5,11,-4,10,-4,10,-3,8,-2,5,-2,3,-1,1,0,-1,0,-3,0,-5,0,-7,0,-9,1,-10,1,-11,1,-12,0,-13,0,-13,0,-11,0,0,0,-9,0,-7,0,-5,0,-2,0,0,-1,2,-1,4,-1,5,-2,8,-1,9,-1,10,-2,10,-2,10,-2,10,-1,9,-1,8,-1,7,0,5,0,3,0,2,0,0,0,0,1,-2,1,-4,2,-5,2,-5,0,0,0,0,0,0,0,0,0,0]"
CSI_DATA,23981,80:af:ca:27:52:2a,-54,11,1,2,1,1,1,0,0,0,0,-97,0,11,2,322528259,0,83,1,128,0,"[0,0,0,0,0,0,0,0,0,0,0,0,-2,-3,-3,-5,-3,-7,-4,-9,-4,-10,-4,-11,-4,-12,-4,-12,-3,-12,-3,-11,-3,-9,-2,-8,-1,-6,-1,-4,0,-2,0,0,0,1,0,4,1,5,2,7,2,8,3,9,3,10,3,10,3,9,3,8,0,0,2,7,1,5,1,3,0,1,0,0,0,-2,0,-4,0,-5,-1,-7,-1,-8,-1,-9,-1,-9,-1,-9,-1,-9,-1,-8,-1,-8,-1,-7,-1,-5,-1,-4,-1,-2,0,-1,-1,0,0,1,-1,3,-1,4,-1,4,0,0,0,0,0,0,0,0,0,0]"
CSI_DATA,23982,80:af:ca:27:52:2a,-55,11,1,0,1,1,1,0,0,0,0,-97,0,11,2,322544384,0,83,1,128,0,"[0,0,0,0,0,0,0,0,0,0,0,0,-1,3,-2,4,-4,6,-5,7,-6,7,-6,8,-6,8,-6,8,-6,7,-6,7,-5,6,-4,5,-3,3,-2,2,-1,0,0,-1,0,-3,1,-4,2,-6,2,-7,3,-8,4,-8,3,-9,3,-9,3,-9,2,-8,0,0,2,-6,1,-5,0,-4,0,-2,0,0,-1,1,-2,3,-2,4,-3,6,-3,6,-3,7,-4,7,-3,7,-3,7,-3,6,-3,6,-2,5,-2,4,-1,2,0,1,0,0,0,0,1,-2,2,-2,2,-4,2,-4,0,0,0,0,0,0,0,0,0,0]"
CSI_DATA,23983,80:af:ca:27:52:2a,-55,11,1,0,1,1,1,0,0,0,0,-97,0,11,2,322554552,0,83,1,128,0,"[0,0,0,0,0,0,0,0,0,0,0,0,2,1,2,3,3,5,4,6,4,7,4,8,4,9,4,8,4,8,4,8,3,7,3,6,2,4,1,3,0,1,-1,0,-2,-2,-3,-3,-4,-4,-4,-6,-5,-6,-6,-7,-6,-7,-7,-7,-7,-8,-6,-7,0,0,-5,-5,-4,-4,-3,-3,-2,-1,0,0,0,1,2,2,3,4,4,4,4,5,6,6,5,6,5,6,6,6,5,6,4,5,4,4,3,3,2,2,1,0,0,0,0,-1,-1,-2,-2,-3,-2,-4,-2,-4,0,0,0,0,0,0,0,0,0,0]"
CSI_DATA,23984,80:af:ca:27:52:2a,-55,11,1,0,1,1,1,0,0,0,0,-97,0,11,2,322561358,0,83,1,128,0,"[0,0,0,0,0,0,0,0,0,0,0,0,-2,1,-5,2,-8,2,-10,2,-12,2,-12,2,-13,2,-12,2,-12,2,-12,2,-11,1,-9,1,-7,0,-4,0,-2,0,0,-1,2,-2,4,-2,5,-3,7,-4,9,-4,9,-5,10,-5,11,-6,11,-5,9,-5,0,0,7,-4,5,-3,3,-2,2,-2,0,0,-2,0,-4,1,-6,2,-7,3,-9,4,-9,4,-10,4,-10,4,-9,4,-9,4,-8,4,-7,3,-5,2,-4,2,-2,1,0,0,0,0,2,0,3,-1,4,-1,5,-1,0,0,0,0,0,0,0,0,0,0]"
CSI_DATA,23985,80:af:ca:27:52:2a,-55,11,1,0,1,1,1,0,0,0,0,-97,0,11,2,322570620,0,83,1,128,0,"[0,0,0,0,0,0,0,0,0,0,0,0,2,1,2,3,3,5,4,7,4,8,5,8,5,9,5,8,4,8,4,8,3,7,2,6,2,4,0,2,0,0,0,0,-2,-2,-3,-3,-4,-5,-5,-6,-5,-7,-6,-8,-6,-8,-7,-8,-6,-8,-6,-8,0,0,-5,-5,-4,-4,-2,-2,-2,-1,0,0,0,1,1,2,2,4,3,5,4,6,4,7,4,7,4,7,5,7,4,6,4,5,3,5,2,3,2,2,1,1,0,0,0,-1,0,-2,0,-3,0,-5,-1,-5,0,0,0,0,0,0,0,0,0,0]"
CSI_DATA,23986,80:af:ca:27:52:2a,-55,11,1,0,1,1,1,0,0,0,0,-97,0,11,2,322578560,0,83,1,128,0,"[0,0,0,0,0,0,0,0,0,0,0,0,5,6,4,5,4,5,3,4,1,3,1,2,0,0,0,0,-2,0,-3,-1,-4,-3,-5,-3,-5,-4,-6,-4,-6,-4,-6,-4,-6,-4,-6,-3,-5,-3,-4,-3,-3,-2,-2,-1,-1,0,0,0,1,0,2,0,0,0,4,1,5,2,6,2,7,2,6,2,6,2,6,2,5,1,4,1,3,0,2,0,1,0,0,0,0,0,-1,-1,-3,-1,-4,-2,-4,-2,-5,-2,-5,-2,-5,-2,-5,-2,-5,-2,-4,-1,-3,-1,-3,-1,0,0,0,0,0,0,0,0,0,0]"
CSI_DATA,23987,80:af:ca:27:52:2a,-55,11,1,0,1,1,1,0,0,0,0,-97,0,11,2,322590619,0,83,1,128,0,"[0,0,0,0,0,0,0,0,0,0,0,0,3,8,3,7,2,6,1,5,1,4,0,3,0,1,-1,0,-2,-1,-2,-3,-3,-4,-4,-5,-4,-6,-5,-7,-4,-7,-5,-7,-5,-6,-5,-6,-4,-5,-3,-5,-3,-3,-2,-2,-1,-1,0,0,1,1,2,1,0,0,4,3,4,4,5,4,5,5,5,5,5,5,5,4,4,4,4,3,3,2,2,1,1,0,0,0,0,-1,-1,-2,-2,-2,-3,-3,-3,-3,-4,-4,-4,-4,-4,-4,-4,-4,-4,-4,-3,-3,-3,-3,-2,-2,0,0,0,0,0,0,0,0,0,0]"
CSI_DATA,23988,80:af:ca:27:52:2a,-55,11,1,0,1,1,1,0,0,0,0,-97,0,11,2,322599403,0,83,1,128,0,"[0,0,0,0,0,0,0,0,0,0,0,0,-1,-9,-1,-8,0,-7,0,-6,0,-4,0,-2,0,-1,0,0,0,2,0,3,0,5,0,6,0,7,0,7,0,8,0,8,0,8,0,7,0,6,0,4,0,3,0,2,0,0,0,0,0,-2,0,-3,0,0,0,-6,0,-7,0,-8,0,-8,0,-8,0,-8,0,-7,0,-6,0,-6,0,-4,0,-3,-1,-2,-1,0,-1,0,-1,1,-2,2,-2,3,-2,4,-2,4,-2,4,-2,4,-2,4,-2,4,-2,4,-2,3,-1,2,0,0,0,0,0,0,0,0,0,0]"
CSI_DATA,23989,80:af:ca:27:52:2a,-55,11,1,0,1,1,1,0,0,0,0,-97,0,11,2,322620332,0,83,1,128,0,"[0,0,0,0,0,0,0,0,0,0,0,0,0,-8,0,-7,0,-7,0,-5,0,-4,0,-2,0,-1,0,0,0,1,0,2,0,4,1,5,1,6,1,7,1,7,1,7,1,7,1,6,1,5,1,4,0,3,0,2,0,0,0,0,0,-1,-1,-3,0,0,-2,-5,-2,-6,-2,-7,-3,-7,-2,-7,-2,-7,-2,-6,-2,-6,-2,-5,-2,-4,-1,-2,0,-1,0,0,0,0,0,1,0,3,0,4,0,4,0,5,0,5,0,5,0,5,0,5,0,4,0,3,0,3,0,0,0,0,0,0,0,0,0,0]"
CSI_DATA,23990,80:af:ca:27:52:2a,-55,11,1,0,1,1,1,0,0,0,0,-97,0,11,2,322647307,0,83,1,128,0,"[0,0,0,0,0,0,0,0,0,0,0,0,8,0,7,0,6,0,5,1,4,0,2,0,1,0,0,0,-2,0,-3,0,-5,0,-6,0,-7,0,-7,0,-8,0,-8,0,-7,0,-7,0,-6,0,-5,0,-4,0,-3,0,-1,0,0,0,1,0,3,0,0,0,5,0,6,-1,7,-1,7,-1,7,0,7,0,7,0,6,-1,5,-1,4,0,2,-1,1,0,0,0,-1,-1,-2,-1,-3,-1,-4,-1,-5,-1,-5,-1,-5,-1,-6,-1,-5,-1,-5,-1,-5,-1,-4,-1,-3,0,0,0,0,0,0,0,0,0,0,0]"
CSI_DATA,23991,80:af:ca:27:52:2a,-55,11,1,0,1,1,1,0,0,0,0,-97,0,11,2,322654367,0,83,1,128,0,"[0,0,0,0,0,0,0,0,0,0,0,0,-4,0,-6,-2,-8,-3,-9,-5,-12,-6,-12,-7,-13,-7,-13,-7,-12,-7,-12,-6,-10,-6,-9,-4,-7,-4,-4,-3,-2,-2,0,-1,2,0,4,0,7,0,9,1,10,1,12,1,12,1,13,1,13,1,12,0,0,0,9,0,7,0,4,0,2,0,0,0,-2,0,-4,0,-7,0,-9,0,-10,0,-11,0,-12,0,-12,0,-12,0,-10,0,-9,0,-8,0,-7,0,-4,0,-2,0,-1,0,0,0,2,0,4,0,4,0,5,0,0,0,0,0,0,0,0,0,0,0]"
CSI_DATA,23992,80:af:ca:27:52:2a,-55,11,1,0,1,1,1,0,0,0,0,-97,0,11,2,322662734,0,83,1,128,0,"[0,0,0,0,0,0,0,0,0,0,0,0,-1,-3,0,-5,0,-7,0,-9,0,-9,0,-10,0,-11,0,-11,0,-10,0,-10,1,-9,0,-7,0,-5,0,-4,0,-2,0,0,0,2,0,3,0,5,0,7,0,8,0,9,0,9,1,9,0,9,1,9,0,0,0,7,0,4,0,3,0,1,0,0,0,-2,0,-4,0,-5,-1,-7,-1,-8,-1,-9,-1,-9,-1,-9,-1,-9,-2,-8,-2,-7,-2,-7,-1,-4,-1,-3,-1,-2,0,0,-1,0,0,1,0,2,-1,3,0,4,0,0,0,0,0,0,0,0,0,0]"
CSI_DATA,23993,80:af:ca:27:52:2a,-54,11,1,0,1,1,1,0,0,0,0,-97,0,11,2,322669743,0,83,1,128,0,"[0,0,0,0,0,0,0,0,0,0,0,0,-9,-4,-8,-4,-7,-4,-5,-4,-4,-2,-2,-2,0,-1,1,0,2,0,4,1,5,2,7,2,7,3,8,3,8,3,8,4,8,3,7,2,6,2,5,2,3,1,2,0,0,0,0,0,-2,-1,-4,-2,0,0,-7,-3,-7,-4,-8,-4,-8,-4,-8,-4,-8,-4,-8,-4,-7,-3,-6,-2,-5,-1,-4,-1,-2,0,-1,0,0,1,1,1,2,2,3,3,4,3,4,4,4,4,4,4,4,4,4,4,4,3,3,2,2,2,0,0,0,0,0,0,0,0,0,0]"
CSI_DATA,23994,80:af:ca:27:52:2a,-55,11,1,0,1,1,1,0,0,0,0,-97,0,11,2,322678557,0,83,1,128,0,"[0,0,0,0,0,0,0,0,0,0,0,0,-2,-3,-2,-5,-2,-7,-2,-9,-2,-9,-2,-11,-2,-11,-2,-11,-2,-10,-2,-9,-1,-9,-1,-7,-1,-5,0,-4,0,-1,0,0,0,2,1,3,2,5,2,7,2,7,3,8,3,8,4,9,3,9,3,8,0,0,2,5,2,4,1,2,0,0,0,0,0,-2,-1,-4,-2,-5,-2,-7,-3,-7,-3,-8,-3,-8,-3,-9,-3,-8,-3,-7,-3,-7,-2,-5,-2,-4,-2,-2,-1,-2,0,0,0,0,0,2,0,2,0,4,0,4,0,0,0,0,0,0,0,0,0,0]"
CSI_DATA,23995,80:af:ca:27:52:2a,-54,11,1,0,1,1,1,0,0,0,0,-97,0,11,2,322688037,0,83,1,128,0,"[0,0,0,0,0,0,0,0,0,0,0,0,3,8,2,7,2,7,1,6,0,4,0,2,0,1,-1,0,-2,-2,-2,-3,-3,-5,-4,-6,-4,-7,-4,-7,-4,-7,-4,-8,-4,-7,-4,-6,-4,-6,-3,-4,-2,-3,-1,-2,-1,-1,0,0,1,1,2,2,0,0,3,4,4,5,4,6,5,6,4,6,4,6,4,6,4,4,3,3,2,2,2,1,1,0,0,0,0,-1,-1,-2,-2,-3,-2,-4,-3,-4,-3,-5,-3,-5,-3,-5,-3,-5,-3,-4,-3,-4,-2,-4,-2,-3,0,0,0,0,0,0,0,0,0,0]"
CSI_DATA,23996,80:af:ca:27:52:2a,-55,11,1,0,1,1,1,0,0,0,0,-97,0,11,2,322697561,0,83,1,128,0,"[0,0,0,0,0,0,0,0,0,0,0,0,-5,8,-5,7,-4,6,-4,5,-3,3,-3,2,-2,0,-1,-1,0,-3,0,-5,1,-6,1,-8,1,-8,1,-9,1,-9,1,-10,1,-9,1,-8,1,-7,0,-6,0,-5,0,-3,0,-1,0,0,0,2,0,4,0,0,0,7,1,8,1,8,1,9,1,9,1,9,1,8,1,7,1,6,1,4,1,3,0,1,0,0,0,-2,0,-3,-1,-4,-1,-6,-1,-6,-2,-7,-2,-7,-2,-7,-2,-7,-2,-6,-2,-6,-1,-5,-1,-4,0,0,0,0,0,0,0,0,0,0]"
CSI_DATA,23997,80:af:ca:27:52:2a,-55,11,1,0,1,1,1,0,0,0,0,-97,0,11,2,322712698,0,83,1,128,0,"[0,0,0,0,0,0,0,0,0,0,0,0,-1,-8,-1,-8,0,-7,0,-6,0,-4,0,-3,0,-1,0,0,0,1,0,2,1,4,1,5,1,6,1,6,1,7,2,7,2,7,1,6,1,6,1,4,1,3,0,2,0,0,0,0,0,-1,-1,-2,0,0,-2,-5,-2,-6,-3,-7,-3,-7,-3,-7,-3,-7,-3,-6,-2,-6,-2,-5,-2,-4,-1,-2,-1,-1,0,0,0,0,0,1,0,2,0,3,0,4,0,4,1,5,0,5,0,5,0,4,0,4,0,4,0,3,0,0,0,0,0,0,0,0,0,0]"
CSI_DATA,23998,80:af:ca:27:52:2a,-54,11,1,0,1,1,1,0,0,0,0,-97,0,11,2,322721574,0,83,1,128,0,"[0,0,0,0,0,0,0,0,0,0,0,0,-9,0,-8,1,-7,0,-6,0,-4,0,-3,0,-1,-1,0,-1,1,-1,3,-2,4,-2,6,-3,7,-3,7,-3,7,-3,7,-3,7,-3,6,-3,6,-3,4,-3,3,-2,2,-1,1,0,0,0,-1,1,-2,2,0,0,-4,3,-5,4,-6,4,-6,4,-6,4,-6,4,-5,4,-4,4,-4,3,-3,2,-2,2,-1,1,0,0,0,-1,1,-1,2,-2,3,-3,3,-3,3,-3,3,-4,3,-4,3,-4,3,-3,3,-3,2,-3,1,-2,0,0,0,0,0,0,0,0,0,0]"
CSI_DATA,23999,80:af:ca:27:52:2a,-54,11,1,0,1,1,1,0,0,0,0,-97,0,11,2,322737474,0,83,1,128,0,"[0,0,0,0,0,0,0,0,0,0,0,0,-1,-4,-1,-6,-1,-7,0,-9,0,-10,0,-11,0,-11,0,-11,0,-10,0,-9,0,-9,0,-7,0,-5,0,-3,0,-1,0,0,0,2,0,4,0,6,0,7,0,8,0,9,0,9,0,9,0,9,0,9,0,0,0,7,0,4,0,3,0,1,0,0,0,-2,0,-4,0,-5,1,-7,0,-8,1,-9,1,-9,1,-9,1,-9,1,-8,0,-7,0,-7,0,-5,0,-4,0,-2,0,-1,-1,0,-2,1,-2,2,-2,2,-3,3,0,0,0,0,0,0,0,0,0,0]"
CSI_DATA,24000,80:af:ca:27:52:2a,-55,11,1,0,1,1,1,0,0,0,0,-97,0,11,2,322746814,0,83,1,128,0,"[0,0,0,0,0,0,0,0,0,0,0,0,-4,8,-3,7,-3,6,-3,5,-3,3,-2,1,0,1,-2,-1,2,-3,-2,-3,-2,-4,-1,-5,-1,-5,-1,-6,0,-6,0,-10,-1,-9,0,-6,0,-6,-1,-6,0,-4,-1,-3,0,-1,0,0,0,1,1,3,0,0,2,5,3,6,3,7,3,6,2,7,4,6,3,6,3,4,2,5,2,2,1,1,0,0,0,0,-1,-1,-1,-3,-2,-4,-2,-3,-3,-4,-3,-4,-4,-5,-3,-4,-4,-5,-3,-4,-2,-3,-2,-3,-1,-3,0,0,0,0,0,0,0,0,0,0]"
CSI_DATA,24001,80:af:ca:27:52:2a,-55,11,1,0,1,1,1,0,0,0,0,-97,0,11,2,322755720,0,83,1,128,0,"[0,0,0,0,0,0,0,0,0,0,0,0,-3,0,-4,-1,-7,-2,-8,-4,-9,-4,-9,-4,-10,-5,-10,-4,-10,-5,-9,-4,-8,-4,-7,-4,-5,-3,-4,-2,-2,-1,0,-1,2,0,4,0,5,0,7,0,8,1,9,1,9,1,10,1,10,1,9,0,0,0,7,0,5,0,4,0,2,0,0,0,-2,0,-4,0,-5,0,-7,0,-8,0,-9,0,-9,-1,-9,-1,-9,0,-9,0,-8,0,-7,0,-5,0,-4,0,-2,0,-1,0,0,0,1,0,2,0,4,0,4,0,0,0,0,0,0,0,0,0,0,0]"
CSI_DATA,24002,80:af:ca:27:52:2a,-55,11,1,0,1,1,1,0,0,0,0,-97,0,11,2,322763874,0,83,1,128,0,"[0,0,0,0,0,0,0,0,0,0,0,0,-3,0,-5,-1,-6,-2,-8,-3,-9,-4,-9,-4,-11,-4,-10,-4,-10,-4,-9,-4,-8,-4,-7,-3,-5,-2,-4,-2,-1,-2,0,-1,2,-1,4,0,6,0,7,0,8,0,9,-1,10,0,10,-1,10,-1,9,-1,0,0,6,-1,5,-1,3,-1,2,0,0,0,-2,0,-4,0,-6,0,-7,1,-8,2,-9,2,-9,2,-9,2,-9,2,-8,2,-7,2,-6,2,-4,2,-3,1,-2,0,0,0,0,0,2,0,3,0,4,-1,4,-1,0,0,0,0,0,0,0,0,0,0]"
CSI_DATA,24003,80:af:ca:27:52:2a,-54,11,1,0,1,1,1,0,0,0,0,-97,0,11,2,322782826,0,83,1,128,0,"[0,0,0,0,0,0,0,0,0,0,0,0,3,8,3,7,2,7,1,6,1,4,0,2,0,1,-1,0,-2,-2,-2,-3,-3,-4,-4,-6,-4,-7,-4,-7,-4,-7,-5,-8,-5,-7,-4,-6,-4,-6,-3,-4,-2,-3,-2,-2,-1,-1,0,0,1,1,2,2,0,0,3,4,4,5,5,5,6,6,5,6,5,6,4,5,4,4,3,3,3,2,2,1,1,0,0,0,0,-1,-1,-2,-2,-3,-3,-4,-3,-4,-3,-4,-4,-4,-3,-5,-3,-4,-3,-4,-3,-4,-3,-3,-2,-2,0,0,0,0,0,0,0,0,0,0]"
CSI_DATA,24004,80:af:ca:27:52:2a,-55,11,1,0,1,1,1,0,0,0,0,-97,0,11,2,322790338,0,83,1,128,0,"[0,0,0,0,0,0,0,0,0,0,0,0,0,3,0,6,-2,8,-3,10,-3,12,-4,12,-4,13,-4,13,-5,13,-4,12,-4,10,-3,9,-3,6,-2,4,-1,1,0,0,0,-3,0,-5,0,-7,1,-10,1,-11,1,-12,2,-13,1,-13,2,-13,1,-12,0,0,0,-10,0,-7,0,-5,0,-3,0,0,-1,1,-1,3,-2,6,-2,7,-2,9,-2,10,-3,10,-3,10,-3,10,-2,10,-2,9,-1,7,0,6,0,4,0,2,0,0,0,0,1,-2,1,-3,2,-4,3,-5,0,0,0,0,0,0,0,0,0,0]"
CSI_DATA,24005,80:af:ca:27:52:2a,-54,11,1,0,1,1,1,0,0,0,0,-97,0,11,2,322798489,0,83,1,128,0,"[0,0,0,0,0,0,0,0,0,0,0,0,-4,0,-6,-1,-7,-2,-9,-3,-9,-3,-10,-4,-10,-4,-10,-4,-9,-4,-9,-4,-7,-4,-7,-3,-4,-2,-2,-2,-1,0,0,0,2,1,3,2,4,2,6,3,7,4,7,4,8,4,8,4,8,4,7,4,0,0,5,3,4,2,2,1,2,0,0,-1,-1,-2,-2,-4,-3,-4,-4,-6,-5,-6,-5,-7,-5,-7,-5,-7,-5,-7,-5,-7,-4,-6,-4,-5,-3,-4,-2,-2,-2,-2,-1,0,-1,0,0,2,0,3,0,4,0,4,0,0,0,0,0,0,0,0,0,0]"
CSI_DATA,24006,80:af:ca:27:52:2a,-54,11,1,0,1,1,1,0,0,0,0,-97,0,11,2,322808975,0,83,1,128,0,"[0,0,0,0,0,0,0,0,0,0,0,0,-7,-7,-7,-6,-5,-5,-4,-5,-3,-4,-1,-2,0,-1,1,0,2,1,3,2,4,3,5,4,6,5,7,5,7,5,7,5,7,4,6,4,5,3,4,2,3,2,2,1,0,0,0,0,-2,-1,-4,-2,0,0,-6,-4,-7,-4,-7,-4,-8,-5,-8,-5,-8,-5,-7,-4,-6,-4,-5,-3,-4,-2,-3,-1,-1,0,0,0,0,1,1,1,2,2,3,3,4,3,4,4,4,4,4,4,4,4,4,4,4,3,2,2,2,2,0,0,0,0,0,0,0,0,0,0]"
CSI_DATA,24007,80:af:ca:27:52:2a,-55,11,1,0,1,1,1,0,0,0,0,-97,0,11,2,322824682,0,83,1,128,0,"[0,0,0,0,0,0,0,0,0,0,0,0,-4,0,-6,0,-8,0,-10,0,-11,0,-12,0,-13,0,-13,0,-12,0,-11,0,-10,0,-8,0,-6,0,-4,0,-2,0,0,-1,2,-1,4,-1,6,-2,8,-2,9,-2,11,-2,11,-2,11,-3,11,-2,10,-3,0,0,7,-2,6,-2,4,-1,2,0,0,0,-2,0,-4,0,-6,1,-8,1,-9,2,-11,2,-11,2,-11,1,-11,2,-10,1,-8,1,-7,1,-6,1,-4,0,-2,0,0,0,0,0,2,0,4,0,4,0,6,0,0,0,0,0,0,0,0,0,0,0]"
CSI_DATA,24008,80:af:ca:27:52:2a,-55,11,1,0,1,1,1,0,0,0,0,-97,0,11,2,322832426,0,83,1,128,0,"[0,0,0,0,0,0,0,0,0,0,0,0,-4,-7,-4,-7,-3,-6,-2,-5,-1,-4,-1,-3,0,-1,0,0,1,1,2,2,2,4,3,5,4,6,4,6,4,6,4,6,4,6,4,5,3,5,2,4,2,3,1,2,0,0,0,0,-1,-2,-2,-3,0,0,-3,-5,-4,-6,-4,-7,-5,-7,-5,-7,-4,-7,-4,-6,-4,-5,-3,-5,-3,-4,-2,-2,-1,-1,-1,0,0,1,0,2,0,3,1,4,1,5,1,5,1,5,1,5,1,5,1,5,1,5,1,4,1,3,0,0,0,0,0,0,0,0,0,0]"
CSI_DATA,24009,80:af:ca:27:52:2a,-55,11,1,2,1,1,1,0,0,0,0,-97,0,11,2,322837938,0,83,1,128,0,"[0,0,0,0,0,0,0,0,0,0,0,0,-2,0,-4,0,-6,0,-8,0,-9,0,-10,0,-11,0,-11,0,-10,0,-10,0,-8,0,-7,0,-5,0,-4,0,-2,0,0,0,1,-1,3,-1,5,-1,6,-1,8,-1,8,-2,9,-2,9,-2,9,-2,8,-2,0,0,6,-2,5,-2,3,-1,2,-1,0,0,-2,0,-4,0,-5,0,-6,0,-8,0,-8,0,-9,0,-9,0,-9,0,-8,0,-8,0,-6,0,-5,0,-4,0,-2,0,-1,0,0,0,1,0,2,0,4,0,4,0,0,0,0,0,0,0,0,0,0,0]"
CSI_DATA,24010,80:af:ca:27:52:2a,-55,11,1,2,1,1,1,0,0,0,0,-97,0,11,2,322843479,0,83,1,128,0,"[0,0,0,0,0,0,0,0,0,0,0,0,2,-2,4,-2,6,-2,7,-3,8,-3,9,-3,9,-4,9,-3,9,-3,9,-3,7,-2,6,-2,4,-2,2,-1,1,0,0,0,-2,0,-4,2,-5,2,-7,3,-7,4,-8,4,-9,4,-9,4,-9,4,-8,4,0,0,-6,3,-4,2,-3,1,-2,1,0,0,1,-1,2,-2,4,-2,5,-3,6,-4,7,-4,7,-4,7,-4,7,-4,7,-4,5,-4,4,-4,3,-3,2,-2,1,-2,0,-1,-1,0,-2,0,-3,0,-4,0,-4,0,0,0,0,0,0,0,0,0,0,0]"
CSI_DATA,24011,80:af:ca:27:52:2a,-55,11,1,0,1,1,1,0,0,0,0,-97,0,11,2,322859358,0,83,1,128,0,"[0,0,0,0,0,0,0,0,0,0,0,0,-4,-8,-4,-7,-3,-6,-2,-6,-1,-4,-1,-3,0,-1,0,0,1,1,2,3,2,4,3,5,3,6,3,6,3,7,4,7,4,7,3,6,3,5,2,4,2,3,1,2,0,1,0,0,-1,-2,-2,-3,0,0,-3,-5,-3,-6,-4,-7,-4,-7,-4,-7,-4,-7,-4,-7,-3,-6,-3,-5,-3,-4,-2,-3,-1,-1,-1,0,0,1,0,2,0,3,0,4,1,4,1,5,1,5,1,5,1,5,1,5,1,5,0,4,0,3,0,0,0,0,0,0,0,0,0,0]"
CSI_DATA,24012,80:af:ca:27:52:2a,-55,11,1,0,1,1,1,0,0,0,0,-97,0,11,2,322873020,0,83,1,128,0,"[0,0,0,0,0,0,0,0,0,0,0,0,1,-3,3,-4,4,-5,6,-6,6,-6,7,-6,8,-6,7,-6,7,-6,6,-5,6,-4,5,-4,3,-3,2,-2,0,-1,0,0,-2,1,-4,2,-5,3,-6,4,-7,4,-8,4,-8,4,-8,5,-8,5,-7,4,0,0,-6,3,-4,2,-2,2,-1,1,0,0,2,0,3,-1,4,-2,6,-2,6,-2,7,-3,7,-3,7,-2,7,-3,6,-2,6,-2,5,-2,4,-2,2,-2,1,-1,0,-1,-1,-1,-2,-1,-3,0,-4,-1,-5,-1,0,0,0,0,0,0,0,0,0,0]"
CSI_DATA,24013,80:af:ca:27:52:2a,-55,11,1,0,1,1,1,0,0,0,0,-97,0,11,2,322882285,0,83,1,128,0,"[0,0,0,0,0,0,0,0,0,0,0,0,-8,-1,-8,-1,-7,-1,-6,-1,-4,-1,-3,-1,-1,-1,0,-1,2,-1,3,-1,5,0,6,-1,7,-1,7,-1,7,-1,8,-1,7,-1,7,-1,6,-1,5,-1,3,0,2,0,1,0,0,0,-2,0,-3,0,0,0,-6,1,-7,1,-7,1,-8,2,-8,1,-7,1,-7,1,-6,1,-5,1,-4,1,-3,1,-1,0,0,0,1,0,2,0,3,0,4,-1,5,-1,5,-1,5,-1,5,-1,5,-1,5,-1,4,-1,4,0,3,-1,0,0,0,0,0,0,0,0,0,0]"
CSI_DATA,24014,80:af:ca:27:52:2a,-55,11,1,0,1,1,1,0,0,0,0,-97,0,11,2,322889564,0,83,1,128,0,"[0,0,0,0,0,0,0,0,0,0,0,0,-2,1,-5,2,-7,2,-8,2,-9,2,-10,2,-10,2,-10,2,-10,2,-9,2,-9,1,-7,1,-5,0,-4,0,-2,0,0,-1,1,-2,3,-2,5,-3,6,-4,7,-5,8,-5,8,-5,8,-5,8,-5,8,-5,0,0,5,-4,4,-3,2,-2,1,-1,0,0,-2,0,-3,1,-5,2,-6,3,-7,4,-8,4,-8,4,-8,4,-8,4,-7,4,-6,3,-5,3,-4,2,-2,2,-1,1,0,0,0,0,2,0,2,-1,3,-1,4,-2,0,0,0,0,0,0,0,0,0,0]"
CSI_DATA,24015,80:af:ca:27:52:2a,-55,11,1,0,1,1,1,0,0,0,0,-97,0,11,2,322899036,0,83,1,128,0,"[0,0,0,0,0,0,0,0,0,0,0,0,7,-4,7,-3,6,-3,5,-2,4,-1,2,0,0,0,-1,0,-2,1,-3,2,-5,2,-6,3,-7,3,-7,3,-8,3,-8,3,-7,3,-6,3,-6,3,-5,2,-4,1,-2,1,-1,0,0,0,2,-1,3,-1,0,0,6,-2,7,-3,7,-3,7,-3,7,-3,7,-3,7,-3,6,-2,5,-2,4,-2,2,-2,1,-1,0,-1,-1,-1,-3,0,-4,0,-5,0,-6,0,-6,0,-6,0,-6,0,-6,0,-6,0,-5,0,-5,0,-4,0,0,0,0,0,0,0,0,0,0,0]"
CSI_DATA,24016,80:af:ca:27:52:2a,-55,11,1,0,1,1,1,0,0,0,0,-97,0,11,2,322908414,0,83,1,128,0,"[0,0,0,0,0,0,0,0,0,0,0,0,-8,3,-7,3,-7,3,-6,2,-5,1,-3,0,-2,0,0,-1,1,-2,2,-2,4,-3,5,-4,5,-4,6,-5,6,-5,7,-5,6,-5,6,-5,5,-4,4,-4,3,-3,2,-2,1,-1,0,0,-1,1,-2,2,0,0,-4,4,-5,5,-6,5,-6,6,-6,5,-6,5,-6,5,-5,5,-4,4,-3,3,-2,2,-1,1,0,0,0,0,2,-1,2,-2,3,-3,4,-3,4,-4,4,-4,4,-4,4,-4,4,-3,4,-3,3,-3,2,-2,0,0,0,0,0,0,0,0,0,0]"
CSI_DATA,24017,80:af:ca:27:52:2a,-55,11,1,0,1,1,1,0,0,0,0,-97,0,11,2,322917717,0,83,1,128,0,"[0,0,0,0,0,0,0,0,0,0,0,0,0,-3,0,-5,0,-7,1,-9,2,-10,2,-10,2,-11,2,-10,2,-10,2,-10,2,-9,2,-8,1,-6,0,-4,0,-2,0,0,0,2,0,3,0,5,0,7,-1,8,-1,9,0,9,0,10,0,10,0,9,0,0,0,7,0,5,0,3,0,1,0,0,0,-2,0,-4,0,-5,0,-7,0,-8,0,-8,0,-8,0,-9,0,-8,0,-8,0,-8,0,-6,0,-5,0,-3,0,-2,0,-1,-1,0,-1,1,-1,2,-1,3,-2,4,0,0,0,0,0,0,0,0,0,0]"
CSI_DATA,24018,80:af:ca:27:52:2a,-54,11,1,0,1,1,1,0,0,0,0,-97,0,11,2,322927591,0,83,1,128,0,"[0,0,0,0,0,0,0,0,0,0,0,0,-10,-6,-9,-5,-8,-5,-6,-5,-4,-4,-2,-2,0,-1,1,0,3,1,5,2,6,4,8,4,8,5,9,5,8,5,9,6,8,5,8,5,7,4,5,3,4,2,2,1,0,0,0,-1,-2,-2,-4,-3,0,0,-7,-5,-8,-6,-8,-7,-9,-7,-8,-7,-8,-7,-7,-6,-7,-5,-6,-4,-5,-3,-4,-2,-2,-1,-1,0,0,1,1,2,1,4,2,5,3,5,3,6,4,6,4,7,3,6,3,5,2,5,2,4,2,3,0,0,0,0,0,0,0,0,0,0]"
CSI_DATA,24019,80:af:ca:27:52:2a,-55,11,1,0,1,1,1,0,0,0,0,-97,0,11,2,322947470,0,83,1,128,0,"[0,0,0,0,0,0,0,0,0,0,0,0,-2,-2,-3,-4,-4,-6,-4,-8,-4,-9,-4,-9,-4,-10,-4,-9,-4,-9,-4,-9,-3,-8,-3,-7,-2,-5,-1,-4,0,-2,0,0,1,1,2,2,3,4,4,5,4,6,5,7,5,7,6,7,6,7,5,7,0,0,4,4,3,3,2,2,0,0,0,0,-1,-2,-2,-3,-3,-4,-4,-5,-5,-6,-6,-7,-6,-7,-6,-7,-6,-7,-5,-7,-5,-6,-4,-4,-4,-4,-2,-2,-2,-1,-1,0,0,0,0,2,1,2,1,4,2,4,0,0,0,0,0,0,0,0,0,0]"
CSI_DATA,24020,80:af:ca:27:52:2a,-55,11,1,0,1,1,1,0,0,0,0,-97,0,11,2,322954850,0,83,1,128,0,"[0,0,0,0,0,0,0,0,0,0,0,0,3,-1,5,0,7,0,9,0,11,0,12,1,12,1,12,0,12,1,11,0,9,1,8,0,6,0,3,0,1,0,0,0,-2,0,-5,0,-7,1,-9,1,-10,1,-12,2,-12,2,-12,2,-12,2,-11,2,0,0,-9,2,-7,1,-4,1,-2,0,0,0,2,0,4,-1,6,-2,7,-2,9,-3,9,-3,9,-3,10,-3,9,-3,9,-3,8,-3,7,-2,4,-2,3,-2,2,-1,0,-1,-1,0,-3,0,-4,0,-5,0,-6,0,0,0,0,0,0,0,0,0,0,0]"
CSI_DATA,24021,80:af:ca:27:52:2a,-55,11,1,2,1,1,1,0,0,0,0,-97,0,11,2,322961698,0,83,1,128,0,"[0,0,0,0,0,0,0,0,0,0,0,0,0,2,0,4,-1,6,-2,7,-3,9,-3,10,-3,10,-3,10,-3,10,-3,9,-3,8,-3,6,-2,5,-2,3,-1,1,0,0,0,-3,0,-4,0,-6,1,-8,1,-9,1,-10,2,-10,1,-10,1,-10,1,-10,0,0,0,-8,0,-6,0,-4,0,-3,0,0,-1,0,-2,3,-3,4,-3,6,-3,7,-3,8,-4,8,-3,8,-3,8,-3,8,-3,6,-3,6,-2,5,-1,3,0,2,0,0,0,0,1,-1,2,-2,3,-3,3,-3,0,0,0,0,0,0,0,0,0,0]"
CSI_DATA,24022,80:af:ca:27:52:2a,-55,11,1,2,1,1,1,0,0,0,0,-97,0,11,2,322969002,0,83,1,128,0,"[0,0,0,0,0,0,0,0,0,0,0,0,2,2,2,4,2,5,3,7,3,8,3,9,3,9,3,9,3,9,2,9,2,7,2,7,1,4,0,3,0,1,0,0,-2,-2,-2,-4,-3,-5,-4,-7,-4,-7,-5,-8,-5,-9,-5,-9,-5,-9,-5,-8,0,0,-4,-6,-3,-4,-2,-3,-2,-2,0,0,0,1,1,3,2,4,2,6,3,7,3,7,4,8,3,8,4,8,3,7,3,7,2,5,2,4,2,2,1,1,0,0,0,0,0,-2,0,-3,0,-4,0,-5,0,0,0,0,0,0,0,0,0,0]"
CSI_DATA,24023,80:af:ca:27:52:2a,-54,11,1,0,1,1,1,0,0,0,0,-97,0,11,2,322977742,0,83,1,128,0,"[0,0,0,0,0,0,0,0,0,0,0,0,-9,-1,-8,-1,-7,-1,-6,-1,-4,-1,-3,-1,-1,-1,0,-1,1,-1,3,-1,5,-1,6,-1,6,-1,7,-1,7,-1,8,-1,7,-1,6,-1,6,-1,5,-1,4,-1,2,0,1,0,0,0,-2,0,-3,1,0,0,-5,1,-6,1,-7,2,-7,2,-7,2,-7,2,-7,2,-6,2,-5,1,-4,1,-3,1,-1,0,0,0,1,0,2,0,3,-1,4,-1,4,-1,5,-1,5,-1,5,-1,5,-1,4,-1,4,-1,4,-1,3,-1,0,0,0,0,0,0,0,0,0,0]"
CSI_DATA,24024,80:af:ca:27:52:2a,-55,11,1,0,1,1,1,0,0,0,0,-97,0,11,2,323017271,0,83,1,128,0,"[0,0,0,0,0,0,0,0,0,0,0,0,7,-3,6,-3,6,-2,5,-2,4,-1,2,0,1,0,0,0,-1,1,-2,1,-3,2,-4,3,-5,4,-5,4,-5,4,-6,5,-5,5,-5,4,-4,4,-3,3,-3,2,-2,1,-1,0,0,0,0,-1,0,-2,0,0,2,-4,2,-5,3,-6,3,-6,3,-6,3,-6,2,-6,2,-5,1,-5,1,-3,0,-2,0,-1,0,0,0,0,-1,1,-1,2,-2,3,-2,4,-2,4,-2,4,-2,4,-2,4,-2,4,-1,3,-1,3,-1,2,0,0,0,0,0,0,0,0,0,0]"
CSI_DATA,24025,80:af:ca:27:52:2a,-55,11,1,0,1,1,1,0,0,0,0,-97,0,11,2,323026467,0,83,1,128,0,"[0,0,0,0,0,0,0,0,0,0,0,0,0,7,0,6,0,6,0,5,0,4,0,2,0,1,0,0,-1,-1,-1,-2,-2,-4,-2,-5,-2,-5,-3,-6,-3,-6,-3,-7,-3,-6,-3,-5,-2,-5,-2,-5,-1,-3,-1,-2,0,-1,0,0,0,0,1,1,0,0,2,4,3,4,3,5,4,5,4,5,4,5,3,5,3,4,3,4,2,2,1,1,1,0,0,0,0,-1,0,-1,-1,-2,-2,-3,-2,-4,-2,-4,-3,-4,-3,-5,-2,-5,-2,-4,-2,-4,-2,-3,-2,-3,0,0,0,0,0,0,0,0,0,0]"
CSI_DATA,24026,80:af:ca:27:52:2a,-55,11,1,0,1,1,1,0,0,0,0,-97,0,11,2,323033089,0,83,1,128,0,"[0,0,0,0,0,0,0,0,0,0,0,0,2,7,2,6,1,6,1,5,0,3,0,2,0,0,0,0,-1,-1,-2,-2,-2,-4,-3,-5,-3,-6,-4,-6,-4,-6,-4,-7,-4,-6,-3,-6,-3,-5,-2,-4,-2,-3,-1,-2,0,-1,0,0,0,0,1,2,0,0,3,4,3,5,4,5,4,6,4,6,4,6,4,5,3,4,3,4,2,3,1,1,1,0,0,0,0,-1,0,-2,-1,-3,-1,-4,-2,-4,-2,-5,-2,-5,-2,-5,-2,-5,-2,-5,-2,-4,-2,-4,-1,-3,0,0,0,0,0,0,0,0,0,0]"
CSI_DATA,24027,80:af:ca:27:52:2a,-55,11,1,0,1,1,1,0,0,0,0,-97,0,11,2,323048246,0,83,1,128,0,"[0,0,0,0,0,0,0,0,0,0,0,0,2,2,2,5,4,7,4,9,4,11,4,11,5,12,5,12,4,12,4,11,3,10,2,8,2,6,1,4,0,1,-1,0,-2,-2,-3,-4,-5,-5,-5,-8,-6,-8,-8,-9,-8,-10,-8,-10,-8,-10,-8,-9,0,0,-6,-7,-5,-5,-3,-3,-2,-2,0,0,0,1,2,2,3,4,5,5,6,6,6,7,6,7,6,7,7,7,6,6,5,5,5,5,4,3,2,2,2,0,0,0,0,-1,-1,-2,-2,-3,-2,-4,-3,-5,0,0,0,0,0,0,0,0,0,0]"
CSI_DATA,24028,80:af:ca:27:52:2a,-55,11,1,0,1,1,1,0,0,0,0,-97,0,11,2,323056874,0,83,1,128,0,"[0,0,0,0,0,0,0,0,0,0,0,0,-7,5,-6,4,-6,4,-5,2,-4,1,-2,0,-1,0,0,-1,1,-2,2,-3,4,-4,5,-5,5,-5,6,-5,6,-5,6,-6,6,-5,5,-5,5,-4,3,-3,2,-2,1,-2,0,-1,0,0,-2,0,-3,1,0,0,-5,3,-6,3,-6,4,-6,5,-6,4,-6,4,-6,4,-5,3,-4,3,-3,2,-2,1,-1,1,0,0,1,0,2,0,3,-1,4,-1,5,-2,5,-2,5,-2,5,-2,5,-2,5,-2,4,-1,3,-1,2,-1,0,0,0,0,0,0,0,0,0,0]"
CSI_DATA,24029,80:af:ca:27:52:2a,-54,11,1,0,1,1,1,0,0,0,0,-97,0,11,2,323065230,0,83,1,128,0,"[0,0,0,0,0,0,0,0,0,0,0,0,8,4,7,4,6,3,5,3,3,2,1,1,0,0,-1,0,-3,0,-4,-1,-6,-2,-8,-2,-8,-3,-9,-3,-9,-3,-9,-3,-9,-2,-8,-2,-7,-2,-5,-2,-4,-1,-2,-1,-1,0,0,0,2,0,4,0,0,0,6,1,8,1,8,1,8,1,8,1,8,1,8,1,6,1,5,0,4,0,2,0,1,0,0,0,-1,-1,-2,-1,-4,-2,-5,-2,-5,-2,-6,-2,-6,-2,-6,-2,-6,-2,-5,-2,-5,-2,-4,-2,-4,-1,0,0,0,0,0,0,0,0,0,0]"
CSI_DATA,24030,80:af:ca:27:52:2a,-55,11,1,0,1,1,1,0,0,0,0,-97,0,11,2,323075240,0,83,1,128,0,"[0,0,0,0,0,0,0,0,0,0,0,0,2,-2,5,-2,8,-2,10,-2,10,-2,11,-2,12,-2,12,-2,12,-2,10,-2,10,-1,8,-1,6,-1,4,0,1,0,0,0,-2,1,-4,2,-6,2,-8,2,-9,3,-10,4,-10,4,-10,4,-10,4,-10,4,0,0,-8,3,-6,2,-4,2,-2,0,0,0,2,-1,4,-2,5,-3,6,-4,7,-4,8,-5,8,-5,9,-5,8,-5,8,-4,7,-4,6,-4,4,-3,3,-2,1,-2,0,-1,-1,0,-2,0,-4,0,-5,0,-6,1,0,0,0,0,0,0,0,0,0,0]"
CSI_DATA,24031,80:af:ca:27:52:2a,-55,11,1,0,1,1,1,0,0,0,0,-97,0,11,2,323083212,0,83,1,128,0,"[0,0,0,0,0,0,0,0,0,0,0,0,5,-5,5,-5,4,-4,4,-3,3,-2,2,-1,1,0,0,0,0,1,-1,2,-2,3,-2,4,-3,5,-3,6,-3,6,-3,7,-3,6,-2,6,-2,5,-2,4,-1,3,-1,2,0,0,0,0,0,-1,0,-3,0,0,0,-5,0,-6,0,-7,0,-7,0,-7,0,-7,0,-7,0,-6,0,-5,0,-4,0,-3,0,-1,0,0,0,0,0,1,0,2,0,3,0,4,0,4,0,5,0,5,0,5,0,4,0,4,0,3,0,2,0,0,0,0,0,0,0,0,0,0]"
CSI_DATA,24032,80:af:ca:27:52:2a,-54,11,1,0,1,1,1,0,0,0,0,-97,0,11,2,323109016,0,83,1,128,0,"[0,0,0,0,0,0,0,0,0,0,0,0,7,6,6,5,6,5,4,4,3,3,2,2,0,1,-1,0,-2,-1,-4,-2,-5,-3,-6,-3,-7,-4,-8,-4,-8,-4,-9,-5,-8,-4,-8,-4,-7,-3,-6,-3,-4,-2,-3,-1,-1,-1,0,0,2,0,3,1,0,0,6,2,7,2,7,2,9,2,8,2,8,2,7,2,6,1,5,1,4,1,3,0,1,0,0,0,-1,-1,-2,-1,-3,-2,-5,-2,-5,-2,-6,-2,-6,-2,-6,-2,-6,-2,-6,-2,-5,-2,-4,-2,-4,-1,0,0,0,0,0,0,0,0,0,0]"
CSI_DATA,24033,80:af:ca:27:52:2a,-55,11,1,0,1,1,1,0,0,0,0,-97,0,11,2,323117853,0,83,1,128,0,"[0,0,0,0,0,0,0,0,0,0,0,0,-7,-4,-6,-4,-6,-4,-5,-3,-3,-2,-2,-2,-1,-1,0,0,1,0,2,0,3,1,5,2,5,2,6,3,6,3,7,3,6,3,6,2,5,2,4,1,3,1,2,0,1,0,0,0,-1,0,-2,-1,0,0,-4,-2,-5,-2,-6,-3,-7,-3,-7,-3,-6,-3,-6,-3,-5,-2,-5,-2,-4,-1,-3,-1,-1,0,0,0,0,0,1,0,1,1,2,2,3,2,3,2,4,2,3,3,3,2,3,2,3,2,2,2,2,1,0,0,0,0,0,0,0,0,0,0]"
CSI_DATA,24034,80:af:ca:27:52:2a,-54,11,1,0,1,1,1,0,0,0,0,-97,0,11,2,323125341,0,83,1,128,0,"[0,0,0,0,0,0,0,0,0,0,0,0,8,-5,7,-4,6,-3,5,-2,4,-1,2,0,0,0,-1,0,-3,1,-4,1,-6,1,-8,2,-8,2,-9,2,-9,2,-9,2,-9,2,-8,2,-7,1,-6,1,-4,1,-2,0,-1,0,0,0,2,0,4,0,0,0,6,0,8,-1,8,0,9,-1,9,0,8,0,8,0,6,0,6,0,4,-1,3,-1,1,-1,0,-1,-1,-1,-2,-2,-4,-2,-5,-2,-5,-2,-6,-2,-6,-2,-6,-3,-6,-3,-5,-3,-5,-2,-4,-2,-4,-2,0,0,0,0,0,0,0,0,0,0]"
CSI_DATA,24035,80:af:ca:27:52:2a,-55,11,1,0,1,1,1,0,0,0,0,-97,0,11,2,323132900,0,83,1,128,0,"[0,0,0,0,0,0,0,0,0,0,0,0,4,-7,4,-6,3,-5,3,-4,2,-3,1,-2,0,0,0,0,-1,2,-1,3,-3,4,-3,5,-3,6,-4,6,-4,6,-4,6,-4,6,-3,6,-3,5,-2,4,-2,3,-1,2,0,0,0,0,0,-2,1,-3,0,0,2,-5,3,-6,3,-6,3,-7,3,-7,3,-7,3,-6,2,-5,2,-5,1,-4,0,-3,0,-2,0,-1,-1,0,-2,1,-2,2,-3,3,-3,3,-3,4,-3,4,-4,4,-3,4,-3,3,-3,3,-3,2,-2,2,0,0,0,0,0,0,0,0,0,0]"
CSI_DATA,24036,80:af:ca:27:52:2a,-55,11,1,0,1,1,1,0,0,0,0,-97,0,11,2,323151581,0,83,1,128,0,"[0,0,0,0,0,0,0,0,0,0,0,0,-4,-2,-5,-3,-8,-5,-8,-7,-10,-8,-10,-8,-10,-9,-10,-8,-10,-8,-10,-8,-8,-8,-7,-6,-5,-5,-3,-3,-1,-2,0,-1,2,0,5,1,7,2,8,2,10,3,11,3,11,3,12,3,12,3,11,2,0,0,8,2,6,1,4,0,2,0,0,0,-2,0,-5,-1,-7,-1,-9,-2,-10,-2,-11,-2,-11,-2,-11,-2,-11,-2,-10,-2,-10,-1,-8,-1,-6,0,-5,0,-2,0,-1,0,0,0,2,0,3,1,5,1,5,2,0,0,0,0,0,0,0,0,0,0]"
CSI_DATA,24037,80:af:ca:27:52:2a,-55,11,1,2,1,1,1,0,0,0,0,-97,0,11,2,323157936,0,83,1,128,0,"[0,0,0,0,0,0,0,0,0,0,0,0,2,0,4,0,5,1,7,2,8,2,8,3,9,4,9,4,9,4,8,4,7,3,6,2,4,2,2,2,1,0,0,0,-2,0,-3,-2,-5,-2,-7,-3,-8,-4,-8,-4,-9,-5,-9,-5,-9,-5,-9,-4,0,0,-7,-3,-5,-2,-4,-2,-2,-1,-1,0,0,1,2,2,2,3,4,4,5,5,5,5,6,6,6,6,6,6,5,5,5,5,4,4,3,3,2,2,2,1,1,0,0,-1,0,-2,0,-3,-1,-4,-1,-5,0,0,0,0,0,0,0,0,0,0]"
CSI_DATA,24038,80:af:ca:27:52:2a,-55,11,1,0,1,1,1,0,0,0,0,-97,0,11,2,323174152,0,83,1,128,0,"[0,0,0,0,0,0,0,0,0,0,0,0,0,2,0,5,-1,6,-2,8,-2,9,-2,10,-2,10,-2,10,-3,10,-2,9,-2,8,-2,7,-2,5,-1,3,-1,1,0,0,0,-2,0,-4,0,-6,0,-8,0,-8,0,-10,0,-10,0,-10,0,-10,0,-10,0,0,0,-8,0,-5,0,-4,0,-2,0,0,-1,1,-1,3,-1,5,-1,6,-1,7,-1,8,-1,8,-2,8,-1,8,-1,8,-1,7,-1,5,0,5,0,2,0,2,0,0,0,0,0,-2,1,-3,1,-4,2,-5,0,0,0,0,0,0,0,0,0,0]"
CSI_DATA,24039,80:af:ca:27:52:2a,-55,11,1,0,1,1,1,0,0,0,0,-97,0,11,2,323183645,0,83,1,128,0,"[0,0,0,0,0,0,0,0,0,0,0,0,-2,0,-5,0,-7,-1,-8,-2,-10,-2,-10,-2,-10,-2,-10,-2,-10,-3,-10,-2,-9,-2,-8,-2,-5,-2,-4,-1,-2,-1,0,0,1,0,3,0,5,0,7,0,8,0,9,0,9,0,10,0,10,0,9,0,0,0,7,0,5,0,3,0,2,0,0,0,-2,0,-3,0,-5,0,-6,0,-8,0,-8,0,-8,0,-9,0,-9,0,-8,0,-8,0,-6,0,-5,0,-4,0,-2,0,-1,0,0,0,1,0,2,0,3,0,4,0,0,0,0,0,0,0,0,0,0,0]"
CSI_DATA,24040,80:af:ca:27:52:2a,-55,11,1,0,1,1,1,0,0,0,0,-97,0,11,2,323205949,0,83,1,128,0,"[0,0,0,0,0,0,0,0,0,0,0,0,2,-1,4,-1,7,-1,9,0,9,0,10,0,10,0,10,0,10,0,9,0,8,0,7,0,4,0,3,0,0,0,0,0,-2,0,-4,0,-6,0,-7,1,-9,1,-9,1,-9,2,-10,2,-10,2,-9,2,0,0,-7,1,-5,0,-4,0,-2,0,0,0,2,0,3,0,4,-1,7,-2,7,-2,8,-2,8,-2,8,-2,8,-2,7,-2,7,-2,6,-2,4,-2,2,-1,1,-1,0,0,-1,0,-2,0,-4,0,-4,0,-5,0,0,0,0,0,0,0,0,0,0,0]"
CSI_DATA,24041,80:af:ca:27:52:2a,-54,11,1,0,1,1,1,0,0,0,0,-97,0,11,2,323213690,0,83,1,128,0,"[0,0,0,0,0,0,0,0,0,0,0,0,7,-4,6,-3,6,-3,5,-2,4,-2,2,-1,1,0,0,0,-1,1,-2,2,-3,3,-4,4,-5,4,-5,5,-5,5,-6,5,-5,5,-5,5,-4,5,-4,4,-3,3,-2,2,-1,1,0,0,0,-1,1,-3,0,0,2,-5,2,-6,2,-7,2,-7,3,-7,3,-7,2,-7,2,-6,1,-5,1,-4,0,-3,0,-2,0,0,-1,0,-1,2,-1,3,-2,4,-2,4,-2,4,-2,5,-2,5,-2,5,-2,4,-1,4,-1,3,-1,3,0,0,0,0,0,0,0,0,0,0]"
CSI_DATA,24042,80:af:ca:27:52:2a,-55,11,1,0,1,1,1,0,0,0,0,-97,0,11,2,323221751,0,83,1,128,0,"[0,0,0,0,0,0,0,0,0,0,0,0,1,7,1,6,0,5,0,5,0,4,0,2,0,1,-1,0,-1,-1,-2,-2,-2,-4,-3,-4,-3,-5,-4,-5,-4,-5,-5,-6,-4,-5,-4,-5,-4,-5,-3,-4,-2,-3,-1,-2,0,-1,0,0,1,0,2,1,0,0,4,2,5,3,5,3,5,3,5,3,5,3,5,3,5,2,4,2,3,1,2,0,1,0,0,0,0,0,-1,-1,-2,-1,-3,-2,-4,-2,-4,-2,-5,-2,-5,-2,-5,-2,-5,-2,-4,-2,-4,-1,-3,-1,0,0,0,0,0,0,0,0,0,0]"
CSI_DATA,24043,80:af:ca:27:52:2a,-55,11,1,0,1,1,1,0,0,0,0,-97,0,11,2,323230720,0,83,1,128,0,"[0,0,0,0,0,0,0,0,0,0,0,0,2,-2,4,-2,5,-2,7,-2,8,-3,8,-3,9,-3,8,-3,8,-3,8,-2,8,-2,6,-2,4,-1,2,0,1,0,0,0,-2,0,-3,1,-5,2,-6,3,-7,3,-8,4,-8,4,-8,4,-8,4,-8,4,0,0,-6,3,-4,2,-3,2,-2,0,0,0,1,0,2,-2,4,-2,5,-3,6,-4,7,-4,7,-4,7,-4,7,-4,6,-4,6,-4,5,-3,4,-3,2,-2,1,-2,0,-1,-1,0,-2,0,-3,0,-4,0,-5,0,0,0,0,0,0,0,0,0,0,0]"
CSI_DATA,24044,80:af:ca:27:52:2a,-55,11,1,2,1,1,1,0,0,0,0,-97,0,11,2,323236550,0,83,1,128,0,"[0,0,0,0,0,0,0,0,0,0,0,0,2,0,4,0,6,1,8,1,8,2,9,2,10,2,9,2,9,2,8,2,8,2,6,2,4,1,2,1,1,0,0,0,-2,0,-4,-1,-6,-2,-7,-2,-8,-2,-9,-2,-10,-3,-10,-3,-10,-2,-9,-2,0,0,-7,-2,-6,-2,-4,-1,-2,0,0,0,1,0,2,1,4,2,5,2,6,3,7,3,7,4,7,4,7,4,6,4,6,3,5,2,4,2,3,1,2,0,0,0,0,-1,-1,-2,-2,-3,-2,-4,-2,-4,0,0,0,0,0,0,0,0,0,0]"
CSI_DATA,24045,80:af:ca:27:52:2a,-54,11,1,0,1,1,1,0,0,0,0,-97,0,11,2,323246559,0,83,1,128,0,"[0,0,0,0,0,0,0,0,0,0,0,0,7,-4,7,-4,6,-3,6,-2,3,-2,2,-1,1,0,0,0,-2,1,-3,1,-5,2,-6,3,-7,3,-7,3,-8,3,-8,3,-7,3,-7,3,-6,2,-5,2,-4,1,-2,1,-1,0,0,0,1,-1,2,-1,0,0,5,-2,6,-3,7,-3,7,-3,7,-3,7,-3,7,-3,6,-2,4,-2,3,-2,2,-1,1,-1,0,-1,-1,0,-2,0,-3,0,-4,0,-5,0,-6,0,-6,0,-6,0,-6,0,-6,0,-5,0,-4,0,-3,0,0,0,0,0,0,0,0,0,0,0]"
CSI_DATA,24046,80:af:ca:27:52:2a,-55,11,1,0,1,1,1,0,0,0,0,-97,0,11,2,323261660,0,83,1,128,0,"[0,0,0,0,0,0,0,0,0,0,0,0,-2,2,-4,3,-6,4,-8,4,-8,4,-9,4,-9,4,-9,4,-9,4,-8,3,-8,2,-6,2,-4,2,-3,0,-1,0,0,-1,2,-2,3,-2,5,-3,6,-4,7,-4,8,-4,7,-4,8,-5,8,-5,7,-5,0,0,5,-4,4,-2,2,-2,0,-1,0,0,-2,0,-4,0,-5,1,-6,2,-7,2,-8,2,-8,2,-8,2,-8,2,-7,2,-7,2,-6,2,-4,1,-3,1,-2,0,0,0,0,0,2,0,2,0,4,0,4,0,0,0,0,0,0,0,0,0,0,0]"
CSI_DATA,24047,80:af:ca:27:52:2a,-55,11,1,0,1,1,1,0,0,0,0,-97,0,11,2,323279830,0,83,1,128,0,"[0,0,0,0,0,0,0,0,0,0,0,0,0,-2,2,-4,3,-5,4,-6,5,-7,6,-7,7,-8,6,-8,7,-8,6,-7,5,-7,4,-6,3,-4,2,-3,1,-1,0,0,0,1,-2,2,-3,4,-4,6,-4,7,-4,7,-4,8,-5,9,-5,8,-4,8,0,0,-3,6,-3,4,-2,3,-1,2,0,0,0,-1,1,-3,2,-4,3,-6,3,-7,4,-7,4,-7,4,-7,4,-7,4,-7,3,-7,2,-5,2,-4,1,-3,0,-2,0,-1,-1,0,-2,0,-2,2,-3,2,-4,2,0,0,0,0,0,0,0,0,0,0]"
CSI_DATA,24048,80:af:ca:27:52:2a,-55,11,1,0,1,1,1,0,0,0,0,-97,0,11,2,323289202,0,83,1,128,0,"[0,0,0,0,0,0,0,0,0,0,0,0,2,1,3,2,4,4,4,6,5,6,5,7,5,8,5,8,5,8,4,7,4,6,3,6,2,4,1,2,0,1,0,0,-2,-2,-2,-3,-4,-4,-4,-6,-5,-7,-5,-8,-6,-8,-6,-8,-6,-8,-6,-8,0,0,-4,-6,-4,-4,-2,-3,-2,-2,-1,0,0,1,0,3,1,4,2,6,2,6,2,7,2,8,2,8,2,8,2,7,2,6,2,6,2,4,1,3,1,1,0,0,0,0,0,-2,0,-3,0,-4,0,-5,0,0,0,0,0,0,0,0,0,0]"
CSI_DATA,24049,80:af:ca:27:52:2a,-56,11,1,0,1,1,1,0,0,0,0,-97,0,11,2,323297535,0,83,1,128,0,"[0,0,0,0,0,0,0,0,0,0,0,0,-1,-3,0,-5,0,-6,0,-8,0,-9,0,-10,0,-10,0,-10,0,-10,0,-9,1,-8,0,-7,0,-6,0,-4,0,-2,0,0,0,2,0,3,0,5,0,6,0,8,0,8,0,8,0,9,0,9,0,8,0,0,0,6,0,5,0,3,0,1,0,0,0,-2,0,-4,0,-5,0,-6,0,-8,0,-8,0,-9,0,-9,0,-9,0,-8,0,-7,0,-6,0,-5,0,-4,0,-2,-1,-1,-1,0,-1,1,-1,2,-2,3,-2,4,0,0,0,0,0,0,0,0,0,0]"
CSI_DATA,24050,80:af:ca:27:52:2a,-55,11,1,0,1,1,1,0,0,0,0,-97,0,11,2,323308198,0,83,1,128,0,"[0,0,0,0,0,0,0,0,0,0,0,0,-3,0,-7,0,-9,0,-11,0,-13,0,-13,0,-14,0,-14,0,-13,0,-13,0,-11,0,-10,0,-8,0,-5,0,-2,0,0,-1,2,-1,4,-1,7,-2,8,-2,10,-2,11,-3,11,-3,12,-4,12,-3,10,-4,0,0,8,-3,6,-2,4,-2,2,-1,0,0,-2,0,-5,0,-7,1,-8,2,-9,2,-10,2,-10,2,-10,2,-10,2,-10,2,-9,2,-8,2,-5,2,-4,1,-2,0,0,0,0,0,2,0,3,0,5,0,5,0,0,0,0,0,0,0,0,0,0,0]"
CSI_DATA,24051,80:af:ca:27:52:2a,-55,11,1,0,1,1,1,0,0,0,0,-97,0,11,2,323317035,0,83,1,128,0,"[0,0,0,0,0,0,0,0,0,0,0,0,-3,0,-5,0,-7,0,-8,0,-10,-1,-10,-1,-11,-2,-11,-1,-11,-2,-10,-2,-8,-2,-7,-1,-5,-1,-3,-1,-1,0,0,0,2,0,4,0,5,0,6,0,8,0,8,0,9,0,9,0,9,0,8,0,0,0,6,0,5,0,3,0,2,0,0,0,-2,-1,-3,-1,-5,-2,-6,-2,-7,-2,-8,-2,-8,-2,-8,-2,-8,-2,-8,-2,-7,-2,-6,-2,-5,-1,-4,-1,-2,0,-1,0,0,0,0,1,2,2,2,2,3,2,0,0,0,0,0,0,0,0,0,0]"
CSI_DATA,24052,80:af:ca:27:52:2a,-55,11,1,0,1,1,1,0,0,0,0,-97,0,11,2,323334714,0,83,1,128,0,"[0,0,0,0,0,0,0,0,0,0,0,0,-3,-1,-4,-3,-6,-4,-7,-5,-7,-6,-8,-7,-8,-7,-8,-6,-8,-7,-7,-6,-7,-5,-6,-4,-4,-3,-2,-2,-1,-1,0,0,1,0,3,1,4,2,6,3,7,3,7,4,7,4,8,4,8,4,8,3,0,0,6,2,4,2,3,1,1,0,0,0,-1,-1,-3,-2,-4,-2,-6,-3,-7,-4,-7,-4,-7,-4,-7,-4,-7,-4,-7,-4,-7,-4,-5,-3,-4,-2,-3,-2,-2,0,0,0,0,0,0,1,2,2,2,2,2,3,0,0,0,0,0,0,0,0,0,0]"
CSI_DATA,24053,80:af:ca:27:52:2a,-55,11,1,0,1,1,1,0,0,0,0,-97,0,11,2,323353048,0,83,1,128,0,"[0,0,0,0,0,0,0,0,0,0,0,0,-2,2,-4,2,-5,3,-7,3,-8,4,-9,4,-9,4,-9,4,-9,4,-9,3,-9,3,-7,2,-5,2,-4,0,-2,0,0,-1,0,-2,2,-2,4,-4,5,-4,6,-5,7,-6,7,-6,7,-7,7,-7,7,-7,0,0,5,-5,4,-4,2,-3,1,-2,0,0,-2,0,-3,1,-4,2,-6,3,-6,4,-7,4,-7,4,-7,4,-7,5,-7,4,-7,4,-5,4,-4,3,-3,2,-2,1,0,0,0,0,1,0,2,-1,3,-1,4,-2,0,0,0,0,0,0,0,0,0,0]"
CSI_DATA,24054,80:af:ca:27:52:2a,-55,11,1,0,1,1,1,0,0,0,0,-97,0,11,2,323360913,0,83,1,128,0,"[0,0,0,0,0,0,0,0,0,0,0,0,7,0,7,0,6,0,5,0,3,0,2,0,0,0,0,0,-1,0,-3,0,-4,0,-5,0,-6,1,-7,1,-7,1,-7,1,-7,1,-6,1,-6,1,-5,1,-3,0,-2,0,-1,0,0,0,1,0,2,-1,0,0,4,-1,5,-2,6,-2,7,-2,7,-2,6,-2,6,-2,5,-2,4,-2,3,-1,2,-1,1,0,0,0,0,0,-2,0,-3,0,-4,0,-5,0,-5,0,-5,0,-5,0,-5,0,-5,0,-5,0,-4,0,-3,0,0,0,0,0,0,0,0,0,0,0]"
CSI_DATA,24055,80:af:ca:27:52:2a,-55,11,1,0,1,1,1,0,0,0,0,-97,0,11,2,323369282,0,83,1,128,0,"[0,0,0,0,0,0,0,0,0,0,0,0,-2,2,-5,2,-8,3,-10,3,-10,4,-12,4,-13,4,-12,4,-12,4,-10,3,-10,3,-8,2,-6,2,-4,0,-2,0,0,-1,1,-2,3,-3,5,-5,7,-5,8,-6,9,-7,9,-7,9,-8,9,-8,8,-8,0,0,6,-5,5,-4,2,-3,1,-2,0,0,-2,0,-4,2,-5,3,-7,4,-8,5,-8,6,-8,6,-8,5,-8,6,-8,5,-7,5,-5,4,-4,3,-3,2,-1,1,0,0,0,0,2,-1,3,-2,4,-2,5,-2,0,0,0,0,0,0,0,0,0,0]"
CSI_DATA,24056,80:af:ca:27:52:2a,-55,11,1,0,1,1,1,0,0,0,0,-97,0,11,2,323378626,0,83,1,128,0,"[0,0,0,0,0,0,0,0,0,0,0,0,-2,1,-5,2,-7,2,-8,2,-10,2,-10,2,-11,2,-11,2,-11,2,-10,2,-9,1,-8,1,-5,0,-4,0,-2,0,0,0,1,-1,3,-1,5,-2,6,-2,8,-2,8,-3,8,-3,9,-4,9,-3,8,-3,0,0,6,-2,5,-2,3,-2,1,-1,0,0,-2,0,-3,0,-5,0,-6,0,-8,1,-8,1,-8,1,-8,1,-8,1,-8,1,-7,1,-6,1,-5,1,-3,0,-2,0,0,0,0,0,1,0,2,0,3,0,4,0,0,0,0,0,0,0,0,0,0,0]"
CSI_DATA,24057,80:af:ca:27:52:2a,-54,11,1,0,1,1,1,0,0,0,0,-97,0,11,2,323385831,0,83,1,128,0,"[0,0,0,0,0,0,0,0,0,0,0,0,-3,2,-4,3,-7,4,-9,4,-9,4,-9,4,-10,4,-10,4,-10,4,-9,3,-8,2,-7,2,-4,1,-3,0,0,0,0,0,2,-1,4,-2,6,-2,7,-2,9,-2,9,-3,9,-3,9,-3,9,-2,9,-2,0,0,6,-2,4,-2,2,-2,1,-1,0,-1,-2,-1,-4,-1,-6,-1,-7,-1,-9,-1,-9,-1,-9,-1,-9,-2,-9,-1,-9,-1,-7,-1,-7,0,-5,0,-4,0,-2,0,-1,0,0,1,1,2,2,2,2,2,3,3,0,0,0,0,0,0,0,0,0,0]"
CSI_DATA,24058,80:af:ca:27:52:2a,-55,11,1,0,1,1,1,0,0,0,0,-97,0,11,2,323394612,0,83,1,128,0,"[0,0,0,0,0,0,0,0,0,0,0,0,-7,-5,-6,-5,-5,-4,-4,-4,-3,-3,-2,-2,0,-1,0,0,2,1,3,2,4,3,5,3,5,4,6,4,6,4,6,4,6,4,6,4,5,3,4,3,3,2,2,1,0,0,0,0,-1,-1,-3,-2,0,0,-5,-4,-6,-4,-6,-5,-7,-5,-6,-5,-6,-5,-6,-5,-5,-4,-4,-3,-4,-2,-3,-2,-2,-1,-1,0,0,1,1,2,2,2,2,3,3,4,3,4,3,4,3,4,3,4,3,4,2,3,2,3,1,2,0,0,0,0,0,0,0,0,0,0]"
CSI_DATA,24059,80:af:ca:27:52:2a,-54,11,1,0,1,1,1,0,0,0,0,-97,0,11,2,323414911,0,83,1,128,0,"[0,0,0,0,0,0,0,0,0,0,0,0,-4,-8,-3,-7,-3,-7,-2,-6,-1,-4,-1,-3,0,-1,1,0,2,1,2,2,3,4,4,4,4,6,5,6,5,6,6,6,6,6,5,5,4,4,3,3,2,3,1,2,0,0,-1,0,-2,-1,-3,-2,0,0,-6,-4,-6,-4,-7,-5,-7,-5,-7,-5,-7,-5,-7,-5,-6,-4,-5,-3,-4,-2,-3,-1,-1,-1,0,0,0,1,1,1,2,2,3,3,4,3,4,3,4,3,4,3,4,3,4,3,4,3,3,2,2,2,0,0,0,0,0,0,0,0,0,0]"
CSI_DATA,24060,80:af:ca:27:52:2a,-55,11,1,0,1,1,1,0,0,0,0,-97,0,11,2,323423597,0,83,1,128,0,"[0,0,0,0,0,0,0,0,0,0,0,0,4,-6,4,-6,4,-5,3,-4,2,-3,2,-1,1,0,0,1,-1,2,-1,3,-2,5,-3,5,-3,6,-3,6,-3,7,-3,7,-3,7,-3,6,-2,5,-2,4,-1,3,-1,2,0,0,0,-1,0,-2,1,-4,0,0,1,-6,1,-7,1,-7,1,-8,2,-8,1,-8,1,-7,1,-6,0,-5,0,-4,0,-3,0,-2,-1,0,-1,1,-1,2,-2,3,-2,4,-2,5,-2,5,-2,5,-2,5,-2,5,-2,5,-2,4,-2,3,-1,3,0,0,0,0,0,0,0,0,0,0]"
CSI_DATA,24061,80:af:ca:27:52:2a,-55,11,1,0,1,1,1,0,0,0,0,-97,0,11,2,323430869,0,83,1,128,0,"[0,0,0,0,0,0,0,0,0,0,0,0,-1,7,-1,7,-1,6,-1,5,-1,3,-1,2,0,0,0,0,0,-1,0,-3,0,-4,0,-5,0,-6,0,-7,0,-7,0,-8,-1,-7,-1,-7,0,-6,0,-5,0,-4,0,-3,0,-1,0,0,0,0,0,2,0,0,1,4,1,5,1,6,2,6,2,6,2,6,1,6,1,5,1,4,1,3,0,2,0,1,0,0,0,0,0,-2,0,-3,-1,-4,-1,-4,-1,-5,-1,-5,-1,-5,-1,-5,-1,-5,-1,-4,-1,-4,-1,-3,0,0,0,0,0,0,0,0,0,0]"
CSI_DATA,24062,80:af:ca:27:52:2a,-55,11,1,2,1,1,1,0,0,0,0,-97,0,11,2,323437876,0,83,1,128,0,"[0,0,0,0,0,0,0,0,0,0,0,0,2,-1,4,0,6,0,8,0,9,0,10,0,11,0,10,0,10,0,9,0,8,0,7,0,5,0,3,0,1,0,0,0,-2,0,-4,0,-5,0,-8,0,-8,0,-9,0,-11,0,-11,0,-10,0,-9,0,0,0,-8,0,-5,0,-4,0,-2,0,0,0,1,0,3,0,5,0,5,0,7,0,8,0,8,0,8,0,8,0,8,-1,7,0,5,-1,4,-1,3,0,1,0,0,0,-1,0,-2,-1,-3,-1,-4,-1,-5,-1,0,0,0,0,0,0,0,0,0,0]"
CSI_DATA,24063,80:af:ca:27:52:2a,-55,11,1,0,1,1,1,0,0,0,0,-97,0,11,2,323445036,0,83,1,128,0,"[0,0,0,0,0,0,0,0,0,0,0,0,-2,2,-4,4,-6,5,-8,6,-8,7,-9,7,-10,8,-10,8,-10,7,-9,7,-8,6,-7,5,-5,4,-4,2,-2,0,0,0,0,-2,2,-4,4,-5,5,-6,6,-8,6,-8,6,-9,6,-10,6,-10,6,-10,0,0,4,-7,3,-6,2,-4,1,-2,0,0,-2,0,-3,2,-4,4,-4,5,-5,6,-6,8,-6,7,-6,7,-6,8,-6,7,-5,6,-4,5,-3,4,-2,3,-1,2,0,0,0,0,1,-1,2,-2,3,-3,4,-4,0,0,0,0,0,0,0,0,0,0]"
CSI_DATA,24064,80:af:ca:27:52:2a,-54,11,1,0,1,1,1,0,0,0,0,-97,0,11,2,323454132,0,83,1,128,0,"[0,0,0,0,0,0,0,0,0,0,0,0,8,-6,8,-5,7,-4,6,-3,4,-2,2,-1,0,0,-1,1,-3,2,-4,2,-6,3,-7,4,-8,4,-9,5,-9,5,-9,5,-8,5,-8,4,-7,3,-6,3,-4,2,-2,1,-1,0,0,0,2,-1,3,-2,0,0,6,-3,7,-4,8,-4,8,-5,8,-4,8,-4,8,-4,7,-3,6,-3,4,-3,2,-2,1,-1,0,-1,-1,0,-3,0,-5,0,-6,0,-6,0,-7,0,-7,0,-7,0,-7,0,-7,0,-6,0,-5,0,-4,0,0,0,0,0,0,0,0,0,0,0]"
CSI_DATA,24065,80:af:ca:27:52:2a,-54,11,1,2,1,1,1,0,0,0,0,-97,0,11,2,323463800,0,83,1,128,0,"[0,0,0,0,0,0,0,0,0,0,0,0,1,-3,3,-5,5,-5,5,-6,7,-7,8,-7,8,-8,8,-7,7,-7,7,-6,6,-5,5,-5,3,-3,2,-2,0,0,0,0,-2,2,-2,3,-4,4,-5,5,-5,6,-6,7,-6,8,-6,8,-6,7,-5,7,0,0,-4,5,-3,3,-2,2,-1,1,0,0,1,-2,2,-3,3,-4,4,-5,5,-6,5,-6,5,-7,5,-6,5,-6,5,-6,4,-5,3,-5,2,-4,1,-2,0,-2,0,0,-1,0,-2,0,-3,1,-4,2,-5,2,0,0,0,0,0,0,0,0,0,0]"
CSI_DATA,24066,80:af:ca:27:52:2a,-54,11,1,2,1,1,1,0,0,0,0,-97,0,11,2,323477835,0,83,1,128,0,"[0,0,0,0,0,0,0,0,0,0,0,0,0,2,0,4,0,6,0,8,-1,9,-1,10,-1,11,-2,10,-2,10,-1,9,-1,8,-1,7,0,5,0,3,0,1,0,0,0,-2,-1,-5,0,-6,0,-8,0,-9,-1,-10,-1,-11,-1,-11,-1,-11,-1,-10,0,0,-1,-8,-1,-6,0,-4,0,-2,0,0,0,1,0,3,0,5,0,6,0,8,0,8,0,9,0,8,0,8,0,8,0,7,0,6,0,5,0,2,0,1,0,0,0,-1,0,-2,0,-3,0,-5,1,-5,0,0,0,0,0,0,0,0,0,0]"
CSI_DATA,24067,80:af:ca:27:52:2a,-55,11,1,0,1,1,1,0,0,0,0,-97,0,11,2,323486247,0,83,1,128,0,"[0,0,0,0,0,0,0,0,0,0,0,0,2,-2,4,-2,7,-2,8,-1,9,-1,9,-1,10,-1,10,-1,9,0,9,0,8,0,7,0,4,0,2,0,0,0,0,0,-2,0,-4,0,-7,0,-8,0,-9,0,-9,0,-10,0,-10,0,-10,0,-9,0,0,0,-7,0,-5,0,-4,0,-2,0,0,0,2,0,3,0,5,0,7,0,7,0,9,0,9,0,9,1,9,0,8,0,7,0,6,0,4,0,3,0,2,0,0,-1,0,-1,-2,-2,-3,-2,-3,-3,-4,-3,0,0,0,0,0,0,0,0,0,0]"
CSI_DATA,24068,80:af:ca:27:52:2a,-55,11,1,0,1,1,1,0,0,0,0,-97,0,11,2,323493342,0,83,1,128,0,"[0,0,0,0,0,0,0,0,0,0,0,0,-5,-6,-5,-6,-4,-5,-3,-5,-2,-3,-1,-2,0,-1,0,0,1,0,2,1,3,2,4,3,5,3,5,4,5,4,6,4,5,4,5,4,4,3,3,2,2,2,1,1,0,0,0,0,-1,0,-2,-1,0,0,-5,-3,-6,-3,-6,-4,-7,-3,-7,-4,-6,-4,-6,-3,-5,-3,-4,-2,-4,-1,-2,-1,-1,0,0,0,0,0,1,1,2,1,2,2,3,2,3,2,4,2,4,3,4,3,3,3,3,2,3,2,2,1,0,0,0,0,0,0,0,0,0,0]"
CSI_DATA,24069,80:af:ca:27:52:2a,-55,11,1,0,1,1,1,0,0,0,0,-97,0,11,2,323500711,0,83,1,128,0,"[0,0,0,0,0,0,0,0,0,0,0,0,0,-3,0,-5,1,-6,2,-8,2,-8,2,-9,3,-10,2,-10,3,-9,2,-8,2,-8,2,-6,1,-5,1,-3,0,-1,0,0,0,2,0,3,0,5,-1,6,-1,7,-1,8,-1,8,-1,9,-1,9,0,8,0,0,0,6,0,4,0,3,0,1,0,0,0,-2,0,-4,0,-5,0,-6,0,-7,0,-8,0,-8,0,-8,0,-8,0,-7,0,-7,0,-6,0,-4,0,-3,0,-2,0,0,-1,0,-1,1,-1,2,-2,3,-2,4,0,0,0,0,0,0,0,0,0,0]"
CSI_DATA,24070,80:af:ca:27:52:2a,-56,11,1,0,1,1,1,0,0,0,0,-97,0,11,2,323512408,0,83,1,128,0,"[0,0,0,0,0,0,0,0,0,0,0,0,-3,0,-5,0,-7,0,-9,-2,-10,-2,-10,-2,-11,-2,-10,-2,-10,-2,-10,-2,-8,-2,-7,-2,-5,-2,-4,-1,-1,-1,0,0,2,0,4,0,6,0,7,0,8,0,9,0,9,0,10,0,10,0,9,0,0,0,6,0,5,0,3,0,2,0,0,0,-2,0,-4,0,-5,0,-7,0,-8,0,-8,0,-9,0,-9,0,-9,0,-8,0,-8,0,-6,0,-5,0,-4,0,-2,0,-1,0,0,0,1,0,2,0,3,1,4,1,0,0,0,0,0,0,0,0,0,0]"
CSI_DATA,24071,80:af:ca:27:52:2a,-55,11,1,0,1,1,1,0,0,0,0,-97,0,11,2,323521490,0,83,1,128,0,"[0,0,0,0,0,0,0,0,0,0,0,0,-4,7,-4,6,-4,6,-3,4,-3,3,-2,1,-1,0,0,-1,0,-2,1,-4,2,-5,3,-6,3,-7,3,-7,3,-7,3,-8,3,-7,3,-7,2,-6,2,-5,1,-3,1,-2,0,-1,0,0,-1,1,-2,3,0,0,-3,5,-3,6,-4,6,-4,7,-4,7,-4,7,-4,6,-3,5,-3,4,-2,3,-1,2,0,1,0,0,1,-1,2,-1,2,-2,3,-3,3,-4,3,-4,3,-4,4,-4,4,-4,3,-4,3,-3,3,-3,2,-2,0,0,0,0,0,0,0,0,0,0]"
CSI_DATA,24072,80:af:ca:27:52:2a,-55,11,1,0,1,1,1,0,0,0,0,-97,0,11,2,323535840,0,83,1,128,0,"[0,0,0,0,0,0,0,0,0,0,0,0,2,2,3,4,4,6,4,8,5,8,5,9,6,10,5,10,5,10,4,9,4,8,3,7,2,5,1,3,0,1,-1,0,-2,-2,-3,-4,-4,-5,-5,-6,-6,-8,-7,-8,-7,-8,-8,-9,-7,-9,-7,-8,0,0,-6,-6,-4,-5,-3,-3,-2,-2,0,0,0,1,2,3,3,4,4,6,5,6,6,8,6,8,5,8,6,8,5,7,5,6,4,5,3,4,2,2,1,1,0,0,0,-1,0,-2,-1,-4,-2,-5,-2,-6,0,0,0,0,0,0,0,0,0,0]"
CSI_DATA,24073,80:af:ca:27:52:2a,-55,11,1,0,1,1,1,0,0,0,0,-97,0,11,2,323543579,0,83,1,128,0,"[0,0,0,0,0,0,0,0,0,0,0,0,0,2,-2,4,-2,6,-4,7,-4,8,-4,8,-4,9,-4,8,-4,8,-4,8,-4,6,-3,6,-2,4,-2,2,-1,0,0,-1,0,-2,0,-4,1,-6,1,-7,1,-8,2,-9,2,-10,1,-10,2,-10,1,-9,0,0,0,-6,0,-5,0,-4,0,-2,0,0,0,1,-1,3,-2,4,-2,6,-2,7,-2,8,-2,8,-2,8,-2,8,-2,7,-2,6,-1,6,-1,4,0,3,0,1,0,0,0,-1,0,-2,1,-3,2,-4,2,-4,0,0,0,0,0,0,0,0,0,0]"
CSI_DATA,24074,80:af:ca:27:52:2a,-55,11,1,2,1,1,1,0,0,0,0,-97,0,11,2,323555626,0,83,1,128,0,"[0,0,0,0,0,0,0,0,0,0,0,0,-3,1,-5,0,-7,0,-8,0,-10,0,-10,0,-11,0,-10,0,-10,0,-10,0,-9,0,-7,0,-5,0,-3,0,-1,0,0,-1,2,-1,4,-1,5,-2,7,-2,8,-2,9,-2,9,-2,10,-2,9,-2,8,-2,0,0,6,-2,5,-2,3,-2,1,-1,0,0,-2,0,-4,0,-5,0,-7,1,-8,1,-9,2,-9,1,-9,1,-9,2,-8,2,-8,1,-7,1,-5,1,-4,1,-2,0,-1,0,0,0,1,0,2,0,4,0,5,0,0,0,0,0,0,0,0,0,0,0]"
CSI_DATA,24075,80:af:ca:27:52:2a,-55,11,1,0,1,1,1,0,0,0,0,-97,0,11,2,323563516,0,83,1,128,0,"[0,0,0,0,0,0,0,0,0,0,0,0,2,0,4,0,6,1,7,2,8,2,8,3,8,3,8,3,8,3,8,3,6,2,6,2,4,2,2,1,0,0,-1,0,-2,0,-4,-1,-6,-2,-7,-2,-8,-2,-8,-2,-9,-2,-10,-2,-9,-3,-8,-2,0,0,-6,-2,-5,-1,-4,-1,-2,0,0,0,1,0,2,1,4,2,5,2,6,2,7,2,7,3,7,3,7,3,6,2,6,2,5,2,4,1,2,0,1,0,0,0,0,-1,-1,-2,-2,-2,-3,-3,-3,-4,0,0,0,0,0,0,0,0,0,0]"
CSI_DATA,24076,80:af:ca:27:52:2a,-54,11,1,0,1,1,1,0,0,0,0,-97,0,11,2,323570720,0,83,1,128,0,"[0,0,0,0,0,0,0,0,0,0,0,0,2,8,2,8,1,7,1,6,0,4,0,3,0,1,-1,0,-1,-1,-2,-3,-3,-4,-3,-6,-4,-7,-4,-7,-4,-7,-5,-7,-4,-7,-4,-6,-4,-6,-3,-4,-2,-3,-2,-2,-1,-1,0,0,1,1,2,1,0,0,4,3,4,4,5,4,6,4,6,4,6,4,5,4,4,3,4,3,3,2,2,1,1,0,0,0,-1,-1,-2,-1,-2,-2,-3,-3,-4,-3,-4,-3,-4,-3,-4,-3,-4,-3,-4,-3,-4,-2,-3,-2,-3,-2,0,0,0,0,0,0,0,0,0,0]"
CSI_DATA,24077,80:af:ca:27:52:2a,-54,11,1,0,1,1,1,0,0,0,0,-97,0,11,2,323587481,0,83,1,128,0,"[0,0,0,0,0,0,0,0,0,0,0,0,5,-7,4,-6,4,-6,4,-4,2,-3,1,-1,0,0,0,0,-1,2,-2,3,-4,4,-4,5,-5,6,-5,6,-5,6,-5,7,-5,6,-4,6,-4,5,-3,4,-2,2,-1,2,0,0,0,0,1,-1,2,-3,0,0,3,-5,4,-6,4,-6,4,-7,5,-6,5,-6,4,-6,4,-5,2,-5,2,-4,1,-2,0,-1,0,-1,-1,0,-2,1,-3,1,-4,2,-4,2,-5,3,-5,3,-5,3,-5,3,-5,2,-4,2,-4,2,-2,1,0,0,0,0,0,0,0,0,0,0]"
CSI_DATA,24078,80:af:ca:27:52:2a,-55,11,1,0,1,1,1,0,0,0,0,-97,0,11,2,323596312,0,83,1,128,0,"[0,0,0,0,0,0,0,0,0,0,0,0,0,-3,0,-5,2,-6,2,-8,3,-8,3,-9,4,-9,3,-9,4,-9,3,-8,3,-7,2,-6,2,-4,1,-3,0,-1,0,0,0,2,-1,3,-2,4,-2,6,-2,7,-2,8,-2,8,-2,8,-2,8,-2,8,0,0,-2,6,-2,4,-1,3,0,1,0,0,0,-2,1,-3,1,-4,2,-6,2,-6,2,-8,2,-8,2,-8,2,-8,2,-7,2,-6,2,-6,1,-4,0,-3,0,-2,0,-1,-1,0,-2,1,-2,2,-3,2,-3,3,0,0,0,0,0,0,0,0,0,0]"
CSI_DATA,24079,80:af:ca:27:52:2a,-55,11,1,0,1,1,1,0,0,0,0,-97,0,11,2,323605278,0,83,1,128,0,"[0,0,0,0,0,0,0,0,0,0,0,0,2,1,2,3,3,5,3,7,4,8,4,8,4,9,4,8,4,8,4,8,3,8,2,6,2,4,1,3,0,1,-1,0,-2,-2,-3,-3,-4,-4,-5,-5,-6,-6,-7,-6,-7,-6,-8,-7,-8,-7,-7,-6,0,0,-6,-4,-4,-4,-3,-2,-2,-1,0,0,1,0,2,2,4,2,5,4,6,4,6,4,6,4,6,4,7,4,6,4,5,3,4,2,4,2,2,1,1,0,0,0,0,-1,-2,-2,-2,-2,-3,-3,-4,-4,0,0,0,0,0,0,0,0,0,0]"
CSI_DATA,24080,80:af:ca:27:52:2a,-55,11,1,0,1,1,1,0,0,0,0,-97,0,11,2,323614795,0,83,1,128,0,"[0,0,0,0,0,0,0,0,0,0,0,0,-2,-7,-2,-6,-1,-6,-1,-5,0,-4,0,-3,0,-1,0,0,0,0,1,2,1,3,2,4,2,5,2,5,2,6,2,6,2,6,2,5,2,4,1,4,1,3,0,2,0,0,0,0,0,-1,-1,-2,0,0,-2,-4,-2,-5,-3,-6,-3,-6,-3,-6,-3,-6,-3,-6,-2,-5,-2,-4,-2,-3,-1,-3,-1,-1,0,0,0,0,0,1,0,2,0,3,0,3,0,4,0,4,0,4,0,4,0,4,0,4,0,3,0,3,0,0,0,0,0,0,0,0,0,0]"
CSI_DATA,24081,80:af:ca:27:52:2a,-55,11,1,0,1,1,1,0,0,0,0,-97,0,11,2,323630696,0,83,1,128,0,"[0,0,0,0,0,0,0,0,0,0,0,0,-3,1,-6,1,-8,2,-10,1,-12,2,-12,1,-13,2,-13,2,-13,1,-12,1,-11,1,-9,0,-7,0,-4,0,-2,0,0,-1,2,-2,4,-2,6,-3,8,-4,9,-4,10,-4,10,-4,11,-5,11,-5,9,-5,0,0,7,-4,5,-3,3,-2,2,-1,0,0,-2,0,-4,1,-6,2,-7,3,-9,4,-9,4,-9,4,-9,4,-9,4,-9,4,-8,4,-7,3,-5,2,-4,2,-2,1,0,0,0,0,2,0,3,-1,4,-1,5,-1,0,0,0,0,0,0,0,0,0,0]"
CSI_DATA,24082,80:af:ca:27:52:2a,-55,11,1,0,1,1,1,0,0,0,0,-97,0,11,2,323639973,0,83,1,128,0,"[0,0,0,0,0,0,0,0,0,0,0,0,-4,-7,-4,-7,-3,-6,-2,-6,-1,-4,-1,-3,0,-1,0,0,1,1,1,2,2,4,3,4,3,5,3,6,3,6,4,6,4,6,3,5,3,5,2,4,2,3,1,2,0,1,0,0,-1,-1,-2,-2,0,0,-3,-4,-3,-5,-4,-6,-4,-6,-4,-6,-4,-6,-4,-6,-3,-5,-3,-4,-3,-3,-2,-2,-1,-1,-1,0,0,0,0,1,0,2,1,3,1,4,1,4,2,4,1,4,1,4,1,4,1,4,1,3,1,2,0,0,0,0,0,0,0,0,0,0]"
CSI_DATA,24083,80:af:ca:27:52:2a,-54,11,1,0,1,1,1,0,0,0,0,-97,0,11,2,323663888,0,83,1,128,0,"[0,0,0,0,0,0,0,0,0,0,0,0,-2,8,-2,8,-2,7,-2,6,-1,4,-1,2,-1,0,-1,-1,0,-2,0,-4,0,-6,0,-7,0,-8,0,-8,0,-8,0,-9,0,-8,0,-7,0,-7,0,-6,0,-4,0,-3,0,-1,0,0,0,1,0,3,0,0,1,6,1,7,2,7,2,7,2,8,2,7,2,7,1,6,1,5,1,3,1,2,0,1,0,0,0,-1,0,-2,-1,-4,-1,-4,-1,-5,-2,-6,-2,-6,-2,-6,-1,-6,-1,-6,-1,-5,-1,-4,-1,-3,0,0,0,0,0,0,0,0,0,0]"
CSI_DATA,24084,80:af:ca:27:52:2a,-55,11,1,0,1,1,1,0,0,0,0,-97,0,11,2,323670527,0,83,1,128,0,"[0,0,0,0,0,0,0,0,0,0,0,0,0,-3,0,-5,0,-6,1,-8,1,-8,2,-9,2,-10,1,-10,2,-10,1,-9,2,-8,1,-7,0,-5,0,-3,0,-2,0,0,0,2,0,3,0,5,0,6,0,8,0,8,0,8,0,9,0,9,0,8,0,0,0,6,0,4,0,3,0,1,0,0,0,-2,0,-4,0,-5,-1,-6,-1,-7,-2,-8,-1,-8,-1,-8,-1,-8,-1,-8,-1,-7,-1,-6,-1,-4,-1,-3,-1,-2,0,0,0,0,0,2,0,2,0,4,0,4,0,0,0,0,0,0,0,0,0,0]"
CSI_DATA,24085,80:af:ca:27:52:2a,-55,11,1,0,1,1,1,0,0,0,0,-97,0,11,2,323682474,0,83,1,128,0,"[0,0,0,0,0,0,0,0,0,0,0,0,-5,-7,-4,-7,-4,-6,-3,-5,-2,-4,-1,-3,0,-1,0,0,1,1,2,2,3,4,4,4,4,5,4,6,4,6,4,6,4,6,4,5,3,5,3,4,2,3,1,2,0,0,0,-1,-1,-2,-2,-3,0,0,-4,-5,-4,-6,-4,-6,-5,-6,-5,-7,-4,-7,-4,-6,-4,-5,-3,-5,-3,-3,-2,-2,-2,-1,-1,0,0,1,0,2,0,3,1,4,1,5,1,5,1,5,1,5,1,5,1,5,1,5,1,4,1,3,0,0,0,0,0,0,0,0,0,0]"
CSI_DATA,24086,80:af:ca:27:52:2a,-55,11,1,0,1,1,1,0,0,0,0,-97,0,11,2,323689638,0,83,1,128,0,"[0,0,0,0,0,0,0,0,0,0,0,0,2,-2,4,-3,6,-3,8,-3,8,-4,9,-4,9,-4,9,-4,9,-4,8,-4,8,-3,6,-2,4,-2,3,-1,1,0,0,0,-2,1,-3,2,-5,3,-6,4,-7,4,-8,5,-8,5,-8,6,-8,6,-7,6,0,0,-6,4,-4,3,-3,2,-2,1,0,0,1,-1,2,-2,4,-4,5,-4,6,-5,6,-6,6,-6,6,-6,6,-6,6,-6,5,-5,4,-4,3,-4,2,-3,0,-2,0,-1,-1,0,-2,0,-3,1,-4,1,-4,2,0,0,0,0,0,0,0,0,0,0]"
CSI_DATA,24087,80:af:ca:27:52:2a,-54,11,1,0,1,1,1,0,0,0,0,-97,0,11,2,323732349,0,83,1,128,0,"[0,0,0,0,0,0,0,0,0,0,0,0,-1,-9,-1,-8,0,-7,0,-7,0,-4,1,-3,-1,-1,2,0,0,2,3,1,3,2,3,3,3,4,3,4,3,5,5,8,5,7,3,5,3,4,3,4,2,3,1,2,0,1,0,0,-1,-1,-3,-2,0,0,-5,-3,-6,-4,-7,-4,-7,-4,-7,-4,-7,-3,-6,-4,-6,-2,-5,-2,-4,-1,-2,-1,-1,0,0,0,1,0,2,1,3,2,4,1,4,1,5,1,5,1,5,1,6,1,4,1,3,1,3,1,2,1,0,0,0,0,0,0,0,0,0,0]"
CSI_DATA,24088,80:af:ca:27:52:2a,-55,11,1,0,1,1,1,0,0,0,0,-97,0,11,2,323742317,0,83,1,128,0,"[0,0,0,0,0,0,0,0,0,0,0,0,-10,0,-10,0,-8,0,-7,0,-5,0,-3,-1,-1,-1,0,-1,2,-2,3,-2,6,-3,7,-3,8,-3,9,-4,9,-4,9,-4,9,-4,7,-3,7,-3,5,-3,4,-2,2,-1,1,0,0,0,-2,1,-4,2,0,0,-6,4,-7,5,-8,5,-8,5,-8,5,-8,5,-7,5,-6,4,-5,4,-4,3,-2,2,-1,1,0,0,1,-1,2,-2,3,-2,4,-3,5,-4,5,-4,5,-4,6,-4,5,-4,5,-4,4,-4,4,-3,3,-3,0,0,0,0,0,0,0,0,0,0]"
CSI_DATA,24089,80:af:ca:27:52:2a,-55,11,1,2,1,1,1,0,0,0,0,-97,0,11,2,323749275,0,83,1,128,0,"[0,0,0,0,0,0,0,0,0,0,0,0,-2,1,-4,1,-6,1,-8,1,-9,1,-10,0,-10,0,-10,0,-10,0,-9,0,-8,0,-6,0,-5,0,-3,0,-1,0,0,-1,2,-1,4,-1,5,-1,6,-2,8,-2,8,-2,8,-2,8,-2,8,-2,8,-2,0,0,6,-2,4,-2,2,-1,1,-1,0,-1,-2,0,-4,0,-5,0,-6,0,-8,0,-8,0,-8,0,-8,0,-8,0,-8,0,-7,0,-6,0,-4,0,-4,0,-2,0,0,0,0,0,1,0,2,0,4,1,4,1,0,0,0,0,0,0,0,0,0,0]"
CSI_DATA,24090,80:af:ca:27:52:2a,-55,11,1,0,1,1,1,0,0,0,0,-97,0,11,2,323758087,0,83,1,128,0,"[0,0,0,0,0,0,0,0,0,0,0,0,7,2,7,1,6,1,5,1,3,1,2,1,0,0,0,0,-1,0,-3,0,-5,0,-6,0,-7,0,-7,0,-8,0,-8,0,-8,0,-7,0,-6,0,-5,0,-4,0,-3,0,-1,0,0,0,1,0,2,0,0,0,5,0,6,0,7,0,7,-1,7,0,7,0,7,0,6,0,5,0,4,0,2,0,1,0,0,0,0,0,-2,0,-3,0,-4,0,-5,0,-5,0,-5,0,-6,0,-5,0,-5,0,-5,0,-4,0,-3,0,0,0,0,0,0,0,0,0,0,0]"
CSI_DATA,24091,80:af:ca:27:52:2a,-55,11,1,0,1,1,1,0,0,0,0,-97,0,11,2,323776084,0,83,1,128,0,"[0,0,0,0,0,0,0,0,0,0,0,0,-4,0,-7,-1,-9,-2,-11,-4,-12,-4,-12,-4,-13,-4,-12,-4,-12,-4,-11,-4,-9,-4,-8,-4,-6,-3,-3,-2,-1,-1,0,0,2,0,4,1,7,2,8,2,9,3,10,3,10,4,11,3,11,4,10,3,0,0,7,2,5,1,3,0,2,0,0,-1,-2,-2,-4,-2,-6,-4,-7,-4,-8,-4,-9,-5,-9,-6,-9,-5,-9,-5,-8,-5,-7,-4,-7,-4,-5,-2,-4,-2,-2,0,-1,0,0,1,0,2,1,3,2,4,2,4,0,0,0,0,0,0,0,0,0,0]"
CSI_DATA,24092,80:af:ca:27:52:2a,-55,11,1,0,1,1,1,0,0,0,0,-97,0,11,2,323784038,0,83,1,128,0,"[0,0,0,0,0,0,0,0,0,0,0,0,-3,0,-5,1,-7,1,-8,0,-9,0,-10,0,-11,0,-10,0,-10,0,-8,0,-8,0,-6,0,-4,0,-3,0,-1,0,0,0,2,0,4,-1,6,-1,7,-1,8,-1,8,-2,8,-2,9,-2,9,-2,8,-2,0,0,6,-2,4,-1,2,-1,1,-1,0,0,-2,0,-4,0,-5,0,-6,0,-7,0,-8,0,-8,0,-8,0,-8,0,-8,0,-7,0,-6,0,-4,0,-3,0,-2,0,0,0,0,0,1,0,2,1,3,1,4,1,0,0,0,0,0,0,0,0,0,0]"
CSI_DATA,24093,80:af:ca:27:52:2a,-55,11,1,0,1,1,1,0,0,0,0,-97,0,11,2,323791751,0,83,1,128,0,"[0,0,0,0,0,0,0,0,0,0,0,0,4,6,4,6,3,5,3,4,2,3,1,2,0,1,-1,0,-2,-1,-3,-2,-4,-4,-5,-4,-6,-5,-6,-6,-6,-6,-6,-6,-6,-5,-6,-4,-5,-4,-4,-3,-3,-2,-2,-2,-1,-1,0,0,1,0,2,1,0,0,4,2,5,3,6,3,6,3,6,4,6,3,6,3,4,3,4,2,3,1,2,1,1,0,0,0,-1,-1,-2,-1,-3,-2,-3,-3,-4,-3,-4,-3,-4,-3,-4,-3,-4,-3,-4,-3,-4,-3,-3,-2,-2,-2,0,0,0,0,0,0,0,0,0,0]"
CSI_DATA,24094,80:af:ca:27:52:2a,-55,11,1,2,1,1,1,0,0,0,0,-97,0,11,2,323798651,0,83,1,128,0,"[0,0,0,0,0,0,0,0,0,0,0,0,2,0,4,1,5,2,7,3,8,4,8,5,9,5,8,5,8,5,8,5,6,4,5,3,4,2,2,2,0,0,0,0,-2,-1,-4,-2,-5,-2,-7,-3,-8,-4,-8,-4,-9,-5,-9,-5,-9,-5,-8,-4,0,0,-6,-3,-5,-2,-3,-1,-2,0,0,0,1,1,2,2,4,2,5,3,5,4,6,4,7,5,7,5,6,4,6,4,5,3,5,2,3,2,2,1,1,0,0,0,0,-1,-1,-2,-2,-3,-2,-4,-2,-5,0,0,0,0,0,0,0,0,0,0]"
CSI_DATA,24095,80:af:ca:27:52:2a,-55,11,1,0,1,1,1,0,0,0,0,-97,0,11,2,323823027,0,83,1,128,0,"[0,0,0,0,0,0,0,0,0,0,0,0,0,8,0,7,0,6,0,5,0,4,0,2,0,1,0,0,0,-1,-1,-2,-1,-4,-2,-5,-2,-6,-2,-7,-2,-7,-3,-8,-2,-7,-2,-6,-2,-6,-2,-5,-1,-4,-1,-3,0,-1,0,0,0,0,1,1,0,0,2,4,3,5,3,5,3,6,3,6,3,6,3,6,3,4,2,4,2,3,1,2,0,0,0,0,0,0,0,-2,-1,-3,-2,-4,-2,-4,-2,-4,-2,-5,-2,-5,-2,-5,-2,-4,-2,-4,-1,-3,-1,-3,0,0,0,0,0,0,0,0,0,0]"
CSI_DATA,24096,80:af:ca:27:52:2a,-54,11,1,0,1,1,1,0,0,0,0,-97,0,11,2,323829772,0,83,1,128,0,"[0,0,0,0,0,0,0,0,0,0,0,0,-2,8,-2,8,-2,7,-2,6,-2,4,-1,2,-1,1,-1,0,0,-2,0,-4,0,-6,0,-7,0,-8,0,-8,0,-8,0,-9,0,-9,0,-8,0,-7,0,-6,0,-4,0,-3,0,-1,0,0,0,1,0,3,0,0,0,6,0,7,0,7,0,8,0,8,0,8,0,7,0,6,0,5,0,4,0,2,0,1,0,0,0,-1,0,-2,0,-3,0,-4,0,-5,0,-6,0,-6,0,-6,0,-6,0,-6,0,-5,0,-4,0,-3,0,0,0,0,0,0,0,0,0,0]"
CSI_DATA,24097,80:af:ca:27:52:2a,-55,11,1,0,1,1,1,0,0,0,0,-97,0,11,2,323837477,0,83,1,128,0,"[0,0,0,0,0,0,0,0,0,0,0,0,-7,3,-7,2,-6,2,-5,1,-4,1,-3,0,-1,0,0,0,0,-1,1,-2,3,-2,4,-3,5,-3,5,-4,6,-4,6,-4,5,-4,5,-4,4,-4,3,-3,3,-2,2,-1,0,-1,0,0,-1,0,-1,1,0,0,-3,3,-4,3,-5,4,-5,4,-5,4,-5,4,-5,4,-4,3,-3,3,-2,2,-2,1,-1,0,0,0,0,0,1,0,2,-1,2,-2,3,-2,3,-3,3,-3,3,-3,3,-3,3,-2,3,-2,2,-2,2,-1,0,0,0,0,0,0,0,0,0,0]"
CSI_DATA,24098,80:af:ca:27:52:2a,-54,11,1,2,1,1,1,0,0,0,0,-97,0,11,2,323854054,0,83,1,128,0,"[0,0,0,0,0,0,0,0,0,0,0,0,-2,2,-5,2,-7,3,-8,3,-9,4,-10,4,-10,4,-10,4,-10,3,-9,3,-8,2,-7,2,-5,1,-3,0,-1,0,0,0,2,-1,3,-2,5,-2,7,-3,8,-4,8,-4,9,-4,9,-4,8,-4,8,-4,0,0,6,-3,4,-2,2,-2,1,-1,0,0,-2,0,-4,0,-5,0,-7,0,-8,0,-8,0,-9,0,-9,0,-9,0,-8,0,-7,0,-6,0,-5,0,-3,0,-2,0,0,0,0,0,1,0,2,0,3,1,4,1,0,0,0,0,0,0,0,0,0,0]"
CSI_DATA,24099,80:af:ca:27:52:2a,-55,11,1,0,1,1,1,0,0,0,0,-97,0,11,2,323870994,0,83,1,128,0,"[0,0,0,0,0,0,0,0,0,0,0,0,-4,0,-7,-2,-8,-2,-9,-4,-11,-4,-12,-5,-12,-5,-12,-4,-12,-5,-11,-4,-9,-4,-8,-4,-6,-2,-4,-2,-1,-1,0,0,2,0,4,0,7,0,9,0,9,0,11,0,12,0,12,0,12,0,11,0,0,0,8,0,6,0,4,0,2,0,0,0,-2,0,-4,0,-7,0,-9,0,-10,0,-11,0,-11,0,-11,0,-11,0,-10,0,-9,0,-8,0,-6,0,-4,0,-2,0,0,0,0,0,2,0,4,0,4,1,5,1,0,0,0,0,0,0,0,0,0,0]"
CSI_DATA,24100,80:af:ca:27:52:2a,-55,11,1,0,1,1,1,0,0,0,0,-97,0,11,2,323880720,0,83,1,128,0,"[0,0,0,0,0,0,0,0,0,0,0,0,1,-10,1,-9,1,-8,1,-6,1,-5,1,-3,0,-1,0,0,0,2,0,4,0,6,0,7,-1,8,-1,8,-1,9,-1,9,0,8,0,8,0,7,0,5,0,4,0,2,0,1,0,-1,0,-3,0,-4,0,0,0,-7,0,-8,0,-9,0,-9,0,-9,0,-9,0,-8,0,-7,0,-6,0,-5,0,-4,-1,-2,-1,0,-1,1,-1,2,-2,3,-2,5,-2,5,-2,6,-2,6,-2,6,-2,6,-2,6,-2,5,-2,4,-1,3,0,0,0,0,0,0,0,0,0,0]"
CSI_DATA,24101,80:af:ca:27:52:2a,-55,11,1,0,1,1,1,0,0,0,0,-97,0,11,2,323887564,0,83,1,128,0,"[0,0,0,0,0,0,0,0,0,0,0,0,-3,0,-5,0,-7,-1,-8,-2,-9,-2,-10,-3,-10,-3,-10,-2,-10,-3,-10,-2,-9,-2,-8,-2,-5,-2,-4,-2,-2,-1,0,-1,2,0,3,0,5,0,7,0,8,0,9,0,9,0,10,0,10,0,9,-1,0,0,7,0,5,0,3,0,2,0,0,0,-2,0,-4,0,-5,0,-7,0,-8,0,-9,0,-9,0,-9,0,-8,0,-8,0,-8,0,-6,0,-5,0,-3,0,-2,0,0,0,0,0,1,0,2,0,3,0,4,0,0,0,0,0,0,0,0,0,0,0]"
CSI_DATA,24102,80:af:ca:27:52:2a,-54,11,1,0,1,1,1,0,0,0,0,-97,0,11,2,323896238,0,83,1,128,0,"[0,0,0,0,0,0,0,0,0,0,0,0,7,-6,6,-6,6,-5,5,-4,4,-3,3,-2,1,-1,0,0,-1,1,-2,3,-3,4,-4,5,-5,5,-5,6,-6,6,-6,7,-6,6,-5,6,-5,5,-4,4,-3,3,-2,2,-1,1,0,0,0,-2,1,-3,0,0,3,-5,3,-6,4,-7,4,-7,4,-7,4,-7,4,-7,3,-6,2,-5,1,-4,1,-3,0,-2,0,-1,-1,0,-2,1,-2,2,-3,3,-3,4,-3,4,-3,5,-4,5,-3,4,-3,4,-3,4,-3,3,-2,2,0,0,0,0,0,0,0,0,0,0]"
CSI_DATA,24103,80:af:ca:27:52:2a,-54,11,1,0,1,1,1,0,0,0,0,-97,0,11,2,323914110,0,83,1,128,0,"[0,0,0,0,0,0,0,0,0,0,0,0,7,-7,7,-7,6,-6,5,-4,3,-3,2,-1,0,0,0,1,-2,2,-3,3,-5,5,-6,6,-7,6,-7,7,-7,7,-7,7,-7,7,-6,6,-6,6,-5,5,-3,3,-2,2,-1,1,0,0,1,-2,2,-3,0,0,5,-6,6,-6,6,-7,6,-7,6,-7,6,-7,6,-7,5,-6,4,-5,3,-4,2,-3,0,-2,0,-1,-2,0,-3,1,-4,1,-5,2,-6,3,-6,3,-6,3,-6,3,-6,3,-6,3,-5,3,-5,2,-3,2,0,0,0,0,0,0,0,0,0,0]"
CSI_DATA,24104,80:af:ca:27:52:2a,-54,11,1,0,1,1,1,0,0,0,0,-97,0,11,2,323934740,0,83,1,128,0,"[0,0,0,0,0,0,0,0,0,0,0,0,6,-5,5,-5,5,-4,4,-3,3,-2,2,-1,1,0,0,0,-1,1,-2,2,-3,3,-4,4,-4,5,-4,5,-5,6,-5,6,-4,6,-4,5,-4,5,-3,4,-2,3,-2,2,-1,1,0,0,0,-2,1,-3,0,0,2,-5,2,-6,3,-7,3,-7,3,-7,3,-7,2,-6,2,-6,2,-5,1,-4,1,-3,0,-2,0,0,-1,0,-1,1,-2,2,-2,3,-2,4,-3,4,-3,4,-3,4,-3,4,-3,4,-2,4,-2,3,-2,2,0,0,0,0,0,0,0,0,0,0]"
CSI_DATA,24105,80:af:ca:27:52:2a,-55,11,1,0,1,1,1,0,0,0,0,-97,0,11,2,323943594,0,83,1,128,0,"[0,0,0,0,0,0,0,0,0,0,0,0,-3,1,-5,1,-8,1,-10,0,-11,1,-11,0,-12,0,-12,0,-11,0,-11,0,-10,0,-8,0,-6,0,-4,0,-2,0,0,0,2,0,4,-1,6,-1,8,-1,9,-1,10,-1,11,-1,11,-2,11,-1,10,-1,0,0,7,-1,6,-1,4,-1,2,0,0,-1,-2,-1,-4,-1,-6,-1,-8,-1,-9,-1,-11,-1,-11,-1,-11,-2,-11,-1,-9,-1,-8,-1,-8,-1,-6,0,-4,0,-2,0,-1,0,0,1,1,1,2,2,3,2,4,3,0,0,0,0,0,0,0,0,0,0]"
CSI_DATA,24106,80:af:ca:27:52:2a,-55,11,1,0,1,1,1,0,0,0,0,-97,0,11,2,323951654,0,83,1,128,0,"[0,0,0,0,0,0,0,0,0,0,0,0,8,0,8,0,7,0,6,1,4,0,2,0,1,0,0,0,-2,0,-3,0,-5,1,-6,1,-7,1,-8,1,-8,1,-8,1,-8,1,-7,1,-7,1,-6,1,-4,0,-3,0,-1,0,0,0,1,-1,3,-1,0,0,5,-2,6,-3,7,-3,7,-3,7,-3,7,-3,6,-3,5,-3,5,-2,3,-2,2,-1,1,-1,0,0,-1,0,-2,0,-4,1,-4,1,-5,1,-5,1,-5,2,-6,2,-5,2,-5,2,-5,1,-4,1,-3,1,0,0,0,0,0,0,0,0,0,0]"
CSI_DATA,24107,80:af:ca:27:52:2a,-55,11,1,0,1,1,1,0,0,0,0,-97,0,11,2,323962241,0,83,1,128,0,"[0,0,0,0,0,0,0,0,0,0,0,0,4,-7,4,-6,4,-6,3,-5,2,-3,2,-2,1,-1,0,0,-1,1,-1,3,-2,4,-3,5,-3,6,-3,6,-3,6,-3,7,-3,6,-3,6,-3,5,-2,4,-2,3,-1,2,-1,1,0,0,0,-1,0,-3,0,0,1,-5,1,-6,2,-7,2,-7,2,-7,2,-7,2,-6,1,-6,1,-5,0,-4,0,-3,0,-2,0,0,-1,0,-1,1,-1,2,-2,3,-2,4,-2,4,-2,4,-2,4,-2,4,-2,4,-2,4,-1,3,-1,2,0,0,0,0,0,0,0,0,0,0]"
CSI_DATA,24108,80:af:ca:27:52:2a,-54,11,1,0,1,1,1,0,0,0,0,-97,0,11,2,323972206,0,83,1,128,0,"[0,0,0,0,0,0,0,0,0,0,0,0,-9,-4,-8,-4,-8,-4,-6,-4,-4,-2,-2,-2,-1,-1,0,0,2,0,4,1,6,1,7,2,8,2,8,2,8,2,9,2,8,2,8,2,6,1,5,1,4,1,2,0,1,0,-1,0,-2,-1,-4,-1,0,0,-6,-2,-8,-2,-8,-2,-9,-2,-9,-2,-9,-2,-8,-2,-7,-2,-6,-1,-5,-1,-3,0,-2,0,0,0,0,1,1,1,2,1,4,2,4,2,5,2,5,2,5,2,5,2,5,2,4,2,4,2,3,1,0,0,0,0,0,0,0,0,0,0]"
CSI_DATA,24109,80:af:ca:27:52:2a,-55,11,1,0,1,1,1,0,0,0,0,-97,0,11,2,323985448,0,83,1,128,0,"[0,0,0,0,0,0,0,0,0,0,0,0,-1,-3,-1,-5,-1,-7,-1,-8,-1,-9,-1,-9,-1,-10,-1,-10,0,-9,-1,-9,0,-7,0,-6,0,-5,0,-3,0,-1,0,0,0,1,0,3,0,5,1,6,1,7,1,8,1,8,1,8,1,8,1,7,0,0,1,5,0,4,0,2,0,0,0,0,0,-2,0,-3,0,-5,-1,-6,-1,-7,-1,-8,-1,-8,-1,-8,-1,-7,-1,-7,-1,-6,-1,-5,-1,-4,-1,-3,-1,-1,0,0,-1,0,0,1,-1,2,-1,3,-1,3,0,0,0,0,0,0,0,0,0,0]"
CSI_DATA,24110,80:af:ca:27:52:2a,-55,11,1,0,1,1,1,0,0,0,0,-97,0,11,2,323994532,0,83,1,128,0,"[0,0,0,0,0,0,0,0,0,0,0,0,-1,8,-1,7,-1,7,-1,6,-1,3,-2,2,0,1,-2,0,0,-2,-3,-2,-3,-3,-3,-4,-2,-5,-2,-5,-2,-6,-4,-9,-4,-8,-2,-6,-2,-6,-3,-5,-1,-4,-1,-2,0,-1,0,0,1,1,2,2,0,0,3,4,5,5,5,5,5,5,5,5,6,4,5,4,5,2,4,3,3,1,2,1,0,0,0,0,-1,-1,-2,-2,-3,-3,-3,-2,-4,-3,-5,-2,-5,-3,-5,-2,-6,-3,-4,-2,-3,-2,-3,-2,-3,-2,0,0,0,0,0,0,0,0,0,0]"
CSI_DATA,24111,80:af:ca:27:52:2a,-55,11,1,0,1,1,1,0,0,0,0,-97,0,11,2,324001929,0,83,1,128,0,"[0,0,0,0,0,0,0,0,0,0,0,0,2,0,4,1,6,2,7,3,8,4,8,4,8,4,8,4,8,4,8,4,6,4,6,3,4,2,2,2,0,0,-1,0,-2,0,-4,-1,-6,-2,-8,-2,-8,-2,-10,-2,-10,-2,-11,-2,-11,-2,-10,-2,0,0,-7,-1,-6,-1,-4,-1,-2,0,0,0,2,0,3,0,4,0,6,0,7,0,8,0,8,1,8,1,8,0,8,0,7,0,6,0,4,0,3,0,2,0,0,0,-1,-1,-2,-1,-3,-1,-4,-2,-5,-2,0,0,0,0,0,0,0,0,0,0]"
CSI_DATA,24112,80:af:ca:27:52:2a,-55,11,1,0,1,1,1,0,0,0,0,-97,0,11,2,324017267,0,83,1,128,0,"[0,0,0,0,0,0,0,0,0,0,0,0,-6,4,-6,4,-5,3,-5,2,-4,1,-2,0,-1,0,0,0,0,-1,1,-2,2,-4,3,-4,3,-5,4,-5,4,-6,4,-6,4,-6,3,-5,3,-5,2,-4,2,-3,1,-2,0,-1,0,0,0,1,-1,2,0,0,-2,4,-2,5,-3,6,-3,6,-3,6,-3,6,-2,6,-2,5,-2,4,-1,3,0,2,0,1,0,0,0,0,0,-1,1,-2,1,-3,1,-4,1,-4,1,-5,2,-5,1,-5,1,-4,1,-4,1,-3,0,-3,0,0,0,0,0,0,0,0,0,0]"
CSI_DATA,24113,80:af:ca:27:52:2a,-55,11,1,0,1,1,1,0,0,0,0,-97,0,11,2,324026199,0,83,1,128,0,"[0,0,0,0,0,0,0,0,0,0,0,0,2,-2,4,-2,6,-2,8,-2,8,-2,9,-2,10,-2,10,-2,9,-2,8,-2,8,-1,6,-1,4,-1,3,0,1,0,0,0,-2,0,-4,1,-5,2,-6,2,-8,2,-8,2,-8,3,-9,3,-9,3,-8,3,0,0,-6,2,-5,2,-3,1,-2,0,0,0,1,0,3,-1,4,-2,6,-2,6,-3,7,-3,7,-3,7,-3,7,-3,6,-3,6,-3,5,-2,4,-2,2,-2,1,-1,0,-1,-1,0,-2,0,-3,0,-4,0,-4,0,0,0,0,0,0,0,0,0,0,0]"
CSI_DATA,24114,80:af:ca:27:52:2a,-54,11,1,0,1,1,1,0,0,0,0,-97,0,11,2,324054057,0,83,1,128,0,"[0,0,0,0,0,0,0,0,0,0,0,0,-7,6,-6,6,-6,4,-5,3,-3,2,-2,1,-1,0,0,-1,0,-2,1,-3,2,-5,3,-6,3,-7,3,-7,3,-7,4,-8,3,-7,3,-7,2,-6,2,-5,1,-4,1,-3,0,-1,0,0,0,1,-1,3,0,0,-1,6,-2,7,-2,7,-2,8,-2,8,-2,8,-2,7,-1,6,-1,5,-1,4,0,3,0,1,0,0,0,-1,0,-2,0,-3,1,-4,1,-6,1,-6,1,-6,1,-6,1,-6,1,-6,1,-5,0,-4,0,-3,0,0,0,0,0,0,0,0,0,0]"
CSI_DATA,24115,80:af:ca:27:52:2a,-55,11,1,0,1,1,1,0,0,0,0,-97,0,11,2,324060693,0,83,1,128,0,"[0,0,0,0,0,0,0,0,0,0,0,0,0,2,0,4,-1,6,-2,7,-2,8,-3,8,-3,9,-3,9,-3,8,-3,8,-3,7,-2,6,-2,4,-1,2,-1,0,0,-1,0,-2,0,-4,0,-6,0,-7,0,-8,1,-9,1,-9,0,-10,1,-9,0,-8,0,0,0,-6,0,-5,0,-4,0,-2,0,0,0,1,-1,3,-1,4,-2,6,-1,6,-2,8,-2,8,-2,8,-2,7,-2,6,-1,6,-1,5,0,4,0,2,0,1,0,0,0,0,1,-2,1,-3,2,-4,2,-4,0,0,0,0,0,0,0,0,0,0]"
CSI_DATA,24116,80:af:ca:27:52:2a,-55,11,1,0,1,1,1,0,0,0,0,-97,0,11,2,324072469,0,83,1,128,0,"[0,0,0,0,0,0,0,0,0,0,0,0,-2,-1,-4,-3,-4,-4,-5,-7,-6,-7,-6,-8,-7,-9,-7,-9,-6,-9,-6,-8,-5,-7,-4,-7,-4,-5,-2,-4,-1,-2,0,0,2,0,3,1,4,2,5,4,7,4,7,4,7,4,9,4,8,5,8,4,0,0,6,3,4,2,3,1,2,0,0,0,-2,-1,-3,-2,-4,-2,-6,-3,-7,-4,-8,-4,-8,-4,-8,-4,-9,-4,-7,-4,-7,-3,-6,-3,-5,-2,-4,-1,-2,0,-1,0,0,0,0,1,2,2,2,2,3,2,0,0,0,0,0,0,0,0,0,0]"
CSI_DATA,24117,80:af:ca:27:52:2a,-55,11,1,0,1,1,1,0,0,0,0,-97,0,11,2,324081906,0,83,1,128,0,"[0,0,0,0,0,0,0,0,0,0,0,0,1,-3,4,-4,6,-4,8,-5,8,-6,10,-6,11,-6,10,-6,10,-6,9,-5,8,-4,7,-4,5,-3,3,-2,1,0,0,0,-2,2,-4,2,-5,4,-6,5,-8,6,-8,6,-9,6,-9,7,-9,7,-8,7,0,0,-6,5,-5,4,-3,2,-2,1,0,0,1,-1,3,-2,4,-4,6,-5,6,-6,7,-6,8,-6,8,-6,7,-6,7,-6,6,-6,5,-5,4,-4,2,-3,0,-2,0,-1,-2,0,-2,0,-4,1,-5,1,-6,2,0,0,0,0,0,0,0,0,0,0]"
CSI_DATA,24118,80:af:ca:27:52:2a,-55,11,1,0,1,1,1,0,0,0,0,-97,0,11,2,324091148,0,83,1,128,0,"[0,0,0,0,0,0,0,0,0,0,0,0,-1,2,-2,4,-4,5,-6,6,-6,8,-8,8,-8,8,-8,8,-8,8,-7,7,-7,6,-5,5,-4,3,-3,2,-1,0,0,0,0,-2,1,-4,2,-5,4,-7,4,-8,5,-8,5,-8,5,-9,5,-9,5,-8,0,0,3,-7,2,-5,1,-4,0,-2,0,0,-2,1,-2,2,-3,3,-4,5,-5,6,-5,7,-5,7,-5,6,-5,7,-5,6,-5,5,-4,5,-2,4,-2,2,-1,1,0,0,0,0,1,-1,2,-2,3,-2,3,-3,0,0,0,0,0,0,0,0,0,0]"
CSI_DATA,24119,80:af:ca:27:52:2a,-56,11,1,0,1,1,1,0,0,0,0,-97,0,11,2,324100259,0,83,1,128,0,"[0,0,0,0,0,0,0,0,0,0,0,0,0,-2,2,-4,2,-6,4,-7,4,-7,5,-8,6,-8,5,-8,6,-8,5,-8,4,-6,4,-6,3,-4,2,-3,0,-1,0,0,0,1,-2,2,-2,4,-3,6,-4,6,-4,7,-4,8,-4,8,-4,8,-4,7,0,0,-3,6,-2,4,-1,3,0,2,0,0,0,-1,1,-3,2,-4,2,-5,2,-6,3,-7,3,-7,3,-7,3,-7,3,-6,2,-6,2,-5,1,-4,0,-3,0,-2,0,-1,-1,0,-2,0,-2,1,-3,2,-3,2,0,0,0,0,0,0,0,0,0,0]"
CSI_DATA,24120,80:af:ca:27:52:2a,-55,11,1,0,1,1,1,0,0,0,0,-97,0,11,2,324114074,0,83,1,128,0,"[0,0,0,0,0,0,0,0,0,0,0,0,-10,-3,-9,-3,-8,-3,-7,-3,-5,-2,-3,-2,-1,-1,1,0,3,0,4,0,6,1,8,1,9,1,9,1,10,1,10,1,9,1,9,1,8,1,6,1,4,0,3,0,1,0,0,0,-2,0,-4,-1,0,0,-8,-1,-9,-1,-10,-1,-10,-1,-10,-1,-10,-1,-9,-1,-8,-1,-7,-1,-6,0,-4,0,-2,0,0,0,1,0,2,1,3,1,5,1,6,1,6,2,7,1,7,2,6,2,6,1,6,1,4,1,3,1,0,0,0,0,0,0,0,0,0,0]"
CSI_DATA,24121,80:af:ca:27:52:2a,-54,11,1,0,1,1,1,0,0,0,0,-97,0,11,2,324122284,0,83,1,128,0,"[0,0,0,0,0,0,0,0,0,0,0,0,-7,-5,-7,-4,-6,-4,-5,-4,-4,-3,-2,-2,-1,-1,0,-1,2,0,3,0,5,1,6,1,6,2,7,2,7,2,8,2,7,2,7,1,6,1,5,1,3,0,2,0,1,0,0,0,-2,0,-3,0,0,0,-6,0,-7,0,-8,0,-8,0,-9,0,-8,-1,-7,0,-6,0,-6,0,-4,0,-3,0,-2,0,0,0,1,0,2,0,3,0,4,0,5,0,5,0,5,0,6,0,5,0,5,0,4,0,4,0,3,0,0,0,0,0,0,0,0,0,0,0]"
CSI_DATA,24122,80:af:ca:27:52:2a,-54,11,1,0,1,1,1,0,0,0,0,-97,0,11,2,324130462,0,83,1,128,0,"[0,0,0,0,0,0,0,0,0,0,0,0,-7,-5,-7,-4,-6,-4,-5,-4,-4,-3,-2,-2,-1,-1,0,-1,2,0,3,0,4,1,6,2,6,2,7,2,7,2,8,2,7,2,7,2,6,1,5,1,4,1,2,0,1,0,0,0,-2,0,-3,0,0,0,-6,-1,-7,-1,-8,-1,-8,-1,-8,-1,-8,-1,-8,-1,-7,-1,-6,-1,-5,0,-3,0,-2,0,0,0,1,0,2,0,3,0,4,1,5,1,5,1,5,1,5,1,5,1,5,1,4,1,4,1,3,0,0,0,0,0,0,0,0,0,0,0]"
CSI_DATA,24123,80:af:ca:27:52:2a,-54,11,1,0,1,1,1,0,0,0,0,-97,0,11,2,324149094,0,83,1,128,0,"[0,0,0,0,0,0,0,0,0,0,0,0,7,6,6,5,6,5,5,4,3,3,2,2,0,1,-1,0,-2,0,-4,-1,-5,-3,-6,-3,-7,-4,-8,-4,-8,-4,-9,-4,-9,-4,-8,-3,-7,-3,-6,-2,-4,-2,-3,-1,-2,-1,0,0,1,0,3,0,0,0,6,1,7,1,8,1,9,1,9,2,9,1,8,1,7,1,6,1,4,0,3,0,2,0,0,0,-1,-1,-2,-1,-4,-1,-5,-2,-5,-1,-6,-2,-6,-1,-6,-2,-6,-2,-6,-2,-5,-1,-5,-1,-4,-1,0,0,0,0,0,0,0,0,0,0]"
CSI_DATA,24124,80:af:ca:27:52:2a,-55,11,1,0,1,1,1,0,0,0,0,-97,0,11,2,324157598,0,83,1,128,0,"[0,0,0,0,0,0,0,0,0,0,0,0,0,-3,1,-5,2,-7,3,-8,4,-9,5,-9,5,-10,5,-10,5,-10,4,-9,5,-8,3,-7,2,-5,2,-3,0,-2,0,0,0,1,-1,3,-2,5,-2,6,-3,8,-3,8,-4,8,-3,9,-4,9,-3,8,0,0,-2,6,-2,5,-1,3,0,1,0,0,0,-2,1,-3,1,-5,2,-6,2,-7,2,-8,2,-8,3,-8,2,-8,2,-8,2,-7,2,-6,1,-5,0,-3,0,-2,0,-1,-1,0,-2,0,-2,2,-3,2,-3,2,0,0,0,0,0,0,0,0,0,0]"
CSI_DATA,24125,80:af:ca:27:52:2a,-55,11,1,0,1,1,1,0,0,0,0,-97,0,11,2,324165206,0,83,1,128,0,"[0,0,0,0,0,0,0,0,0,0,0,0,4,-7,4,-7,3,-6,3,-5,2,-4,1,-2,1,-1,0,0,0,1,-1,2,-2,4,-2,5,-3,6,-3,6,-3,6,-3,7,-3,6,-3,6,-2,5,-2,4,-2,3,-1,2,-1,1,0,0,0,-1,0,-3,0,0,1,-5,1,-6,2,-7,2,-7,2,-7,2,-7,2,-7,1,-6,1,-5,0,-4,0,-3,0,-2,0,-1,-1,0,-1,1,-1,2,-2,3,-2,4,-2,4,-2,4,-2,4,-2,4,-2,4,-2,4,-2,3,-1,2,0,0,0,0,0,0,0,0,0,0]"
CSI_DATA,24126,80:af:ca:27:52:2a,-54,11,1,0,1,1,1,0,0,0,0,-97,0,11,2,324172763,0,83,1,128,0,"[0,0,0,0,0,0,0,0,0,0,0,0,8,-6,7,-6,6,-5,5,-4,4,-2,2,-1,0,0,-1,1,-2,2,-4,3,-5,4,-6,5,-8,5,-8,5,-8,5,-8,5,-8,5,-7,5,-6,4,-5,4,-4,2,-2,1,-1,0,0,0,2,-1,3,-2,0,0,6,-4,7,-4,8,-5,8,-5,8,-5,8,-5,7,-5,6,-4,5,-4,4,-3,2,-2,1,-1,0,-1,-1,0,-3,0,-4,0,-5,0,-6,1,-6,1,-6,1,-7,1,-6,1,-6,1,-6,0,-5,0,-4,0,0,0,0,0,0,0,0,0,0,0]"
CSI_DATA,24127,80:af:ca:27:52:2a,-55,11,1,0,1,1,1,0,0,0,0,-97,0,11,2,324183344,0,83,1,128,0,"[0,0,0,0,0,0,0,0,0,0,0,0,-8,-6,-7,-5,-6,-4,-5,-4,-3,-3,-2,-2,-1,-1,0,0,2,0,3,1,4,2,6,2,7,3,7,3,7,3,8,3,7,3,7,3,6,2,4,2,3,1,2,1,0,0,0,0,-2,-1,-3,-1,0,0,-6,-2,-7,-3,-8,-3,-8,-3,-8,-3,-8,-3,-7,-3,-7,-2,-6,-2,-4,-1,-3,-1,-2,0,0,0,0,1,2,1,3,1,3,2,4,2,4,2,5,2,5,3,4,3,4,2,4,2,3,2,2,1,0,0,0,0,0,0,0,0,0,0]"
CSI_DATA,24128,80:af:ca:27:52:2a,-55,11,1,0,1,1,1,0,0,0,0,-97,0,11,2,324191587,0,83,1,128,0,"[0,0,0,0,0,0,0,0,0,0,0,0,4,9,4,7,3,7,2,6,1,4,1,3,0,1,-1,0,-2,-2,-3,-3,-4,-5,-5,-6,-5,-6,-6,-7,-6,-7,-6,-7,-6,-7,-5,-6,-5,-5,-4,-5,-3,-3,-2,-2,-1,-1,0,0,1,1,2,2,0,0,4,4,5,5,6,5,6,5,6,6,6,5,6,5,5,4,4,3,3,2,2,1,1,0,0,-1,-1,-2,-2,-2,-2,-3,-3,-4,-4,-5,-4,-5,-4,-5,-4,-5,-4,-5,-4,-5,-4,-4,-3,-4,-3,-3,0,0,0,0,0,0,0,0,0,0]"
CSI_DATA,24129,80:af:ca:27:52:2a,-55,11,1,0,1,1,1,0,0,0,0,-97,0,11,2,324200696,0,83,1,128,0,"[0,0,0,0,0,0,0,0,0,0,0,0,8,3,8,3,6,2,5,2,3,2,2,1,0,1,-1,0,-3,0,-4,0,-6,0,-7,0,-8,0,-9,0,-9,0,-10,0,-9,0,-8,0,-7,0,-6,0,-4,0,-3,0,-1,0,0,0,1,0,3,-1,0,0,6,-2,7,-2,8,-3,8,-3,8,-3,8,-3,7,-3,6,-2,5,-2,3,-2,2,-1,0,-1,0,0,-1,0,-3,0,-4,1,-5,1,-6,1,-6,2,-6,2,-6,2,-6,2,-5,2,-5,2,-4,2,-3,1,0,0,0,0,0,0,0,0,0,0]"
CSI_DATA,24130,80:af:ca:27:52:2a,-55,11,1,0,1,1,1,0,0,0,0,-97,0,11,2,324209968,0,83,1,128,0,"[0,0,0,0,0,0,0,0,0,0,0,0,-3,0,-5,-2,-6,-2,-8,-4,-8,-4,-8,-5,-9,-5,-8,-5,-8,-6,-8,-4,-7,-4,-6,-4,-4,-3,-3,-2,-1,-1,0,0,2,0,4,0,5,1,6,1,8,2,8,2,8,2,9,2,9,2,8,1,0,0,6,0,4,0,3,0,1,0,0,0,-2,0,-4,-1,-5,-1,-6,-2,-8,-2,-9,-2,-9,-2,-9,-2,-9,-2,-8,-2,-8,-1,-6,-1,-5,0,-4,0,-2,0,-1,0,0,0,1,0,2,1,3,1,4,2,0,0,0,0,0,0,0,0,0,0]"
CSI_DATA,24131,80:af:ca:27:52:2a,-55,11,1,0,1,1,1,0,0,0,0,-97,0,11,2,324217631,0,83,1,128,0,"[0,0,0,0,0,0,0,0,0,0,0,0,-2,2,-4,2,-6,3,-7,3,-8,3,-9,4,-9,4,-9,4,-9,3,-8,3,-8,2,-6,2,-5,1,-3,0,-1,0,0,0,1,-1,3,-2,4,-2,6,-3,7,-3,8,-4,8,-4,8,-4,8,-4,8,-4,0,0,6,-3,4,-2,3,-2,1,-1,0,0,-2,0,-4,0,-5,0,-6,1,-7,1,-8,1,-8,1,-8,1,-8,1,-8,1,-7,1,-6,0,-4,1,-3,0,-2,0,-1,0,0,0,1,0,2,0,3,0,4,0,0,0,0,0,0,0,0,0,0,0]"
CSI_DATA,24132,80:af:ca:27:52:2a,-55,11,1,0,1,1,1,0,0,0,0,-97,0,11,2,324229755,0,83,1,128,0,"[0,0,0,0,0,0,0,0,0,0,0,0,-3,7,-2,6,-2,6,-2,5,-2,3,-1,2,0,0,0,0,0,-1,0,-3,0,-4,0,-6,0,-6,0,-7,1,-7,0,-8,0,-7,0,-7,0,-6,0,-5,0,-4,0,-3,0,-1,0,0,0,0,0,2,0,0,0,4,0,5,0,6,0,6,0,7,0,6,0,6,0,5,0,4,0,3,0,2,0,1,0,0,0,0,0,-1,0,-3,0,-3,0,-4,0,-4,0,-5,0,-5,0,-5,0,-4,0,-4,0,-3,0,-3,0,0,0,0,0,0,0,0,0,0]"
CSI_DATA,24133,80:af:ca:27:52:2a,-55,11,1,0,1,1,1,0,0,0,0,-97,0,11,2,324238940,0,83,1,128,0,"[0,0,0,0,0,0,0,0,0,0,0,0,2,-3,4,-4,5,-4,6,-4,8,-5,8,-5,8,-5,8,-4,8,-4,7,-4,7,-3,5,-2,4,-2,2,-1,0,0,-1,0,-2,0,-4,1,-6,2,-6,2,-8,2,-8,3,-8,3,-9,3,-9,3,-8,3,0,0,-6,2,-4,2,-3,1,-2,0,0,0,2,0,3,0,4,0,6,-1,6,-1,8,-1,8,-1,8,-1,8,-1,7,-1,6,-1,5,-1,4,-1,3,-1,1,-1,0,-1,0,-1,-2,-1,-3,-2,-4,-2,-4,-2,0,0,0,0,0,0,0,0,0,0]"
CSI_DATA,24134,80:af:ca:27:52:2a,-55,11,1,0,1,1,1,0,0,0,0,-97,0,11,2,324245756,0,83,1,128,0,"[0,0,0,0,0,0,0,0,0,0,0,0,8,-3,7,-3,6,-3,5,-2,4,-1,2,-1,1,0,0,1,-2,1,-3,2,-4,3,-6,4,-6,4,-7,4,-7,4,-7,5,-7,4,-6,4,-5,4,-4,3,-3,2,-2,1,-1,0,0,0,1,-1,2,-3,0,0,3,-4,4,-6,4,-6,4,-6,5,-6,4,-6,4,-6,3,-5,3,-4,2,-3,1,-2,0,-1,0,0,-1,0,-2,1,-3,2,-3,3,-3,3,-4,3,-4,4,-4,4,-4,3,-4,3,-3,3,-3,2,-2,2,0,0,0,0,0,0,0,0,0,0]"
CSI_DATA,24135,80:af:ca:27:52:2a,-55,11,1,0,1,1,1,0,0,0,0,-97,0,11,2,324255349,0,83,1,128,0,"[0,0,0,0,0,0,0,0,0,0,0,0,3,0,5,0,7,1,9,2,10,3,10,3,11,3,11,3,11,3,10,3,9,3,8,2,5,2,3,1,1,1,-1,0,-3,0,-5,0,-7,0,-9,0,-10,0,-11,0,-12,0,-12,0,-12,0,-11,0,0,0,-8,0,-6,0,-4,0,-2,0,0,0,2,0,4,0,6,-1,8,-1,8,-2,10,-2,10,-2,10,-2,10,-2,9,-2,8,-2,6,-2,5,-2,3,-2,2,-1,0,-1,-1,0,-2,0,-4,0,-5,0,-6,0,0,0,0,0,0,0,0,0,0,0]"
CSI_DATA,24136,80:af:ca:27:52:2a,-54,11,1,0,1,1,1,0,0,0,0,-97,0,11,2,324261985,0,83,1,128,0,"[0,0,0,0,0,0,0,0,0,0,0,0,-8,0,-7,0,-7,0,-6,0,-4,0,-3,0,-1,-1,0,-1,1,-1,3,-1,4,-1,5,-2,6,-2,7,-2,7,-2,7,-2,7,-2,6,-2,5,-2,5,-2,4,-1,2,-1,1,0,0,0,-1,0,-3,1,0,0,-5,2,-6,3,-6,3,-7,3,-7,3,-7,3,-6,3,-5,3,-5,2,-4,2,-3,1,-1,0,0,0,0,0,2,-1,3,-1,3,-2,4,-2,4,-2,4,-2,5,-2,4,-2,4,-2,4,-2,3,-2,2,-1,0,0,0,0,0,0,0,0,0,0]"
CSI_DATA,24137,80:af:ca:27:52:2a,-55,11,1,0,1,1,1,0,0,0,0,-97,0,11,2,324269682,0,83,1,128,0,"[0,0,0,0,0,0,0,0,0,0,0,0,-4,6,-4,6,-4,5,-4,4,-3,3,-2,1,-1,0,0,0,0,-1,0,-3,1,-4,2,-5,2,-6,2,-6,2,-7,3,-7,2,-7,2,-6,2,-6,1,-5,1,-3,0,-2,0,-1,0,0,0,0,-1,2,0,0,-1,4,-2,5,-2,6,-2,6,-2,7,-2,6,-2,6,-2,5,-1,4,-1,3,0,2,0,1,0,0,0,0,1,-1,1,-2,1,-3,2,-4,2,-4,2,-5,2,-5,2,-4,2,-4,2,-4,1,-3,1,-3,0,0,0,0,0,0,0,0,0,0]"
CSI_DATA,24138,80:af:ca:27:52:2a,-56,11,1,0,1,1,1,0,0,0,0,-97,0,11,2,324278489,0,83,1,128,0,"[0,0,0,0,0,0,0,0,0,0,0,0,0,-3,0,-4,2,-6,2,-8,3,-8,4,-9,4,-10,4,-9,4,-9,4,-8,4,-8,3,-6,2,-5,1,-3,0,-1,0,0,0,2,-1,3,-2,5,-2,6,-2,7,-2,8,-2,8,-2,9,-3,9,-2,8,0,0,-2,6,-1,5,-1,3,0,1,0,0,0,-2,1,-4,2,-5,2,-6,2,-7,2,-8,2,-8,2,-8,2,-8,2,-8,2,-7,2,-6,0,-5,0,-4,0,-2,0,-1,-1,0,-2,0,-2,2,-3,2,-3,3,0,0,0,0,0,0,0,0,0,0]"
CSI_DATA,24139,80:af:ca:27:52:2a,-54,11,1,0,1,1,1,0,0,0,0,-97,0,11,2,324294092,0,83,1,128,0,"[0,0,0,0,0,0,0,0,0,0,0,0,-3,0,-6,0,-8,0,-10,0,-11,0,-12,0,-13,0,-12,0,-12,0,-11,0,-10,-1,-9,0,-6,0,-4,0,-2,0,0,0,2,0,3,0,6,0,7,0,9,0,10,0,10,0,10,-1,10,-1,10,-1,0,0,7,-1,6,0,4,0,2,0,0,0,-2,0,-4,0,-6,0,-7,0,-8,0,-10,0,-10,0,-10,0,-10,0,-9,0,-8,0,-7,0,-6,0,-4,0,-3,0,-1,0,0,0,1,0,3,0,3,1,4,1,0,0,0,0,0,0,0,0,0,0]"
CSI_DATA,24140,80:af:ca:27:52:2a,-55,11,1,0,1,1,1,0,0,0,0,-97,0,11,2,324319873,0,83,1,128,0,"[0,0,0,0,0,0,0,0,0,0,0,0,2,1,3,3,4,4,4,7,4,7,4,8,5,9,5,8,4,8,4,7,4,7,3,6,2,4,1,2,0,1,-1,0,-2,-1,-3,-2,-4,-4,-5,-5,-6,-6,-7,-7,-7,-7,-8,-7,-8,-7,-7,-6,0,0,-6,-4,-4,-4,-3,-2,-2,-1,0,0,1,1,2,2,3,3,4,4,5,4,7,5,7,5,7,5,7,5,6,4,5,4,4,3,4,2,2,1,1,0,0,0,0,-1,-1,-2,-2,-3,-2,-4,-3,-4,0,0,0,0,0,0,0,0,0,0]"
CSI_DATA,24141,80:af:ca:27:52:2a,-55,11,1,0,1,1,1,0,0,0,0,-97,0,11,2,324330156,0,83,1,128,0,"[0,0,0,0,0,0,0,0,0,0,0,0,7,3,6,3,6,3,4,3,3,2,2,1,0,1,-1,0,-2,0,-4,-1,-5,-1,-6,-2,-7,-2,-8,-2,-8,-2,-9,-2,-8,-2,-7,-2,-6,-1,-5,-1,-4,-1,-3,-1,-1,0,0,0,1,0,3,0,0,0,6,0,7,1,7,1,8,0,8,1,7,1,7,0,6,0,5,0,4,0,3,0,1,0,0,-1,-1,-1,-3,-1,-3,-1,-5,-1,-5,-1,-6,-1,-6,-1,-6,-2,-6,-2,-5,-1,-5,-1,-4,-1,-3,-1,0,0,0,0,0,0,0,0,0,0]"
CSI_DATA,24142,80:af:ca:27:52:2a,-55,11,1,2,1,1,1,0,0,0,0,-97,0,11,2,324335612,0,83,1,128,0,"[0,0,0,0,0,0,0,0,0,0,0,0,2,-1,4,0,6,0,8,0,9,0,10,0,11,0,11,1,10,1,9,1,8,0,7,0,5,0,3,0,1,0,0,0,-2,0,-4,0,-6,-1,-8,-1,-9,-1,-10,-1,-11,-2,-11,-1,-11,-1,-10,-1,0,0,-8,-1,-6,0,-4,0,-2,0,0,0,0,0,2,1,4,2,5,2,7,2,8,2,8,3,8,3,8,3,8,2,7,2,5,2,5,1,3,0,2,0,0,0,0,-1,-1,-2,-2,-3,-2,-3,-3,-5,0,0,0,0,0,0,0,0,0,0]"
CSI_DATA,24143,80:af:ca:27:52:2a,-56,11,1,0,1,1,1,0,0,0,0,-97,0,11,2,324343885,0,83,1,128,0,"[0,0,0,0,0,0,0,0,0,0,0,0,1,-2,3,-3,4,-3,6,-4,7,-4,7,-4,8,-5,7,-5,7,-4,7,-4,7,-3,5,-3,4,-2,2,-1,1,0,0,0,-1,1,-3,2,-4,3,-5,4,-5,5,-6,5,-6,5,-7,5,-7,5,-6,5,0,0,-5,4,-3,3,-2,1,-1,1,0,0,1,-1,2,-2,3,-3,4,-4,4,-5,5,-5,5,-5,5,-5,5,-5,5,-5,4,-5,3,-4,2,-3,1,-2,0,-1,0,-1,-1,0,-1,0,-3,1,-3,1,-4,1,0,0,0,0,0,0,0,0,0,0]"
CSI_DATA,24144,80:af:ca:27:52:2a,-55,11,1,0,1,1,1,0,0,0,0,-97,0,11,2,324352401,0,83,1,128,0,"[0,0,0,0,0,0,0,0,0,0,0,0,-2,1,-5,2,-7,2,-9,3,-10,3,-10,3,-11,4,-10,4,-11,3,-10,3,-9,2,-8,2,-6,1,-4,0,-2,0,0,-1,1,-2,2,-2,5,-4,6,-5,7,-5,8,-6,8,-6,8,-7,8,-7,8,-7,0,0,5,-5,4,-3,2,-2,1,-2,0,0,-2,0,-3,2,-5,3,-6,4,-6,5,-7,5,-7,5,-8,5,-7,5,-6,5,-6,5,-5,4,-3,3,-2,2,-1,1,0,0,0,0,1,0,2,-2,3,-2,4,-2,0,0,0,0,0,0,0,0,0,0]"
CSI_DATA,24145,80:af:ca:27:52:2a,-55,11,1,0,1,1,1,0,0,0,0,-97,0,11,2,324360119,0,83,1,128,0,"[0,0,0,0,0,0,0,0,0,0,0,0,0,-3,0,-5,0,-7,1,-9,1,-9,2,-10,2,-11,2,-11,2,-11,2,-10,2,-9,1,-8,1,-6,0,-4,0,-2,0,0,0,2,0,3,-1,5,-1,7,-1,7,-1,9,-1,9,-1,9,-1,9,-1,9,0,0,0,7,0,5,0,4,0,2,0,0,0,-2,0,-3,0,-4,1,-7,1,-7,1,-8,1,-9,1,-9,1,-9,1,-8,0,-7,0,-6,0,-5,0,-4,0,-2,0,-1,-1,0,-1,1,-2,2,-2,3,-2,3,0,0,0,0,0,0,0,0,0,0]"
CSI_DATA,24146,80:af:ca:27:52:2a,-55,11,1,0,1,1,1,0,0,0,0,-97,0,11,2,324403075,0,83,1,128,0,"[0,0,0,0,0,0,0,0,0,0,0,0,6,7,5,6,4,5,3,5,2,4,1,2,0,1,-1,0,-2,-1,-3,-3,-4,-4,-5,-5,-6,-6,-6,-7,-6,-7,-7,-7,-6,-6,-6,-6,-5,-5,-4,-4,-3,-3,-2,-2,-1,-1,0,0,1,1,2,2,0,0,4,5,5,6,5,6,6,7,5,7,5,6,5,6,4,5,4,4,3,3,2,2,1,1,0,0,0,-2,-1,-3,-1,-4,-2,-5,-2,-6,-2,-6,-3,-6,-3,-7,-2,-6,-2,-6,-2,-6,-2,-5,-1,-4,0,0,0,0,0,0,0,0,0,0]"
CSI_DATA,24147,80:af:ca:27:52:2a,-54,11,1,0,1,1,1,0,0,0,0,-97,0,11,2,324428444,0,83,1,128,0,"[0,0,0,0,0,0,0,0,0,0,0,0,8,3,7,2,6,2,5,2,3,2,2,1,0,1,-1,0,-2,0,-4,-1,-5,-1,-7,-2,-7,-2,-8,-2,-8,-2,-9,-2,-8,-2,-7,-2,-7,-2,-6,-1,-4,-1,-3,-1,-1,0,0,0,1,0,3,0,0,0,5,1,6,1,7,1,7,1,7,2,7,2,7,1,6,1,5,1,4,0,3,0,1,0,0,0,-1,-1,-2,-1,-3,-2,-4,-2,-5,-2,-5,-2,-5,-2,-5,-3,-5,-2,-5,-2,-5,-2,-4,-2,-3,-2,0,0,0,0,0,0,0,0,0,0]"
CSI_DATA,24148,80:af:ca:27:52:2a,-54,11,1,0,1,1,1,0,0,0,0,-97,0,11,2,324453661,0,83,1,128,0,"[0,0,0,0,0,0,0,0,0,0,0,0,9,-1,8,0,7,0,6,0,4,0,2,0,1,0,0,1,-2,1,-3,1,-5,1,-7,2,-7,1,-8,2,-8,2,-8,2,-8,2,-7,2,-6,2,-5,1,-4,1,-3,0,-1,0,0,0,1,-1,2,-2,0,0,5,-3,6,-3,6,-4,7,-4,7,-4,7,-4,6,-3,5,-3,4,-3,3,-2,2,-2,1,-1,0,-1,-1,0,-2,0,-3,1,-4,1,-5,2,-5,2,-5,2,-6,2,-6,2,-5,2,-4,2,-4,1,-3,1,0,0,0,0,0,0,0,0,0,0]"
CSI_DATA,24149,80:af:ca:27:52:2a,-55,11,1,0,1,1,1,0,0,0,0,-97,0,11,2,324471679,0,83,1,128,0,"[0,0,0,0,0,0,0,0,0,0,0,0,2,-2,4,-1,7,-1,9,0,9,0,9,0,10,0,10,0,9,0,9,0,8,0,7,0,4,0,2,0,0,0,-1,0,-2,0,-4,1,-6,1,-7,2,-9,2,-9,2,-9,2,-10,2,-10,2,-9,2,0,0,-7,2,-5,1,-3,1,-2,0,0,0,2,0,3,-1,4,-2,6,-2,7,-2,8,-3,8,-3,8,-3,8,-3,7,-3,7,-3,5,-2,4,-2,2,-2,1,-2,0,-1,-1,0,-2,0,-4,0,-4,0,-5,0,0,0,0,0,0,0,0,0,0,0]"
CSI_DATA,24150,80:af:ca:27:52:2a,-54,11,1,0,1,1,1,0,0,0,0,-97,0,11,2,324489028,0,83,1,128,0,"[0,0,0,0,0,0,0,0,0,0,0,0,0,8,0,8,0,7,0,6,0,4,0,2,0,1,0,0,-1,-2,-1,-3,-1,-6,-1,-7,-1,-8,-1,-8,-1,-8,-1,-9,-1,-8,-1,-7,-1,-7,-1,-6,0,-4,0,-3,0,-1,0,0,0,1,0,3,0,0,0,6,0,6,0,7,1,7,1,8,0,7,0,7,0,6,0,5,0,3,0,2,0,1,0,0,0,-1,0,-2,0,-3,0,-5,0,-5,0,-6,0,-6,0,-6,0,-6,0,-5,0,-5,0,-4,0,-3,0,0,0,0,0,0,0,0,0,0]"
CSI_DATA,24151,80:af:ca:27:52:2a,-55,11,1,0,1,1,1,0,0,0,0,-97,0,11,2,324497193,0,83,1,128,0,"[0,0,0,0,0,0,0,0,0,0,0,0,2,1,4,2,5,4,6,6,7,7,7,7,7,7,7,7,6,7,5,7,4,6,4,4,2,3,1,2,0,0,-1,0,-2,-2,-3,-4,-4,-5,-4,-6,-5,-7,-6,-8,-6,-8,-7,-8,-6,-8,-6,-7,0,0,-4,-5,-3,-4,-2,-2,-2,-1,-1,0,0,2,0,3,1,4,2,6,2,7,2,7,2,7,2,7,2,7,2,7,2,6,2,4,2,4,1,2,1,1,0,0,0,-1,0,-2,0,-3,0,-4,0,-4,0,0,0,0,0,0,0,0,0,0]"
CSI_DATA,24152,80:af:ca:27:52:2a,-54,11,1,0,1,1,1,0,0,0,0,-97,0,11,2,324513454,0,83,1,128,0,"[0,0,0,0,0,0,0,0,0,0,0,0,0,-8,0,-8,0,-7,1,-6,1,-4,0,-3,0,-1,0,0,0,2,0,3,0,4,0,6,0,7,0,7,0,7,0,8,0,7,0,7,0,6,0,5,0,3,0,2,0,1,0,0,0,-2,-1,-3,0,0,-1,-6,-1,-7,-2,-7,-2,-7,-2,-8,-2,-8,-2,-7,-1,-6,-1,-5,-1,-4,-1,-3,-1,-1,0,0,0,1,0,2,0,3,0,4,0,4,0,5,0,5,0,5,0,5,0,4,0,4,0,3,0,3,0,0,0,0,0,0,0,0,0,0]"
CSI_DATA,24153,80:af:ca:27:52:2a,-55,11,1,0,1,1,1,0,0,0,0,-97,0,11,2,324522471,0,83,1,128,0,"[0,0,0,0,0,0,0,0,0,0,0,0,-8,1,-7,1,-7,1,-6,0,-4,0,-3,0,-1,0,0,0,0,-1,2,-1,3,-2,5,-2,5,-3,6,-3,6,-3,7,-3,6,-3,6,-3,5,-3,4,-2,3,-2,2,-1,1,0,0,0,-1,0,-2,1,0,0,-4,2,-5,3,-6,3,-6,4,-6,4,-6,4,-6,3,-5,3,-4,3,-3,2,-2,1,-1,0,0,0,0,0,1,0,2,-1,3,-2,3,-2,4,-2,4,-3,4,-3,4,-2,4,-2,3,-2,3,-2,2,-1,0,0,0,0,0,0,0,0,0,0]"
CSI_DATA,24154,80:af:ca:27:52:2a,-55,11,1,0,1,1,1,0,0,0,0,-97,0,11,2,324531690,0,83,1,128,0,"[0,0,0,0,0,0,0,0,0,0,0,0,6,-4,6,-4,5,-3,4,-2,3,-1,2,0,1,0,0,0,-1,0,-2,1,-3,2,-4,2,-5,3,-6,3,-6,3,-6,3,-6,3,-5,3,-5,3,-4,2,-3,1,-2,1,0,0,0,0,0,0,2,-1,0,0,4,-2,5,-3,5,-3,6,-4,6,-3,6,-3,5,-3,5,-3,4,-2,3,-2,2,-1,0,-1,0,0,-1,0,-2,0,-3,0,-4,0,-4,0,-5,0,-5,0,-5,0,-5,0,-5,0,-4,0,-4,0,-3,0,0,0,0,0,0,0,0,0,0,0]"
CSI_DATA,24155,80:af:ca:27:52:2a,-55,11,1,0,1,1,1,0,0,0,0,-97,0,11,2,324543308,0,83,1,128,0,"[0,0,0,0,0,0,0,0,0,0,0,0,-6,-5,-6,-4,-5,-4,-4,-4,-3,-3,-2,-2,-1,-1,0,0,1,0,2,0,4,1,5,1,6,2,6,2,6,2,7,2,7,2,6,2,6,1,4,1,3,1,2,0,1,0,0,0,-1,0,-2,0,0,0,-5,-1,-6,-1,-7,-1,-7,-1,-7,-1,-7,-1,-7,-1,-6,-1,-5,0,-4,0,-3,0,-1,0,0,0,0,0,1,0,2,0,3,0,4,0,4,0,5,0,5,1,5,0,4,0,4,0,3,0,2,0,0,0,0,0,0,0,0,0,0,0]"
CSI_DATA,24156,80:af:ca:27:52:2a,-54,11,1,0,1,1,1,0,0,0,0,-97,0,11,2,324552191,0,83,1,128,0,"[0,0,0,0,0,0,0,0,0,0,0,0,3,8,2,8,2,7,1,6,1,4,0,3,0,1,-1,0,-2,-1,-2,-3,-3,-4,-4,-6,-4,-6,-5,-7,-5,-7,-6,-7,-6,-7,-5,-6,-4,-6,-4,-4,-3,-3,-2,-2,-1,-1,0,0,1,0,2,1,0,0,4,3,5,4,6,4,6,4,6,4,6,4,6,4,5,3,4,2,3,2,2,1,1,0,0,0,-1,-1,-2,-1,-3,-2,-3,-3,-4,-3,-4,-3,-5,-3,-5,-3,-4,-3,-4,-3,-4,-2,-3,-2,-3,-2,0,0,0,0,0,0,0,0,0,0]"
CSI_DATA,24157,80:af:ca:27:52:2a,-55,11,1,0,1,1,1,0,0,0,0,-97,0,11,2,324577231,0,83,1,128,0,"[0,0,0,0,0,0,0,0,0,0,0,0,0,-3,2,-5,2,-7,4,-8,5,-8,5,-9,5,-10,5,-10,5,-9,5,-8,5,-8,3,-6,2,-5,1,-3,0,-1,0,0,-1,2,-2,3,-2,5,-3,6,-4,7,-4,8,-5,8,-5,9,-5,9,-4,8,0,0,-3,6,-2,5,-2,3,-1,1,0,0,0,-2,1,-3,2,-5,2,-6,3,-7,4,-8,4,-8,4,-8,4,-8,3,-8,3,-7,2,-5,2,-5,1,-3,0,-2,0,-1,-1,0,-2,0,-2,2,-3,2,-4,2,0,0,0,0,0,0,0,0,0,0]"
CSI_DATA,24158,80:af:ca:27:52:2a,-54,11,1,0,1,1,1,0,0,0,0,-97,0,11,2,324586509,0,83,1,128,0,"[0,0,0,0,0,0,0,0,0,0,0,0,-6,-6,-6,-6,-5,-5,-4,-5,-3,-4,-2,-3,-1,-2,0,-1,2,0,3,1,4,2,5,2,6,2,7,3,7,3,8,3,7,2,7,2,6,2,5,1,4,1,2,0,1,0,0,0,-2,0,-3,0,0,0,-6,0,-7,0,-8,0,-9,0,-9,0,-9,0,-7,0,-7,0,-6,0,-4,0,-3,0,-2,0,0,0,1,0,2,0,3,0,4,0,5,0,5,0,5,-1,5,-1,5,-1,5,-1,4,-1,4,-1,3,-1,0,0,0,0,0,0,0,0,0,0]"
CSI_DATA,24159,80:af:ca:27:52:2a,-55,11,1,0,1,1,1,0,0,0,0,-97,0,11,2,324602988,0,83,1,128,0,"[0,0,0,0,0,0,0,0,0,0,0,0,0,-3,2,-4,4,-5,5,-6,6,-6,6,-6,6,-7,6,-6,6,-6,6,-6,6,-5,4,-4,3,-3,2,-2,1,-1,0,0,-1,2,-2,3,-3,4,-4,5,-4,6,-5,7,-5,7,-5,8,-6,8,-4,7,0,0,-4,6,-3,4,-2,2,-1,1,0,0,0,-1,2,-3,2,-4,3,-6,4,-6,4,-7,4,-7,4,-7,4,-8,4,-7,3,-6,2,-6,2,-4,1,-4,0,-2,0,-1,-1,0,-2,0,-2,1,-3,2,-4,2,0,0,0,0,0,0,0,0,0,0]"
CSI_DATA,24160,80:af:ca:27:52:2a,-55,11,1,0,1,1,1,0,0,0,0,-97,0,11,2,324611899,0,83,1,128,0,"[0,0,0,0,0,0,0,0,0,0,0,0,-1,2,-2,4,-3,5,-4,7,-5,7,-6,8,-6,8,-6,9,-6,8,-5,7,-5,7,-4,5,-3,4,-2,2,-1,0,0,-1,0,-2,0,-4,1,-5,2,-7,2,-8,2,-9,2,-9,2,-9,2,-9,2,-9,0,0,1,-7,1,-5,0,-4,0,-2,0,0,-1,1,-2,2,-2,4,-2,5,-2,7,-2,7,-2,7,-2,7,-2,7,-2,7,-2,7,-2,5,-1,4,0,2,0,1,0,0,0,0,0,-2,1,-2,2,-4,2,-4,0,0,0,0,0,0,0,0,0,0]"
CSI_DATA,24161,80:af:ca:27:52:2a,-54,11,1,0,1,1,1,0,0,0,0,-97,0,11,2,324626422,0,83,1,128,0,"[0,0,0,0,0,0,0,0,0,0,0,0,-2,8,-1,7,-1,6,-2,5,-1,3,-1,2,-1,0,0,-1,0,-2,0,-4,0,-6,0,-7,1,-7,1,-8,1,-8,1,-8,1,-8,1,-7,0,-6,0,-5,0,-4,0,-2,0,-1,0,0,0,1,-1,3,0,0,-1,6,-1,6,-1,7,-1,7,-2,7,-2,7,-1,7,-1,6,-1,5,0,3,0,2,0,1,0,0,1,-1,1,-2,1,-3,2,-4,2,-5,2,-5,2,-5,2,-5,2,-5,2,-5,2,-5,1,-3,1,-3,0,0,0,0,0,0,0,0,0,0]"
CSI_DATA,24162,80:af:ca:27:52:2a,-55,11,1,0,1,1,1,0,0,0,0,-97,0,11,2,324637119,0,83,1,128,0,"[0,0,0,0,0,0,0,0,0,0,0,0,0,8,0,7,0,6,0,5,0,4,0,2,-1,0,-1,-1,-1,-2,-1,-4,-1,-5,-2,-7,-2,-7,-2,-8,-2,-8,-2,-8,-2,-8,-2,-7,-2,-6,-1,-5,-1,-4,-1,-3,0,-1,0,0,0,1,1,3,0,0,1,5,2,6,2,7,2,7,2,7,2,7,2,6,2,5,2,5,1,3,1,2,0,1,0,0,0,-1,0,-2,-1,-3,-1,-5,-1,-5,-1,-5,-1,-6,-1,-6,-1,-6,-1,-5,-1,-5,-1,-4,-1,-3,0,0,0,0,0,0,0,0,0,0]"
CSI_DATA,24163,80:af:ca:27:52:2a,-55,11,1,0,1,1,1,0,0,0,0,-97,0,11,2,324645089,0,83,1,128,0,"[0,0,0,0,0,0,0,0,0,0,0,0,-9,0,-8,0,-7,0,-6,0,-4,0,-3,0,-1,0,0,-1,2,-1,3,-1,4,-2,6,-2,6,-2,7,-3,7,-3,7,-3,7,-3,6,-3,6,-3,4,-2,3,-2,2,-1,1,0,0,0,-1,1,-3,1,0,0,-5,3,-6,3,-6,4,-6,4,-7,4,-6,4,-6,4,-5,3,-4,3,-3,2,-2,1,-1,1,0,0,1,0,2,-1,3,-2,4,-2,4,-3,4,-3,4,-3,4,-3,4,-3,4,-3,4,-3,3,-2,2,-2,0,0,0,0,0,0,0,0,0,0]"
CSI_DATA,24164,80:af:ca:27:52:2a,-55,11,1,0,1,1,1,0,0,0,0,-97,0,11,2,324662116,0,83,1,128,0,"[0,0,0,0,0,0,0,0,0,0,0,0,0,-7,0,-7,0,-6,0,-5,0,-4,0,-3,0,-1,0,0,0,0,0,2,0,3,1,4,1,5,1,5,1,6,1,6,1,6,1,5,1,5,1,4,0,3,0,2,0,1,0,0,0,-1,-1,-2,0,0,-2,-4,-2,-5,-3,-5,-3,-6,-3,-6,-3,-6,-3,-5,-2,-5,-2,-4,-2,-3,-1,-2,-1,-1,0,0,0,0,0,1,0,2,0,3,1,3,1,4,1,4,1,4,1,4,1,4,1,4,1,3,0,2,0,0,0,0,0,0,0,0,0,0]"
CSI_DATA,24165,80:af:ca:27:52:2a,-55,11,1,0,1,1,1,0,0,0,0,-97,0,11,2,324671189,0,83,1,128,0,"[0,0,0,0,0,0,0,0,0,0,0,0,0,3,-1,5,-2,7,-3,8,-4,10,-4,11,-4,11,-4,11,-4,11,-4,10,-4,8,-3,7,-2,5,-2,3,-1,1,0,0,0,-3,0,-5,0,-7,0,-8,1,-10,0,-11,1,-11,0,-12,1,-12,0,-11,0,0,0,-8,0,-6,0,-4,0,-2,0,0,0,2,-1,4,-1,6,-1,7,-1,8,-1,10,-2,10,-2,10,-1,10,-1,8,0,8,0,6,0,5,0,4,0,2,0,0,0,-1,1,-2,1,-4,2,-4,2,-5,0,0,0,0,0,0,0,0,0,0]"
CSI_DATA,24166,80:af:ca:27:52:2a,-54,11,1,0,1,1,1,0,0,0,0,-97,0,11,2,324678002,0,83,1,128,0,"[0,0,0,0,0,0,0,0,0,0,0,0,0,-9,0,-9,0,-7,0,-6,0,-5,0,-3,0,-1,0,0,1,1,1,3,1,5,1,6,1,7,2,7,2,7,2,8,2,7,2,6,2,6,1,5,1,4,0,2,0,1,0,0,-1,-2,-2,-3,0,0,-3,-5,-3,-6,-4,-7,-4,-7,-4,-7,-4,-7,-4,-6,-3,-6,-3,-5,-2,-3,-2,-2,-1,-1,0,0,0,1,0,2,1,3,1,4,2,4,2,4,2,4,2,5,2,4,2,4,2,4,1,3,1,2,0,0,0,0,0,0,0,0,0,0]"
CSI_DATA,24167,80:af:ca:27:52:2a,-54,11,1,0,1,1,1,0,0,0,0,-97,0,11,2,324686168,0,83,1,128,0,"[0,0,0,0,0,0,0,0,0,0,0,0,7,-5,6,-5,6,-4,5,-3,4,-2,2,-1,1,0,0,0,-2,1,-3,2,-4,3,-5,4,-6,4,-6,4,-7,4,-7,5,-6,5,-6,4,-5,4,-4,3,-3,2,-2,1,-1,1,0,0,1,-1,2,-2,0,0,4,-4,5,-4,5,-5,6,-5,6,-5,6,-5,5,-4,4,-4,4,-4,3,-3,2,-2,1,-1,0,-1,-1,0,-2,0,-3,1,-4,1,-4,2,-5,2,-5,2,-5,2,-5,2,-5,2,-4,1,-4,1,-3,1,0,0,0,0,0,0,0,0,0,0]"
CSI_DATA,24168,80:af:ca:27:52:2a,-55,11,1,0,1,1,1,0,0,0,0,-97,0,11,2,324695198,0,83,1,128,0,"[0,0,0,0,0,0,0,0,0,0,0,0,3,0,5,0,6,1,8,2,8,2,8,3,9,3,9,3,8,4,8,3,6,3,6,2,4,2,2,1,0,0,-1,0,-2,-1,-4,-2,-6,-2,-7,-3,-8,-4,-8,-4,-8,-4,-9,-4,-8,-4,-8,-4,0,0,-6,-3,-4,-2,-4,-1,-2,0,0,0,0,1,2,2,3,3,4,4,5,4,6,5,6,5,5,5,6,5,5,4,4,4,4,3,3,2,2,2,1,0,0,0,0,-1,0,-2,-1,-3,-1,-4,-1,-4,0,0,0,0,0,0,0,0,0,0]"
CSI_DATA,24169,80:af:ca:27:52:2a,-55,11,1,0,1,1,1,0,0,0,0,-97,0,11,2,324703241,0,83,1,128,0,"[0,0,0,0,0,0,0,0,0,0,0,0,1,1,3,3,3,4,4,6,5,7,5,7,5,7,5,7,5,7,4,7,3,6,3,5,1,3,1,2,0,0,0,0,-1,-1,-2,-3,-3,-5,-4,-5,-5,-6,-5,-7,-5,-7,-5,-8,-5,-7,-5,-7,0,0,-4,-5,-3,-4,-2,-3,-1,-1,0,0,0,1,1,3,1,3,2,5,3,5,3,7,3,7,3,7,3,7,2,6,2,5,2,4,1,3,1,2,1,1,0,0,0,-1,0,-2,0,-3,0,-4,0,-5,0,0,0,0,0,0,0,0,0,0]"
CSI_DATA,24170,80:af:ca:27:52:2a,-55,11,1,0,1,1,1,0,0,0,0,-97,0,11,2,324711199,0,83,1,128,0,"[0,0,0,0,0,0,0,0,0,0,0,0,-9,-4,-7,-3,-7,-3,-5,-3,-4,-2,-3,-2,-1,-1,0,0,2,0,3,0,5,1,6,1,7,1,7,1,8,1,8,1,8,1,7,1,6,1,5,0,4,0,2,0,1,0,0,0,-2,0,-3,0,0,0,-6,0,-7,0,-8,0,-9,0,-9,0,-8,0,-7,0,-6,0,-6,0,-4,0,-3,0,-2,0,0,0,1,0,2,0,3,0,4,0,5,0,5,0,5,0,6,0,5,0,5,0,4,0,4,0,3,0,0,0,0,0,0,0,0,0,0,0]"
CSI_DATA,24171,80:af:ca:27:52:2a,-55,11,1,0,1,1,1,0,0,0,0,-97,0,11,2,324728296,0,83,1,128,0,"[0,0,0,0,0,0,0,0,0,0,0,0,0,2,-2,4,-2,5,-5,7,-5,8,-5,8,-6,8,-5,8,-6,8,-5,8,-5,7,-5,5,-3,4,-2,2,-1,0,0,0,0,-2,1,-4,2,-5,3,-6,4,-8,5,-8,5,-8,5,-9,5,-9,5,-8,0,0,3,-7,2,-5,1,-4,0,-2,0,0,-2,0,-3,2,-4,3,-5,4,-5,5,-6,5,-7,5,-7,5,-7,6,-6,5,-5,5,-5,4,-4,3,-2,2,-1,2,0,1,0,0,2,0,2,0,3,-1,4,-1,0,0,0,0,0,0,0,0,0,0]"
CSI_DATA,24172,80:af:ca:27:52:2a,-55,11,1,0,1,1,1,0,0,0,0,-97,0,11,2,324736286,0,83,1,128,0,"[0,0,0,0,0,0,0,0,0,0,0,0,2,-2,4,-2,6,-2,7,-2,8,-3,9,-3,10,-3,10,-3,9,-3,9,-2,8,-2,6,-2,5,-1,3,0,1,0,0,0,-2,1,-4,2,-5,2,-6,3,-8,4,-8,4,-8,4,-9,4,-9,4,-8,4,0,0,-6,4,-5,2,-3,2,-2,1,0,0,1,-1,3,-2,4,-3,6,-4,6,-4,7,-5,7,-4,7,-4,7,-4,6,-4,6,-4,5,-4,3,-3,2,-2,1,-2,0,-1,-1,0,-2,0,-4,0,-4,0,-5,1,0,0,0,0,0,0,0,0,0,0]"
CSI_DATA,24173,80:af:ca:27:52:2a,-54,11,1,0,1,1,1,0,0,0,0,-97,0,11,2,324744900,0,83,1,128,0,"[0,0,0,0,0,0,0,0,0,0,0,0,6,7,6,6,5,5,4,5,3,4,1,2,0,1,-1,0,-2,-1,-3,-2,-5,-3,-6,-4,-7,-5,-7,-5,-7,-5,-8,-6,-8,-5,-7,-5,-6,-4,-5,-4,-4,-3,-3,-2,-1,-1,0,0,1,0,3,1,0,0,5,2,6,3,7,3,8,4,7,4,7,4,7,3,6,3,5,2,4,1,3,1,1,0,0,0,-1,-1,-2,-2,-3,-2,-4,-3,-5,-3,-5,-3,-5,-3,-5,-4,-5,-3,-5,-3,-5,-3,-4,-3,-3,-2,0,0,0,0,0,0,0,0,0,0]"
CSI_DATA,24174,80:af:ca:27:52:2a,-54,11,1,0,1,1,1,0,0,0,0,-97,0,11,2,324753723,0,83,1,128,0,"[0,0,0,0,0,0,0,0,0,0,0,0,6,6,5,5,5,5,4,5,2,3,1,2,0,1,0,0,-2,-1,-3,-2,-4,-3,-5,-4,-6,-5,-6,-5,-6,-5,-7,-5,-7,-5,-6,-5,-5,-4,-5,-3,-4,-3,-2,-2,-1,-1,0,0,1,0,2,1,0,0,4,3,5,3,6,3,6,4,6,4,6,4,6,3,5,3,4,2,3,2,2,1,1,0,0,0,0,-1,-1,-2,-2,-2,-3,-3,-4,-3,-4,-3,-4,-3,-4,-4,-4,-4,-4,-3,-4,-3,-3,-3,-3,-2,0,0,0,0,0,0,0,0,0,0]"
CSI_DATA,24175,80:af:ca:27:52:2a,-55,11,1,0,1,1,1,0,0,0,0,-97,0,11,2,324778997,0,83,1,128,0,"[0,0,0,0,0,0,0,0,0,0,0,0,-4,0,-6,0,-8,0,-11,-2,-11,-2,-13,-2,-13,-2,-13,-2,-13,-2,-11,-2,-11,-2,-9,-2,-6,-1,-4,-1,-2,-1,0,-1,2,-1,4,-1,6,-1,8,-1,10,-1,11,-2,11,-2,12,-2,12,-2,11,-2,0,0,8,-2,6,-1,4,-1,2,0,0,0,-2,0,-4,0,-6,0,-8,1,-9,2,-11,2,-11,2,-11,2,-11,2,-10,2,-9,2,-7,2,-6,2,-4,1,-2,0,0,0,0,0,2,0,4,0,4,0,6,0,0,0,0,0,0,0,0,0,0,0]"
CSI_DATA,24176,80:af:ca:27:52:2a,-54,11,1,0,1,1,1,0,0,0,0,-97,0,11,2,324794620,0,83,1,128,0,"[0,0,0,0,0,0,0,0,0,0,0,0,-8,1,-8,1,-7,1,-7,0,-4,0,-3,0,-1,0,0,-1,1,-1,2,-2,4,-2,5,-3,6,-3,7,-3,7,-3,7,-3,7,-3,6,-3,6,-3,4,-2,3,-2,2,-1,1,-1,0,0,-1,1,-3,1,0,0,-5,3,-6,3,-7,4,-7,4,-7,4,-7,4,-6,3,-6,3,-4,3,-3,2,-2,2,-1,1,0,0,1,0,2,-1,3,-1,4,-2,4,-2,4,-2,5,-3,5,-2,5,-2,4,-2,4,-2,3,-2,2,-2,0,0,0,0,0,0,0,0,0,0]"
CSI_DATA,24177,80:af:ca:27:52:2a,-54,11,1,2,1,1,1,0,0,0,0,-97,0,11,2,324808245,0,83,1,128,0,"[0,0,0,0,0,0,0,0,0,0,0,0,0,2,0,5,-1,6,-2,8,-2,9,-2,10,-2,10,-2,10,-2,10,-2,9,-2,8,-2,6,-1,5,-1,2,0,1,-1,0,0,-2,0,-5,0,-6,0,-8,0,-9,0,-10,0,-11,0,-11,0,-11,0,-10,0,0,0,-7,0,-5,0,-4,0,-2,0,0,0,1,0,3,0,5,0,6,0,7,0,8,0,8,0,8,0,8,0,8,0,7,0,5,0,4,0,2,0,1,0,0,0,-1,0,-2,0,-3,0,-5,0,-5,0,0,0,0,0,0,0,0,0,0]"
CSI_DATA,24178,80:af:ca:27:52:2a,-55,11,1,0,1,1,1,0,0,0,0,-97,0,11,2,324816201,0,83,1,128,0,"[0,0,0,0,0,0,0,0,0,0,0,0,2,-1,4,-1,6,-1,8,-1,9,0,9,0,10,0,10,0,10,0,9,0,8,0,7,0,4,0,3,0,1,0,0,0,-2,0,-4,0,-6,0,-7,0,-9,0,-9,0,-9,0,-10,0,-10,0,-9,0,0,0,-7,0,-5,0,-4,0,-2,0,0,0,1,0,2,0,4,0,6,0,7,0,7,0,7,0,7,0,7,0,7,0,6,0,5,0,4,0,2,0,2,0,0,-1,0,-1,-2,-1,-2,-2,-3,-2,-4,-2,0,0,0,0,0,0,0,0,0,0]"
CSI_DATA,24179,80:af:ca:27:52:2a,-54,11,1,0,1,1,1,0,0,0,0,-97,0,11,2,324824076,0,83,1,128,0,"[0,0,0,0,0,0,0,0,0,0,0,0,4,8,3,8,2,6,1,6,1,4,0,2,0,1,-1,0,-2,-2,-2,-4,-3,-5,-4,-6,-4,-8,-5,-8,-5,-8,-5,-8,-5,-8,-4,-7,-4,-6,-3,-5,-2,-4,-1,-2,-1,-1,0,0,1,1,1,3,0,0,2,5,3,6,4,7,4,7,4,7,4,7,4,6,3,5,2,4,2,3,1,2,1,0,0,0,0,-2,0,-3,-1,-4,-1,-5,-1,-5,-2,-6,-2,-6,-2,-6,-1,-6,-2,-5,-2,-5,-1,-4,-1,-4,0,0,0,0,0,0,0,0,0,0]"
CSI_DATA,24180,80:af:ca:27:52:2a,-56,11,1,0,1,1,1,0,0,0,0,-97,0,11,2,324844449,0,83,1,128,0,"[0,0,0,0,0,0,0,0,0,0,0,0,0,2,0,4,0,6,0,8,0,8,0,9,0,10,0,10,0,9,0,8,0,8,0,6,0,5,0,3,0,1,-1,0,-2,-2,-2,-4,-2,-5,-3,-6,-4,-7,-4,-8,-4,-8,-5,-8,-5,-8,-5,-8,0,0,-4,-6,-3,-4,-2,-3,-1,-2,0,0,0,1,2,2,3,3,4,4,4,5,5,6,5,6,5,6,6,5,5,4,4,4,4,3,3,2,2,1,1,0,0,0,0,-1,-1,-2,-2,-3,-3,-3,-3,-4,0,0,0,0,0,0,0,0,0,0]"
CSI_DATA,24181,80:af:ca:27:52:2a,-54,11,1,0,1,1,1,0,0,0,0,-97,0,11,2,324853697,0,83,1,128,0,"[0,0,0,0,0,0,0,0,0,0,0,0,-10,2,-9,2,-8,1,-7,1,-5,0,-3,0,-1,0,0,-1,2,-2,3,-2,5,-3,6,-4,7,-5,8,-5,8,-5,8,-6,7,-5,7,-5,6,-5,5,-3,3,-3,2,-2,1,-1,0,0,-2,1,-3,2,0,0,-5,5,-6,6,-7,6,-7,7,-7,6,-7,6,-7,6,-6,5,-5,5,-3,3,-2,2,-1,1,0,0,1,-1,2,-2,3,-3,4,-3,5,-5,5,-5,5,-5,5,-5,5,-5,5,-5,4,-4,3,-3,2,-3,0,0,0,0,0,0,0,0,0,0]"
CSI_DATA,24182,80:af:ca:27:52:2a,-55,11,1,0,1,1,1,0,0,0,0,-97,0,11,2,324861198,0,83,1,128,0,"[0,0,0,0,0,0,0,0,0,0,0,0,-7,-5,-6,-4,-6,-4,-5,-4,-3,-3,-2,-2,-1,-1,0,0,2,0,3,1,4,2,5,3,6,3,6,3,6,4,7,4,6,3,6,3,5,3,4,2,3,1,2,1,1,0,0,0,-2,-1,-3,-2,0,0,-5,-3,-6,-4,-6,-4,-7,-4,-7,-4,-7,-4,-6,-4,-6,-4,-5,-3,-4,-2,-3,-1,-2,0,-1,0,0,1,1,2,2,2,2,3,3,4,3,4,3,4,3,4,3,4,3,4,3,3,2,3,2,2,0,0,0,0,0,0,0,0,0,0]"
CSI_DATA,24183,80:af:ca:27:52:2a,-55,11,1,0,1,1,1,0,0,0,0,-97,0,11,2,324869940,0,83,1,128,0,"[0,0,0,0,0,0,0,0,0,0,0,0,0,2,-2,4,-3,5,-5,7,-5,8,-6,8,-6,9,-6,9,-6,9,-5,8,-5,8,-5,6,-3,5,-2,2,-2,1,-1,0,0,-2,0,-4,0,-6,1,-8,2,-9,2,-10,2,-11,1,-11,2,-11,1,-11,0,0,0,-8,0,-6,0,-5,0,-2,0,0,0,1,0,3,0,5,-1,6,0,8,0,8,-1,8,-1,9,0,8,0,8,0,8,0,6,0,5,0,3,0,2,0,0,0,0,0,-2,0,-3,0,-4,0,-5,0,0,0,0,0,0,0,0,0,0]"
CSI_DATA,24184,80:af:ca:27:52:2a,-55,11,1,0,1,1,1,0,0,0,0,-97,0,11,2,324877121,0,83,1,128,0,"[0,0,0,0,0,0,0,0,0,0,0,0,1,-2,3,-3,5,-3,7,-4,8,-5,8,-5,9,-5,8,-5,9,-5,8,-4,8,-4,6,-3,5,-2,3,-1,1,0,0,0,-2,1,-3,2,-5,2,-6,3,-7,4,-8,4,-8,5,-8,5,-9,5,-8,5,0,0,-6,3,-5,2,-3,2,-2,0,0,0,1,0,2,-1,4,-2,5,-3,6,-3,7,-4,7,-4,7,-4,7,-4,6,-3,6,-3,5,-3,3,-2,2,-2,1,-2,0,-1,-1,0,-2,0,-3,0,-4,0,-5,0,0,0,0,0,0,0,0,0,0,0]"
CSI_DATA,24185,80:af:ca:27:52:2a,-55,11,1,0,1,1,1,0,0,0,0,-97,0,11,2,324885939,0,83,1,128,0,"[0,0,0,0,0,0,0,0,0,0,0,0,6,5,6,5,5,4,4,4,3,3,2,2,0,1,0,0,-2,-1,-3,-1,-5,-3,-6,-3,-6,-4,-7,-4,-7,-4,-8,-4,-7,-4,-7,-4,-6,-3,-5,-3,-4,-2,-3,-1,-1,-1,0,0,1,0,3,1,0,0,5,2,6,2,7,2,7,2,7,3,7,2,6,2,6,2,5,1,4,1,3,0,1,0,0,0,-1,-1,-2,-1,-3,-2,-4,-2,-4,-2,-5,-2,-5,-2,-5,-3,-5,-3,-5,-2,-4,-2,-4,-2,-3,-2,0,0,0,0,0,0,0,0,0,0]"
CSI_DATA,24186,80:af:ca:27:52:2a,-55,11,1,0,1,1,1,0,0,0,0,-97,0,11,2,324894817,0,83,1,128,0,"[0,0,0,0,0,0,0,0,0,0,0,0,4,0,6,0,8,1,10,2,11,2,11,3,12,3,11,3,11,4,10,3,8,3,7,2,4,2,2,1,0,0,-1,0,-3,0,-6,-1,-7,-2,-9,-2,-10,-2,-11,-2,-11,-2,-12,-2,-12,-2,-11,-2,0,0,-8,-1,-6,-1,-4,0,-2,0,0,0,2,0,4,1,5,2,7,2,8,2,9,3,9,3,9,3,8,2,8,2,7,2,6,2,5,1,3,0,2,0,0,0,0,-1,-2,-2,-3,-3,-4,-4,-4,-4,0,0,0,0,0,0,0,0,0,0]"
CSI_DATA,24187,80:af:ca:27:52:2a,-55,11,1,0,1,1,1,0,0,0,0,-97,0,11,2,324903756,0,83,1,128,0,"[0,0,0,0,0,0,0,0,0,0,0,0,-5,-8,-5,-7,-4,-6,-3,-5,-2,-4,-1,-2,0,-1,0,0,1,1,2,2,3,3,4,4,4,5,5,6,5,6,6,6,6,6,5,5,4,4,3,3,2,2,1,2,0,0,0,0,-1,-1,-2,-2,0,0,-4,-4,-6,-5,-6,-5,-6,-6,-6,-6,-6,-6,-6,-5,-5,-4,-4,-3,-3,-2,-2,-2,-1,-1,0,0,0,1,1,1,2,2,2,3,3,3,3,4,3,4,3,4,3,4,3,3,2,3,2,3,2,2,0,0,0,0,0,0,0,0,0,0]"
CSI_DATA,24188,80:af:ca:27:52:2a,-55,11,1,0,1,1,1,0,0,0,0,-97,0,11,2,324919706,0,83,1,128,0,"[0,0,0,0,0,0,0,0,0,0,0,0,3,1,4,3,6,5,6,7,7,8,7,9,8,9,7,9,7,9,7,8,6,7,5,6,4,4,2,3,0,1,-1,0,-3,-1,-4,-3,-6,-4,-7,-5,-8,-7,-10,-7,-10,-7,-11,-7,-11,-7,-10,-6,0,0,-7,-4,-6,-4,-4,-2,-2,-1,0,0,1,1,3,2,4,3,7,4,8,5,9,5,9,6,9,6,9,5,8,5,7,4,6,3,4,2,3,1,2,0,0,0,0,-2,-2,-2,-3,-4,-3,-4,-4,-5,0,0,0,0,0,0,0,0,0,0]"
CSI_DATA,24189,80:af:ca:27:52:2a,-54,11,1,0,1,1,1,0,0,0,0,-97,0,11,2,324955299,0,83,1,128,0,"[0,0,0,0,0,0,0,0,0,0,0,0,3,0,5,0,8,2,8,3,10,3,10,4,10,4,10,4,10,4,9,3,8,3,6,2,4,2,2,1,0,0,-1,0,-3,-1,-5,-2,-6,-2,-8,-3,-9,-3,-10,-3,-10,-4,-10,-3,-10,-4,-10,-2,0,0,-7,-2,-5,-2,-4,-1,-2,0,0,0,1,1,3,2,5,2,6,3,7,3,8,3,8,4,8,3,8,3,7,3,6,2,5,2,4,1,2,0,2,0,0,0,0,-1,-1,-2,-2,-3,-2,-4,-3,-4,0,0,0,0,0,0,0,0,0,0]"
CSI_DATA,24190,80:af:ca:27:52:2a,-54,11,1,0,1,1,1,0,0,0,0,-97,0,11,2,324964017,0,83,1,128,0,"[0,0,0,0,0,0,0,0,0,0,0,0,5,7,4,7,3,6,2,5,1,3,0,2,0,1,-1,0,-2,-2,-3,-3,-4,-5,-5,-5,-6,-6,-6,-7,-6,-7,-6,-7,-6,-6,-6,-6,-5,-5,-4,-4,-3,-3,-2,-2,-1,-1,0,0,1,1,2,2,0,0,4,4,5,5,6,5,6,5,6,6,6,5,6,5,5,4,4,3,3,2,2,1,1,0,0,0,-1,-1,-1,-2,-2,-3,-3,-4,-3,-4,-4,-5,-4,-5,-4,-5,-4,-5,-3,-4,-3,-4,-3,-3,-2,-3,0,0,0,0,0,0,0,0,0,0]"
CSI_DATA,24191,80:af:ca:27:52:2a,-54,11,1,0,1,1,1,0,0,0,0,-97,0,11,2,324971551,0,83,1,128,0,"[0,0,0,0,0,0,0,0,0,0,0,0,0,10,0,8,0,7,0,6,-1,3,-1,2,1,1,-2,0,0,-3,-3,-2,-3,-3,-3,-4,-3,-5,-3,-5,-3,-6,-6,-10,-6,-8,-3,-6,-3,-6,-4,-5,-2,-4,-2,-2,-1,-1,0,0,1,1,2,2,0,0,4,3,6,4,7,5,6,5,6,5,7,3,6,4,6,2,5,3,3,1,2,0,0,0,0,0,-1,0,-2,-2,-3,-2,-4,-2,-5,-2,-6,-2,-6,-2,-6,-2,-7,-2,-5,-2,-4,-2,-3,-2,-2,-2,0,0,0,0,0,0,0,0,0,0]"
CSI_DATA,24192,80:af:ca:27:52:2a,-54,11,1,0,1,1,1,0,0,0,0,-97,0,11,2,324979001,0,83,1,128,0,"[0,0,0,0,0,0,0,0,0,0,0,0,-6,5,-6,5,-5,4,-5,3,-4,2,-3,1,-1,0,0,-1,0,-2,1,-3,2,-4,3,-5,3,-6,3,-6,4,-6,3,-7,3,-7,3,-6,2,-6,2,-5,1,-3,1,-2,0,-1,0,0,-1,1,-1,3,0,0,-1,5,-2,6,-2,7,-2,7,-2,7,-2,7,-2,6,-1,5,-1,5,0,3,0,2,0,1,0,0,0,-1,0,-2,1,-3,1,-4,1,-5,1,-5,1,-5,1,-5,1,-5,0,-5,0,-5,0,-4,0,-3,0,0,0,0,0,0,0,0,0,0]"
CSI_DATA,24193,80:af:ca:27:52:2a,-55,11,1,0,1,1,1,0,0,0,0,-97,0,11,2,325002155,0,83,1,128,0,"[0,0,0,0,0,0,0,0,0,0,0,0,8,-1,7,-1,6,-1,5,0,4,0,2,0,1,0,0,0,-1,0,-2,1,-4,1,-5,1,-6,2,-7,2,-7,2,-7,2,-7,2,-6,2,-6,2,-5,2,-4,1,-2,0,-1,0,0,0,0,0,2,-1,0,0,4,-3,5,-3,5,-4,6,-4,6,-4,6,-4,5,-4,4,-3,4,-3,3,-2,2,-2,0,-1,0,0,0,0,-2,0,-3,1,-3,1,-4,2,-4,2,-4,2,-5,2,-5,2,-4,2,-4,2,-3,1,-2,1,0,0,0,0,0,0,0,0,0,0]"
CSI_DATA,24194,80:af:ca:27:52:2a,-55,11,1,0,1,1,1,0,0,0,0,-97,0,11,2,325011129,0,83,1,128,0,"[0,0,0,0,0,0,0,0,0,0,0,0,-2,-2,-3,-4,-4,-5,-5,-8,-5,-8,-5,-9,-5,-10,-6,-10,-5,-10,-5,-8,-5,-8,-4,-7,-3,-5,-2,-4,0,-2,0,0,1,0,2,2,4,3,5,4,5,5,6,5,7,5,8,5,8,6,7,5,0,0,5,4,4,2,2,2,1,0,0,0,-1,-1,-3,-2,-4,-2,-5,-3,-6,-4,-7,-5,-8,-5,-8,-5,-8,-4,-7,-4,-6,-3,-5,-2,-4,-2,-3,-1,-2,0,0,0,0,0,1,0,2,1,2,2,3,2,0,0,0,0,0,0,0,0,0,0]"
CSI_DATA,24195,80:af:ca:27:52:2a,-55,11,1,0,1,1,1,0,0,0,0,-97,0,11,2,325020605,0,83,1,128,0,"[0,0,0,0,0,0,0,0,0,0,0,0,-2,2,-4,2,-6,3,-8,3,-8,3,-10,3,-10,3,-10,3,-10,2,-8,2,-8,2,-6,2,-4,1,-3,0,-1,0,0,0,2,-1,3,-2,5,-2,6,-2,7,-2,8,-2,8,-3,8,-3,8,-3,8,-3,0,0,6,-2,4,-2,2,-2,0,-1,0,-1,-2,0,-4,0,-6,0,-6,0,-7,0,-8,0,-8,0,-8,0,-8,0,-7,0,-7,0,-6,0,-4,0,-3,0,-2,0,0,0,0,0,1,1,2,1,3,1,4,1,0,0,0,0,0,0,0,0,0,0]"
CSI_DATA,24196,80:af:ca:27:52:2a,-55,11,1,0,1,1,1,0,0,0,0,-97,0,11,2,325039601,0,83,1,128,0,"[0,0,0,0,0,0,0,0,0,0,0,0,0,2,0,4,0,6,0,8,0,8,0,9,0,11,0,10,0,10,0,9,0,8,0,7,0,5,0,3,0,1,-1,0,-1,-2,-1,-4,-2,-6,-2,-7,-2,-8,-2,-9,-2,-10,-3,-10,-3,-10,-3,-9,0,0,-2,-7,-2,-5,-1,-4,-1,-2,0,0,0,1,0,3,1,4,2,6,2,6,2,8,2,8,2,8,2,7,2,7,2,6,2,5,2,4,1,2,1,1,0,0,0,-1,0,-2,0,-3,0,-4,0,-5,0,0,0,0,0,0,0,0,0,0]"
CSI_DATA,24197,80:af:ca:27:52:2a,-55,11,1,0,1,1,1,0,0,0,0,-97,0,11,2,325065431,0,83,1,128,0,"[0,0,0,0,0,0,0,0,0,0,0,0,0,-3,2,-4,3,-5,5,-7,5,-7,6,-8,7,-8,7,-8,7,-8,6,-7,6,-7,4,-6,3,-4,2,-2,1,-1,0,0,0,2,-2,3,-2,4,-3,6,-4,7,-4,8,-4,8,-4,9,-4,9,-4,8,0,0,-3,6,-2,4,-2,3,-1,1,0,0,0,-2,1,-3,2,-4,2,-7,2,-7,2,-8,2,-8,2,-8,2,-8,2,-7,2,-7,1,-6,0,-5,0,-3,0,-2,0,-1,-1,0,-2,1,-2,2,-2,2,-3,3,0,0,0,0,0,0,0,0,0,0]"
CSI_DATA,24198,80:af:ca:27:52:2a,-54,11,1,0,1,1,1,0,0,0,0,-97,0,11,2,325096821,0,83,1,128,0,"[0,0,0,0,0,0,0,0,0,0,0,0,3,8,3,7,2,6,1,5,1,4,0,2,0,1,-1,0,-2,-2,-2,-3,-3,-5,-3,-6,-4,-7,-4,-7,-4,-8,-5,-8,-5,-7,-4,-7,-3,-6,-3,-5,-2,-3,-1,-2,-1,-1,0,0,1,1,2,2,0,0,3,5,3,6,4,6,5,7,4,7,4,7,4,6,3,5,3,4,2,3,1,2,1,1,0,0,0,-1,-1,-2,-1,-3,-2,-5,-2,-5,-2,-5,-2,-6,-2,-6,-2,-6,-2,-6,-2,-5,-2,-4,-1,-3,0,0,0,0,0,0,0,0,0,0]"
CSI_DATA,24199,80:af:ca:27:52:2a,-55,11,1,0,1,1,1,0,0,0,0,-97,0,11,2,325104729,0,83,1,128,0,"[0,0,0,0,0,0,0,0,0,0,0,0,2,-2,4,-4,7,-4,9,-4,9,-5,10,-5,11,-6,11,-5,11,-5,10,-5,9,-4,7,-4,5,-2,4,-2,1,0,0,0,-2,2,-4,2,-5,4,-7,5,-8,6,-9,7,-9,7,-9,7,-9,7,-8,7,0,0,-6,5,-5,4,-3,2,-2,1,0,0,1,-2,3,-3,4,-4,5,-6,6,-7,7,-7,7,-7,7,-7,7,-7,6,-7,5,-7,4,-6,3,-4,2,-3,0,-2,0,-1,-1,0,-2,0,-4,2,-4,2,-5,2,0,0,0,0,0,0,0,0,0,0]"
CSI_DATA,24200,80:af:ca:27:52:2a,-55,11,1,0,1,1,1,0,0,0,0,-97,0,11,2,325112410,0,83,1,128,0,"[0,0,0,0,0,0,0,0,0,0,0,0,5,-5,5,-5,4,-4,4,-3,3,-2,2,-1,0,0,0,0,0,1,-1,2,-2,3,-3,4,-4,5,-4,5,-4,5,-5,6,-4,6,-4,5,-3,5,-3,4,-2,3,-1,2,0,0,0,0,0,-1,0,-2,0,0,2,-5,2,-6,2,-6,2,-7,3,-7,3,-6,2,-6,2,-5,1,-5,1,-4,0,-2,0,-1,0,0,0,0,-1,1,-2,2,-2,3,-2,3,-2,4,-2,4,-3,4,-3,4,-2,4,-2,3,-2,3,-1,2,0,0,0,0,0,0,0,0,0,0]"
CSI_DATA,24201,80:af:ca:27:52:2a,-55,11,1,0,1,1,1,0,0,0,0,-97,0,11,2,325121287,0,83,1,128,0,"[0,0,0,0,0,0,0,0,0,0,0,0,-2,-2,-2,-5,-3,-7,-3,-9,-3,-10,-3,-12,-3,-12,-3,-12,-2,-12,-2,-12,-2,-11,-2,-9,-2,-7,-1,-4,0,-2,0,0,0,2,0,4,1,6,2,7,2,9,2,10,2,11,2,11,2,12,2,10,0,0,2,8,1,7,1,4,0,2,0,0,0,-2,0,-4,0,-6,0,-8,0,-9,0,-11,0,-11,0,-11,0,-11,0,-10,0,-9,0,-8,-1,-7,-1,-4,-1,-3,-1,-1,-1,0,-2,1,-2,2,-2,4,-3,4,0,0,0,0,0,0,0,0,0,0]"
CSI_DATA,24202,80:af:ca:27:52:2a,-55,11,1,0,1,1,1,0,0,0,0,-97,0,11,2,325129863,0,83,1,128,0,"[0,0,0,0,0,0,0,0,0,0,0,0,0,-8,0,-8,0,-7,0,-6,0,-4,0,-3,0,-1,0,0,1,1,1,3,1,4,1,5,1,6,1,7,1,7,2,7,2,7,2,6,1,6,1,5,1,3,0,2,0,1,0,0,-1,-2,-2,-3,0,0,-3,-5,-3,-6,-3,-7,-4,-7,-4,-7,-3,-7,-3,-6,-3,-6,-3,-5,-2,-4,-2,-3,-1,-1,0,0,0,1,0,2,1,3,1,4,2,4,2,5,2,5,2,5,2,5,2,4,2,4,1,3,1,3,0,0,0,0,0,0,0,0,0,0]"
CSI_DATA,24203,80:af:ca:27:52:2a,-54,11,1,0,1,1,1,0,0,0,0,-97,0,11,2,325155687,0,83,1,128,0,"[0,0,0,0,0,0,0,0,0,0,0,0,0,-4,2,-6,3,-7,5,-8,5,-9,6,-9,6,-10,6,-9,6,-8,5,-8,5,-7,4,-5,2,-4,2,-2,0,-1,0,0,-2,2,-3,3,-5,5,-5,5,-6,6,-7,7,-7,7,-7,8,-8,8,-6,7,0,0,-5,5,-3,4,-2,2,0,1,0,0,2,-1,3,-2,4,-3,5,-4,6,-5,7,-5,7,-5,8,-5,7,-5,6,-5,5,-5,5,-4,3,-3,2,-2,1,-2,0,-1,-1,0,-2,0,-4,0,-5,0,-5,0,0,0,0,0,0,0,0,0,0,0]"
CSI_DATA,24204,80:af:ca:27:52:2a,-55,11,1,2,1,1,1,0,0,0,0,-97,0,11,2,325162125,0,83,1,128,0,"[0,0,0,0,0,0,0,0,0,0,0,0,-3,-2,-5,-3,-6,-5,-7,-6,-8,-7,-8,-8,-8,-8,-8,-8,-8,-8,-7,-8,-6,-6,-5,-5,-4,-4,-2,-2,-1,-1,0,0,1,1,2,2,4,3,5,5,6,5,7,5,8,6,8,6,7,6,6,5,0,0,5,4,4,3,2,2,1,0,0,0,-1,-2,-2,-3,-3,-4,-4,-5,-5,-6,-5,-7,-5,-7,-5,-7,-5,-7,-5,-6,-5,-5,-4,-5,-3,-4,-2,-2,-2,-1,-1,0,0,0,0,2,0,2,0,3,0,4,0,0,0,0,0,0,0,0,0,0]"
CSI_DATA,24205,80:af:ca:27:52:2a,-54,11,1,0,1,1,1,0,0,0,0,-97,0,11,2,325169362,0,83,1,128,0,"[0,0,0,0,0,0,0,0,0,0,0,0,6,-6,6,-5,5,-5,4,-3,3,-3,2,-1,1,0,0,0,-1,1,-2,3,-3,4,-4,5,-5,5,-5,6,-5,6,-5,6,-5,6,-4,5,-4,5,-3,4,-2,3,-2,2,-1,1,0,0,0,-2,1,-3,0,0,2,-5,3,-6,3,-7,3,-7,3,-7,3,-7,3,-6,2,-6,2,-5,1,-4,1,-3,0,-2,0,0,-1,0,-2,1,-2,2,-3,3,-3,4,-3,4,-3,5,-3,5,-3,4,-3,4,-3,4,-2,3,-2,2,0,0,0,0,0,0,0,0,0,0]"
CSI_DATA,24206,80:af:ca:27:52:2a,-54,11,1,0,1,1,1,0,0,0,0,-97,0,11,2,325177779,0,83,1,128,0,"[0,0,0,0,0,0,0,0,0,0,0,0,-8,0,-7,0,-6,0,-6,0,-4,0,-3,0,-1,0,0,0,0,-1,2,-1,3,-1,5,-2,5,-2,6,-2,6,-2,7,-2,6,-2,6,-2,5,-2,4,-2,3,-1,2,-1,0,0,0,0,-1,0,-2,1,0,0,-4,2,-5,3,-5,3,-6,4,-6,3,-6,3,-5,3,-4,3,-4,2,-3,2,-2,1,-1,0,0,0,0,0,1,-1,2,-1,3,-2,3,-2,3,-3,3,-3,3,-3,3,-3,3,-3,3,-2,2,-2,1,-1,0,0,0,0,0,0,0,0,0,0]"
CSI_DATA,24207,80:af:ca:27:52:2a,-55,11,1,0,1,1,1,0,0,0,0,-97,0,11,2,325186767,0,83,1,128,0,"[0,0,0,0,0,0,0,0,0,0,0,0,-6,-4,-6,-4,-5,-3,-4,-3,-3,-2,-2,-2,-1,-1,0,0,1,0,2,0,3,1,4,1,5,2,6,2,6,2,6,3,6,2,5,2,5,2,4,1,3,1,2,0,0,0,0,0,-1,0,-2,-1,0,0,-4,-2,-6,-2,-6,-2,-6,-2,-6,-3,-6,-3,-6,-2,-5,-2,-5,-2,-4,-1,-3,0,-1,0,0,0,0,0,0,1,1,1,2,2,3,2,3,2,3,2,4,2,3,2,3,2,3,2,2,2,2,1,0,0,0,0,0,0,0,0,0,0]"
CSI_DATA,24208,80:af:ca:27:52:2a,-55,11,1,0,1,1,1,0,0,0,0,-97,0,11,2,325196294,0,83,1,128,0,"[0,0,0,0,0,0,0,0,0,0,0,0,0,-3,0,-4,2,-6,3,-7,3,-8,4,-9,4,-9,3,-9,4,-9,3,-8,3,-8,2,-6,2,-5,1,-3,0,-2,0,0,0,2,0,3,0,5,-1,6,-1,7,-1,8,-1,8,-1,9,-1,9,0,8,0,0,0,6,0,5,0,3,0,1,0,0,0,-2,0,-4,0,-5,0,-6,0,-7,0,-8,0,-8,0,-8,0,-8,0,-8,0,-7,0,-6,0,-4,0,-3,0,-2,0,0,0,0,-1,1,-1,2,-1,3,-1,4,0,0,0,0,0,0,0,0,0,0]"
CSI_DATA,24209,80:af:ca:27:52:2a,-55,11,1,0,1,1,1,0,0,0,0,-97,0,11,2,325205835,0,83,1,128,0,"[0,0,0,0,0,0,0,0,0,0,0,0,-2,0,-5,0,-7,0,-9,-1,-9,-2,-10,-2,-11,-2,-11,-2,-11,-2,-10,-2,-9,-2,-8,-1,-6,-1,-4,-1,-2,-1,0,0,1,0,3,0,5,0,7,-1,8,0,9,-1,9,-1,9,-1,9,-1,9,-2,0,0,7,-1,5,0,3,0,1,0,0,0,-2,0,-4,0,-5,0,-7,0,-7,0,-9,0,-9,0,-9,0,-9,0,-8,0,-7,0,-6,0,-4,0,-3,0,-2,0,0,0,0,0,2,0,2,0,4,0,4,0,0,0,0,0,0,0,0,0,0,0]"
CSI_DATA,24210,80:af:ca:27:52:2a,-55,11,1,2,1,1,1,0,0,0,0,-97,0,11,2,325211715,0,83,1,128,0,"[0,0,0,0,0,0,0,0,0,0,0,0,2,0,4,0,6,1,8,2,10,3,10,3,10,3,10,3,10,3,10,3,9,3,7,2,5,2,3,1,1,0,0,0,-2,0,-4,-1,-6,-1,-8,-2,-9,-2,-10,-2,-10,-3,-11,-3,-10,-2,-10,-2,0,0,-8,-1,-6,-1,-4,0,-3,0,0,0,1,0,3,0,4,1,6,1,7,2,8,2,8,2,8,2,8,2,7,1,6,1,6,0,4,0,3,0,2,0,0,0,0,-1,-1,-1,-3,-2,-3,-3,-4,-3,0,0,0,0,0,0,0,0,0,0]"
CSI_DATA,24211,80:af:ca:27:52:2a,-55,11,1,0,1,1,1,0,0,0,0,-97,0,11,2,325254006,0,83,1,128,0,"[0,0,0,0,0,0,0,0,0,0,0,0,2,-2,4,-2,6,-2,8,-2,9,-2,9,-2,10,-2,9,-2,9,-1,9,-1,8,0,7,0,4,0,2,0,0,0,0,0,-2,0,-4,0,-6,0,-7,0,-9,0,-9,0,-10,0,-10,1,-10,0,-9,0,0,0,-7,0,-5,0,-4,0,-2,0,0,0,2,0,3,0,4,0,6,0,7,0,8,0,8,0,8,1,8,0,7,0,7,0,6,0,4,0,3,0,2,0,0,-1,0,-1,-2,-2,-2,-2,-3,-3,-4,-3,0,0,0,0,0,0,0,0,0,0]"
CSI_DATA,24212,80:af:ca:27:52:2a,-55,11,1,0,1,1,1,0,0,0,0,-97,0,11,2,325261188,0,83,1,128,0,"[0,0,0,0,0,0,0,0,0,0,0,0,2,-2,4,-2,7,-2,9,-2,10,-3,11,-3,11,-3,11,-3,11,-3,11,-3,10,-2,8,-2,6,-1,4,0,2,0,0,0,-2,1,-4,2,-6,3,-8,4,-8,4,-10,5,-10,5,-10,6,-11,5,-9,5,0,0,-7,4,-6,3,-4,2,-2,1,0,0,2,-1,3,-2,4,-4,6,-4,6,-5,8,-6,8,-6,8,-6,8,-6,7,-6,6,-5,5,-4,4,-4,2,-3,1,-2,0,-1,-1,0,-2,0,-4,0,-4,1,-6,2,0,0,0,0,0,0,0,0,0,0]"
CSI_DATA,24213,80:af:ca:27:52:2a,-54,11,1,0,1,1,1,0,0,0,0,-97,0,11,2,325269259,0,83,1,128,0,"[0,0,0,0,0,0,0,0,0,0,0,0,-7,-6,-7,-6,-6,-5,-4,-4,-3,-3,-2,-2,-1,-1,0,0,2,0,3,1,4,2,6,3,6,3,7,3,7,4,8,4,7,3,7,3,6,2,4,2,3,1,2,1,1,0,0,0,-2,-1,-3,-1,0,0,-6,-2,-7,-2,-8,-2,-8,-2,-8,-3,-8,-2,-7,-2,-7,-2,-6,-1,-4,-1,-3,-1,-2,0,0,0,0,0,1,1,3,1,4,1,4,1,5,2,5,1,5,2,5,2,4,1,4,1,3,1,3,1,0,0,0,0,0,0,0,0,0,0]"
CSI_DATA,24214,80:af:ca:27:52:2a,-55,11,1,0,1,1,1,0,0,0,0,-97,0,11,2,325289164,0,83,1,128,0,"[0,0,0,0,0,0,0,0,0,0,0,0,3,0,5,1,7,2,7,3,9,4,9,4,9,4,9,4,9,4,8,4,7,4,5,3,4,2,2,1,0,0,-1,0,-2,-1,-4,-2,-6,-2,-7,-3,-8,-4,-9,-4,-9,-4,-9,-4,-9,-4,-9,-4,0,0,-7,-2,-5,-2,-3,-1,-2,0,0,0,1,1,2,2,4,2,5,3,6,4,7,4,7,4,7,4,7,4,7,4,5,3,4,2,4,2,2,1,1,0,0,0,0,-1,-1,-2,-2,-3,-2,-4,-3,-4,0,0,0,0,0,0,0,0,0,0]"
CSI_DATA,24215,80:af:ca:27:52:2a,-54,11,1,2,1,1,1,0,0,0,0,-97,0,11,2,325294310,0,83,1,128,0,"[0,0,0,0,0,0,0,0,0,0,0,0,-2,-3,-2,-5,-2,-7,-2,-8,-2,-10,-2,-11,-2,-11,-2,-11,-2,-11,-2,-10,-2,-8,-1,-7,-1,-5,0,-3,0,-1,0,0,0,2,0,4,1,5,1,7,2,8,2,8,2,9,2,9,2,9,2,8,0,0,1,6,1,5,0,2,0,1,0,0,0,-2,0,-4,0,-5,0,-7,0,-8,0,-8,0,-9,0,-9,0,-8,0,-8,0,-7,0,-6,0,-5,0,-3,0,-2,-1,0,-1,0,-1,1,-1,2,-2,3,-2,4,0,0,0,0,0,0,0,0,0,0]"
CSI_DATA,24216,80:af:ca:27:52:2a,-54,11,1,2,1,1,1,0,0,0,0,-97,0,11,2,325299590,0,83,1,128,0,"[0,0,0,0,0,0,0,0,0,0,0,0,-2,2,-3,3,-5,4,-7,5,-8,5,-8,5,-9,6,-9,6,-8,5,-8,5,-7,5,-6,4,-5,2,-3,1,-1,0,0,0,0,-2,2,-3,3,-4,5,-5,5,-6,5,-7,6,-8,6,-8,6,-8,5,-7,0,0,4,-5,3,-4,2,-3,0,-2,0,0,-1,0,-2,2,-4,3,-5,4,-5,5,-6,5,-6,5,-6,5,-6,5,-6,5,-5,5,-5,4,-3,3,-2,2,-1,1,0,0,0,0,1,-1,2,-2,3,-2,4,-2,0,0,0,0,0,0,0,0,0,0]"
CSI_DATA,24217,80:af:ca:27:52:2a,-55,11,1,0,1,1,1,0,0,0,0,-97,0,11,2,325308286,0,83,1,128,0,"[0,0,0,0,0,0,0,0,0,0,0,0,-5,6,-4,5,-4,5,-4,4,-3,3,-2,1,-1,0,0,0,0,-2,0,-3,1,-4,1,-5,1,-6,2,-7,2,-7,2,-8,1,-7,1,-7,1,-6,1,-5,0,-4,0,-2,0,-1,0,0,0,1,0,2,0,0,0,5,0,6,0,6,0,7,0,7,0,7,0,6,0,5,0,5,0,3,0,2,0,1,0,0,0,-1,0,-2,0,-3,0,-4,0,-4,0,-5,0,-5,0,-5,0,-5,0,-5,0,-4,0,-4,0,-3,0,0,0,0,0,0,0,0,0,0]"
CSI_DATA,24218,80:af:ca:27:52:2a,-55,11,1,0,1,1,1,0,0,0,0,-97,0,11,2,325316554,0,83,1,128,0,"[0,0,0,0,0,0,0,0,0,0,0,0,1,-2,4,-2,5,-2,7,-2,8,-3,9,-3,10,-3,9,-3,9,-3,9,-3,8,-2,7,-2,5,-2,4,0,2,0,0,0,-1,1,-3,2,-4,3,-6,4,-7,4,-8,5,-7,6,-8,7,-8,6,-7,6,0,0,-6,4,-4,3,-3,2,-2,1,0,0,0,-1,2,-2,3,-4,4,-5,4,-6,5,-7,5,-7,5,-7,5,-7,4,-7,4,-7,3,-5,2,-4,1,-3,0,-2,0,-1,-1,0,-2,0,-2,2,-3,2,-4,3,0,0,0,0,0,0,0,0,0,0]"
CSI_DATA,24219,80:af:ca:27:52:2a,-56,11,1,0,1,1,1,0,0,0,0,-97,0,11,2,325325204,0,83,1,128,0,"[0,0,0,0,0,0,0,0,0,0,0,0,1,1,1,3,2,5,2,6,3,7,2,8,3,9,3,8,2,8,2,7,2,7,1,6,1,4,0,3,0,1,0,0,-1,-1,-2,-3,-3,-4,-3,-6,-3,-7,-4,-7,-4,-8,-5,-9,-5,-9,-5,-7,0,0,-3,-5,-3,-5,-2,-3,-1,-1,0,0,0,1,0,3,1,4,2,5,2,6,3,7,3,7,3,7,3,7,3,7,2,6,2,5,1,3,1,3,1,1,0,0,0,-1,0,-1,0,-3,0,-4,0,-5,0,0,0,0,0,0,0,0,0,0]"
CSI_DATA,24220,80:af:ca:27:52:2a,-54,11,1,0,1,1,1,0,0,0,0,-97,0,11,2,325333100,0,83,1,128,0,"[0,0,0,0,0,0,0,0,0,0,0,0,6,-6,5,-5,5,-5,4,-4,3,-3,2,-1,1,0,0,0,-1,1,-2,3,-3,4,-4,5,-4,5,-5,6,-5,6,-5,6,-4,6,-4,5,-3,5,-3,4,-2,3,-2,2,-1,1,0,0,0,-2,1,-3,0,0,2,-5,2,-6,3,-7,3,-7,3,-7,3,-7,3,-6,2,-6,2,-5,1,-4,0,-3,0,-2,0,0,-1,0,-1,1,-2,2,-2,3,-2,4,-3,4,-2,4,-3,4,-3,4,-2,4,-2,4,-2,3,-1,2,0,0,0,0,0,0,0,0,0,0]"
CSI_DATA,24221,80:af:ca:27:52:2a,-55,11,1,0,1,1,1,0,0,0,0,-97,0,11,2,325341186,0,83,1,128,0,"[0,0,0,0,0,0,0,0,0,0,0,0,0,2,-1,4,-2,6,-4,7,-4,9,-4,9,-4,9,-4,9,-5,9,-4,9,-4,7,-4,6,-3,4,-2,2,-1,1,0,0,0,-2,1,-4,2,-5,2,-7,3,-8,3,-9,4,-9,4,-9,4,-9,3,-9,0,0,2,-7,2,-5,1,-4,0,-2,0,0,-2,0,-2,2,-3,3,-4,4,-4,6,-5,7,-5,6,-5,6,-5,6,-4,6,-4,5,-4,4,-2,4,-2,2,0,2,0,0,0,0,1,0,2,-2,3,-2,3,-2,0,0,0,0,0,0,0,0,0,0]"
CSI_DATA,24222,80:af:ca:27:52:2a,-54,11,1,0,1,1,1,0,0,0,0,-97,0,11,2,325349349,0,83,1,128,0,"[0,0,0,0,0,0,0,0,0,0,0,0,5,9,4,8,4,7,2,6,1,4,0,3,0,0,-1,-1,-2,-3,-3,-4,-4,-6,-4,-7,-5,-9,-5,-9,-5,-9,-6,-10,-5,-9,-4,-8,-4,-7,-3,-6,-2,-4,-1,-3,-1,-1,0,0,1,2,1,4,0,0,3,6,3,8,4,8,4,9,3,9,3,8,3,7,3,6,3,6,2,4,1,2,1,1,0,0,0,-2,0,-3,0,-4,0,-6,-1,-6,-1,-7,-1,-7,-1,-7,-1,-7,-1,-7,-1,-6,-1,-5,0,-4,0,0,0,0,0,0,0,0,0,0]"
CSI_DATA,24223,80:af:ca:27:52:2a,-55,11,1,0,1,1,1,0,0,0,0,-97,0,11,2,325360001,0,83,1,128,0,"[0,0,0,0,0,0,0,0,0,0,0,0,2,-3,4,-4,6,-5,8,-6,10,-6,10,-6,11,-6,10,-6,10,-6,9,-5,9,-5,7,-4,5,-3,3,-2,0,0,-1,0,-3,1,-4,2,-7,3,-8,4,-10,4,-10,4,-10,5,-11,5,-11,4,-10,4,0,0,-8,3,-6,2,-4,2,-2,1,0,0,2,0,4,0,6,-1,8,-2,8,-2,10,-2,10,-2,10,-2,10,-2,8,-2,8,-2,6,-2,5,-2,4,-1,2,-1,0,-1,-1,-1,-2,-1,-4,-2,-5,-2,-6,-2,0,0,0,0,0,0,0,0,0,0]"
CSI_DATA,24224,80:af:ca:27:52:2a,-54,11,1,0,1,1,1,0,0,0,0,-97,0,11,2,325369206,0,83,1,128,0,"[0,0,0,0,0,0,0,0,0,0,0,0,-9,-3,-8,-2,-7,-2,-6,-2,-4,-2,-3,-2,-1,-1,0,-1,2,-1,3,0,5,0,6,0,7,0,7,0,7,0,9,0,7,0,7,0,6,0,5,0,4,0,2,0,1,0,0,0,-2,0,-3,1,0,0,-6,1,-7,2,-7,2,-8,2,-8,2,-7,2,-7,2,-6,2,-5,2,-4,1,-3,1,-1,0,0,0,1,0,2,-1,3,-1,4,-2,4,-2,5,-2,5,-2,5,-2,5,-2,5,-2,4,-2,3,-1,3,-1,0,0,0,0,0,0,0,0,0,0]"
CSI_DATA,24225,80:af:ca:27:52:2a,-54,11,1,0,1,1,1,0,0,0,0,-97,0,11,2,325378536,0,83,1,128,0,"[0,0,0,0,0,0,0,0,0,0,0,0,-4,-8,-4,-7,-3,-6,-2,-5,-2,-4,-1,-3,0,-1,0,0,1,1,2,2,3,3,4,4,5,5,5,5,5,5,6,5,5,5,5,4,4,4,3,3,2,2,1,1,0,1,-1,0,-2,-1,-3,-2,0,0,-5,-3,-6,-4,-7,-4,-7,-4,-7,-4,-7,-4,-6,-4,-6,-3,-5,-3,-4,-2,-3,-1,-1,0,0,0,0,0,2,1,3,2,4,2,4,2,4,2,5,2,5,3,5,2,4,2,4,2,3,2,2,1,0,0,0,0,0,0,0,0,0,0]"
CSI_DATA,24226,80:af:ca:27:52:2a,-55,11,1,0,1,1,1,0,0,0,0,-97,0,11,2,325387830,0,83,1,128,0,"[0,0,0,0,0,0,0,0,0,0,0,0,-2,2,-4,4,-6,4,-8,5,-10,6,-10,6,-10,6,-10,6,-10,6,-10,5,-9,4,-8,4,-6,2,-4,1,-2,0,0,-2,1,-3,2,-4,4,-5,6,-7,7,-8,7,-8,8,-8,8,-9,8,-8,6,-8,0,0,4,-6,4,-5,2,-4,0,-2,-1,0,-2,1,-4,3,-5,4,-6,6,-6,7,-7,7,-7,7,-8,7,-7,7,-6,7,-6,6,-4,6,-3,4,-2,3,-1,2,0,0,1,0,2,-1,3,-2,4,-3,4,-4,0,0,0,0,0,0,0,0,0,0]"
CSI_DATA,24227,80:af:ca:27:52:2a,-55,11,1,0,1,1,1,0,0,0,0,-97,0,11,2,325395264,0,83,1,128,0,"[0,0,0,0,0,0,0,0,0,0,0,0,-3,1,-5,2,-8,2,-10,2,-12,2,-13,2,-13,2,-13,2,-13,2,-12,2,-12,2,-9,2,-7,1,-5,0,-2,0,0,-1,1,-2,4,-2,6,-3,7,-4,9,-5,10,-6,10,-6,11,-7,11,-6,9,-7,0,0,7,-5,6,-4,4,-3,2,-2,0,0,-2,0,-4,2,-5,3,-7,4,-8,4,-9,5,-9,5,-9,5,-9,6,-9,5,-8,4,-7,4,-5,3,-4,2,-2,2,0,0,0,0,2,0,3,-2,4,-2,5,-2,0,0,0,0,0,0,0,0,0,0]"
CSI_DATA,24228,80:af:ca:27:52:2a,-55,11,1,0,1,1,1,0,0,0,0,-97,0,11,2,325403216,0,83,1,128,0,"[0,0,0,0,0,0,0,0,0,0,0,0,2,0,4,0,6,0,8,0,9,0,10,0,10,0,10,0,10,0,9,0,8,0,7,0,5,0,3,0,1,0,0,0,-2,0,-4,0,-5,0,-7,1,-8,1,-9,1,-9,2,-10,2,-10,2,-9,2,0,0,-7,1,-5,1,-4,0,-2,0,0,0,1,0,2,-1,4,-1,5,-2,6,-2,7,-2,8,-2,8,-2,8,-2,7,-2,6,-2,5,-2,3,-2,2,-2,1,-1,0,0,-1,0,-2,0,-3,0,-4,0,-5,0,0,0,0,0,0,0,0,0,0,0]"
CSI_DATA,24229,80:af:ca:27:52:2a,-54,11,1,0,1,1,1,0,0,0,0,-97,0,11,2,325412062,0,83,1,128,0,"[0,0,0,0,0,0,0,0,0,0,0,0,-6,6,-6,6,-5,5,-5,3,-3,2,-2,1,-1,0,0,-1,1,-2,1,-3,3,-4,4,-6,4,-6,4,-7,5,-7,5,-7,4,-7,4,-6,4,-6,3,-4,2,-3,1,-2,0,-1,0,0,-1,1,-2,2,0,0,-4,4,-4,5,-5,6,-6,6,-5,6,-6,6,-4,6,-4,4,-3,4,-2,3,-2,2,-1,1,0,0,1,0,2,-1,2,-2,3,-3,3,-3,4,-3,4,-4,4,-3,4,-3,4,-3,3,-3,3,-3,2,-2,0,0,0,0,0,0,0,0,0,0]"
CSI_DATA,24230,80:af:ca:27:52:2a,-55,11,1,0,1,1,1,0,0,0,0,-97,0,11,2,325425916,0,83,1,128,0,"[0,0,0,0,0,0,0,0,0,0,0,0,6,-6,6,-6,5,-5,4,-4,3,-3,2,-1,0,0,0,0,-2,1,-2,2,-4,3,-5,4,-6,5,-6,6,-6,6,-7,6,-6,6,-6,5,-4,4,-4,3,-3,2,-2,2,-1,0,0,0,1,-1,2,-2,0,0,4,-4,5,-5,5,-6,6,-6,5,-6,6,-6,5,-5,4,-4,3,-4,2,-3,1,-2,0,-1,0,-1,-1,0,-2,1,-3,1,-4,2,-4,2,-5,2,-5,2,-6,2,-5,2,-5,2,-4,2,-4,2,-3,1,0,0,0,0,0,0,0,0,0,0]"
CSI_DATA,24231,80:af:ca:27:52:2a,-55,11,1,0,1,1,1,0,0,0,0,-97,0,11,2,325434159,0,83,1,128,0,"[0,0,0,0,0,0,0,0,0,0,0,0,0,-3,2,-4,3,-5,4,-6,5,-7,6,-7,6,-8,6,-8,6,-7,5,-7,5,-6,4,-5,3,-4,2,-2,0,-1,0,0,0,2,-1,3,-2,4,-3,6,-4,6,-4,7,-4,8,-4,8,-4,8,-3,8,0,0,-2,6,-2,4,-2,3,0,1,0,0,0,-2,1,-4,1,-5,2,-6,2,-7,2,-8,2,-8,2,-8,2,-8,2,-7,1,-6,1,-6,0,-4,0,-3,0,-2,0,0,-1,0,-1,1,-2,2,-2,3,-2,4,0,0,0,0,0,0,0,0,0,0]"
CSI_DATA,24232,80:af:ca:27:52:2a,-54,11,1,0,1,1,1,0,0,0,0,-97,0,11,2,325441969,0,83,1,128,0,"[0,0,0,0,0,0,0,0,0,0,0,0,2,8,2,7,2,6,1,5,0,4,0,3,0,1,-1,0,-1,-1,-2,-3,-2,-4,-3,-6,-4,-6,-4,-7,-4,-7,-5,-7,-4,-7,-4,-6,-4,-6,-3,-5,-2,-4,-1,-3,-1,-1,0,0,1,1,2,2,0,0,3,4,4,5,5,5,5,6,5,6,5,6,4,5,4,5,3,4,3,3,2,2,1,1,0,0,0,-1,-1,-2,-2,-3,-3,-4,-3,-4,-3,-5,-4,-5,-4,-5,-3,-5,-3,-4,-3,-4,-3,-4,-2,-3,0,0,0,0,0,0,0,0,0,0]"
CSI_DATA,24233,80:af:ca:27:52:2a,-56,11,1,0,1,1,1,0,0,0,0,-97,0,11,2,325457527,0,83,1,128,0,"[0,0,0,0,0,0,0,0,0,0,0,0,-1,-3,0,-5,0,-7,0,-9,0,-10,0,-11,0,-11,0,-11,1,-11,0,-10,0,-9,0,-8,0,-6,0,-4,0,-1,0,0,0,1,0,4,0,6,0,7,0,8,0,10,1,10,1,10,1,10,1,10,0,0,1,7,0,5,0,3,0,1,0,0,0,-2,0,-4,0,-6,-1,-7,-1,-8,-1,-10,-1,-10,-1,-10,-1,-10,-1,-9,-1,-8,-1,-6,-1,-5,-1,-3,-1,-2,-1,-1,-1,0,-1,1,-1,3,-1,4,-1,5,0,0,0,0,0,0,0,0,0,0]"
CSI_DATA,24234,80:af:ca:27:52:2a,-55,11,1,0,1,1,1,0,0,0,0,-97,0,11,2,325468059,0,83,1,128,0,"[0,0,0,0,0,0,0,0,0,0,0,0,0,-2,2,-4,4,-5,5,-6,6,-6,6,-6,6,-7,6,-7,6,-7,6,-6,6,-6,4,-5,3,-4,2,-2,0,-1,0,0,-1,1,-2,2,-4,4,-4,4,-5,6,-6,6,-6,6,-6,7,-6,6,-5,6,0,0,-4,5,-3,4,-2,2,-1,1,0,0,0,-1,2,-2,2,-4,4,-4,4,-5,4,-6,5,-6,5,-6,4,-6,4,-6,4,-5,3,-4,2,-4,1,-2,0,-2,0,-1,-1,0,-2,0,-2,1,-3,1,-4,2,0,0,0,0,0,0,0,0,0,0]"
CSI_DATA,24235,80:af:ca:27:52:2a,-55,11,1,0,1,1,1,0,0,0,0,-97,0,11,2,325479896,0,83,1,128,0,"[0,0,0,0,0,0,0,0,0,0,0,0,9,0,8,0,7,0,6,0,4,0,2,0,0,0,-1,0,-3,0,-4,0,-6,0,-7,0,-8,0,-9,0,-9,0,-9,0,-8,0,-8,0,-7,0,-6,0,-4,0,-3,0,-1,0,0,0,2,0,3,0,0,0,6,0,7,0,8,0,8,0,8,0,8,0,7,0,6,0,5,0,4,0,2,0,1,0,0,-1,-1,-1,-2,-1,-3,-2,-4,-2,-5,-2,-5,-2,-6,-2,-6,-2,-5,-3,-5,-2,-4,-2,-4,-2,-3,-1,0,0,0,0,0,0,0,0,0,0]"
CSI_DATA,24236,80:af:ca:27:52:2a,-55,11,1,0,1,1,1,0,0,0,0,-97,0,11,2,325489127,0,83,1,128,0,"[0,0,0,0,0,0,0,0,0,0,0,0,0,3,-2,4,-3,6,-4,7,-4,8,-5,8,-5,8,-5,8,-5,8,-4,7,-4,6,-4,6,-2,4,-2,2,-1,0,0,-1,0,-2,0,-4,1,-6,2,-7,2,-8,2,-9,2,-9,2,-9,2,-9,2,-8,0,0,1,-6,1,-5,0,-4,0,-2,0,0,-1,1,-2,3,-2,4,-2,6,-3,6,-3,7,-3,7,-3,7,-3,7,-2,6,-2,6,-2,5,-1,4,-1,2,0,2,0,0,0,0,1,-2,2,-2,2,-3,2,-4,0,0,0,0,0,0,0,0,0,0]"
CSI_DATA,24237,80:af:ca:27:52:2a,-55,11,1,2,1,1,1,0,0,0,0,-97,0,11,2,325494829,0,83,1,128,0,"[0,0,0,0,0,0,0,0,0,0,0,0,0,2,0,5,0,6,0,8,0,10,0,10,0,10,0,10,0,10,0,10,0,8,0,7,0,5,0,3,0,1,0,0,-1,-2,-1,-5,-1,-6,-2,-8,-2,-9,-2,-10,-2,-10,-2,-10,-2,-10,-2,-9,0,0,-2,-7,-1,-5,-1,-4,0,-2,0,0,0,1,0,3,0,5,0,6,0,8,0,8,0,8,0,8,0,8,0,8,0,7,0,5,0,4,0,2,0,1,0,0,0,-1,0,-2,0,-3,0,-5,0,-5,0,0,0,0,0,0,0,0,0,0]"
CSI_DATA,24238,80:af:ca:27:52:2a,-55,11,1,0,1,1,1,0,0,0,0,-97,0,11,2,325503906,0,83,1,128,0,"[0,0,0,0,0,0,0,0,0,0,0,0,0,-3,0,-5,1,-6,2,-8,2,-9,2,-10,2,-11,2,-10,2,-10,2,-9,2,-8,2,-7,1,-6,1,-4,0,-2,0,0,0,2,0,3,0,5,0,6,0,8,0,9,0,9,0,9,0,9,0,8,0,0,0,6,0,4,0,3,0,1,0,0,0,-2,-1,-4,-1,-5,-2,-6,-2,-7,-2,-8,-2,-8,-2,-8,-2,-8,-2,-8,-2,-7,-2,-6,-2,-4,-2,-3,-1,-2,-1,0,0,0,0,2,0,2,0,4,0,4,0,0,0,0,0,0,0,0,0,0]"
CSI_DATA,24239,80:af:ca:27:52:2a,-55,11,1,0,1,1,1,0,0,0,0,-97,0,11,2,325519240,0,83,1,128,0,"[0,0,0,0,0,0,0,0,0,0,0,0,4,-6,4,-5,4,-4,3,-3,2,-2,1,-1,0,0,0,0,0,1,0,2,-1,4,-2,5,-2,5,-2,6,-3,6,-3,6,-2,6,-2,5,-2,5,-1,4,-1,3,-1,1,0,0,0,0,0,-1,0,-3,0,0,0,-5,0,-6,0,-7,0,-7,0,-7,0,-7,0,-7,0,-6,0,-5,0,-4,0,-2,0,-1,0,0,0,0,0,1,-1,2,-1,3,-1,4,-1,4,0,5,-1,5,-1,5,0,4,0,4,0,3,0,3,0,0,0,0,0,0,0,0,0,0]"
CSI_DATA,24240,80:af:ca:27:52:2a,-55,11,1,0,1,1,1,0,0,0,0,-97,0,11,2,325526098,0,83,1,128,0,"[0,0,0,0,0,0,0,0,0,0,0,0,-2,0,-5,-2,-6,-3,-8,-4,-8,-5,-9,-5,-10,-5,-9,-5,-9,-5,-9,-5,-8,-5,-7,-5,-5,-3,-3,-2,-2,-1,0,0,1,0,3,0,5,1,6,2,8,2,8,2,9,2,10,2,10,2,9,2,0,0,7,1,5,1,3,0,2,0,0,0,-2,0,-3,-1,-5,-2,-7,-2,-8,-2,-9,-2,-9,-2,-9,-2,-9,-2,-8,-2,-8,-2,-7,-2,-5,-1,-4,0,-2,0,-1,0,0,0,1,0,2,1,3,2,3,2,0,0,0,0,0,0,0,0,0,0]"
CSI_DATA,24241,80:af:ca:27:52:2a,-54,11,1,0,1,1,1,0,0,0,0,-97,0,11,2,325535594,0,83,1,128,0,"[0,0,0,0,0,0,0,0,0,0,0,0,8,0,8,0,7,0,6,1,4,0,3,0,1,0,0,0,-2,0,-3,0,-5,0,-6,0,-7,0,-8,0,-8,1,-9,1,-8,1,-7,1,-7,1,-6,1,-4,0,-3,0,-1,0,0,0,1,-1,2,-1,0,0,5,-2,6,-2,7,-3,7,-3,7,-3,7,-3,6,-3,5,-2,4,-2,3,-2,2,-1,1,-1,0,0,-1,0,-2,0,-3,1,-4,1,-4,1,-5,1,-5,2,-5,2,-5,1,-4,1,-4,1,-3,1,-3,1,0,0,0,0,0,0,0,0,0,0]"
CSI_DATA,24242,80:af:ca:27:52:2a,-55,11,1,0,1,1,1,0,0,0,0,-97,0,11,2,325543147,0,83,1,128,0,"[0,0,0,0,0,0,0,0,0,0,0,0,0,2,0,4,0,6,0,8,0,9,0,10,0,11,0,10,0,10,0,9,0,8,0,6,0,5,0,3,0,1,0,0,-1,-2,-2,-4,-2,-5,-2,-7,-2,-8,-2,-9,-2,-9,-3,-10,-2,-9,-3,-8,0,0,-2,-6,-2,-5,-2,-4,-1,-2,0,0,0,1,0,3,0,4,1,6,2,6,2,7,2,7,2,7,2,7,2,6,2,6,2,5,2,4,1,2,1,1,0,0,0,-1,0,-2,0,-3,0,-4,0,-4,0,0,0,0,0,0,0,0,0,0]"
CSI_DATA,24243,80:af:ca:27:52:2a,-54,11,1,0,1,1,1,0,0,0,0,-97,0,11,2,325553067,0,83,1,128,0,"[0,0,0,0,0,0,0,0,0,0,0,0,6,-7,5,-6,5,-5,4,-4,3,-2,1,-1,0,0,0,1,-1,2,-2,3,-4,4,-4,5,-5,6,-5,7,-5,7,-5,7,-5,7,-5,6,-4,5,-4,4,-2,3,-2,2,-1,0,0,0,1,-2,1,-3,0,0,3,-5,4,-7,4,-7,4,-8,4,-7,4,-7,4,-7,3,-6,2,-5,1,-4,1,-2,0,-1,0,0,-1,0,-2,1,-2,2,-4,3,-4,4,-4,4,-4,4,-4,4,-4,4,-4,4,-4,3,-3,2,-2,2,0,0,0,0,0,0,0,0,0,0]"
CSI_DATA,24244,80:af:ca:27:52:2a,-55,11,1,0,1,1,1,0,0,0,0,-97,0,11,2,325563598,0,83,1,128,0,"[0,0,0,0,0,0,0,0,0,0,0,0,7,-3,7,-3,6,-2,5,-2,4,-1,3,0,1,0,0,0,-2,1,-3,2,-4,2,-5,3,-6,3,-7,4,-7,4,-7,4,-7,4,-6,3,-5,3,-5,2,-4,2,-2,1,-1,0,0,0,1,-1,2,-2,0,0,4,-4,5,-5,5,-5,5,-5,5,-5,5,-5,5,-5,4,-4,3,-4,2,-3,1,-2,1,-1,0,-1,-1,0,-2,1,-3,2,-4,2,-4,3,-4,3,-5,3,-5,3,-5,3,-4,3,-4,3,-3,2,-3,2,0,0,0,0,0,0,0,0,0,0]"
CSI_DATA,24245,80:af:ca:27:52:2a,-54,11,1,0,1,1,1,0,0,0,0,-97,0,11,2,325571167,0,83,1,128,0,"[0,0,0,0,0,0,0,0,0,0,0,0,-8,-3,-7,-2,-7,-2,-6,-2,-4,-2,-3,-1,-1,-1,0,-1,1,0,3,0,4,0,5,0,6,0,7,0,7,0,8,0,7,0,7,0,6,0,5,0,4,0,2,0,1,0,0,0,-2,0,-3,0,0,0,-6,0,-7,0,-7,1,-8,1,-8,1,-7,1,-7,1,-6,1,-5,0,-4,0,-3,0,-2,0,0,0,1,0,2,0,3,0,4,0,4,-1,5,-1,5,-1,5,-1,5,-1,5,-1,4,-1,3,0,3,0,0,0,0,0,0,0,0,0,0,0]"
CSI_DATA,24246,80:af:ca:27:52:2a,-55,11,1,0,1,1,1,0,0,0,0,-97,0,11,2,325579422,0,83,1,128,0,"[0,0,0,0,0,0,0,0,0,0,0,0,-5,4,-4,4,-4,4,-4,3,-3,2,-2,1,-1,0,0,0,0,-1,0,-2,1,-3,2,-4,2,-5,3,-5,3,-5,3,-6,3,-6,2,-5,2,-5,2,-4,1,-3,0,-2,0,-1,0,0,0,0,0,2,0,0,-1,4,-2,5,-2,5,-2,6,-2,6,-2,6,-2,5,-2,5,-1,4,-1,3,0,2,0,1,0,0,0,0,0,-1,1,-2,1,-3,1,-4,1,-4,1,-4,2,-4,1,-4,1,-4,1,-4,1,-3,0,-3,0,0,0,0,0,0,0,0,0,0]"
CSI_DATA,24247,80:af:ca:27:52:2a,-55,11,1,0,1,1,1,0,0,0,0,-97,0,11,2,325586873,0,83,1,128,0,"[0,0,0,0,0,0,0,0,0,0,0,0,4,6,3,6,3,5,2,4,1,3,0,2,0,0,0,0,-1,-1,-2,-2,-3,-3,-4,-4,-4,-5,-4,-6,-5,-6,-5,-6,-5,-6,-4,-5,-4,-5,-3,-4,-2,-3,-1,-2,0,-1,0,0,0,0,1,2,0,0,3,4,4,4,4,5,4,5,4,5,4,5,4,5,3,4,3,3,2,2,2,1,1,0,0,0,0,-1,0,-2,-1,-3,-2,-4,-2,-4,-2,-5,-2,-5,-2,-5,-2,-5,-2,-5,-2,-4,-2,-4,-1,-3,0,0,0,0,0,0,0,0,0,0]"
CSI_DATA,24248,80:af:ca:27:52:2a,-55,11,1,0,1,1,1,0,0,0,0,-97,0,11,2,325594643,0,83,1,128,0,"[0,0,0,0,0,0,0,0,0,0,0,0,-8,2,-8,2,-7,2,-6,1,-4,1,-3,0,-1,0,0,-1,2,-1,3,-2,4,-2,6,-3,7,-3,7,-3,8,-3,8,-3,7,-3,6,-3,6,-3,4,-2,3,-2,2,-1,1,-1,0,0,-2,0,-3,1,0,0,-6,2,-7,2,-7,3,-7,3,-8,3,-8,3,-7,3,-6,2,-5,2,-4,2,-3,1,-1,1,0,0,1,0,2,0,3,-1,4,-1,4,-1,5,-1,5,-1,6,-1,5,-1,5,-1,4,-1,4,-1,3,-1,0,0,0,0,0,0,0,0,0,0]"
CSI_DATA,24249,80:af:ca:27:52:2a,-55,11,1,0,1,1,1,0,0,0,0,-97,0,11,2,325607806,0,83,1,128,0,"[0,0,0,0,0,0,0,0,0,0,0,0,0,-2,2,-4,4,-5,6,-6,6,-6,7,-7,8,-7,7,-7,7,-6,6,-6,6,-6,5,-5,4,-4,2,-2,1,-1,0,0,-2,1,-2,2,-4,4,-5,4,-6,5,-6,6,-6,6,-7,7,-7,6,-6,6,0,0,-5,5,-4,4,-2,2,-1,1,0,0,1,-1,2,-2,4,-3,4,-4,5,-5,6,-5,6,-5,6,-5,6,-6,6,-5,5,-5,4,-4,3,-4,2,-2,1,-2,0,-1,-1,0,-2,0,-3,0,-4,0,-4,0,0,0,0,0,0,0,0,0,0,0]"
CSI_DATA,24250,80:af:ca:27:52:2a,-54,11,1,0,1,1,1,0,0,0,0,-97,0,11,2,325616723,0,83,1,128,0,"[0,0,0,0,0,0,0,0,0,0,0,0,-10,1,-10,0,-8,0,-7,0,-5,0,-3,0,-1,0,1,-1,2,-1,4,-1,6,-1,8,-2,9,-2,9,-2,10,-1,10,-2,9,-2,8,-2,8,-2,6,-1,4,-1,2,-1,1,0,-1,0,-2,0,-4,0,0,0,-8,1,-9,1,-9,1,-10,2,-10,1,-9,1,-9,1,-8,1,-6,1,-5,1,-4,1,-2,0,0,0,1,0,2,0,4,0,5,0,6,0,6,0,6,0,7,0,6,0,6,0,5,0,5,0,4,0,0,0,0,0,0,0,0,0,0,0]"
CSI_DATA,24251,80:af:ca:27:52:2a,-55,11,1,0,1,1,1,0,0,0,0,-97,0,11,2,325625620,0,83,1,128,0,"[0,0,0,0,0,0,0,0,0,0,0,0,-1,10,-1,9,-1,7,-2,6,-1,4,-1,3,-1,1,-1,-1,0,-3,0,-4,0,-6,0,-7,0,-9,0,-9,0,-10,0,-10,0,-10,0,-9,0,-7,0,-6,0,-5,0,-3,0,-1,0,0,0,2,0,3,0,0,0,6,0,7,0,8,0,9,0,9,0,9,0,8,0,7,0,5,0,4,0,3,0,1,0,0,0,-1,0,-3,0,-4,0,-5,0,-6,0,-6,0,-6,0,-7,0,-6,0,-6,0,-5,0,-5,0,-4,0,0,0,0,0,0,0,0,0,0]"
CSI_DATA,24252,80:af:ca:27:52:2a,-55,11,1,0,1,1,1,0,0,0,0,-97,0,11,2,325642812,0,83,1,128,0,"[0,0,0,0,0,0,0,0,0,0,0,0,1,-2,3,-2,5,-3,7,-3,7,-3,8,-3,8,-3,8,-3,8,-3,7,-3,7,-2,5,-2,3,-1,2,0,0,0,0,0,-1,1,-3,2,-4,3,-5,4,-6,5,-6,5,-7,5,-7,6,-7,5,-5,5,0,0,-4,4,-3,3,-2,1,-1,0,0,0,1,-1,1,-3,3,-4,3,-5,3,-6,4,-7,4,-7,4,-7,4,-7,3,-6,3,-5,2,-5,1,-4,1,-3,0,-1,0,-1,-1,0,-1,1,-2,1,-3,2,-3,3,0,0,0,0,0,0,0,0,0,0]"
CSI_DATA,24253,80:af:ca:27:52:2a,-55,11,1,0,1,1,1,0,0,0,0,-97,0,11,2,325650910,0,83,1,128,0,"[0,0,0,0,0,0,0,0,0,0,0,0,-4,6,-4,6,-4,5,-4,4,-3,2,-2,1,-1,0,0,-1,0,-2,0,-3,1,-5,2,-6,2,-6,2,-7,3,-7,3,-7,2,-7,2,-6,2,-5,1,-5,1,-3,0,-2,0,-1,0,0,-1,1,-1,3,0,0,-2,5,-2,6,-2,7,-2,7,-2,7,-2,6,-2,6,-2,5,-1,5,-1,3,0,2,0,1,0,0,1,-1,1,-2,1,-3,2,-4,2,-5,2,-5,2,-5,2,-5,2,-5,2,-5,1,-4,1,-4,1,-3,0,0,0,0,0,0,0,0,0,0]"
CSI_DATA,24254,80:af:ca:27:52:2a,-55,11,1,0,1,1,1,0,0,0,0,-97,0,11,2,325661885,0,83,1,128,0,"[0,0,0,0,0,0,0,0,0,0,0,0,9,3,8,2,7,2,6,2,4,2,3,1,1,1,-1,0,-2,0,-4,0,-6,0,-7,-1,-8,-1,-9,-1,-9,-1,-10,-1,-9,-1,-8,-1,-7,-1,-6,0,-5,0,-3,0,-2,0,0,0,2,0,3,0,0,0,6,0,7,-1,8,-1,8,-1,8,-1,8,-1,8,-1,6,-1,6,-1,4,-1,3,-1,1,-1,0,-1,-1,0,-3,0,-4,0,-5,0,-6,0,-6,0,-6,0,-6,0,-6,0,-6,0,-5,0,-5,0,-4,0,0,0,0,0,0,0,0,0,0,0]"
CSI_DATA,24255,80:af:ca:27:52:2a,-55,11,1,0,1,1,1,0,0,0,0,-97,0,11,2,325672237,0,83,1,128,0,"[0,0,0,0,0,0,0,0,0,0,0,0,0,-3,1,-5,2,-6,4,-8,5,-8,5,-9,5,-10,5,-10,5,-9,5,-8,5,-8,4,-7,2,-5,2,-3,0,-1,0,0,0,2,-1,3,-2,5,-3,6,-3,7,-4,8,-4,8,-4,9,-4,9,-3,8,0,0,-2,6,-2,5,-1,3,0,1,0,0,0,-2,1,-3,2,-5,2,-6,2,-7,2,-8,2,-8,3,-8,2,-8,2,-8,2,-7,2,-6,1,-5,0,-3,0,-2,0,-1,-1,0,-2,0,-2,2,-2,2,-3,2,0,0,0,0,0,0,0,0,0,0]"
CSI_DATA,24256,80:af:ca:27:52:2a,-55,11,1,0,1,1,1,0,0,0,0,-97,0,11,2,325682481,0,83,1,128,0,"[0,0,0,0,0,0,0,0,0,0,0,0,-2,2,-3,4,-4,5,-6,6,-6,6,-7,7,-7,7,-7,7,-7,6,-6,6,-6,5,-5,4,-4,3,-2,2,-1,0,0,-1,1,-2,2,-3,4,-4,4,-6,5,-6,6,-6,6,-7,6,-7,6,-7,5,-7,0,0,4,-5,3,-4,2,-3,0,-2,-1,0,-2,0,-4,1,-4,2,-6,3,-6,4,-7,4,-7,4,-7,4,-7,4,-6,4,-6,4,-5,3,-4,2,-2,2,-1,1,0,0,0,0,2,0,3,0,4,0,4,-1,0,0,0,0,0,0,0,0,0,0]"
CSI_DATA,24257,80:af:ca:27:52:2a,-55,11,1,0,1,1,1,0,0,0,0,-97,0,11,2,325692154,0,83,1,128,0,"[0,0,0,0,0,0,0,0,0,0,0,0,-1,9,-1,8,-1,7,-1,6,-1,4,-1,2,-1,1,0,0,-1,-2,-1,-4,0,-6,-1,-7,-1,-8,-1,-8,-1,-9,-1,-9,-1,-9,-1,-8,-1,-7,-1,-6,0,-4,0,-3,0,-1,0,0,0,1,0,3,0,0,1,6,1,7,2,7,2,8,2,8,2,8,1,7,1,6,1,5,1,4,1,2,0,1,0,0,0,-1,0,-2,-1,-4,-1,-5,-1,-6,-1,-6,-1,-6,-1,-6,-1,-6,-1,-6,-1,-5,-1,-4,-1,-3,0,0,0,0,0,0,0,0,0,0]"
CSI_DATA,24258,80:af:ca:27:52:2a,-55,11,1,0,1,1,1,0,0,0,0,-97,0,11,2,325699831,0,83,1,128,0,"[0,0,0,0,0,0,0,0,0,0,0,0,3,0,6,0,7,1,10,2,11,3,11,4,12,4,12,3,11,4,11,3,9,3,8,2,6,2,4,2,1,1,0,0,-3,0,-5,0,-8,0,-9,0,-11,0,-12,0,-12,0,-13,0,-13,0,-11,1,0,0,-8,0,-6,0,-4,0,-2,0,0,0,2,0,4,-1,6,-2,8,-2,8,-2,10,-3,10,-3,10,-3,9,-3,8,-3,8,-3,6,-3,4,-3,3,-2,1,-2,0,-1,-2,0,-3,0,-4,0,-5,0,-6,0,0,0,0,0,0,0,0,0,0,0]"
CSI_DATA,24259,80:af:ca:27:52:2a,-55,11,1,0,1,1,1,0,0,0,0,-97,0,11,2,325724263,0,83,1,128,0,"[0,0,0,0,0,0,0,0,0,0,0,0,8,0,7,0,6,0,5,0,4,0,2,0,0,0,0,0,-1,0,-3,0,-5,0,-6,0,-7,0,-7,0,-8,0,-8,0,-8,0,-7,0,-6,0,-5,0,-4,0,-2,0,-1,0,0,0,1,0,2,0,0,0,5,-1,6,-1,6,-1,7,-2,7,-1,7,-1,6,-1,5,-1,4,-1,3,-1,2,-1,1,0,0,0,-1,0,-2,0,-3,0,-4,0,-5,0,-5,0,-5,0,-5,0,-5,0,-5,0,-5,0,-4,0,-3,0,0,0,0,0,0,0,0,0,0,0]"
CSI_DATA,24260,80:af:ca:27:52:2a,-54,11,1,0,1,1,1,0,0,0,0,-97,0,11,2,325733705,0,83,1,128,0,"[0,0,0,0,0,0,0,0,0,0,0,0,3,8,3,7,2,6,1,6,1,4,0,2,0,1,-1,0,-1,-2,-2,-3,-3,-5,-3,-6,-3,-7,-4,-7,-4,-7,-5,-8,-4,-7,-4,-6,-3,-6,-3,-5,-2,-4,-1,-2,-1,-1,0,0,0,1,1,2,0,0,3,4,3,5,4,6,4,6,4,6,4,6,3,6,3,5,3,3,2,2,1,2,1,0,0,0,0,-1,-1,-2,-1,-3,-2,-4,-2,-5,-2,-5,-3,-5,-3,-5,-2,-5,-2,-5,-2,-4,-2,-3,-1,-3,0,0,0,0,0,0,0,0,0,0]"
CSI_DATA,24261,80:af:ca:27:52:2a,-55,11,1,0,1,1,1,0,0,0,0,-97,0,11,2,325741845,0,83,1,128,0,"[0,0,0,0,0,0,0,0,0,0,0,0,3,0,4,2,6,2,7,4,8,4,8,6,8,6,8,5,7,6,7,5,6,4,4,4,3,2,2,2,0,0,-1,0,-2,-1,-4,-2,-5,-4,-6,-4,-7,-5,-8,-6,-8,-5,-8,-6,-8,-6,-8,-5,0,0,-6,-4,-4,-3,-3,-2,-2,0,0,0,0,1,2,2,3,3,4,4,5,4,6,5,5,6,5,6,6,5,5,5,4,4,4,3,3,2,2,1,2,0,0,0,0,-1,0,-2,-1,-3,-1,-4,-2,-4,0,0,0,0,0,0,0,0,0,0]"
CSI_DATA,24262,80:af:ca:27:52:2a,-54,11,1,0,1,1,1,0,0,0,0,-97,0,11,2,325748520,0,83,1,128,0,"[0,0,0,0,0,0,0,0,0,0,0,0,10,-4,8,-4,7,-3,7,-2,5,-1,2,0,1,0,-1,1,-3,1,-4,2,-6,3,-8,3,-8,3,-10,4,-10,4,-10,4,-9,4,-8,3,-7,3,-6,2,-5,1,-3,1,-1,0,0,0,2,-1,3,-2,0,0,7,-3,7,-4,8,-5,8,-5,8,-5,8,-4,8,-4,7,-3,6,-3,4,-3,2,-2,1,-1,0,-1,-2,0,-3,0,-5,0,-6,1,-6,1,-7,1,-7,1,-7,1,-7,1,-7,1,-6,1,-5,1,-4,1,0,0,0,0,0,0,0,0,0,0]"
CSI_DATA,24263,80:af:ca:27:52:2a,-55,11,1,0,1,1,1,0,0,0,0,-97,0,11,2,325756743,0,83,1,128,0,"[0,0,0,0,0,0,0,0,0,0,0,0,-3,-9,-2,-8,-2,-6,-1,-6,-1,-4,0,-3,0,-1,0,0,1,1,2,3,2,4,3,5,3,6,3,6,3,6,4,7,3,6,3,6,3,5,2,4,2,3,1,2,0,1,0,0,-1,-1,-2,-3,0,0,-4,-4,-4,-5,-5,-6,-5,-6,-5,-6,-5,-6,-4,-5,-4,-5,-3,-4,-3,-3,-2,-2,-1,-1,0,0,0,1,1,2,1,2,2,3,2,4,3,4,3,4,3,4,2,4,2,4,2,3,2,3,1,2,0,0,0,0,0,0,0,0,0,0]"
CSI_DATA,24264,80:af:ca:27:52:2a,-55,11,1,0,1,1,1,0,0,0,0,-97,0,11,2,325766397,0,83,1,128,0,"[0,0,0,0,0,0,0,0,0,0,0,0,1,2,1,4,1,6,0,8,0,9,0,10,0,11,0,10,0,10,0,9,0,8,0,7,0,5,0,3,0,1,-1,0,-1,-2,-2,-4,-2,-6,-2,-7,-3,-8,-3,-9,-3,-9,-4,-10,-4,-10,-4,-8,0,0,-3,-6,-2,-5,-2,-3,-1,-2,0,0,0,1,1,3,1,4,2,6,2,6,3,7,3,8,3,8,3,7,3,6,2,6,2,5,2,4,1,2,1,1,0,0,0,-1,0,-2,0,-4,-1,-4,-1,-5,0,0,0,0,0,0,0,0,0,0]"
CSI_DATA,24265,80:af:ca:27:52:2a,-55,11,1,0,1,1,1,0,0,0,0,-97,0,11,2,325774106,0,83,1,128,0,"[0,0,0,0,0,0,0,0,0,0,0,0,2,2,2,4,2,6,2,7,2,8,2,8,2,9,2,8,2,8,2,8,2,7,2,6,1,4,0,2,0,1,-2,0,-2,-2,-4,-2,-4,-4,-6,-5,-6,-6,-7,-6,-7,-6,-8,-6,-7,-6,-7,-6,0,0,-5,-4,-4,-3,-2,-2,-1,-1,0,0,1,0,3,2,4,2,6,2,6,2,7,3,7,3,8,3,7,2,6,2,6,2,5,1,4,0,2,0,1,0,0,0,-1,-1,-2,-1,-3,-2,-4,-2,-4,-2,0,0,0,0,0,0,0,0,0,0]"
CSI_DATA,24266,80:af:ca:27:52:2a,-56,11,1,0,1,1,1,0,0,0,0,-97,0,11,2,325783732,0,83,1,128,0,"[0,0,0,0,0,0,0,0,0,0,0,0,0,2,-1,3,-1,5,-2,6,-3,7,-3,8,-3,8,-3,8,-3,8,-3,8,-3,6,-3,5,-2,4,-1,2,-1,1,0,0,0,-2,0,-3,0,-5,1,-6,1,-8,1,-8,1,-9,1,-9,1,-9,1,-8,0,0,0,-6,0,-5,0,-3,0,-2,0,0,-1,1,-1,2,-1,4,-2,5,-1,6,-2,7,-2,7,-2,7,-2,7,-2,7,-1,6,-1,5,-1,4,-1,3,0,1,0,0,0,0,1,-1,1,-2,1,-3,2,-3,0,0,0,0,0,0,0,0,0,0]"
CSI_DATA,24267,80:af:ca:27:52:2a,-54,11,1,0,1,1,1,0,0,0,0,-97,0,11,2,325798429,0,83,1,128,0,"[0,0,0,0,0,0,0,0,0,0,0,0,-4,-9,-3,-8,-3,-7,-2,-6,-1,-5,-1,-3,0,-2,0,0,1,1,2,2,3,4,3,5,4,6,4,6,4,6,5,7,5,6,4,5,4,5,3,4,2,3,1,2,0,1,0,0,-1,-1,-2,-2,0,0,-4,-4,-5,-5,-6,-5,-6,-5,-6,-5,-6,-5,-6,-5,-5,-4,-4,-3,-4,-2,-3,-2,-1,-1,0,0,0,0,1,1,2,2,3,3,3,3,4,3,4,3,4,3,4,3,3,3,3,3,3,2,2,2,0,0,0,0,0,0,0,0,0,0]"
CSI_DATA,24268,80:af:ca:27:52:2a,-54,11,1,0,1,1,1,0,0,0,0,-97,0,11,2,325814356,0,83,1,128,0,"[0,0,0,0,0,0,0,0,0,0,0,0,-1,-10,-1,-9,0,-8,0,-6,0,-5,0,-2,0,-1,0,0,0,2,0,4,0,6,1,8,0,8,1,9,0,9,1,9,1,9,1,8,0,7,0,5,0,4,0,2,0,1,0,-1,0,-2,-1,-4,0,0,-1,-7,-1,-8,-1,-9,-1,-9,-1,-9,-1,-9,-1,-9,-1,-7,-1,-6,-1,-5,-1,-3,-1,-2,-1,0,-1,1,-1,2,0,4,-1,5,0,5,-1,6,0,6,0,6,-1,6,0,6,0,5,0,4,0,3,0,0,0,0,0,0,0,0,0,0]"
CSI_DATA,24269,80:af:ca:27:52:2a,-56,11,1,0,1,1,1,0,0,0,0,-97,0,11,2,325828828,0,83,1,128,0,"[0,0,0,0,0,0,0,0,0,0,0,0,2,0,3,1,5,3,6,4,7,5,7,5,7,5,7,5,7,5,7,5,6,5,5,4,3,3,1,1,0,0,-1,0,-2,0,-3,-1,-5,-2,-7,-3,-7,-3,-8,-3,-9,-4,-9,-4,-9,-4,-8,-3,0,0,-6,-2,-5,-1,-3,-1,-1,0,0,0,1,0,3,1,4,1,5,2,7,2,7,3,7,3,7,3,7,3,7,2,6,2,5,1,4,1,3,0,1,0,0,0,0,-1,-1,-1,-3,-2,-3,-3,-4,-3,0,0,0,0,0,0,0,0,0,0]"
CSI_DATA,24270,80:af:ca:27:52:2a,-54,11,1,0,1,1,1,0,0,0,0,-97,0,11,2,325835881,0,83,1,128,0,"[0,0,0,0,0,0,0,0,0,0,0,0,-9,-4,-8,-3,-7,-3,-6,-3,-5,-2,-3,-2,-1,-1,0,-1,2,0,4,0,5,1,7,1,8,1,8,1,8,1,9,1,9,1,8,1,7,1,6,1,4,0,3,0,1,0,0,0,-2,0,-4,0,0,0,-7,-1,-8,-1,-9,-1,-9,-1,-9,-1,-9,-1,-9,-1,-7,-1,-6,0,-5,0,-4,0,-2,0,0,0,1,0,2,1,3,1,5,1,5,1,6,1,6,1,6,1,6,1,6,1,5,1,4,1,3,0,0,0,0,0,0,0,0,0,0,0]"
CSI_DATA,24271,80:af:ca:27:52:2a,-55,11,1,2,1,1,1,0,0,0,0,-97,0,11,2,325842730,0,83,1,128,0,"[0,0,0,0,0,0,0,0,0,0,0,0,-2,-2,-1,-5,-1,-6,-1,-8,-1,-9,0,-10,-1,-11,-1,-11,0,-11,0,-10,0,-9,0,-8,0,-6,0,-4,0,-2,0,0,0,1,0,3,0,5,1,6,1,8,2,8,1,9,2,10,2,9,2,8,0,0,1,7,1,5,0,3,0,2,0,0,0,-2,0,-3,0,-5,-1,-6,-1,-8,-1,-9,-1,-9,-1,-9,-1,-9,-1,-9,-1,-8,-1,-7,-1,-5,-1,-4,-1,-2,-1,-1,-1,0,-1,1,-1,2,-1,3,-1,4,0,0,0,0,0,0,0,0,0,0]"
CSI_DATA,24272,80:af:ca:27:52:2a,-56,11,1,0,1,1,1,0,0,0,0,-97,0,11,2,325850567,0,83,1,128,0,"[0,0,0,0,0,0,0,0,0,0,0,0,2,-1,5,-1,7,-1,9,0,10,0,11,0,11,0,11,0,11,0,10,0,9,0,7,0,5,0,3,0,1,0,0,0,-2,0,-4,1,-6,1,-8,1,-9,1,-10,2,-11,2,-11,3,-11,2,-10,3,0,0,-7,2,-6,1,-4,1,-2,0,0,0,1,0,3,-1,5,-1,7,-2,8,-3,9,-3,9,-3,9,-3,9,-3,8,-3,7,-3,6,-3,5,-2,3,-2,1,-1,0,-1,-1,0,-2,0,-4,0,-5,0,-5,0,0,0,0,0,0,0,0,0,0,0]"
CSI_DATA,24273,80:af:ca:27:52:2a,-55,11,1,0,1,1,1,0,0,0,0,-97,0,11,2,325860122,0,83,1,128,0,"[0,0,0,0,0,0,0,0,0,0,0,0,0,-3,0,-5,1,-7,2,-8,2,-9,3,-10,3,-11,3,-10,3,-10,3,-9,3,-9,2,-7,2,-5,1,-3,0,-2,0,0,0,2,0,4,-1,5,-2,7,-2,7,-2,9,-2,9,-2,9,-2,9,-2,9,0,0,-2,7,-1,5,0,3,0,1,0,0,0,-2,1,-4,1,-4,2,-7,2,-7,2,-8,2,-8,2,-9,2,-8,2,-8,1,-7,1,-6,0,-5,0,-4,0,-2,0,-1,-1,0,-2,0,-2,2,-2,2,-3,3,0,0,0,0,0,0,0,0,0,0]"
CSI_DATA,24274,80:af:ca:27:52:2a,-55,11,1,0,1,1,1,0,0,0,0,-97,0,11,2,325869456,0,83,1,128,0,"[0,0,0,0,0,0,0,0,0,0,0,0,-2,0,-5,0,-7,0,-9,0,-9,0,-10,-1,-11,-1,-10,0,-10,-1,-9,-1,-9,-1,-7,0,-5,-1,-4,0,-2,0,0,0,2,0,3,0,5,0,7,0,7,0,9,0,9,0,9,0,9,0,9,0,0,0,7,0,4,0,3,0,1,0,0,0,-2,0,-3,-1,-5,-1,-7,-1,-7,-1,-8,-1,-8,-1,-8,-1,-8,-1,-8,-1,-7,-1,-6,-1,-4,0,-4,0,-2,0,-1,0,0,0,0,0,2,1,2,1,3,2,0,0,0,0,0,0,0,0,0,0]"
CSI_DATA,24275,80:af:ca:27:52:2a,-55,11,1,0,1,1,1,0,0,0,0,-97,0,11,2,325880245,0,83,1,128,0,"[0,0,0,0,0,0,0,0,0,0,0,0,-9,-2,-7,-2,-6,-1,-5,-2,-4,-1,-2,-1,-1,-1,0,0,2,0,3,0,5,0,6,0,7,1,7,1,7,1,8,1,7,1,6,0,6,0,5,0,3,0,2,0,1,0,0,0,-2,0,-3,-1,0,0,-6,-1,-7,-1,-7,-1,-8,-1,-8,-1,-7,-1,-7,-1,-6,-1,-5,-1,-4,0,-3,0,-2,0,0,0,0,0,1,1,3,1,3,1,4,1,4,2,5,2,5,2,5,2,4,2,4,1,3,1,3,1,0,0,0,0,0,0,0,0,0,0]"
CSI_DATA,24276,80:af:ca:27:52:2a,-55,11,1,0,1,1,1,0,0,0,0,-97,0,11,2,325897779,0,83,1,128,0,"[0,0,0,0,0,0,0,0,0,0,0,0,-1,-3,0,-5,0,-7,0,-9,0,-9,0,-10,0,-11,0,-11,0,-10,0,-9,0,-9,0,-7,0,-6,0,-4,0,-2,0,0,0,2,0,3,1,5,1,7,1,8,2,9,2,9,2,9,2,9,2,8,0,0,2,6,1,4,1,3,0,1,0,0,0,-2,-1,-4,-2,-5,-2,-7,-3,-7,-3,-8,-3,-8,-3,-8,-4,-8,-3,-7,-3,-7,-2,-6,-2,-4,-2,-3,-2,-2,-1,0,0,0,0,2,0,2,0,4,0,4,0,0,0,0,0,0,0,0,0,0]"
CSI_DATA,24277,80:af:ca:27:52:2a,-55,11,1,0,1,1,1,0,0,0,0,-97,0,11,2,325906384,0,83,1,128,0,"[0,0,0,0,0,0,0,0,0,0,0,0,1,-2,4,-2,5,-3,7,-3,8,-3,9,-3,10,-4,9,-4,9,-3,8,-3,8,-2,6,-2,5,-2,3,0,1,0,0,1,-1,2,-2,2,-4,4,-5,5,-6,5,-7,6,-7,6,-7,7,-7,7,-6,6,0,0,-4,5,-4,4,-2,2,-1,1,0,0,0,-2,2,-3,2,-4,3,-6,3,-7,4,-8,4,-8,4,-8,4,-8,3,-8,2,-7,2,-6,1,-5,0,-4,0,-2,0,-1,-1,0,-2,1,-2,2,-2,3,-3,4,0,0,0,0,0,0,0,0,0,0]"
CSI_DATA,24278,80:af:ca:27:52:2a,-55,11,1,0,1,1,1,0,0,0,0,-97,0,11,2,325915627,0,83,1,128,0,"[0,0,0,0,0,0,0,0,0,0,0,0,5,-4,5,-4,5,-3,4,-2,3,-2,2,-1,0,0,0,0,-1,1,-2,2,-3,3,-4,3,-4,4,-5,4,-5,4,-5,5,-5,5,-4,4,-4,4,-3,3,-2,2,-1,1,0,0,0,0,0,-1,1,-2,0,0,3,-4,3,-5,4,-5,4,-6,4,-5,4,-5,4,-5,3,-5,2,-4,1,-3,1,-2,0,-1,0,0,0,0,-1,0,-2,1,-3,2,-3,2,-4,3,-4,3,-4,3,-4,3,-4,3,-3,2,-3,2,-2,1,0,0,0,0,0,0,0,0,0,0]"
CSI_DATA,24279,80:af:ca:27:52:2a,-55,11,1,0,1,1,1,0,0,0,0,-97,0,11,2,325923887,0,83,1,128,0,"[0,0,0,0,0,0,0,0,0,0,0,0,7,-2,7,-2,6,-2,5,-1,4,-1,2,0,1,0,0,0,-2,1,-3,1,-4,2,-5,2,-6,3,-7,3,-7,3,-7,3,-7,3,-6,3,-6,3,-5,2,-4,2,-2,1,-1,0,0,0,1,-1,2,-2,0,0,4,-3,5,-4,5,-4,5,-5,6,-4,5,-5,5,-4,4,-4,4,-3,3,-3,2,-2,1,-1,0,-1,-1,0,-2,0,-3,1,-4,2,-4,2,-4,2,-4,2,-5,2,-5,2,-4,2,-4,2,-4,2,-3,1,0,0,0,0,0,0,0,0,0,0]"
CSI_DATA,24280,80:af:ca:27:52:2a,-54,11,1,0,1,1,1,0,0,0,0,-97,0,11,2,325931241,0,83,1,128,0,"[0,0,0,0,0,0,0,0,0,0,0,0,7,-6,6,-6,6,-5,5,-4,3,-3,2,-2,1,0,0,0,-1,1,-3,2,-4,3,-5,4,-6,5,-6,5,-6,5,-7,6,-6,6,-6,5,-5,4,-4,3,-3,2,-2,1,-1,0,0,0,1,-1,2,-2,0,0,4,-4,4,-5,5,-6,6,-6,6,-6,6,-6,5,-5,4,-4,3,-4,2,-3,1,-2,0,-1,0,-1,-1,0,-2,0,-3,1,-4,2,-4,2,-5,2,-5,2,-5,2,-5,2,-5,2,-4,2,-4,1,-3,1,0,0,0,0,0,0,0,0,0,0]"
CSI_DATA,24281,80:af:ca:27:52:2a,-54,11,1,0,1,1,1,0,0,0,0,-97,0,11,2,325941527,0,83,1,128,0,"[0,0,0,0,0,0,0,0,0,0,0,0,6,-6,6,-6,5,-5,5,-3,3,-2,1,-1,0,0,-1,0,-2,1,-3,2,-5,3,-6,3,-7,4,-7,4,-7,4,-8,5,-7,4,-6,3,-6,3,-5,2,-3,2,-2,1,-1,0,0,0,2,-1,3,-1,0,0,6,-2,7,-3,7,-3,7,-3,8,-3,7,-3,7,-2,6,-2,5,-2,3,-2,2,-1,1,-1,0,-1,-1,-1,-2,-1,-4,-1,-5,-1,-6,-1,-6,-1,-6,-1,-6,-1,-6,-1,-6,-1,-6,-1,-5,-1,-4,-1,0,0,0,0,0,0,0,0,0,0]"
CSI_DATA,24282,80:af:ca:27:52:2a,-55,11,1,2,1,1,1,0,0,0,0,-97,0,11,2,325951790,0,83,1,128,0,"[0,0,0,0,0,0,0,0,0,0,0,0,-3,-1,-5,-2,-7,-3,-8,-4,-9,-4,-9,-5,-9,-5,-9,-5,-9,-5,-8,-4,-7,-4,-6,-4,-4,-2,-2,-2,0,-1,0,0,2,0,4,1,5,2,6,2,7,2,8,2,8,3,8,3,8,3,7,2,0,0,5,1,4,1,2,0,1,0,0,0,-2,-1,-3,-2,-4,-2,-6,-3,-7,-4,-7,-4,-7,-4,-7,-4,-7,-4,-7,-3,-6,-3,-5,-2,-4,-2,-3,-1,-2,0,-1,0,0,0,0,1,2,2,2,2,2,3,0,0,0,0,0,0,0,0,0,0]"
CSI_DATA,24283,80:af:ca:27:52:2a,-55,11,1,0,1,1,1,0,0,0,0,-97,0,11,2,325960332,0,83,1,128,0,"[0,0,0,0,0,0,0,0,0,0,0,0,-8,-6,-7,-6,-6,-5,-5,-5,-4,-4,-2,-3,-1,-2,0,0,2,0,3,1,5,2,6,3,7,3,7,3,7,3,8,3,8,3,7,3,6,2,5,2,4,1,2,1,1,0,0,0,-2,-1,-4,-1,0,0,-6,-2,-8,-2,-8,-2,-9,-2,-9,-2,-9,-2,-8,-2,-7,-2,-6,-1,-5,-1,-4,0,-2,0,-1,0,1,0,2,1,3,1,4,2,5,2,5,2,6,2,6,2,6,2,5,2,5,1,4,1,3,1,0,0,0,0,0,0,0,0,0,0]"
CSI_DATA,24284,80:af:ca:27:52:2a,-55,11,1,0,1,1,1,0,0,0,0,-97,0,11,2,325972008,0,83,1,128,0,"[0,0,0,0,0,0,0,0,0,0,0,0,-2,2,-4,2,-6,2,-8,3,-8,3,-9,3,-10,4,-9,4,-9,3,-8,3,-8,2,-7,2,-5,1,-4,0,-2,0,0,-1,0,-2,2,-4,3,-4,4,-6,4,-6,5,-8,5,-8,5,-8,5,-8,4,-8,0,0,3,-6,2,-4,1,-3,0,-2,0,0,-1,2,-2,3,-2,4,-3,6,-3,6,-3,8,-3,8,-3,8,-3,8,-2,7,-2,6,-2,6,-1,4,0,3,0,2,0,0,0,0,0,-2,1,-3,1,-4,1,-4,0,0,0,0,0,0,0,0,0,0]"
CSI_DATA,24285,80:af:ca:27:52:2a,-55,11,1,0,1,1,1,0,0,0,0,-97,0,11,2,325979488,0,83,1,128,0,"[0,0,0,0,0,0,0,0,0,0,0,0,-4,0,-6,-2,-8,-3,-9,-4,-10,-5,-11,-6,-11,-6,-11,-6,-11,-6,-10,-5,-8,-5,-8,-4,-5,-4,-3,-2,-1,-2,0,-1,2,0,4,0,6,0,8,1,9,1,11,1,11,2,11,1,11,1,11,0,0,0,8,0,6,0,4,0,2,0,0,0,-2,0,-4,-1,-6,-1,-8,-1,-9,-1,-11,-1,-11,-1,-11,-1,-11,-1,-10,0,-9,0,-8,0,-6,0,-4,0,-3,0,-1,0,0,0,2,0,3,1,4,1,5,1,0,0,0,0,0,0,0,0,0,0]"
CSI_DATA,24286,80:af:ca:27:52:2a,-54,11,1,0,1,1,1,0,0,0,0,-97,0,11,2,325994456,0,83,1,128,0,"[0,0,0,0,0,0,0,0,0,0,0,0,7,-5,7,-4,6,-4,5,-3,4,-2,2,-1,1,0,0,0,-1,1,-2,2,-3,3,-4,4,-5,5,-5,6,-6,6,-6,7,-5,6,-4,6,-4,5,-3,4,-3,3,-2,2,-1,1,0,0,0,-1,1,-3,0,0,2,-5,2,-6,2,-7,3,-7,3,-7,3,-7,2,-7,2,-6,1,-5,1,-4,0,-3,0,-2,0,0,-1,0,-1,1,-1,2,-2,3,-2,4,-2,4,-2,4,-2,4,-2,4,-2,4,-2,4,-1,3,-1,2,0,0,0,0,0,0,0,0,0,0]"
CSI_DATA,24287,80:af:ca:27:52:2a,-55,11,1,0,1,1,1,0,0,0,0,-97,0,11,2,326002075,0,83,1,128,0,"[0,0,0,0,0,0,0,0,0,0,0,0,0,8,0,7,0,6,-1,5,-1,4,0,2,0,0,0,0,0,-1,0,-3,0,-5,0,-6,0,-7,0,-7,0,-8,0,-8,0,-8,0,-7,0,-6,0,-5,0,-4,0,-3,0,-1,0,0,0,1,0,2,0,0,0,5,0,6,0,6,0,7,0,7,0,7,0,6,0,6,0,5,0,3,0,2,0,1,0,0,0,0,0,-1,0,-3,0,-4,0,-4,0,-5,0,-5,0,-5,0,-5,0,-5,0,-5,0,-4,0,-3,0,0,0,0,0,0,0,0,0,0]"
CSI_DATA,24288,80:af:ca:27:52:2a,-54,11,1,0,1,1,1,0,0,0,0,-97,0,11,2,326010572,0,83,1,128,0,"[0,0,0,0,0,0,0,0,0,0,0,0,9,2,8,2,7,2,5,2,4,1,2,1,0,0,-1,0,-3,0,-5,0,-6,-1,-8,-1,-9,-1,-9,-1,-9,-1,-10,-1,-9,-1,-8,-1,-8,-1,-6,-1,-4,-1,-2,0,-1,0,0,0,2,0,4,0,0,0,6,0,8,0,8,0,9,0,9,0,8,0,8,0,6,0,6,0,4,0,2,0,1,0,0,-1,-1,-1,-3,-1,-4,-1,-5,-1,-6,-1,-6,-1,-6,-1,-6,-1,-6,-1,-6,-1,-5,-1,-5,-1,-4,-1,0,0,0,0,0,0,0,0,0,0]"
CSI_DATA,24289,80:af:ca:27:52:2a,-54,11,1,0,1,1,1,0,0,0,0,-97,0,11,2,326019822,0,83,1,128,0,"[0,0,0,0,0,0,0,0,0,0,0,0,-9,1,-8,1,-7,1,-6,0,-4,0,-3,0,-1,0,0,-1,1,-1,3,-1,4,-2,6,-2,7,-2,7,-3,7,-3,8,-3,7,-3,7,-3,6,-2,4,-2,3,-1,2,-1,1,0,0,0,-1,0,-3,1,0,0,-6,2,-7,3,-7,3,-7,3,-7,3,-7,3,-7,3,-6,2,-5,2,-4,2,-2,1,-1,1,0,0,1,0,2,-1,3,-1,4,-1,4,-2,5,-2,5,-2,5,-2,5,-2,4,-2,4,-2,3,-1,2,-1,0,0,0,0,0,0,0,0,0,0]"
CSI_DATA,24290,80:af:ca:27:52:2a,-55,11,1,0,1,1,1,0,0,0,0,-97,0,11,2,326027964,0,83,1,128,0,"[0,0,0,0,0,0,0,0,0,0,0,0,-5,-7,-5,-7,-4,-6,-3,-5,-2,-4,-1,-3,0,-1,0,0,1,1,2,2,3,3,4,4,5,5,5,5,5,5,6,5,5,5,5,4,4,4,3,3,2,2,1,1,0,0,0,0,-2,-1,-3,-2,0,0,-5,-4,-6,-4,-6,-4,-7,-5,-7,-5,-6,-5,-6,-4,-5,-3,-5,-3,-4,-2,-3,-1,-1,0,0,0,0,1,1,2,2,2,3,3,3,3,4,3,4,3,4,3,4,3,4,3,3,3,3,2,2,2,0,0,0,0,0,0,0,0,0,0]"
CSI_DATA,24291,80:af:ca:27:52:2a,-55,11,1,0,1,1,1,0,0,0,0,-97,0,11,2,326034631,0,83,1,128,0,"[0,0,0,0,0,0,0,0,0,0,0,0,-4,0,-7,-2,-9,-2,-10,-4,-12,-4,-12,-5,-13,-5,-12,-5,-12,-5,-12,-4,-10,-4,-9,-4,-7,-3,-4,-2,-1,-2,0,-1,2,0,5,0,7,0,9,0,10,0,12,0,12,0,13,0,12,0,12,0,0,0,9,0,7,0,4,0,2,0,0,0,-2,0,-5,0,-7,0,-9,0,-10,0,-12,0,-12,0,-12,0,-12,0,-11,0,-9,0,-8,0,-7,0,-4,0,-2,0,0,0,0,0,2,0,4,0,5,0,6,0,0,0,0,0,0,0,0,0,0,0]"
CSI_DATA,24292,80:af:ca:27:52:2a,-55,11,1,0,1,1,1,0,0,0,0,-97,0,11,2,326044086,0,83,1,128,0,"[0,0,0,0,0,0,0,0,0,0,0,0,6,5,5,5,4,4,3,4,2,3,1,2,0,1,-1,0,-2,-1,-4,-2,-4,-3,-6,-4,-6,-4,-6,-4,-7,-4,-7,-5,-6,-4,-6,-4,-5,-3,-4,-3,-3,-2,-2,-1,-1,0,0,0,1,1,3,1,0,0,5,2,6,3,6,3,7,3,6,3,6,3,6,3,5,2,5,2,4,1,2,0,1,0,0,0,-1,-1,-2,-2,-3,-2,-4,-3,-4,-3,-4,-4,-5,-4,-5,-4,-5,-4,-4,-4,-4,-3,-3,-3,-3,-2,0,0,0,0,0,0,0,0,0,0]"
CSI_DATA,24293,80:af:ca:27:52:2a,-55,11,1,0,1,1,1,0,0,0,0,-97,0,11,2,326051918,0,83,1,128,0,"[0,0,0,0,0,0,0,0,0,0,0,0,1,-2,4,-4,7,-5,9,-5,9,-7,10,-7,12,-7,11,-7,11,-7,10,-7,9,-6,8,-5,6,-4,4,-2,2,-1,0,0,-2,2,-3,3,-5,4,-7,6,-8,7,-9,7,-9,8,-9,9,-9,9,-8,8,0,0,-7,6,-5,4,-3,3,-2,2,0,0,1,-2,2,-3,4,-4,5,-6,6,-7,7,-8,7,-8,7,-8,7,-8,7,-8,6,-7,4,-6,3,-5,2,-4,1,-2,0,-1,-1,0,-2,0,-4,2,-4,2,-5,2,0,0,0,0,0,0,0,0,0,0]"
CSI_DATA,24294,80:af:ca:27:52:2a,-54,11,1,0,1,1,1,0,0,0,0,-97,0,11,2,326061321,0,83,1,128,0,"[0,0,0,0,0,0,0,0,0,0,0,0,-9,0,-8,0,-8,0,-7,0,-5,0,-3,0,-1,-1,0,-1,1,-1,3,-1,4,-1,6,-2,7,-2,7,-2,8,-2,8,-2,7,-2,7,-2,6,-2,5,-2,4,-1,2,-1,1,0,0,0,-1,0,-3,1,0,0,-5,2,-6,2,-7,3,-7,3,-7,3,-7,3,-7,3,-6,2,-5,2,-4,2,-2,1,-1,0,0,0,0,0,1,-1,2,-1,3,-2,4,-2,4,-2,4,-2,4,-2,4,-2,4,-2,3,-2,3,-2,2,-1,0,0,0,0,0,0,0,0,0,0]"
CSI_DATA,24295,80:af:ca:27:52:2a,-54,11,1,0,1,1,1,0,0,0,0,-97,0,11,2,326072945,0,83,1,128,0,"[0,0,0,0,0,0,0,0,0,0,0,0,2,-1,5,-2,7,-2,9,-1,9,-1,10,0,10,0,10,0,9,0,9,0,8,0,7,0,4,0,2,0,0,0,-1,0,-3,0,-4,0,-7,-1,-8,-1,-9,-1,-9,-2,-10,-1,-10,-1,-10,-2,-9,-1,0,0,-7,-1,-5,0,-4,0,-2,0,0,0,1,1,2,2,4,2,5,3,6,3,7,4,7,4,7,4,7,4,6,4,6,3,4,2,4,2,2,1,2,0,0,0,0,-1,0,-2,-1,-3,-1,-4,-2,-4,0,0,0,0,0,0,0,0,0,0]"
CSI_DATA,24296,80:af:ca:27:52:2a,-54,11,1,0,1,1,1,0,0,0,0,-97,0,11,2,326081033,0,83,1,128,0,"[0,0,0,0,0,0,0,0,0,0,0,0,-6,6,-6,6,-6,5,-5,3,-3,2,-2,1,-1,0,0,-1,1,-2,2,-3,3,-5,4,-6,5,-6,5,-6,5,-6,6,-7,5,-7,5,-6,4,-6,3,-5,2,-3,1,-2,0,-1,0,0,-1,1,-2,2,0,0,-4,4,-5,5,-5,6,-6,6,-6,6,-6,6,-5,6,-4,5,-3,4,-2,3,-2,2,-1,1,0,0,1,0,2,-1,2,-2,3,-3,4,-3,4,-3,5,-4,5,-4,5,-3,4,-3,4,-3,3,-2,2,-2,0,0,0,0,0,0,0,0,0,0]"
CSI_DATA,24297,80:af:ca:27:52:2a,-55,11,1,0,1,1,1,0,0,0,0,-97,0,11,2,326087552,0,83,1,128,0,"[0,0,0,0,0,0,0,0,0,0,0,0,-3,0,-5,-2,-6,-3,-8,-5,-8,-5,-9,-5,-9,-6,-9,-5,-9,-5,-8,-5,-8,-5,-6,-4,-5,-3,-3,-2,-1,-1,0,0,2,0,3,0,5,1,6,2,8,2,8,2,8,2,9,2,9,2,8,2,0,0,6,1,5,1,3,0,1,0,0,0,-2,-1,-3,-2,-5,-2,-6,-2,-8,-2,-8,-3,-8,-3,-8,-3,-8,-3,-8,-3,-7,-2,-6,-2,-5,-1,-3,-1,-2,0,-1,0,0,0,1,1,2,1,2,2,3,2,0,0,0,0,0,0,0,0,0,0]"
CSI_DATA,24298,80:af:ca:27:52:2a,-55,11,1,0,1,1,1,0,0,0,0,-97,0,11,2,326095716,0,83,1,128,0,"[0,0,0,0,0,0,0,0,0,0,0,0,-1,-2,-1,-5,-2,-7,-1,-8,-1,-10,-1,-11,-1,-11,-2,-11,-1,-11,-1,-11,0,-10,-1,-8,0,-6,0,-5,0,-2,0,0,0,1,1,3,2,5,2,6,2,8,3,8,3,9,4,9,4,9,4,8,0,0,2,6,2,5,1,3,0,1,0,0,0,-2,-2,-3,-2,-5,-3,-6,-4,-7,-5,-8,-5,-8,-5,-8,-5,-8,-4,-8,-4,-7,-3,-6,-3,-5,-2,-3,-2,-2,-1,0,0,0,0,1,0,2,0,3,1,4,0,0,0,0,0,0,0,0,0,0]"
CSI_DATA,24299,80:af:ca:27:52:2a,-55,11,1,0,1,1,1,0,0,0,0,-97,0,11,2,326103946,0,83,1,128,0,"[0,0,0,0,0,0,0,0,0,0,0,0,3,6,3,5,3,5,2,4,1,3,0,2,0,1,0,0,-1,0,-2,-1,-3,-2,-4,-3,-5,-3,-5,-4,-5,-4,-6,-4,-6,-4,-5,-3,-5,-3,-4,-3,-3,-2,-2,-1,-1,-1,0,0,1,0,2,0,0,0,4,1,5,1,6,2,6,1,6,2,6,2,6,1,5,1,4,1,3,0,2,0,1,0,0,0,0,0,-1,0,-3,-1,-3,-1,-4,-1,-4,-1,-5,-1,-5,-1,-5,-1,-4,-1,-4,-1,-3,-1,-3,0,0,0,0,0,0,0,0,0,0,0]"
CSI_DATA,24300,80:af:ca:27:52:2a,-56,11,1,0,1,1,1,0,0,0,0,-97,0,11,2,326113189,0,83,1,128,0,"[0,0,0,0,0,0,0,0,0,0,0,0,2,0,3,1,5,1,6,3,7,3,7,4,8,4,8,4,7,4,7,3,6,3,5,3,3,2,2,1,0,0,0,0,-2,0,-3,-1,-5,-2,-6,-3,-7,-3,-8,-3,-8,-3,-9,-3,-9,-3,-8,-3,0,0,-6,-2,-5,-1,-3,-1,-1,0,0,0,1,0,2,1,3,1,5,2,5,3,7,3,7,3,7,3,7,3,6,3,5,3,5,2,3,1,3,0,1,0,0,0,0,-1,-1,-1,-1,-2,-2,-3,-3,-3,0,0,0,0,0,0,0,0,0,0]"
CSI_DATA,24301,80:af:ca:27:52:2a,-55,11,1,0,1,1,1,0,0,0,0,-97,0,11,2,326120852,0,83,1,128,0,"[0,0,0,0,0,0,0,0,0,0,0,0,-2,8,-2,7,-2,7,-2,6,-2,3,-2,2,0,1,-2,0,1,-2,-2,-3,-2,-4,-2,-5,-2,-5,-1,-6,-1,-6,-2,-10,-3,-9,-1,-6,-1,-6,-3,-6,-1,-4,-1,-3,0,-1,0,0,1,1,1,2,0,0,3,4,4,5,4,5,4,6,4,6,5,5,4,6,4,3,4,4,3,2,1,1,0,0,0,0,-1,-1,-1,-2,-2,-3,-3,-3,-4,-3,-4,-3,-5,-4,-5,-3,-5,-4,-4,-3,-3,-3,-3,-3,-2,-2,0,0,0,0,0,0,0,0,0,0]"
CSI_DATA,24302,80:af:ca:27:52:2a,-55,11,1,0,1,1,1,0,0,0,0,-97,0,11,2,326129947,0,83,1,128,0,"[0,0,0,0,0,0,0,0,0,0,0,0,4,7,3,6,3,5,2,5,1,4,1,2,0,1,-1,0,-1,-1,-2,-2,-3,-4,-4,-5,-4,-6,-4,-6,-4,-6,-4,-7,-4,-6,-4,-6,-4,-5,-3,-4,-2,-3,-1,-2,-1,-1,0,0,0,1,1,2,0,0,3,4,3,4,4,5,4,5,4,5,4,5,4,5,3,4,3,3,2,3,2,2,1,0,0,0,0,-1,-1,-2,-1,-3,-2,-4,-2,-4,-2,-4,-2,-4,-2,-5,-2,-4,-2,-4,-2,-4,-2,-4,-1,-3,0,0,0,0,0,0,0,0,0,0]"
CSI_DATA,24303,80:af:ca:27:52:2a,-55,11,1,2,1,1,1,0,0,0,0,-97,0,11,2,326143645,0,83,1,128,0,"[0,0,0,0,0,0,0,0,0,0,0,0,-1,3,-2,4,-2,6,-3,7,-4,8,-4,9,-5,9,-5,9,-5,9,-4,8,-4,7,-4,5,-2,4,-2,2,0,0,0,-1,0,-2,1,-4,2,-5,3,-7,3,-8,4,-9,4,-9,4,-9,4,-9,3,-9,0,0,2,-7,2,-5,0,-3,0,-2,-1,0,-2,1,-2,2,-4,3,-4,4,-5,5,-5,6,-6,6,-6,6,-5,6,-5,6,-4,5,-4,4,-3,3,-2,2,-1,1,0,0,0,0,2,0,2,-1,3,-2,4,-2,0,0,0,0,0,0,0,0,0,0]"
CSI_DATA,24304,80:af:ca:27:52:2a,-55,11,1,0,1,1,1,0,0,0,0,-97,0,11,2,326152094,0,83,1,128,0,"[0,0,0,0,0,0,0,0,0,0,0,0,-2,2,-4,3,-6,4,-7,4,-8,5,-9,5,-9,6,-9,6,-9,5,-8,4,-7,4,-6,3,-4,2,-3,1,-1,0,0,-1,1,-2,2,-3,3,-4,4,-5,5,-6,6,-7,6,-7,6,-8,6,-7,5,-7,0,0,4,-5,3,-4,2,-3,0,-2,0,0,-2,1,-2,2,-4,3,-4,4,-5,5,-6,6,-6,6,-6,6,-6,6,-5,5,-4,4,-4,4,-2,3,-2,2,-1,1,0,0,0,0,1,-1,2,-2,3,-2,4,-2,0,0,0,0,0,0,0,0,0,0]"
CSI_DATA,24305,80:af:ca:27:52:2a,-55,11,1,0,1,1,1,0,0,0,0,-97,0,11,2,326170377,0,83,1,128,0,"[0,0,0,0,0,0,0,0,0,0,0,0,0,-3,1,-5,2,-7,4,-8,4,-9,6,-10,6,-11,6,-11,6,-11,6,-10,5,-9,4,-8,3,-6,2,-4,1,-2,0,0,0,2,-1,4,-2,6,-2,7,-3,9,-3,10,-3,11,-3,11,-3,12,-3,11,0,0,-2,8,-2,6,-1,4,0,2,0,0,0,-2,1,-4,1,-6,2,-8,2,-9,2,-10,2,-10,2,-11,2,-11,1,-10,1,-9,1,-8,0,-7,0,-4,0,-3,0,-2,-1,0,-2,1,-2,2,-2,4,-3,4,0,0,0,0,0,0,0,0,0,0]"
CSI_DATA,24306,80:af:ca:27:52:2a,-55,11,1,0,1,1,1,0,0,0,0,-97,0,11,2,326179043,0,83,1,128,0,"[0,0,0,0,0,0,0,0,0,0,0,0,-2,-2,-2,-4,-3,-6,-3,-8,-3,-8,-3,-9,-4,-10,-3,-10,-3,-10,-3,-9,-2,-8,-2,-7,-2,-5,-1,-4,0,-2,0,0,1,1,2,2,2,4,3,6,4,6,4,7,4,8,4,8,4,8,4,7,0,0,3,5,2,4,2,2,0,1,0,0,0,-2,-2,-3,-2,-4,-3,-6,-4,-6,-4,-8,-4,-8,-4,-8,-4,-8,-4,-7,-4,-6,-4,-6,-3,-4,-2,-3,-2,-2,-1,0,0,0,0,1,0,2,0,4,0,4,0,0,0,0,0,0,0,0,0,0]"
CSI_DATA,24307,80:af:ca:27:52:2a,-55,11,1,2,1,1,1,0,0,0,0,-97,0,11,2,326196523,0,83,1,128,0,"[0,0,0,0,0,0,0,0,0,0,0,0,1,2,2,3,2,5,3,7,3,8,3,9,3,10,4,10,3,10,3,9,2,8,2,7,1,5,0,3,0,1,0,0,-1,-2,-2,-3,-3,-5,-4,-7,-5,-8,-5,-8,-5,-9,-5,-9,-5,-9,-5,-8,0,0,-4,-6,-3,-5,-2,-3,-2,-2,0,0,0,0,0,2,1,4,2,5,2,6,3,7,3,7,3,7,3,7,3,7,2,5,2,5,2,3,2,2,1,1,0,0,0,0,0,-2,0,-3,0,-4,0,-5,0,0,0,0,0,0,0,0,0,0]"
CSI_DATA,24308,80:af:ca:27:52:2a,-55,11,1,0,1,1,1,0,0,0,0,-97,0,11,2,326213020,0,83,1,128,0,"[0,0,0,0,0,0,0,0,0,0,0,0,-4,0,-6,-1,-7,-2,-9,-3,-10,-3,-10,-4,-11,-4,-11,-3,-10,-4,-9,-3,-8,-3,-7,-2,-5,-2,-3,-2,-1,0,0,0,2,0,4,0,6,1,7,2,8,2,9,2,9,2,9,2,9,2,9,2,0,0,7,1,4,0,3,0,1,0,0,0,-2,-1,-4,-2,-5,-2,-7,-3,-7,-3,-8,-4,-8,-4,-8,-4,-8,-4,-7,-4,-7,-3,-6,-2,-4,-2,-4,-1,-2,0,-1,0,0,0,0,1,2,2,2,2,2,3,0,0,0,0,0,0,0,0,0,0]"
CSI_DATA,24309,80:af:ca:27:52:2a,-54,11,1,0,1,1,1,0,0,0,0,-97,0,11,2,326229724,0,83,1,128,0,"[0,0,0,0,0,0,0,0,0,0,0,0,-8,2,-7,2,-7,2,-6,1,-4,1,-3,0,-1,0,0,-1,1,-1,2,-2,4,-3,5,-3,6,-4,6,-4,6,-4,7,-5,6,-4,6,-4,5,-4,4,-3,3,-2,2,-2,1,-1,0,0,-1,1,-2,2,0,0,-4,3,-5,4,-6,5,-6,6,-6,5,-6,5,-6,4,-4,4,-4,4,-3,3,-2,2,-1,1,0,0,1,-1,1,-1,2,-2,3,-3,3,-3,4,-4,4,-4,4,-4,4,-4,3,-3,3,-3,3,-3,2,-2,0,0,0,0,0,0,0,0,0,0]"
CSI_DATA,24310,80:af:ca:27:52:2a,-55,11,1,2,1,1,1,0,0,0,0,-97,0,11,2,326235827,0,83,1,128,0,"[0,0,0,0,0,0,0,0,0,0,0,0,-1,-3,0,-5,0,-6,1,-9,2,-10,2,-10,2,-11,2,-11,3,-11,2,-10,2,-10,2,-8,1,-6,1,-4,0,-2,0,0,0,2,0,3,0,6,0,7,0,8,0,9,0,10,0,10,0,10,0,10,0,0,0,7,0,5,0,3,0,1,0,0,0,-2,0,-3,0,-6,0,-7,-1,-8,-1,-9,-1,-10,-1,-10,-1,-10,-1,-9,-1,-8,-2,-7,-1,-6,-1,-4,-1,-3,0,-1,-1,0,0,1,0,3,0,3,0,5,0,0,0,0,0,0,0,0,0,0]"
CSI_DATA,24311,80:af:ca:27:52:2a,-55,11,1,0,1,1,1,0,0,0,0,-97,0,11,2,326243346,0,83,1,128,0,"[0,0,0,0,0,0,0,0,0,0,0,0,2,1,3,2,4,4,4,6,5,6,5,7,6,7,5,7,5,7,5,6,4,6,3,5,2,4,1,2,0,1,-1,0,-2,-2,-3,-2,-4,-4,-5,-5,-6,-6,-7,-6,-7,-6,-7,-6,-8,-7,-7,-6,0,0,-5,-4,-4,-4,-3,-2,-2,-1,0,0,0,1,2,2,2,3,4,4,4,5,5,6,6,6,5,6,6,6,5,5,5,4,4,4,3,3,2,2,2,0,0,0,0,-1,0,-2,-1,-3,-2,-4,-2,-4,0,0,0,0,0,0,0,0,0,0]"
CSI_DATA,24312,80:af:ca:27:52:2a,-53,11,1,0,1,1,1,0,0,0,0,-97,0,11,2,326251771,0,83,1,128,0,"[0,0,0,0,0,0,0,0,0,0,0,0,-9,6,-9,5,-7,5,-7,3,-5,2,-3,1,-1,0,0,-1,1,-3,3,-4,4,-5,5,-6,6,-7,7,-7,7,-7,7,-8,6,-8,6,-7,5,-7,4,-5,3,-4,2,-3,1,-1,0,0,-1,1,-2,3,0,0,-5,5,-5,7,-6,7,-6,8,-6,7,-6,7,-5,7,-5,6,-3,5,-3,4,-1,3,-1,1,0,0,0,-1,2,-1,2,-3,3,-4,3,-5,4,-5,4,-5,4,-5,4,-5,4,-5,3,-5,3,-3,2,-3,0,0,0,0,0,0,0,0,0,0]"
CSI_DATA,24313,80:af:ca:27:52:2a,-54,11,1,0,1,1,1,0,0,0,0,-97,0,11,2,326259728,0,83,1,128,0,"[0,0,0,0,0,0,0,0,0,0,0,0,-6,-7,-6,-7,-5,-6,-3,-6,-2,-4,-2,-3,-1,-1,0,0,1,1,2,2,3,4,4,5,4,6,4,6,5,7,5,7,5,6,4,6,4,5,3,4,2,3,1,2,0,1,0,0,-1,-1,-2,-3,0,0,-3,-5,-4,-6,-4,-7,-5,-7,-4,-7,-4,-7,-4,-6,-4,-6,-3,-4,-3,-3,-2,-2,-1,-1,-1,0,0,1,0,2,0,3,1,4,1,4,1,5,1,4,1,5,1,5,1,4,1,4,1,4,1,3,0,0,0,0,0,0,0,0,0,0]"
CSI_DATA,24314,80:af:ca:27:52:2a,-54,11,1,0,1,1,1,0,0,0,0,-97,0,11,2,326266856,0,83,1,128,0,"[0,0,0,0,0,0,0,0,0,0,0,0,0,9,0,8,0,7,-1,6,-1,4,-1,2,-1,0,-1,-1,0,-2,0,-4,0,-6,0,-7,0,-8,0,-8,0,-9,0,-10,0,-9,0,-8,0,-7,0,-6,0,-4,0,-3,0,-1,0,0,0,2,0,3,0,0,0,6,-1,7,-1,8,0,8,-1,8,-1,8,-1,7,0,6,0,5,0,4,0,3,0,1,0,0,1,-1,1,-2,1,-3,1,-5,1,-5,1,-6,1,-6,2,-6,2,-6,2,-6,1,-5,1,-4,1,-3,0,0,0,0,0,0,0,0,0,0]"
CSI_DATA,24315,80:af:ca:27:52:2a,-55,11,1,0,1,1,1,0,0,0,0,-97,0,11,2,326288665,0,83,1,128,0,"[0,0,0,0,0,0,0,0,0,0,0,0,1,8,1,7,1,6,0,5,0,4,0,2,0,1,-1,0,-1,-2,-2,-3,-2,-5,-2,-6,-2,-7,-3,-7,-3,-7,-3,-8,-3,-7,-3,-7,-2,-6,-2,-5,-1,-4,-1,-2,0,-1,0,0,0,1,1,2,0,0,2,5,3,6,3,6,3,6,3,6,3,6,3,6,2,5,2,4,2,3,1,2,1,1,0,0,0,-1,0,-2,-1,-3,-1,-4,-2,-5,-2,-5,-2,-5,-2,-6,-2,-5,-2,-5,-2,-5,-1,-4,-1,-3,0,0,0,0,0,0,0,0,0,0]"
CSI_DATA,24316,80:af:ca:27:52:2a,-54,11,1,0,1,1,1,0,0,0,0,-97,0,11,2,326297023,0,83,1,128,0,"[0,0,0,0,0,0,0,0,0,0,0,0,-6,-7,-6,-6,-5,-6,-4,-5,-3,-4,-2,-3,0,-2,0,0,2,0,3,1,4,2,6,3,6,3,7,4,7,4,8,4,7,3,6,3,6,3,4,2,3,1,2,1,1,0,0,0,-2,-1,-3,-1,0,0,-6,-2,-7,-2,-8,-2,-8,-2,-8,-2,-8,-2,-8,-2,-7,-2,-6,-1,-4,-1,-3,-1,-2,0,0,0,1,0,2,1,3,1,4,1,5,1,6,1,6,1,6,1,6,1,5,1,4,1,4,1,3,1,0,0,0,0,0,0,0,0,0,0]"
CSI_DATA,24317,80:af:ca:27:52:2a,-55,11,1,2,1,1,1,0,0,0,0,-97,0,11,2,326302169,0,83,1,128,0,"[0,0,0,0,0,0,0,0,0,0,0,0,-3,0,-5,0,-6,-1,-8,-3,-10,-3,-10,-3,-11,-3,-11,-4,-10,-4,-10,-3,-9,-3,-8,-3,-6,-3,-3,-2,-2,-1,0,0,1,0,3,0,5,0,7,1,8,1,9,2,10,2,10,2,10,2,10,2,0,0,7,1,6,0,3,0,2,0,0,0,-1,-1,-3,-2,-5,-3,-6,-3,-7,-3,-9,-3,-9,-4,-9,-4,-9,-4,-9,-3,-8,-3,-7,-3,-6,-2,-4,-1,-3,0,-1,0,0,0,0,1,1,2,2,3,3,3,0,0,0,0,0,0,0,0,0,0]"
CSI_DATA,24318,80:af:ca:27:52:2a,-55,11,1,2,1,1,1,0,0,0,0,-97,0,11,2,326307545,0,83,1,128,0,"[0,0,0,0,0,0,0,0,0,0,0,0,2,0,4,1,5,2,6,4,8,5,8,5,8,5,8,5,8,5,7,5,6,5,5,4,3,2,2,2,0,0,-1,0,-2,0,-4,-1,-5,-2,-8,-3,-8,-3,-9,-4,-10,-4,-10,-4,-9,-4,-9,-3,0,0,-7,-2,-5,-2,-3,-1,-2,0,0,0,1,0,2,1,5,2,5,2,7,2,8,2,8,3,8,3,8,3,8,2,6,2,6,2,4,1,3,0,2,0,0,0,0,-1,-1,-2,-2,-2,-3,-3,-4,-3,0,0,0,0,0,0,0,0,0,0]"
CSI_DATA,24319,80:af:ca:27:52:2a,-54,11,1,0,1,1,1,0,0,0,0,-97,0,11,2,326334482,0,83,1,128,0,"[0,0,0,0,0,0,0,0,0,0,0,0,-4,-9,-4,-9,-3,-7,-2,-6,-1,-4,-1,-3,0,-1,0,0,1,2,1,4,1,6,2,7,3,8,3,9,2,9,3,9,3,9,2,7,2,7,1,6,1,4,0,2,0,0,0,-1,0,-3,-1,-4,0,0,-1,-7,-1,-9,-1,-9,-1,-10,-1,-10,-1,-9,-1,-9,-1,-7,-1,-7,-1,-5,-1,-3,-1,-1,-1,0,-1,1,-1,2,-1,3,-1,4,-1,6,-2,6,-1,6,-2,6,-2,6,-2,6,-1,5,-1,4,-1,3,0,0,0,0,0,0,0,0,0,0]"
CSI_DATA,24320,80:af:ca:27:52:2a,-55,11,1,0,1,1,1,0,0,0,0,-97,0,11,2,326343585,0,83,1,128,0,"[0,0,0,0,0,0,0,0,0,0,0,0,-7,5,-6,4,-5,4,-5,3,-4,2,-2,1,-1,0,0,-1,1,-2,2,-3,3,-4,4,-5,5,-5,5,-5,5,-5,6,-6,5,-5,5,-5,4,-4,3,-4,2,-3,2,-2,0,-1,0,0,-1,1,-2,2,0,0,-4,4,-5,4,-5,5,-6,5,-6,5,-6,5,-5,5,-5,4,-4,3,-3,3,-2,2,-1,1,0,0,1,0,2,-1,3,-2,3,-2,4,-3,4,-3,4,-3,5,-3,4,-3,4,-3,4,-3,3,-2,2,-2,0,0,0,0,0,0,0,0,0,0]"
CSI_DATA,24321,80:af:ca:27:52:2a,-55,11,1,0,1,1,1,0,0,0,0,-97,0,11,2,326353940,0,83,1,128,0,"[0,0,0,0,0,0,0,0,0,0,0,0,7,-2,7,-2,6,-2,5,-1,4,-1,2,0,1,0,0,0,-2,1,-3,1,-4,2,-5,2,-6,3,-6,3,-7,3,-7,3,-7,3,-6,3,-5,3,-4,2,-3,1,-2,1,-1,0,0,0,1,-1,2,-2,0,0,4,-3,4,-4,5,-4,5,-5,5,-5,5,-5,5,-4,4,-4,3,-3,2,-3,1,-2,0,-1,0,-1,-1,0,-2,1,-3,1,-4,2,-4,2,-4,3,-5,3,-5,3,-4,3,-4,2,-4,2,-3,2,-3,2,0,0,0,0,0,0,0,0,0,0]"
CSI_DATA,24322,80:af:ca:27:52:2a,-55,11,1,0,1,1,1,0,0,0,0,-97,0,11,2,326360941,0,83,1,128,0,"[0,0,0,0,0,0,0,0,0,0,0,0,-3,0,-5,0,-7,0,-8,-1,-9,-1,-10,-1,-11,-2,-10,-1,-10,-2,-9,-1,-9,-1,-7,-1,-5,-1,-4,-1,-2,0,0,-1,2,-1,3,-1,5,-1,7,-1,7,-1,9,-1,9,-1,9,-2,9,-1,9,-2,0,0,7,-2,5,-1,3,-1,1,0,0,0,-2,0,-4,0,-5,0,-7,0,-8,0,-9,1,-9,1,-9,1,-9,1,-8,1,-7,0,-6,1,-4,0,-3,0,-2,0,0,0,0,0,1,0,2,0,4,0,4,0,0,0,0,0,0,0,0,0,0,0]"
CSI_DATA,24323,80:af:ca:27:52:2a,-55,11,1,0,1,1,1,0,0,0,0,-97,0,11,2,326369304,0,83,1,128,0,"[0,0,0,0,0,0,0,0,0,0,0,0,7,-3,6,-3,6,-2,5,-2,4,-1,2,0,1,0,0,0,-2,1,-3,1,-5,2,-6,2,-6,2,-7,3,-7,3,-7,3,-7,3,-6,2,-6,2,-5,2,-3,1,-2,1,-1,0,0,0,1,-1,3,-1,0,0,5,-2,6,-3,6,-3,7,-3,7,-3,7,-3,6,-3,5,-2,4,-2,3,-2,2,-2,1,-1,0,-1,-1,-1,-2,0,-4,0,-4,0,-5,0,-5,0,-6,0,-6,0,-6,0,-5,0,-5,0,-4,0,-3,0,0,0,0,0,0,0,0,0,0,0]"
CSI_DATA,24324,80:af:ca:27:52:2a,-55,11,1,0,1,1,1,0,0,0,0,-97,0,11,2,326379380,0,83,1,128,0,"[0,0,0,0,0,0,0,0,0,0,0,0,0,7,0,7,0,6,0,5,0,4,0,2,0,1,0,0,-1,-1,-1,-2,-1,-4,-2,-5,-2,-6,-3,-6,-3,-7,-3,-7,-3,-7,-3,-6,-3,-5,-2,-5,-1,-4,-1,-2,0,-1,0,0,0,0,1,1,0,0,3,3,3,4,4,5,4,5,4,5,4,5,4,5,3,4,3,3,2,2,1,1,0,0,0,0,0,0,-1,-1,-1,-2,-2,-3,-3,-3,-3,-4,-3,-4,-3,-4,-3,-4,-3,-4,-3,-3,-2,-3,-2,-2,0,0,0,0,0,0,0,0,0,0]"
CSI_DATA,24325,80:af:ca:27:52:2a,-54,11,1,0,1,1,1,0,0,0,0,-97,0,11,2,326387286,0,83,1,128,0,"[0,0,0,0,0,0,0,0,0,0,0,0,5,6,5,6,4,5,3,5,2,3,1,2,0,1,-1,0,-2,-1,-3,-2,-4,-3,-5,-4,-5,-4,-6,-5,-6,-5,-7,-5,-7,-5,-6,-4,-5,-4,-5,-3,-4,-3,-2,-2,-1,-1,0,0,1,0,2,1,0,0,4,2,5,3,6,3,6,3,6,3,6,3,6,3,5,2,5,2,3,1,2,1,1,0,0,0,-1,-1,-2,-1,-3,-2,-4,-2,-4,-3,-4,-3,-5,-3,-5,-3,-5,-3,-4,-3,-4,-2,-4,-2,-3,-2,0,0,0,0,0,0,0,0,0,0]"
CSI_DATA,24326,80:af:ca:27:52:2a,-55,11,1,0,1,1,1,0,0,0,0,-97,0,11,2,326395744,0,83,1,128,0,"[0,0,0,0,0,0,0,0,0,0,0,0,-1,2,-3,4,-4,4,-6,5,-7,6,-8,6,-8,6,-8,6,-8,6,-7,5,-7,5,-6,4,-4,3,-3,1,-1,0,0,0,1,-2,2,-3,4,-4,4,-5,6,-6,6,-6,6,-6,6,-7,6,-7,6,-6,0,0,4,-5,3,-4,2,-3,0,-2,0,0,-2,0,-3,1,-4,2,-5,3,-6,4,-6,4,-7,4,-7,4,-7,4,-6,4,-6,4,-5,3,-4,2,-3,2,-2,1,0,0,0,0,1,0,2,0,3,-1,4,-1,0,0,0,0,0,0,0,0,0,0]"
CSI_DATA,24327,80:af:ca:27:52:2a,-55,11,1,0,1,1,1,0,0,0,0,-97,0,11,2,326414044,0,83,1,128,0,"[0,0,0,0,0,0,0,0,0,0,0,0,-2,-2,-4,-4,-4,-5,-5,-7,-6,-8,-6,-8,-7,-9,-6,-8,-6,-8,-5,-7,-4,-7,-4,-6,-3,-4,-2,-3,0,-1,0,0,1,0,2,2,4,3,4,4,5,4,7,5,7,6,7,6,7,6,7,5,0,0,4,4,3,2,2,2,1,0,0,0,-1,-1,-2,-2,-4,-4,-5,-4,-6,-5,-7,-5,-7,-6,-7,-6,-7,-5,-6,-5,-5,-4,-4,-4,-4,-2,-3,-2,-2,-1,0,0,0,0,0,1,1,2,2,2,2,3,0,0,0,0,0,0,0,0,0,0]"
CSI_DATA,24328,80:af:ca:27:52:2a,-55,11,1,0,1,1,1,0,0,0,0,-97,0,11,2,326423641,0,83,1,128,0,"[0,0,0,0,0,0,0,0,0,0,0,0,0,2,0,4,0,6,-1,7,-2,9,-2,9,-2,10,-2,9,-2,9,-2,9,-2,8,-1,7,-1,5,-1,3,-1,1,-1,0,-1,-2,-1,-4,-1,-6,-1,-7,-1,-9,-2,-9,-2,-10,-2,-10,-2,-10,-2,-9,0,0,-2,-7,-1,-6,-1,-4,0,-2,0,0,0,1,0,3,0,4,1,6,2,7,2,8,2,8,2,8,2,7,2,7,2,6,1,5,1,4,1,2,0,1,0,0,0,-1,0,-2,0,-3,0,-4,0,-4,0,0,0,0,0,0,0,0,0,0]"
CSI_DATA,24329,80:af:ca:27:52:2a,-55,11,1,0,1,1,1,0,0,0,0,-97,0,11,2,326432382,0,83,1,128,0,"[0,0,0,0,0,0,0,0,0,0,0,0,-3,6,-3,5,-3,5,-3,4,-2,3,-1,1,-1,0,0,0,0,-1,0,-3,0,-4,0,-5,0,-6,0,-6,0,-7,0,-7,0,-6,0,-6,0,-5,0,-5,0,-4,0,-2,0,-1,0,0,0,1,0,2,0,0,0,4,1,5,1,6,1,6,1,6,1,6,1,5,1,5,1,4,1,3,0,2,0,0,0,0,0,-1,0,-2,0,-3,-1,-4,-1,-4,-1,-5,-1,-5,-1,-5,-1,-5,-1,-5,-1,-4,-1,-4,-1,-3,0,0,0,0,0,0,0,0,0,0]"
CSI_DATA,24330,80:af:ca:27:52:2a,-55,11,1,0,1,1,1,0,0,0,0,-97,0,11,2,326440874,0,83,1,128,0,"[0,0,0,0,0,0,0,0,0,0,0,0,3,-7,3,-6,2,-5,2,-4,2,-3,1,-2,0,0,0,0,0,1,0,2,-1,4,-1,5,-2,5,-2,6,-2,6,-2,7,-2,6,-2,6,-1,5,-1,4,-1,3,0,2,0,0,0,0,0,-1,0,-3,0,0,0,-5,1,-6,1,-7,1,-7,1,-7,1,-7,1,-7,0,-6,0,-5,0,-4,0,-3,0,-1,0,0,0,0,-1,1,-1,2,-1,3,-1,4,-2,4,-1,5,-2,5,-2,4,-2,4,-1,4,-1,3,-1,2,0,0,0,0,0,0,0,0,0,0]"
CSI_DATA,24331,80:af:ca:27:52:2a,-54,11,1,0,1,1,1,0,0,0,0,-97,0,11,2,326457214,0,83,1,128,0,"[0,0,0,0,0,0,0,0,0,0,0,0,1,-2,3,-4,5,-5,7,-5,8,-6,8,-6,9,-7,8,-7,8,-6,8,-6,8,-5,6,-5,4,-3,2,-2,1,-1,0,0,-2,1,-3,2,-5,3,-6,4,-8,5,-8,5,-8,5,-9,5,-9,5,-8,5,0,0,-6,4,-5,2,-3,2,-2,1,0,0,1,0,3,-1,4,-2,5,-2,7,-3,8,-4,8,-3,8,-3,8,-3,7,-3,6,-3,5,-2,4,-2,2,-2,1,-2,0,-1,-1,0,-2,0,-3,0,-4,0,-5,0,0,0,0,0,0,0,0,0,0,0]"
CSI_DATA,24332,80:af:ca:27:52:2a,-55,11,1,0,1,1,1,0,0,0,0,-97,0,11,2,326473131,0,83,1,128,0,"[0,0,0,0,0,0,0,0,0,0,0,0,-2,2,-4,4,-5,5,-7,6,-7,7,-8,7,-9,7,-8,7,-9,7,-7,6,-7,5,-6,4,-4,2,-2,1,-1,0,0,-1,1,-2,2,-4,4,-4,5,-6,6,-7,7,-7,7,-7,7,-8,7,-8,6,-7,0,0,4,-6,3,-4,2,-3,0,-2,0,0,-2,0,-4,2,-4,3,-6,4,-7,4,-7,5,-7,5,-7,5,-7,5,-7,5,-6,4,-4,4,-4,3,-2,2,-1,1,0,0,0,0,2,0,3,-1,4,-2,4,-2,0,0,0,0,0,0,0,0,0,0]"
CSI_DATA,24333,80:af:ca:27:52:2a,-55,11,1,0,1,1,1,0,0,0,0,-97,0,11,2,326484347,0,83,1,128,0,"[0,0,0,0,0,0,0,0,0,0,0,0,-6,-5,-5,-5,-5,-4,-4,-4,-2,-3,-1,-2,0,-1,0,0,1,0,2,1,3,2,4,2,5,3,5,3,5,3,6,4,6,3,5,3,5,2,4,2,3,1,1,1,0,0,0,0,-1,0,-2,-1,0,0,-5,-2,-6,-3,-6,-3,-7,-3,-7,-3,-7,-3,-6,-3,-5,-2,-5,-2,-4,-1,-2,-1,-1,0,0,0,0,0,1,1,2,1,3,2,3,2,4,2,4,2,4,2,4,2,4,2,3,2,3,2,2,1,0,0,0,0,0,0,0,0,0,0]"
CSI_DATA,24334,80:af:ca:27:52:2a,-55,11,1,2,1,1,1,0,0,0,0,-97,0,11,2,326498935,0,83,1,128,0,"[0,0,0,0,0,0,0,0,0,0,0,0,2,0,3,1,6,2,6,3,8,4,9,5,9,6,9,6,9,6,8,6,7,5,6,4,4,3,3,2,1,0,0,0,-2,-1,-3,-2,-6,-3,-7,-4,-8,-5,-9,-5,-10,-6,-10,-6,-10,-6,-9,-5,0,0,-7,-4,-6,-3,-4,-2,-3,-1,-1,0,0,0,2,2,3,3,5,4,6,5,6,6,6,6,6,6,6,6,6,6,6,5,5,4,4,3,3,2,2,0,1,0,0,-1,0,-2,-1,-3,-1,-4,-2,-5,0,0,0,0,0,0,0,0,0,0]"
CSI_DATA,24335,80:af:ca:27:52:2a,-55,11,1,2,1,1,1,0,0,0,0,-97,0,11,2,326505319,0,83,1,128,0,"[0,0,0,0,0,0,0,0,0,0,0,0,0,2,-1,4,-2,6,-2,7,-3,8,-4,8,-4,9,-4,9,-4,8,-4,8,-4,7,-3,6,-2,4,-2,2,-1,0,0,0,0,-2,0,-4,0,-6,0,-7,1,-8,1,-9,1,-10,1,-10,1,-10,1,-9,0,0,0,-7,0,-6,0,-4,0,-2,0,0,-1,1,-1,3,-2,4,-2,6,-2,7,-2,8,-2,8,-2,8,-2,8,-2,8,-2,7,-1,6,-1,4,0,3,0,2,0,0,0,0,1,-2,1,-2,2,-4,2,-4,0,0,0,0,0,0,0,0,0,0]"
CSI_DATA,24336,80:af:ca:27:52:2a,-54,11,1,0,1,1,1,0,0,0,0,-97,0,11,2,326520180,0,83,1,128,0,"[0,0,0,0,0,0,0,0,0,0,0,0,-8,-4,-7,-3,-6,-3,-5,-3,-4,-2,-3,-2,-1,-1,0,-1,1,0,3,0,4,0,5,0,6,1,7,1,7,1,7,1,7,1,6,0,6,0,5,0,4,0,2,0,1,0,0,0,-2,0,-3,0,0,0,-5,0,-6,0,-7,0,-7,0,-7,0,-7,0,-7,0,-6,0,-5,0,-4,0,-3,0,-2,0,0,0,0,0,1,0,3,0,3,0,4,0,4,0,5,-1,5,-1,5,0,4,0,4,-1,3,0,2,0,0,0,0,0,0,0,0,0,0,0]"
CSI_DATA,24337,80:af:ca:27:52:2a,-55,11,1,0,1,1,1,0,0,0,0,-97,0,11,2,326528505,0,83,1,128,0,"[0,0,0,0,0,0,0,0,0,0,0,0,8,0,7,1,6,1,5,1,4,1,2,0,0,0,-1,0,-2,0,-4,0,-5,0,-6,0,-7,0,-8,0,-8,-1,-8,-1,-8,0,-7,0,-6,0,-5,0,-4,0,-3,0,-1,0,0,0,1,0,3,0,0,0,5,0,6,0,7,0,7,0,7,0,7,0,7,0,6,0,5,0,4,0,2,0,1,0,0,-1,-1,-1,-2,-1,-3,-1,-4,-1,-5,-1,-5,-2,-5,-1,-5,-2,-5,-2,-5,-2,-5,-1,-4,-1,-3,-1,0,0,0,0,0,0,0,0,0,0]"
CSI_DATA,24338,80:af:ca:27:52:2a,-55,11,1,2,1,1,1,0,0,0,0,-97,0,11,2,326542191,0,83,1,128,0,"[0,0,0,0,0,0,0,0,0,0,0,0,-3,0,-6,0,-7,0,-8,0,-10,0,-11,-1,-11,-1,-11,-1,-11,-1,-9,-1,-8,-1,-7,-1,-5,-1,-3,0,-1,0,0,0,2,0,4,0,5,0,7,0,8,0,8,0,9,0,9,0,9,0,8,0,0,0,6,0,4,0,3,0,1,0,0,-1,-2,-1,-4,-2,-5,-2,-6,-2,-7,-2,-8,-3,-8,-3,-8,-3,-8,-3,-7,-3,-6,-2,-6,-2,-4,-2,-3,-1,-2,0,-1,0,0,0,0,1,2,2,2,2,2,3,0,0,0,0,0,0,0,0,0,0]"
CSI_DATA,24339,80:af:ca:27:52:2a,-55,11,1,0,1,1,1,0,0,0,0,-97,0,11,2,326551487,0,83,1,128,0,"[0,0,0,0,0,0,0,0,0,0,0,0,-2,2,-4,4,-6,4,-8,5,-9,6,-10,6,-10,6,-10,6,-10,6,-9,6,-8,5,-7,4,-5,2,-4,1,-2,0,0,-1,1,-2,2,-4,4,-6,5,-7,6,-8,6,-8,6,-8,6,-9,6,-9,6,-8,0,0,4,-6,3,-5,2,-4,0,-2,0,0,-2,1,-3,3,-4,4,-5,6,-5,6,-6,8,-6,8,-6,8,-6,8,-5,7,-4,6,-4,6,-2,4,-2,3,-1,2,0,0,1,0,2,-2,2,-2,3,-4,4,-4,0,0,0,0,0,0,0,0,0,0]"
CSI_DATA,24340,80:af:ca:27:52:2a,-55,11,1,0,1,1,1,0,0,0,0,-97,0,11,2,326568110,0,83,1,128,0,"[0,0,0,0,0,0,0,0,0,0,0,0,-3,0,-5,0,-7,0,-8,0,-10,0,-10,0,-11,0,-10,0,-10,0,-9,0,-8,-1,-7,0,-5,-1,-3,0,-1,0,0,0,2,0,4,0,6,0,7,0,8,0,9,0,9,0,10,0,10,0,9,0,0,0,6,0,5,0,3,0,1,0,0,-1,-2,-1,-4,-1,-6,-2,-7,-2,-8,-2,-9,-2,-9,-2,-9,-2,-9,-2,-8,-2,-8,-2,-6,-2,-5,0,-4,0,-2,0,-1,0,0,0,1,1,2,2,2,2,3,3,0,0,0,0,0,0,0,0,0,0]"
CSI_DATA,24341,80:af:ca:27:52:2a,-55,11,1,0,1,1,1,0,0,0,0,-97,0,11,2,326586416,0,83,1,128,0,"[0,0,0,0,0,0,0,0,0,0,0,0,7,4,7,3,6,3,5,3,3,2,2,1,1,1,-1,0,-2,0,-3,-1,-5,-2,-6,-2,-7,-2,-7,-3,-8,-3,-8,-3,-8,-2,-7,-2,-6,-2,-5,-2,-4,-1,-3,-1,-1,0,0,0,1,0,3,0,0,0,5,1,6,1,7,1,7,1,7,1,7,1,7,1,6,1,5,0,4,0,3,0,1,0,0,0,-1,-1,-2,-1,-3,-1,-4,-1,-5,-1,-5,-2,-5,-1,-5,-2,-5,-1,-5,-1,-4,-1,-4,-1,-3,-1,0,0,0,0,0,0,0,0,0,0]"
CSI_DATA,24342,80:af:ca:27:52:2a,-54,11,1,0,1,1,1,0,0,0,0,-97,0,11,2,326595305,0,83,1,128,0,"[0,0,0,0,0,0,0,0,0,0,0,0,-9,-6,-7,-6,-6,-5,-5,-4,-4,-3,-2,-3,0,-1,1,0,3,1,4,2,5,3,6,4,7,5,7,6,7,6,8,6,7,5,6,4,6,4,4,3,3,2,2,1,0,0,0,-1,-2,-2,-3,-3,0,0,-6,-4,-6,-6,-7,-6,-7,-6,-7,-6,-7,-6,-7,-6,-6,-4,-5,-4,-4,-3,-3,-1,-2,0,-1,0,0,1,0,2,1,3,2,4,3,4,3,5,3,5,3,5,3,5,3,4,3,4,2,4,1,3,0,0,0,0,0,0,0,0,0,0]"
CSI_DATA,24343,80:af:ca:27:52:2a,-54,11,1,0,1,1,1,0,0,0,0,-97,0,11,2,326603811,0,83,1,128,0,"[0,0,0,0,0,0,0,0,0,0,0,0,5,7,4,7,3,6,2,5,1,3,0,2,0,0,-1,0,-2,-2,-3,-3,-3,-5,-5,-6,-5,-7,-5,-7,-5,-7,-5,-8,-5,-7,-5,-7,-4,-6,-3,-5,-2,-3,-2,-2,-1,-1,0,0,1,1,2,2,0,0,3,5,4,6,4,6,5,7,5,7,4,7,4,6,3,5,3,5,2,3,2,2,1,1,0,0,0,-1,-1,-2,-1,-3,-2,-5,-2,-5,-2,-6,-2,-6,-2,-6,-2,-6,-2,-6,-2,-5,-1,-5,-1,-3,0,0,0,0,0,0,0,0,0,0]"
CSI_DATA,24344,80:af:ca:27:52:2a,-55,11,1,0,1,1,1,0,0,0,0,-97,0,11,2,326611640,0,83,1,128,0,"[0,0,0,0,0,0,0,0,0,0,0,0,0,-3,0,-5,2,-6,2,-8,2,-9,3,-10,3,-10,3,-10,3,-10,2,-8,2,-8,2,-7,1,-5,1,-3,0,-1,0,0,0,2,0,4,-1,5,-1,6,-1,8,-1,8,-1,8,0,9,-1,9,0,8,0,0,0,6,0,5,0,3,0,1,0,0,0,-2,0,-4,0,-5,0,-6,0,-8,0,-8,0,-8,0,-9,0,-9,0,-8,0,-7,0,-6,0,-5,0,-3,0,-2,0,0,0,0,0,2,-1,2,-1,4,-2,4,0,0,0,0,0,0,0,0,0,0]"
CSI_DATA,24345,80:af:ca:27:52:2a,-55,11,1,0,1,1,1,0,0,0,0,-97,0,11,2,326628107,0,83,1,128,0,"[0,0,0,0,0,0,0,0,0,0,0,0,-8,-1,-7,-1,-7,-1,-5,-1,-4,-1,-3,-1,-1,-1,0,-1,1,-1,3,-2,4,-2,5,-3,6,-2,6,-3,6,-3,7,-3,6,-3,6,-3,5,-3,4,-2,3,-2,2,-1,1,0,0,0,-1,1,-2,2,0,0,-4,4,-4,4,-5,5,-5,5,-5,5,-5,5,-4,5,-4,4,-3,4,-2,3,-1,2,-1,1,0,0,0,-1,1,-2,2,-3,2,-4,2,-4,2,-5,2,-5,2,-5,2,-5,2,-5,1,-4,1,-4,1,-3,0,0,0,0,0,0,0,0,0,0]"
CSI_DATA,24346,80:af:ca:27:52:2a,-55,11,1,0,1,1,1,0,0,0,0,-97,0,11,2,326637377,0,83,1,128,0,"[0,0,0,0,0,0,0,0,0,0,0,0,-3,7,-2,6,-2,5,-2,4,-2,3,-1,1,0,0,0,0,0,-2,0,-3,0,-5,0,-6,0,-7,1,-7,0,-8,0,-8,0,-8,0,-7,0,-6,0,-5,0,-4,0,-2,0,-1,0,0,0,1,0,2,0,0,0,5,0,6,0,7,0,7,0,7,0,7,0,7,0,6,0,5,0,4,0,2,0,1,0,0,0,0,0,-2,0,-3,0,-4,0,-5,0,-5,0,-6,0,-6,0,-6,0,-5,0,-5,0,-4,0,-3,0,0,0,0,0,0,0,0,0,0]"
CSI_DATA,24347,80:af:ca:27:52:2a,-55,11,1,0,1,1,1,0,0,0,0,-97,0,11,2,326658069,0,83,1,128,0,"[0,0,0,0,0,0,0,0,0,0,0,0,-8,-2,-7,-2,-6,-2,-6,-2,-4,-1,-3,-1,-1,-1,0,0,1,0,3,0,4,0,5,0,6,1,7,1,7,1,7,1,7,1,6,1,6,0,5,0,3,0,2,0,1,0,0,0,-2,0,-3,0,0,0,-5,-1,-6,-1,-7,-1,-7,-1,-7,-1,-7,-1,-7,-1,-6,-1,-5,-1,-4,0,-3,0,-2,0,-1,0,0,0,1,0,2,1,3,1,4,1,4,1,4,1,5,1,4,1,4,1,4,1,3,1,3,1,0,0,0,0,0,0,0,0,0,0]"
CSI_DATA,24348,80:af:ca:27:52:2a,-55,11,1,0,1,1,1,0,0,0,0,-97,0,11,2,326665414,0,83,1,128,0,"[0,0,0,0,0,0,0,0,0,0,0,0,-1,-4,-1,-6,0,-8,0,-11,0,-11,0,-12,0,-13,0,-12,1,-12,1,-11,1,-9,1,-8,0,-6,0,-4,0,-1,0,0,-1,2,-1,4,-2,6,-2,8,-2,9,-2,10,-3,11,-2,11,-3,11,-2,10,0,0,-2,7,-1,6,0,4,0,2,0,0,2,-2,2,-4,3,-5,4,-6,4,-8,5,-8,5,-8,5,-8,5,-8,4,-8,4,-7,3,-6,2,-5,1,-4,0,-2,0,-2,-2,0,-2,0,-4,1,-4,1,-5,2,0,0,0,0,0,0,0,0,0,0]"
CSI_DATA,24349,80:af:ca:27:52:2a,-55,11,1,0,1,1,1,0,0,0,0,-97,0,11,2,326675100,0,83,1,128,0,"[0,0,0,0,0,0,0,0,0,0,0,0,1,-3,2,-4,4,-6,5,-6,6,-7,6,-7,7,-8,6,-8,6,-7,6,-6,5,-6,4,-5,3,-4,2,-2,0,-1,0,0,-2,2,-3,3,-4,4,-5,5,-5,6,-6,6,-6,6,-6,7,-6,7,-5,6,0,0,-4,4,-3,3,-2,2,-1,1,0,0,1,-1,2,-2,3,-4,4,-4,4,-5,5,-6,6,-6,6,-6,5,-6,5,-5,4,-5,3,-4,2,-4,1,-2,0,-2,0,-1,-1,0,-2,0,-3,0,-4,1,-4,1,0,0,0,0,0,0,0,0,0,0]"
CSI_DATA,24350,80:af:ca:27:52:2a,-55,11,1,0,1,1,1,0,0,0,0,-97,0,11,2,326686246,0,83,1,128,0,"[0,0,0,0,0,0,0,0,0,0,0,0,-6,3,-5,3,-5,3,-5,2,-4,1,-2,0,-1,0,0,0,0,-1,1,-2,2,-3,3,-4,4,-4,4,-5,5,-5,5,-5,4,-5,4,-5,3,-4,3,-3,2,-3,1,-2,0,-1,0,0,0,0,-1,2,0,0,-3,3,-3,4,-4,5,-4,5,-4,5,-4,5,-4,5,-3,4,-3,4,-2,3,-1,2,0,1,0,0,0,0,1,-1,1,-2,2,-3,2,-3,3,-3,3,-4,3,-4,3,-3,2,-3,2,-3,2,-3,1,-2,0,0,0,0,0,0,0,0,0,0]"
CSI_DATA,24351,80:af:ca:27:52:2a,-55,11,1,0,1,1,1,0,0,0,0,-97,0,11,2,326695566,0,83,1,128,0,"[0,0,0,0,0,0,0,0,0,0,0,0,-7,0,-6,0,-6,0,-5,0,-4,0,-3,0,-1,0,0,0,1,-1,2,-1,3,-1,4,-1,5,-1,5,-2,6,-1,6,-2,6,-2,5,-1,5,-2,4,-1,3,-1,2,0,0,0,0,0,-1,0,-2,0,0,0,-4,1,-5,1,-6,2,-6,2,-6,2,-6,2,-6,2,-5,2,-4,1,-3,1,-2,1,-1,0,0,0,0,0,1,0,2,0,3,0,4,-1,4,-1,4,-1,4,-1,4,-1,4,-1,4,-1,3,-1,2,0,0,0,0,0,0,0,0,0,0,0]"
CSI_DATA,24352,80:af:ca:27:52:2a,-55,11,1,0,1,1,1,0,0,0,0,-97,0,11,2,326703757,0,83,1,128,0,"[0,0,0,0,0,0,0,0,0,0,0,0,0,7,0,6,0,5,0,5,0,4,0,2,0,0,0,0,0,-1,-1,-3,-1,-4,-1,-5,-1,-6,-2,-7,-2,-7,-2,-7,-2,-7,-2,-6,-2,-5,-1,-4,-1,-4,0,-2,0,-1,0,0,0,1,0,2,0,0,1,4,1,5,2,6,2,6,2,6,2,6,1,6,1,5,1,4,1,3,0,2,0,1,0,0,0,0,0,-2,0,-3,0,-4,0,-4,0,-5,0,-5,0,-5,0,-5,0,-5,0,-4,0,-4,0,-3,0,0,0,0,0,0,0,0,0,0]"
CSI_DATA,24353,80:af:ca:27:52:2a,-54,11,1,0,1,1,1,0,0,0,0,-97,0,11,2,326712303,0,83,1,128,0,"[0,0,0,0,0,0,0,0,0,0,0,0,-6,-8,-6,-8,-5,-7,-4,-6,-3,-4,-1,-3,0,-2,0,0,2,1,3,2,4,3,6,4,6,5,7,5,7,6,8,6,7,5,7,4,6,4,4,3,3,2,2,2,1,1,0,0,-2,-1,-3,-1,0,0,-6,-3,-8,-4,-8,-4,-9,-4,-8,-4,-8,-4,-8,-4,-7,-3,-6,-3,-4,-2,-3,-1,-2,0,0,0,0,0,2,1,3,2,4,2,4,2,5,3,5,2,6,3,5,3,5,2,4,2,4,2,3,1,0,0,0,0,0,0,0,0,0,0]"
CSI_DATA,24354,80:af:ca:27:52:2a,-54,11,1,0,1,1,1,0,0,0,0,-97,0,11,2,326720327,0,83,1,128,0,"[0,0,0,0,0,0,0,0,0,0,0,0,-9,0,-8,0,-8,0,-7,0,-4,0,-2,-1,-1,1,0,-2,2,1,2,-3,3,-3,4,-3,4,-3,5,-3,5,-2,9,-4,8,-4,6,-2,5,-2,4,-3,3,-2,2,-1,1,-1,0,0,-1,0,-3,1,0,0,-4,3,-6,3,-7,4,-6,4,-6,3,-6,5,-6,3,-4,4,-5,3,-2,2,-2,1,-1,0,0,0,0,-1,2,-1,3,-2,3,-2,3,-3,3,-3,4,-3,3,-3,4,-4,3,-2,3,-2,3,-1,2,-1,0,0,0,0,0,0,0,0,0,0]"
CSI_DATA,24355,80:af:ca:27:52:2a,-54,11,1,0,1,1,1,0,0,0,0,-97,0,11,2,326728133,0,83,1,128,0,"[0,0,0,0,0,0,0,0,0,0,0,0,2,-10,2,-9,2,-8,2,-6,1,-5,1,-2,0,0,0,1,-1,3,-1,4,-2,6,-2,8,-3,9,-3,9,-4,9,-4,10,-3,9,-3,8,-2,7,-2,6,-2,4,-1,2,0,1,0,0,1,-2,2,-4,0,0,3,-6,4,-8,4,-8,4,-9,5,-9,5,-9,4,-8,4,-7,3,-6,2,-5,1,-4,0,-2,-1,-1,-2,0,-3,1,-4,2,-5,2,-5,3,-6,4,-6,4,-6,4,-6,4,-6,3,-5,2,-5,2,-4,2,0,0,0,0,0,0,0,0,0,0]"
CSI_DATA,24356,80:af:ca:27:52:2a,-55,11,1,0,1,1,1,0,0,0,0,-97,0,11,2,326738447,0,83,1,128,0,"[0,0,0,0,0,0,0,0,0,0,0,0,-9,0,-8,0,-7,0,-6,-1,-4,-1,-2,0,-1,-1,0,0,2,0,3,0,5,0,6,0,7,0,8,0,8,0,8,0,7,0,7,0,6,0,5,0,3,0,2,0,0,0,0,0,-2,0,-3,0,0,0,-6,0,-7,0,-8,0,-8,0,-8,0,-8,0,-7,0,-7,0,-6,0,-5,0,-3,0,-1,0,0,0,0,0,2,1,3,1,4,1,5,1,5,1,5,1,5,1,5,1,5,1,5,1,3,1,3,0,0,0,0,0,0,0,0,0,0,0]"
CSI_DATA,24357,80:af:ca:27:52:2a,-54,11,1,0,1,1,1,0,0,0,0,-97,0,11,2,326756097,0,83,1,128,0,"[0,0,0,0,0,0,0,0,0,0,0,0,6,5,6,5,5,4,4,3,3,3,1,2,0,1,-1,0,-2,-1,-4,-1,-5,-2,-6,-3,-7,-3,-7,-3,-7,-3,-9,-3,-7,-3,-7,-3,-6,-2,-5,-2,-4,-2,-3,-1,-1,-1,0,0,2,0,3,0,0,0,5,1,7,1,7,1,8,1,8,1,7,1,7,1,6,0,5,0,4,0,3,0,1,0,0,0,-1,-1,-2,-1,-4,-1,-5,-1,-5,-1,-6,-1,-6,-1,-6,-1,-6,-1,-6,-1,-5,-1,-4,-1,-3,-1,0,0,0,0,0,0,0,0,0,0]"
CSI_DATA,24358,80:af:ca:27:52:2a,-55,11,1,0,1,1,1,0,0,0,0,-97,0,11,2,326763433,0,83,1,128,0,"[0,0,0,0,0,0,0,0,0,0,0,0,2,-2,3,-3,5,-3,6,-3,7,-4,8,-4,8,-4,8,-4,8,-3,8,-3,7,-2,6,-2,4,-2,2,-1,0,0,0,0,-2,0,-4,1,-5,2,-6,2,-8,2,-8,2,-8,3,-9,3,-9,3,-8,3,0,0,-6,2,-5,2,-3,1,-2,0,0,0,2,0,3,0,4,0,6,-1,6,-1,8,-1,8,-1,8,-1,8,-1,7,-1,6,-1,6,-1,4,-1,3,-1,2,-1,0,-1,0,-1,-2,-1,-3,-2,-4,-2,-4,-2,0,0,0,0,0,0,0,0,0,0]"
CSI_DATA,24359,80:af:ca:27:52:2a,-55,11,1,2,1,1,1,0,0,0,0,-97,0,11,2,326769625,0,83,1,128,0,"[0,0,0,0,0,0,0,0,0,0,0,0,-2,1,-4,0,-6,0,-8,0,-9,0,-10,0,-11,0,-11,0,-10,0,-9,0,-8,0,-7,0,-5,0,-4,0,-2,0,0,0,2,-1,3,-1,5,-1,6,-2,8,-2,8,-2,9,-2,9,-2,9,-2,8,-2,0,0,6,-2,4,-1,3,-1,2,-1,0,0,-2,0,-4,0,-5,0,-6,0,-8,0,-8,0,-9,0,-9,0,-9,0,-8,0,-8,0,-6,0,-5,0,-4,0,-2,0,-1,0,0,0,1,0,2,0,4,1,4,1,0,0,0,0,0,0,0,0,0,0]"
CSI_DATA,24360,80:af:ca:27:52:2a,-55,11,1,0,1,1,1,0,0,0,0,-97,0,11,2,326777147,0,83,1,128,0,"[0,0,0,0,0,0,0,0,0,0,0,0,-2,2,-4,4,-6,5,-8,6,-9,7,-9,7,-10,7,-10,7,-10,7,-9,7,-9,5,-7,4,-5,3,-4,2,-2,0,0,-1,1,-2,2,-4,4,-5,4,-7,6,-8,7,-9,7,-9,7,-9,7,-9,6,-9,0,0,4,-7,3,-6,2,-4,0,-2,0,0,-2,1,-3,2,-4,4,-5,6,-5,7,-7,7,-7,7,-7,7,-6,7,-5,7,-5,7,-4,6,-3,4,-2,3,-1,2,0,0,0,0,2,-1,2,-2,3,-3,4,-4,0,0,0,0,0,0,0,0,0,0]"
CSI_DATA,24361,80:af:ca:27:52:2a,-55,11,1,0,1,1,1,0,0,0,0,-97,0,11,2,326788677,0,83,1,128,0,"[0,0,0,0,0,0,0,0,0,0,0,0,7,-3,7,-3,6,-2,5,-1,4,-1,2,0,0,0,0,0,-1,0,-2,1,-4,1,-5,2,-6,2,-6,3,-7,3,-7,3,-7,3,-6,2,-5,2,-4,2,-3,1,-2,0,-1,0,0,0,0,0,2,-1,0,0,4,-2,5,-3,5,-3,6,-3,6,-3,6,-3,5,-3,4,-3,4,-2,3,-2,2,-1,0,-1,0,0,0,0,-1,0,-3,0,-3,0,-4,1,-4,1,-5,1,-5,1,-5,1,-4,1,-4,0,-4,0,-3,0,0,0,0,0,0,0,0,0,0,0]"
CSI_DATA,24362,80:af:ca:27:52:2a,-54,11,1,0,1,1,1,0,0,0,0,-97,0,11,2,326797696,0,83,1,128,0,"[0,0,0,0,0,0,0,0,0,0,0,0,2,-10,2,-9,2,-7,2,-6,1,-4,1,-2,0,0,0,1,0,2,-1,4,-1,6,-2,7,-2,8,-2,8,-2,9,-2,9,-2,8,-2,7,-1,7,-1,5,-1,4,0,2,0,1,0,-1,0,-2,1,-4,0,0,1,-7,2,-8,2,-9,2,-9,2,-9,2,-9,2,-8,1,-7,1,-6,0,-5,0,-4,0,-2,-1,0,-1,0,-2,1,-2,3,-3,4,-3,5,-4,5,-4,5,-4,5,-4,5,-4,5,-3,4,-3,4,-2,2,0,0,0,0,0,0,0,0,0,0]"
CSI_DATA,24363,80:af:ca:27:52:2a,-54,11,1,0,1,1,1,0,0,0,0,-97,0,11,2,326805221,0,83,1,128,0,"[0,0,0,0,0,0,0,0,0,0,0,0,-4,8,-4,7,-4,6,-4,5,-2,3,-1,1,-1,0,0,-1,0,-2,1,-4,2,-5,2,-6,3,-8,4,-8,4,-8,4,-8,4,-8,3,-7,2,-6,2,-5,1,-4,1,-2,0,-1,0,0,-1,1,-2,2,0,0,-4,5,-4,6,-4,6,-4,7,-5,7,-5,6,-4,6,-4,5,-3,5,-2,4,-1,2,-1,1,0,0,1,-1,2,-1,2,-2,3,-3,4,-4,4,-4,4,-4,4,-4,4,-4,4,-4,4,-4,3,-2,2,-2,0,0,0,0,0,0,0,0,0,0]"
CSI_DATA,24364,80:af:ca:27:52:2a,-55,11,1,0,1,1,1,0,0,0,0,-97,0,11,2,326836227,0,83,1,128,0,"[0,0,0,0,0,0,0,0,0,0,0,0,-2,1,-4,1,-6,2,-8,2,-8,2,-9,2,-10,2,-10,2,-10,2,-8,2,-8,1,-7,1,-5,0,-4,0,-2,0,0,0,1,-1,3,-2,4,-2,6,-3,7,-3,8,-4,8,-4,8,-4,8,-4,7,-4,0,0,6,-3,4,-2,2,-2,1,-1,0,0,-2,0,-4,0,-5,1,-6,2,-7,2,-8,2,-8,2,-8,2,-8,2,-7,2,-6,2,-6,2,-4,2,-3,1,-2,0,0,0,0,0,1,0,3,0,4,0,4,0,0,0,0,0,0,0,0,0,0,0]"
CSI_DATA,24365,80:af:ca:27:52:2a,-55,11,1,0,1,1,1,0,0,0,0,-97,0,11,2,326846490,0,83,1,128,0,"[0,0,0,0,0,0,0,0,0,0,0,0,-8,-3,-8,-3,-7,-3,-6,-2,-4,-2,-3,-2,-1,-1,0,-1,1,0,3,0,4,0,6,1,7,1,7,1,7,1,8,1,7,1,7,1,6,1,5,1,4,0,2,0,1,0,0,0,-1,0,-3,0,0,0,-6,-1,-7,-1,-7,-1,-8,-1,-8,-1,-8,-1,-7,-1,-6,-1,-6,-1,-4,0,-3,0,-2,0,0,0,0,0,2,0,3,1,4,1,4,1,5,1,5,1,5,1,5,1,5,1,4,1,4,1,3,0,0,0,0,0,0,0,0,0,0,0]"
CSI_DATA,24366,80:af:ca:27:52:2a,-55,11,1,0,1,1,1,0,0,0,0,-97,0,11,2,326858190,0,83,1,128,0,"[0,0,0,0,0,0,0,0,0,0,0,0,-2,2,-4,4,-6,4,-7,5,-8,6,-9,6,-9,6,-9,6,-9,5,-8,4,-7,4,-6,3,-4,2,-3,1,-1,0,0,-1,2,-2,3,-3,5,-4,6,-4,7,-5,8,-6,8,-6,8,-7,8,-6,7,-6,0,0,5,-4,4,-3,2,-2,0,-1,-1,0,-2,0,-4,0,-5,1,-7,2,-7,2,-9,2,-9,2,-9,2,-9,2,-7,2,-7,2,-6,2,-4,2,-3,1,-2,1,0,0,0,0,2,0,3,0,4,0,4,0,0,0,0,0,0,0,0,0,0,0]"
CSI_DATA,24367,80:af:ca:27:52:2a,-54,11,1,2,1,1,1,0,0,0,0,-97,0,11,2,326864177,0,83,1,128,0,"[0,0,0,0,0,0,0,0,0,0,0,0,-3,-1,-5,-3,-6,-4,-8,-5,-8,-6,-8,-7,-8,-8,-8,-8,-8,-8,-7,-7,-6,-5,-5,-5,-4,-3,-2,-2,0,-1,0,0,2,1,2,2,4,3,5,5,6,5,7,5,7,6,8,6,7,6,7,5,0,0,5,4,4,2,2,2,1,0,0,0,-1,-2,-2,-3,-3,-5,-4,-5,-5,-6,-5,-7,-5,-8,-5,-8,-5,-7,-5,-7,-5,-6,-4,-5,-3,-4,-2,-2,-2,-1,-1,0,0,0,0,2,0,2,0,3,0,5,0,0,0,0,0,0,0,0,0,0]"
CSI_DATA,24368,80:af:ca:27:52:2a,-55,11,1,0,1,1,1,0,0,0,0,-97,0,11,2,326871684,0,83,1,128,0,"[0,0,0,0,0,0,0,0,0,0,0,0,-8,-5,-7,-4,-6,-4,-5,-3,-3,-3,-2,-2,0,-1,0,0,2,0,3,1,5,1,6,2,7,2,7,2,8,2,8,2,8,2,7,2,6,1,5,1,3,1,2,0,1,0,-1,0,-2,0,-3,-1,0,0,-6,-1,-7,-1,-8,-1,-8,-1,-8,-2,-8,-2,-8,-1,-7,-1,-6,-1,-4,0,-3,0,-2,0,0,0,1,0,2,0,3,1,4,1,4,1,5,1,6,1,6,1,5,1,5,1,4,1,3,1,3,0,0,0,0,0,0,0,0,0,0,0]"
CSI_DATA,24369,80:af:ca:27:52:2a,-55,11,1,0,1,1,1,0,0,0,0,-97,0,11,2,326880860,0,83,1,128,0,"[0,0,0,0,0,0,0,0,0,0,0,0,7,3,6,3,5,2,4,2,3,1,1,1,0,0,0,0,-2,0,-3,0,-5,-1,-6,-1,-6,-1,-7,-1,-7,-2,-8,-2,-7,-1,-6,-1,-6,-1,-5,-1,-3,0,-2,0,-1,0,0,0,1,0,2,0,0,0,5,0,6,0,6,0,7,0,7,0,6,0,6,0,5,0,4,0,3,0,2,0,1,0,0,0,-1,0,-2,-1,-3,0,-4,-1,-4,-1,-5,-1,-5,-1,-5,-1,-5,-1,-5,-1,-4,0,-4,0,-3,0,0,0,0,0,0,0,0,0,0,0]"
CSI_DATA,24370,80:af:ca:27:52:2a,-55,11,1,0,1,1,1,0,0,0,0,-97,0,11,2,326891703,0,83,1,128,0,"[0,0,0,0,0,0,0,0,0,0,0,0,1,7,1,6,1,5,0,5,0,4,0,2,0,1,-1,0,-1,-1,-2,-2,-3,-3,-4,-4,-4,-5,-4,-5,-4,-5,-5,-5,-5,-5,-4,-4,-4,-4,-3,-3,-2,-3,-1,-2,0,-1,0,0,1,0,2,1,0,0,4,2,5,2,5,3,6,3,6,3,6,3,5,2,5,2,4,1,3,1,2,0,1,0,0,0,0,0,-1,-1,-3,-1,-4,-1,-4,-2,-4,-2,-5,-1,-5,-2,-5,-2,-4,-1,-4,-1,-4,-1,-3,-1,0,0,0,0,0,0,0,0,0,0]"
CSI_DATA,24371,80:af:ca:27:52:2a,-55,11,1,0,1,1,1,0,0,0,0,-97,0,11,2,326920229,0,83,1,128,0,"[0,0,0,0,0,0,0,0,0,0,0,0,8,0,7,0,6,0,5,0,4,0,2,0,0,0,0,0,-1,0,-3,0,-5,0,-6,0,-7,0,-7,0,-8,0,-8,0,-7,0,-7,0,-6,0,-5,0,-4,0,-3,0,-1,0,0,0,0,0,2,0,0,0,4,0,6,0,6,0,7,0,7,0,7,0,6,0,5,0,5,0,3,0,2,0,1,0,0,0,0,0,-2,0,-3,0,-4,0,-4,0,-5,0,-5,0,-5,0,-5,0,-5,0,-4,0,-4,0,-3,0,0,0,0,0,0,0,0,0,0,0]"
CSI_DATA,24372,80:af:ca:27:52:2a,-54,11,1,0,1,1,1,0,0,0,0,-97,0,11,2,326929124,0,83,1,128,0,"[0,0,0,0,0,0,0,0,0,0,0,0,0,9,0,8,0,7,0,6,-1,4,-1,2,0,0,0,-1,0,-3,-1,-5,0,-6,0,-7,0,-8,0,-9,0,-9,0,-10,0,-9,0,-8,0,-7,0,-6,0,-4,0,-3,0,-1,0,0,0,2,0,3,0,0,0,6,0,7,0,8,0,8,0,8,-1,8,0,7,0,6,0,6,0,4,0,3,0,1,0,0,0,-1,1,-2,1,-3,1,-5,1,-5,2,-6,1,-6,2,-6,2,-6,2,-5,1,-5,1,-5,1,-3,0,0,0,0,0,0,0,0,0,0]"
CSI_DATA,24373,80:af:ca:27:52:2a,-55,11,1,0,1,1,1,0,0,0,0,-97,0,11,2,326936110,0,83,1,128,0,"[0,0,0,0,0,0,0,0,0,0,0,0,7,-8,6,-7,6,-6,5,-5,3,-3,2,-2,0,0,-1,1,-2,2,-3,3,-5,5,-6,6,-7,7,-7,7,-7,7,-7,7,-7,7,-6,6,-6,6,-5,5,-3,3,-2,2,-1,1,0,0,1,-2,2,-3,0,0,5,-6,6,-7,6,-7,6,-7,7,-7,7,-7,6,-7,5,-6,5,-5,3,-4,2,-3,0,-2,0,-1,-2,0,-3,1,-4,1,-5,2,-6,3,-6,3,-6,3,-7,3,-6,3,-6,3,-5,2,-5,2,-3,2,0,0,0,0,0,0,0,0,0,0]"
CSI_DATA,24374,80:af:ca:27:52:2a,-54,11,1,0,1,1,1,0,0,0,0,-97,0,11,2,326949679,0,83,1,128,0,"[0,0,0,0,0,0,0,0,0,0,0,0,0,8,0,7,0,6,0,5,0,4,0,2,0,1,0,0,0,-1,0,-3,-1,-4,-1,-6,-1,-6,-1,-7,-1,-7,-2,-8,-2,-7,-2,-7,-2,-6,-1,-5,-1,-4,0,-3,0,-1,0,0,0,0,0,2,0,0,2,4,2,5,3,6,3,6,3,6,3,6,3,6,2,5,2,4,2,3,1,2,0,1,0,0,0,-1,0,-2,-1,-3,-2,-4,-2,-4,-2,-5,-2,-5,-2,-5,-2,-5,-2,-4,-2,-4,-1,-3,-1,-3,0,0,0,0,0,0,0,0,0,0]"
CSI_DATA,24375,80:af:ca:27:52:2a,-55,11,1,0,1,1,1,0,0,0,0,-97,0,11,2,326958397,0,83,1,128,0,"[0,0,0,0,0,0,0,0,0,0,0,0,-7,2,-6,2,-6,1,-5,1,-4,0,-2,0,-1,0,0,0,0,-1,1,-1,3,-2,4,-2,5,-3,5,-3,5,-3,6,-3,5,-3,5,-3,4,-3,4,-2,3,-2,1,-1,0,0,0,0,-1,0,-2,1,0,0,-4,2,-5,3,-5,3,-6,3,-6,3,-6,3,-5,3,-5,3,-4,2,-3,2,-2,1,-1,0,0,0,0,0,1,0,2,0,3,-1,3,-1,4,-2,4,-2,4,-2,4,-2,4,-1,3,-1,3,-1,2,-1,0,0,0,0,0,0,0,0,0,0]"
CSI_DATA,24376,80:af:ca:27:52:2a,-55,11,1,0,1,1,1,0,0,0,0,-97,0,11,2,326965704,0,83,1,128,0,"[0,0,0,0,0,0,0,0,0,0,0,0,0,2,-2,4,-3,5,-4,6,-4,7,-5,8,-6,8,-5,8,-6,8,-5,7,-5,6,-4,5,-3,4,-2,2,-1,0,0,0,0,-2,0,-4,2,-5,2,-6,3,-8,4,-8,4,-9,4,-9,4,-9,3,-9,0,0,2,-7,2,-6,1,-4,0,-2,0,0,-1,0,-2,2,-3,4,-4,5,-4,6,-4,7,-5,7,-5,7,-5,7,-5,6,-4,6,-4,5,-3,4,-2,3,-1,2,0,0,0,0,1,-1,2,-2,3,-2,4,-3,0,0,0,0,0,0,0,0,0,0]"
CSI_DATA,24377,80:af:ca:27:52:2a,-55,11,1,0,1,1,1,0,0,0,0,-97,0,11,2,326982033,0,83,1,128,0,"[0,0,0,0,0,0,0,0,0,0,0,0,-3,0,-5,-1,-8,-1,-9,-2,-10,-2,-10,-3,-11,-3,-11,-3,-10,-4,-10,-3,-9,-3,-8,-2,-5,-2,-4,-1,-2,0,0,0,2,0,3,0,5,1,7,2,8,2,9,3,9,3,10,2,10,3,9,2,0,0,7,2,5,1,3,0,2,0,0,0,-1,-2,-3,-2,-5,-3,-6,-4,-7,-4,-8,-5,-8,-5,-8,-5,-8,-5,-7,-5,-6,-4,-5,-3,-5,-2,-3,-2,-2,-1,-1,0,0,0,0,1,0,2,1,3,2,4,0,0,0,0,0,0,0,0,0,0]"
CSI_DATA,24378,80:af:ca:27:52:2a,-55,11,1,0,1,1,1,0,0,0,0,-97,0,11,2,327004515,0,83,1,128,0,"[0,0,0,0,0,0,0,0,0,0,0,0,0,-3,0,-5,1,-6,2,-8,2,-8,2,-9,2,-10,2,-10,3,-9,2,-8,2,-8,2,-6,1,-5,0,-3,0,-1,0,0,0,2,0,3,-1,5,-2,6,-2,7,-2,8,-2,8,-2,9,-2,8,-1,8,0,0,-1,6,-1,4,0,3,0,1,0,0,0,-2,0,-3,1,-4,1,-6,1,-7,2,-8,2,-8,2,-8,2,-8,2,-7,2,-6,1,-6,0,-4,0,-3,0,-2,0,0,-1,0,-1,1,-2,2,-2,2,-3,3,0,0,0,0,0,0,0,0,0,0]"
CSI_DATA,24379,80:af:ca:27:52:2a,-55,11,1,0,1,1,1,0,0,0,0,-97,0,11,2,327019350,0,83,1,128,0,"[0,0,0,0,0,0,0,0,0,0,0,0,-3,0,-5,0,-7,0,-9,-2,-10,-2,-10,-2,-11,-2,-11,-2,-10,-2,-9,-2,-9,-2,-7,-1,-5,-1,-4,-1,-1,0,0,-1,2,0,4,0,5,0,7,0,8,0,9,-1,9,-1,10,-2,10,-1,9,-2,0,0,7,-1,5,0,3,0,1,0,0,0,-2,0,-4,0,-6,0,-7,0,-8,0,-9,1,-9,1,-9,0,-9,0,-9,0,-8,0,-7,0,-5,0,-4,0,-2,0,0,0,0,0,2,0,3,0,4,0,4,0,0,0,0,0,0,0,0,0,0,0]"
CSI_DATA,24380,80:af:ca:27:52:2a,-55,11,1,0,1,1,1,0,0,0,0,-97,0,11,2,327036850,0,83,1,128,0,"[0,0,0,0,0,0,0,0,0,0,0,0,-1,2,-3,4,-4,5,-6,6,-7,7,-7,7,-8,8,-8,7,-8,7,-7,7,-7,6,-6,5,-4,4,-3,2,-2,0,0,0,0,-2,2,-4,2,-5,4,-7,4,-7,4,-9,5,-9,5,-9,5,-9,4,-9,0,0,4,-7,2,-5,2,-4,0,-2,0,0,-1,0,-2,2,-3,4,-4,5,-4,6,-5,7,-6,7,-6,7,-6,7,-5,7,-4,6,-4,5,-3,4,-2,3,-1,2,0,0,0,0,1,-1,2,-2,3,-2,4,-3,0,0,0,0,0,0,0,0,0,0]"
CSI_DATA,24381,80:af:ca:27:52:2a,-54,11,1,0,1,1,1,0,0,0,0,-97,0,11,2,327055833,0,83,1,128,0,"[0,0,0,0,0,0,0,0,0,0,0,0,-2,10,-2,9,-2,8,-2,6,-2,4,-1,2,-1,0,0,-1,0,-4,1,-5,2,-7,2,-9,2,-9,3,-10,3,-10,3,-10,3,-10,2,-9,2,-8,2,-6,1,-4,0,-3,0,-1,-1,0,-1,2,-2,4,0,0,-4,6,-5,8,-5,8,-5,9,-5,8,-5,8,-5,7,-4,6,-3,5,-2,4,-1,3,0,1,0,0,1,0,2,-1,4,-2,5,-3,5,-4,5,-4,5,-4,5,-4,5,-4,5,-4,5,-4,4,-3,3,-2,0,0,0,0,0,0,0,0,0,0]"
CSI_DATA,24382,80:af:ca:27:52:2a,-55,11,1,0,1,1,1,0,0,0,0,-97,0,11,2,327075889,0,83,1,128,0,"[0,0,0,0,0,0,0,0,0,0,0,0,0,-3,0,-5,0,-6,1,-8,1,-8,2,-9,2,-10,2,-10,2,-10,2,-8,2,-8,1,-6,1,-5,0,-3,0,-1,0,0,0,2,0,3,0,5,0,6,0,8,0,8,0,8,0,9,0,9,0,8,0,0,0,6,0,4,0,3,0,1,0,0,0,-2,0,-4,0,-5,0,-6,0,-7,0,-8,0,-8,0,-8,0,-8,0,-8,0,-7,0,-6,0,-5,0,-3,0,-2,0,0,0,0,-1,1,-1,2,-1,4,-1,4,0,0,0,0,0,0,0,0,0,0]"
CSI_DATA,24383,80:af:ca:27:52:2a,-55,11,1,0,1,1,1,0,0,0,0,-97,0,11,2,327089202,0,83,1,128,0,"[0,0,0,0,0,0,0,0,0,0,0,0,0,6,0,6,0,5,0,4,0,3,0,2,0,1,0,0,0,-1,0,-2,0,-4,0,-4,0,-5,-1,-6,-1,-6,-1,-7,-1,-6,-1,-6,-1,-5,-1,-4,0,-4,0,-2,0,-1,0,0,0,0,0,2,0,0,1,4,1,4,1,5,2,5,1,5,2,5,2,5,1,4,1,4,1,3,1,2,0,1,0,0,0,0,0,-2,0,-2,0,-4,-1,-4,-1,-4,-1,-4,-1,-4,-1,-4,-1,-4,-1,-4,0,-4,0,-3,0,0,0,0,0,0,0,0,0,0]"
CSI_DATA,24384,80:af:ca:27:52:2a,-55,11,1,0,1,1,1,0,0,0,0,-97,0,11,2,327099022,0,83,1,128,0,"[0,0,0,0,0,0,0,0,0,0,0,0,7,-3,7,-3,6,-3,5,-2,4,-1,2,-1,1,0,0,0,-2,1,-3,2,-4,3,-5,3,-6,4,-6,4,-6,4,-7,5,-6,4,-6,4,-5,4,-4,3,-3,2,-2,1,-1,0,0,0,1,-1,2,-2,0,0,3,-4,4,-5,5,-5,5,-6,5,-6,5,-6,5,-5,4,-5,3,-4,2,-3,1,-2,0,-1,0,-1,-1,0,-2,1,-3,2,-4,2,-4,3,-4,3,-4,3,-4,3,-4,3,-4,3,-4,3,-3,2,-3,2,0,0,0,0,0,0,0,0,0,0]"
CSI_DATA,24385,80:af:ca:27:52:2a,-54,11,1,0,1,1,1,0,0,0,0,-97,0,11,2,327115293,0,83,1,128,0,"[0,0,0,0,0,0,0,0,0,0,0,0,-9,2,-8,2,-7,2,-6,1,-5,1,-3,0,-1,0,0,-1,1,-1,3,-1,4,-2,5,-2,6,-3,7,-3,7,-3,7,-3,7,-3,6,-3,6,-3,5,-2,4,-2,2,-1,1,-1,0,0,-2,0,-3,1,0,0,-5,1,-6,2,-7,2,-7,2,-7,2,-7,2,-7,2,-6,2,-5,2,-4,1,-3,1,-2,1,0,0,1,0,2,0,3,0,4,0,4,-1,5,-1,5,-1,5,-1,5,0,5,0,4,0,4,0,3,0,0,0,0,0,0,0,0,0,0,0]"
CSI_DATA,24386,80:af:ca:27:52:2a,-55,11,1,0,1,1,1,0,0,0,0,-97,0,11,2,327131238,0,83,1,128,0,"[0,0,0,0,0,0,0,0,0,0,0,0,1,-3,2,-4,4,-5,6,-6,6,-6,7,-7,7,-7,7,-7,7,-6,6,-6,6,-5,4,-4,3,-3,2,-2,0,0,0,0,-2,1,-3,2,-4,3,-5,4,-6,4,-7,6,-7,6,-7,6,-7,6,-7,5,0,0,-5,4,-4,3,-2,2,-1,1,0,0,1,-1,2,-2,4,-3,4,-4,5,-4,6,-4,7,-4,7,-4,6,-4,6,-4,5,-4,4,-3,3,-3,2,-2,0,-2,0,-1,-1,0,-2,0,-3,0,-4,0,-4,0,0,0,0,0,0,0,0,0,0,0]"
CSI_DATA,24387,80:af:ca:27:52:2a,-55,11,1,0,1,1,1,0,0,0,0,-97,0,11,2,327146367,0,83,1,128,0,"[0,0,0,0,0,0,0,0,0,0,0,0,1,-1,4,-1,5,-1,8,-1,8,-1,10,0,10,0,10,-1,10,0,9,-1,8,0,8,-1,5,0,4,0,1,0,0,0,-2,0,-3,1,-5,1,-7,2,-8,2,-9,2,-10,2,-10,3,-10,3,-9,3,0,0,-8,2,-5,2,-4,1,-2,0,0,0,1,0,2,-1,4,-2,5,-2,6,-3,8,-4,8,-3,8,-3,8,-4,7,-3,7,-3,5,-2,4,-2,2,-2,1,-1,0,-1,-1,0,-2,0,-3,0,-4,0,-5,0,0,0,0,0,0,0,0,0,0,0]"
CSI_DATA,24388,80:af:ca:27:52:2a,-55,11,1,0,1,1,1,0,0,0,0,-97,0,11,2,327154017,0,83,1,128,0,"[0,0,0,0,0,0,0,0,0,0,0,0,7,-4,7,-3,6,-3,5,-2,4,-1,3,0,1,0,0,0,0,1,-2,2,-3,4,-4,5,-5,5,-5,5,-5,5,-5,6,-5,6,-5,5,-4,5,-3,4,-2,3,-2,2,-1,0,0,0,0,-2,0,-3,0,0,1,-5,1,-7,1,-7,1,-8,1,-8,1,-8,1,-7,0,-6,0,-5,0,-4,0,-3,0,-1,0,0,0,0,0,2,-1,3,-1,4,0,5,0,5,0,5,0,5,0,5,0,5,0,5,0,4,0,3,0,0,0,0,0,0,0,0,0,0]"
CSI_DATA,24389,80:af:ca:27:52:2a,-55,11,1,0,1,1,1,0,0,0,0,-97,0,11,2,327160897,0,83,1,128,0,"[0,0,0,0,0,0,0,0,0,0,0,0,1,7,1,6,1,5,0,4,0,3,0,2,0,0,-1,0,-1,-1,-2,-2,-3,-3,-3,-4,-4,-5,-4,-5,-4,-5,-4,-6,-4,-5,-4,-4,-3,-4,-3,-3,-2,-2,-1,-1,0,0,0,0,0,0,2,1,0,0,4,2,4,3,5,3,5,3,5,3,5,3,5,3,4,2,4,2,3,1,2,0,0,0,0,0,0,0,-1,-1,-2,-2,-3,-2,-4,-2,-4,-3,-4,-2,-4,-3,-4,-3,-4,-2,-4,-2,-3,-2,-2,-1,0,0,0,0,0,0,0,0,0,0]"
CSI_DATA,24390,80:af:ca:27:52:2a,-55,11,1,0,1,1,1,0,0,0,0,-97,0,11,2,327168052,0,83,1,128,0,"[0,0,0,0,0,0,0,0,0,0,0,0,7,-1,6,-1,6,-1,5,0,3,0,2,0,1,0,0,0,-1,0,-2,0,-4,0,-5,1,-6,1,-6,1,-7,1,-7,1,-7,1,-6,1,-6,1,-5,1,-3,0,-2,0,-1,0,0,0,0,0,2,-1,0,0,4,-1,5,-2,6,-2,6,-2,6,-2,6,-2,6,-2,5,-2,4,-2,3,-1,2,-1,1,0,0,0,-1,0,-2,0,-3,0,-4,0,-4,0,-5,0,-5,0,-5,0,-5,0,-5,0,-4,0,-4,0,-3,0,0,0,0,0,0,0,0,0,0,0]"
CSI_DATA,24391,80:af:ca:27:52:2a,-55,11,1,0,1,1,1,0,0,0,0,-97,0,11,2,327176101,0,83,1,128,0,"[0,0,0,0,0,0,0,0,0,0,0,0,-4,0,-6,-1,-9,-2,-11,-2,-12,-3,-12,-4,-14,-3,-13,-3,-13,-3,-12,-3,-11,-3,-9,-2,-7,-2,-4,-2,-2,-1,0,-1,2,-1,4,0,7,0,9,-1,9,-1,11,-1,12,-2,12,-2,12,-2,11,-2,0,0,8,-2,6,-1,4,-1,2,0,0,0,-2,0,-4,0,-6,1,-8,1,-9,2,-10,2,-10,2,-10,2,-10,2,-9,2,-8,2,-7,2,-5,2,-4,1,-2,0,0,0,0,0,2,0,3,0,4,0,5,-1,0,0,0,0,0,0,0,0,0,0]"
CSI_DATA,24392,80:af:ca:27:52:2a,-55,11,1,0,1,1,1,0,0,0,0,-97,0,11,2,327203138,0,83,1,128,0,"[0,0,0,0,0,0,0,0,0,0,0,0,2,0,4,2,5,3,6,4,7,5,8,6,8,6,8,6,8,6,7,5,6,5,6,4,4,3,2,2,0,0,0,0,-2,-1,-4,-2,-5,-3,-6,-4,-8,-4,-8,-4,-8,-4,-9,-4,-9,-5,-8,-4,0,0,-6,-3,-5,-2,-4,-2,-2,-1,0,0,1,0,2,1,4,2,5,3,6,3,7,4,7,4,7,4,7,4,6,4,6,3,5,2,4,2,2,1,2,0,0,0,0,-1,-1,-2,-2,-2,-3,-4,-3,-4,0,0,0,0,0,0,0,0,0,0]"
CSI_DATA,24393,80:af:ca:27:52:2a,-55,11,1,2,1,1,1,0,0,0,0,-97,0,11,2,327221975,0,83,1,128,0,"[0,0,0,0,0,0,0,0,0,0,0,0,1,-2,3,-2,6,-2,7,-3,9,-3,10,-3,10,-3,10,-3,11,-3,10,-2,9,-2,7,-2,6,-1,3,0,1,0,0,0,-2,0,-4,0,-6,1,-8,1,-9,2,-10,2,-11,3,-11,3,-11,2,-10,2,0,0,-8,2,-6,1,-4,1,-3,0,0,0,1,0,3,0,5,0,6,0,8,0,9,0,10,0,10,0,10,0,9,-1,8,0,7,-1,6,-1,4,0,2,0,0,-1,0,-1,-2,-1,-3,-2,-4,-2,-5,-3,0,0,0,0,0,0,0,0,0,0]"
CSI_DATA,24394,80:af:ca:27:52:2a,-56,11,1,2,1,1,1,0,0,0,0,-97,0,11,2,327228586,0,83,1,128,0,"[0,0,0,0,0,0,0,0,0,0,0,0,-1,1,-3,1,-5,2,-7,2,-8,3,-9,3,-9,3,-9,3,-9,3,-9,2,-7,2,-6,1,-5,1,-3,0,-1,0,0,0,1,-1,3,-1,4,-2,5,-3,7,-3,7,-3,8,-4,8,-4,8,-4,7,-4,0,0,5,-3,4,-2,3,-2,1,-1,0,-1,-1,0,-3,0,-5,0,-6,1,-7,1,-8,1,-9,1,-9,1,-8,1,-8,1,-7,1,-6,1,-5,1,-3,0,-2,0,-1,0,0,0,1,0,2,0,3,0,4,0,0,0,0,0,0,0,0,0,0,0]"
CSI_DATA,24395,80:af:ca:27:52:2a,-55,11,1,2,1,1,1,0,0,0,0,-97,0,11,2,327234026,0,83,1,128,0,"[0,0,0,0,0,0,0,0,0,0,0,0,0,2,-2,4,-3,5,-4,6,-4,7,-5,8,-6,8,-6,8,-6,8,-5,8,-5,6,-4,6,-3,4,-2,2,-1,1,0,0,0,-2,1,-4,2,-5,3,-6,4,-7,4,-8,4,-8,4,-9,4,-8,4,-8,0,0,3,-6,2,-5,1,-4,0,-2,0,0,-1,0,-2,2,-3,3,-4,4,-5,5,-6,6,-6,6,-6,6,-6,6,-6,6,-5,5,-4,4,-3,3,-2,2,-2,2,0,0,0,0,1,0,2,-1,3,-2,4,-2,0,0,0,0,0,0,0,0,0,0]"
CSI_DATA,24396,80:af:ca:27:52:2a,-55,11,1,0,1,1,1,0,0,0,0,-97,0,11,2,327248216,0,83,1,128,0,"[0,0,0,0,0,0,0,0,0,0,0,0,7,0,6,0,6,0,5,0,3,0,2,0,0,0,0,0,-1,0,-3,0,-4,0,-5,0,-6,0,-7,0,-7,0,-7,1,-7,1,-6,1,-6,0,-5,0,-4,0,-2,0,-1,0,0,0,0,0,2,0,0,0,4,-1,5,-1,5,-1,6,-1,6,-1,6,-1,6,-1,5,-1,4,-1,3,-1,2,-1,1,0,0,0,0,0,-1,0,-2,0,-3,0,-4,0,-4,0,-5,0,-5,0,-5,0,-4,0,-4,0,-4,0,-3,0,0,0,0,0,0,0,0,0,0,0]"
CSI_DATA,24397,80:af:ca:27:52:2a,-54,11,1,0,1,1,1,0,0,0,0,-97,0,11,2,327255626,0,83,1,128,0,"[0,0,0,0,0,0,0,0,0,0,0,0,-6,9,-5,8,-5,6,-4,5,-3,4,-2,1,-1,0,0,-1,1,-2,2,-4,4,-5,5,-6,6,-7,6,-8,6,-7,7,-8,6,-7,6,-6,5,-6,4,-5,3,-4,1,-2,0,-1,-1,0,-2,0,-4,1,0,0,-6,4,-8,4,-8,4,-9,5,-9,4,-9,4,-8,4,-7,4,-6,3,-5,2,-3,2,-1,1,0,1,1,0,2,0,4,0,5,0,6,0,6,0,7,0,7,0,6,0,6,0,6,0,5,0,4,0,0,0,0,0,0,0,0,0,0,0]"
CSI_DATA,24398,80:af:ca:27:52:2a,-55,11,1,0,1,1,1,0,0,0,0,-97,0,11,2,327268456,0,83,1,128,0,"[0,0,0,0,0,0,0,0,0,0,0,0,6,5,5,5,5,4,4,4,2,3,1,2,0,1,-1,0,-2,-1,-3,-2,-4,-3,-5,-4,-6,-5,-6,-5,-6,-5,-7,-5,-6,-5,-6,-4,-5,-4,-5,-3,-3,-2,-2,-2,-1,-1,0,0,1,0,2,1,0,0,4,3,5,3,6,4,6,4,6,4,6,4,6,4,5,3,4,3,3,2,2,1,1,0,0,0,0,-1,-1,-2,-2,-3,-3,-3,-3,-4,-4,-4,-4,-4,-4,-5,-4,-4,-3,-4,-3,-4,-3,-3,-2,-3,0,0,0,0,0,0,0,0,0,0]"
CSI_DATA,24399,80:af:ca:27:52:2a,-55,11,1,0,1,1,1,0,0,0,0,-97,0,11,2,327276367,0,83,1,128,0,"[0,0,0,0,0,0,0,0,0,0,0,0,-2,2,-4,4,-5,5,-7,6,-8,6,-9,7,-10,8,-9,7,-9,7,-8,6,-8,6,-7,5,-5,3,-4,2,-2,0,0,-1,0,-3,2,-4,4,-6,4,-7,5,-8,6,-9,6,-9,6,-10,6,-10,5,-9,0,0,4,-7,3,-6,2,-4,0,-2,0,0,-2,1,-2,3,-4,4,-4,6,-4,7,-5,8,-6,8,-6,8,-5,8,-5,7,-4,6,-4,5,-2,4,-2,3,-1,2,0,0,0,0,2,-2,2,-3,3,-3,4,-4,0,0,0,0,0,0,0,0,0,0]"
CSI_DATA,24400,80:af:ca:27:52:2a,-55,11,1,0,1,1,1,0,0,0,0,-97,0,11,2,327284076,0,83,1,128,0,"[0,0,0,0,0,0,0,0,0,0,0,0,1,2,0,4,0,6,0,7,0,8,0,9,0,9,0,9,0,9,0,8,0,7,0,6,0,4,0,3,0,1,-1,0,-1,-2,-1,-3,-2,-5,-3,-7,-3,-7,-3,-8,-4,-9,-5,-9,-4,-9,-4,-7,0,0,-3,-5,-3,-4,-1,-3,-1,-1,0,0,0,1,1,3,2,3,3,5,3,5,4,6,5,6,4,7,5,6,4,5,4,5,3,4,3,3,1,1,1,0,0,0,0,-1,-1,-2,-1,-3,-2,-4,-2,-4,0,0,0,0,0,0,0,0,0,0]"
CSI_DATA,24401,80:af:ca:27:52:2a,-54,11,1,0,1,1,1,0,0,0,0,-97,0,11,2,327309233,0,83,1,128,0,"[0,0,0,0,0,0,0,0,0,0,0,0,9,2,7,2,7,2,5,2,4,1,2,1,1,0,0,0,-2,0,-4,0,-5,-1,-7,-1,-7,-2,-9,-2,-9,-2,-9,-2,-9,-1,-8,-1,-7,-1,-6,-1,-4,-1,-3,-1,-1,0,0,0,1,0,3,0,0,0,5,0,6,1,7,1,8,0,7,1,7,1,7,1,6,0,5,0,4,0,3,0,1,0,0,0,-1,-1,-2,-1,-3,-1,-4,-2,-5,-1,-5,-2,-5,-2,-5,-2,-5,-2,-5,-2,-5,-1,-4,-1,-3,-1,0,0,0,0,0,0,0,0,0,0]"
CSI_DATA,24402,80:af:ca:27:52:2a,-55,11,1,0,1,1,1,0,0,0,0,-97,0,11,2,327327313,0,83,1,128,0,"[0,0,0,0,0,0,0,0,0,0,0,0,-9,1,-8,1,-7,0,-6,0,-4,0,-3,0,-1,0,0,-1,2,-1,3,-1,5,-1,6,-2,7,-2,7,-2,7,-2,8,-2,7,-2,7,-2,6,-2,5,-2,3,-1,2,-1,1,0,0,0,-2,0,-3,0,0,0,-6,1,-7,1,-7,2,-8,2,-8,2,-8,2,-7,2,-6,1,-5,1,-4,1,-3,1,-2,0,0,0,1,0,2,0,3,0,4,0,5,0,5,0,5,-1,5,0,5,0,5,0,4,0,4,0,3,0,0,0,0,0,0,0,0,0,0,0]"
CSI_DATA,24403,80:af:ca:27:52:2a,-55,11,1,0,1,1,1,0,0,0,0,-97,0,11,2,327335092,0,83,1,128,0,"[0,0,0,0,0,0,0,0,0,0,0,0,-1,-4,-1,-7,0,-9,0,-10,0,-12,0,-13,0,-13,0,-13,0,-13,0,-12,0,-10,0,-9,0,-7,0,-5,0,-2,0,0,0,2,0,5,0,6,1,8,1,10,1,10,2,11,2,11,2,11,2,10,0,0,1,8,1,6,0,4,0,2,0,0,0,-2,0,-5,-1,-6,-2,-8,-2,-9,-2,-10,-2,-10,-2,-10,-2,-10,-2,-10,-2,-9,-2,-8,-2,-5,-1,-4,-1,-2,0,0,0,0,0,2,0,3,0,5,0,5,0,0,0,0,0,0,0,0,0,0]"
CSI_DATA,24404,80:af:ca:27:52:2a,-56,11,1,0,1,1,1,0,0,0,0,-97,0,11,2,327352445,0,83,1,128,0,"[0,0,0,0,0,0,0,0,0,0,0,0,0,2,0,4,-2,6,-2,7,-3,8,-3,8,-4,9,-4,9,-4,9,-4,8,-4,7,-3,6,-2,4,-2,3,-1,1,0,0,0,-2,0,-4,1,-5,1,-7,2,-8,2,-9,2,-9,2,-10,2,-10,1,-9,0,0,1,-7,0,-6,0,-4,0,-2,0,0,-1,0,-2,2,-2,4,-2,5,-3,6,-3,7,-4,8,-4,8,-3,8,-3,7,-3,6,-2,6,-2,4,-1,3,0,2,0,0,0,0,1,-1,2,-2,2,-3,3,-3,0,0,0,0,0,0,0,0,0,0]"
CSI_DATA,24405,80:af:ca:27:52:2a,-55,11,1,2,1,1,1,0,0,0,0,-97,0,11,2,327358404,0,83,1,128,0,"[0,0,0,0,0,0,0,0,0,0,0,0,2,2,2,3,2,5,3,6,3,8,3,8,3,8,3,8,3,8,2,8,2,6,2,6,1,4,0,2,0,1,-1,0,-2,-2,-2,-4,-3,-5,-4,-6,-4,-7,-5,-8,-6,-8,-6,-8,-6,-8,-5,-7,0,0,-4,-6,-4,-4,-2,-3,-2,-2,0,0,0,1,1,2,2,4,3,5,4,6,4,6,4,7,4,7,4,6,4,6,3,6,3,4,2,4,2,2,1,1,0,0,0,-1,0,-2,0,-3,-1,-4,-1,-5,0,0,0,0,0,0,0,0,0,0]"
CSI_DATA,24406,80:af:ca:27:52:2a,-56,11,1,0,1,1,1,0,0,0,0,-97,0,11,2,327366731,0,83,1,128,0,"[0,0,0,0,0,0,0,0,0,0,0,0,-3,-1,-4,-3,-5,-3,-6,-5,-7,-5,-7,-6,-8,-6,-8,-6,-7,-6,-7,-6,-6,-5,-5,-5,-4,-3,-2,-2,-1,-1,0,0,1,1,3,2,4,3,5,4,5,5,6,5,6,5,7,5,6,5,6,5,0,0,5,3,3,3,3,1,1,0,0,0,-1,-1,-2,-3,-3,-4,-4,-5,-5,-6,-5,-6,-5,-6,-5,-6,-5,-6,-5,-6,-5,-5,-4,-5,-3,-3,-2,-3,-1,-1,-1,0,0,0,0,1,0,2,0,3,0,4,0,0,0,0,0,0,0,0,0,0]"
CSI_DATA,24407,80:af:ca:27:52:2a,-54,11,1,0,1,1,1,0,0,0,0,-97,0,11,2,327375779,0,83,1,128,0,"[0,0,0,0,0,0,0,0,0,0,0,0,7,-6,6,-5,6,-4,5,-3,4,-2,2,-1,1,0,0,0,-2,1,-3,2,-4,3,-6,4,-6,4,-7,4,-7,5,-7,5,-7,5,-6,4,-6,4,-4,3,-3,2,-2,1,-1,1,0,0,1,-1,2,-2,0,0,4,-3,6,-4,6,-4,6,-5,7,-5,6,-5,6,-4,5,-4,4,-4,3,-3,2,-2,1,-1,0,-1,-1,0,-2,0,-3,1,-4,1,-5,1,-6,1,-6,2,-6,1,-6,1,-6,1,-4,1,-4,1,-3,1,0,0,0,0,0,0,0,0,0,0]"
CSI_DATA,24408,80:af:ca:27:52:2a,-54,11,1,0,1,1,1,0,0,0,0,-97,0,11,2,327410661,0,83,1,128,0,"[0,0,0,0,0,0,0,0,0,0,0,0,-2,8,-2,7,-2,6,-2,5,-1,4,-1,2,-1,1,-1,0,0,-2,0,-3,0,-5,0,-6,0,-7,0,-8,0,-8,0,-8,0,-8,0,-7,0,-7,0,-6,0,-4,0,-3,0,-2,0,0,0,1,0,3,0,0,0,5,0,6,0,7,1,7,0,8,0,7,0,7,0,6,0,5,0,4,0,3,0,1,0,0,0,-1,0,-2,0,-3,0,-5,0,-5,0,-6,0,-6,0,-6,0,-6,0,-5,0,-5,0,-4,0,-3,0,0,0,0,0,0,0,0,0,0]"
CSI_DATA,24409,80:af:ca:27:52:2a,-55,11,1,2,1,1,1,0,0,0,0,-97,0,11,2,327417901,0,83,1,128,0,"[0,0,0,0,0,0,0,0,0,0,0,0,-2,-1,-4,-2,-5,-4,-5,-5,-6,-7,-7,-8,-8,-8,-8,-8,-7,-8,-7,-8,-6,-7,-5,-6,-4,-5,-2,-3,-1,-2,0,0,1,0,2,1,4,2,5,4,6,4,7,5,8,5,8,5,8,5,7,5,0,0,5,3,5,2,3,2,2,0,0,0,-1,-1,-2,-2,-4,-3,-5,-4,-6,-5,-7,-5,-7,-6,-7,-6,-7,-6,-7,-5,-6,-5,-5,-4,-5,-3,-3,-2,-2,-1,-1,0,0,0,0,1,1,2,2,3,2,4,0,0,0,0,0,0,0,0,0,0]"
CSI_DATA,24410,80:af:ca:27:52:2a,-55,11,1,0,1,1,1,0,0,0,0,-97,0,11,2,327427272,0,83,1,128,0,"[0,0,0,0,0,0,0,0,0,0,0,0,4,5,4,5,3,4,2,4,1,3,1,2,0,0,0,0,-1,0,-2,-1,-3,-3,-4,-3,-5,-4,-5,-4,-5,-5,-5,-5,-5,-5,-5,-4,-5,-4,-4,-3,-3,-2,-2,-1,-1,0,0,0,0,0,2,1,0,0,4,2,4,3,5,3,5,4,5,4,5,4,5,3,4,3,4,2,3,1,2,1,1,0,0,0,0,-1,-1,-1,-2,-2,-2,-3,-3,-3,-3,-3,-3,-4,-3,-4,-3,-4,-3,-3,-3,-3,-2,-3,-2,-2,0,0,0,0,0,0,0,0,0,0]"
CSI_DATA,24411,80:af:ca:27:52:2a,-55,11,1,2,1,1,1,0,0,0,0,-97,0,11,2,327432526,0,83,1,128,0,"[0,0,0,0,0,0,0,0,0,0,0,0,1,-3,2,-4,4,-5,5,-6,6,-6,6,-7,6,-8,6,-7,6,-7,6,-6,6,-6,4,-4,3,-4,2,-2,0,-1,0,0,-2,1,-3,2,-4,3,-5,4,-6,5,-6,5,-7,6,-7,6,-7,6,-6,5,0,0,-5,4,-4,3,-2,2,-1,1,0,0,1,0,2,-2,4,-2,5,-3,6,-4,6,-4,7,-4,7,-4,7,-4,6,-4,6,-3,4,-3,4,-2,2,-2,1,-2,0,-1,-1,-1,-2,0,-3,0,-4,0,-5,0,0,0,0,0,0,0,0,0,0,0]"
CSI_DATA,24412,80:af:ca:27:52:2a,-55,11,1,0,1,1,1,0,0,0,0,-97,0,11,2,327443613,0,83,1,128,0,"[0,0,0,0,0,0,0,0,0,0,0,0,-2,-1,-4,-2,-6,-3,-7,-5,-8,-5,-8,-7,-9,-7,-8,-7,-8,-7,-8,-7,-7,-6,-6,-5,-5,-4,-3,-2,-1,-1,0,0,1,0,2,2,3,3,5,4,5,5,6,6,6,6,7,6,7,7,7,6,0,0,5,5,4,3,2,2,1,0,0,0,0,-2,-2,-3,-2,-4,-3,-5,-4,-6,-5,-7,-5,-8,-4,-8,-5,-8,-4,-7,-4,-7,-3,-5,-2,-4,-2,-3,-2,-2,-1,0,-1,0,0,1,0,2,0,3,0,4,0,0,0,0,0,0,0,0,0,0]"
CSI_DATA,24413,80:af:ca:27:52:2a,-55,11,1,0,1,1,1,0,0,0,0,-97,0,11,2,327461405,0,83,1,128,0,"[0,0,0,0,0,0,0,0,0,0,0,0,-3,2,-5,2,-7,2,-9,3,-9,3,-10,3,-10,3,-9,3,-10,2,-9,2,-8,2,-7,2,-4,1,-3,0,-1,0,0,0,2,-2,3,-2,5,-2,6,-3,7,-4,8,-4,8,-4,8,-4,8,-4,7,-4,0,0,5,-3,4,-2,2,-2,1,-1,0,0,-2,0,-4,0,-5,1,-7,1,-7,2,-8,2,-9,2,-8,2,-9,2,-7,2,-7,1,-6,1,-4,1,-3,0,-2,0,0,0,0,0,2,0,2,0,4,0,4,0,0,0,0,0,0,0,0,0,0,0]"
CSI_DATA,24414,80:af:ca:27:52:2a,-54,11,1,0,1,1,1,0,0,0,0,-97,0,11,2,327476617,0,83,1,128,0,"[0,0,0,0,0,0,0,0,0,0,0,0,-9,0,-8,0,-7,0,-6,0,-4,0,-3,0,-1,0,0,-1,1,-1,3,-1,4,-1,6,-1,7,-1,7,-2,7,-2,8,-2,7,-2,7,-2,6,-2,5,-1,4,-1,2,-1,1,0,0,0,-2,0,-3,1,0,0,-6,2,-7,2,-7,2,-8,2,-8,2,-8,2,-7,2,-6,2,-6,2,-4,1,-3,1,-1,0,0,0,1,0,2,0,3,-1,4,-1,4,-1,5,-1,5,-2,6,-1,5,-1,5,-1,4,-1,3,-1,3,-1,0,0,0,0,0,0,0,0,0,0]"
CSI_DATA,24415,80:af:ca:27:52:2a,-55,11,1,0,1,1,1,0,0,0,0,-97,0,11,2,327485201,0,83,1,128,0,"[0,0,0,0,0,0,0,0,0,0,0,0,-2,2,-4,4,-6,4,-8,5,-9,6,-10,6,-10,7,-10,7,-10,6,-9,5,-9,4,-7,4,-6,2,-4,1,-2,0,0,0,1,-2,3,-2,5,-4,7,-4,8,-5,9,-6,9,-6,10,-7,10,-7,9,-6,0,0,7,-4,5,-4,3,-3,1,-2,0,-1,-2,0,-4,0,-7,0,-8,2,-9,2,-11,2,-11,2,-11,2,-11,2,-10,2,-9,2,-8,1,-7,1,-4,1,-2,0,-1,0,0,0,2,0,3,1,4,1,5,2,0,0,0,0,0,0,0,0,0,0]"
CSI_DATA,24416,80:af:ca:27:52:2a,-55,11,1,0,1,1,1,0,0,0,0,-97,0,11,2,327492912,0,83,1,128,0,"[0,0,0,0,0,0,0,0,0,0,0,0,-9,-4,-8,-3,-7,-3,-6,-3,-4,-2,-3,-2,-1,-1,0,-1,2,0,3,0,5,0,6,1,7,1,8,1,8,1,9,1,8,1,8,0,7,0,6,0,4,0,3,0,1,0,0,0,-2,0,-4,0,0,0,-7,0,-8,0,-8,0,-9,0,-9,0,-9,0,-8,0,-7,0,-6,0,-5,0,-4,0,-2,0,0,0,1,0,2,0,3,0,4,0,5,0,6,0,6,0,6,0,6,0,6,0,5,0,4,0,3,0,0,0,0,0,0,0,0,0,0,0]"
CSI_DATA,24417,80:af:ca:27:52:2a,-55,11,1,0,1,1,1,0,0,0,0,-97,0,11,2,327506571,0,83,1,128,0,"[0,0,0,0,0,0,0,0,0,0,0,0,-2,-2,-4,-4,-5,-5,-5,-6,-6,-7,-6,-8,-6,-8,-6,-8,-6,-8,-6,-8,-5,-7,-4,-6,-3,-4,-2,-3,-1,-2,0,0,1,1,2,2,3,4,4,4,4,6,5,6,6,6,6,6,6,6,6,6,0,0,4,4,3,4,2,2,1,0,0,0,0,-2,-2,-3,-2,-4,-3,-5,-4,-6,-4,-7,-4,-7,-4,-7,-4,-7,-4,-6,-4,-6,-3,-5,-3,-4,-2,-3,-2,-2,-1,0,0,0,0,1,0,2,0,3,0,4,0,0,0,0,0,0,0,0,0,0]"
CSI_DATA,24418,80:af:ca:27:52:2a,-54,11,1,0,1,1,1,0,0,0,0,-97,0,11,2,327517970,0,83,1,128,0,"[0,0,0,0,0,0,0,0,0,0,0,0,-2,-10,-2,-9,-1,-8,0,-7,0,-4,0,-2,0,-1,0,0,0,2,0,4,0,6,0,7,0,8,0,9,0,9,0,10,0,9,0,8,0,7,0,5,0,4,0,2,0,1,0,-1,0,-2,0,-4,0,0,1,-7,1,-8,1,-9,1,-9,2,-9,1,-9,1,-8,1,-7,1,-7,0,-5,0,-4,0,-2,-1,-1,-1,0,-2,1,-2,2,-4,3,-4,4,-4,4,-4,4,-5,4,-5,4,-4,4,-4,4,-4,2,-3,2,0,0,0,0,0,0,0,0,0,0]"
CSI_DATA,24419,80:af:ca:27:52:2a,-55,11,1,2,1,1,1,0,0,0,0,-97,0,11,2,327549684,0,83,1,128,0,"[0,0,0,0,0,0,0,0,0,0,0,0,1,-1,3,-2,6,-2,8,-2,9,-2,10,-1,11,-2,11,-1,10,-1,10,-1,9,-1,7,-1,6,0,3,0,2,0,0,0,-2,0,-4,0,-6,0,-7,0,-9,1,-10,1,-11,1,-11,1,-11,1,-10,1,0,0,-8,0,-6,0,-4,0,-3,0,0,0,1,0,3,0,5,0,6,0,8,0,9,0,10,0,10,0,9,0,9,0,8,0,6,0,5,0,3,0,2,0,0,0,0,-1,-1,-1,-3,-2,-4,-3,-4,-3,0,0,0,0,0,0,0,0,0,0]"
CSI_DATA,24420,80:af:ca:27:52:2a,-55,11,1,0,1,1,1,0,0,0,0,-97,0,11,2,327558216,0,83,1,128,0,"[0,0,0,0,0,0,0,0,0,0,0,0,2,-7,2,-6,2,-5,2,-4,1,-3,0,-2,0,0,0,0,0,1,0,2,-1,4,-1,5,-1,5,-1,6,-1,6,-1,7,-1,6,-1,6,-1,5,-1,4,0,3,0,2,0,0,0,0,0,-1,0,-3,0,0,0,-5,0,-6,0,-7,0,-7,0,-7,0,-7,0,-6,0,-5,0,-5,0,-4,0,-2,0,-1,0,0,0,0,0,1,-1,2,-1,3,-1,4,-1,4,-1,4,-1,4,-1,4,-1,4,-1,4,-1,3,0,2,0,0,0,0,0,0,0,0,0,0]"
CSI_DATA,24421,80:af:ca:27:52:2a,-55,11,1,0,1,1,1,0,0,0,0,-97,0,11,2,327567337,0,83,1,128,0,"[0,0,0,0,0,0,0,0,0,0,0,0,2,8,2,8,1,7,1,6,0,4,0,3,0,1,0,0,-1,-2,-1,-3,-2,-5,-2,-6,-2,-7,-3,-7,-3,-8,-3,-8,-3,-8,-3,-7,-2,-6,-2,-5,-2,-4,-1,-3,-1,-2,0,0,0,1,1,2,0,0,2,5,2,6,2,7,3,7,2,7,2,7,2,7,2,6,2,5,1,4,1,3,0,1,0,0,0,-1,0,-2,0,-3,-1,-4,-1,-5,-1,-5,-1,-6,-1,-6,-1,-6,-1,-5,-1,-5,-1,-4,0,-3,0,0,0,0,0,0,0,0,0,0]"
CSI_DATA,24422,80:af:ca:27:52:2a,-55,11,1,0,1,1,1,0,0,0,0,-97,0,11,2,327576635,0,83,1,128,0,"[0,0,0,0,0,0,0,0,0,0,0,0,-5,-6,-4,-6,-4,-5,-3,-5,-2,-3,-1,-2,0,-1,0,0,1,0,2,1,2,3,3,4,4,4,4,5,4,5,5,5,5,5,4,4,4,4,3,3,2,2,1,1,0,0,0,0,-1,-1,-2,-1,0,0,-4,-3,-4,-4,-5,-5,-5,-5,-5,-5,-5,-5,-5,-4,-4,-4,-4,-3,-3,-2,-2,-2,-1,-1,0,0,0,0,0,1,1,2,1,3,2,3,2,3,2,3,2,4,2,3,2,3,2,3,1,3,1,2,0,0,0,0,0,0,0,0,0,0]"
CSI_DATA,24423,80:af:ca:27:52:2a,-54,11,1,0,1,1,1,0,0,0,0,-97,0,11,2,327586074,0,83,1,128,0,"[0,0,0,0,0,0,0,0,0,0,0,0,8,0,8,0,7,0,6,1,3,0,2,0,0,0,-1,0,-3,0,-4,0,-6,0,-7,0,-8,0,-8,0,-8,-1,-9,-1,-8,0,-8,0,-7,0,-6,0,-4,0,-3,0,-1,0,0,0,1,0,3,0,0,0,6,0,7,0,7,0,8,0,8,0,8,0,7,0,6,0,5,0,4,0,3,0,1,0,0,-1,-1,-1,-2,-1,-3,-2,-4,-2,-5,-2,-6,-2,-6,-2,-6,-2,-6,-2,-5,-2,-4,-2,-4,-2,-3,-1,0,0,0,0,0,0,0,0,0,0]"
CSI_DATA,24424,80:af:ca:27:52:2a,-55,11,1,0,1,1,1,0,0,0,0,-97,0,11,2,327594497,0,83,1,128,0,"[0,0,0,0,0,0,0,0,0,0,0,0,-3,0,-5,0,-7,0,-9,0,-10,0,-10,0,-10,0,-10,0,-10,-1,-9,0,-8,0,-7,0,-5,0,-3,0,-1,0,0,0,2,0,4,0,5,0,7,-1,8,-1,8,-1,9,-1,9,-2,9,-1,8,-2,0,0,6,-1,4,-1,3,0,1,0,0,0,-2,0,-4,0,-5,0,-6,0,-8,0,-8,0,-8,0,-8,0,-8,0,-8,0,-7,0,-6,0,-4,0,-3,0,-2,0,0,0,0,0,2,0,2,0,4,0,4,0,0,0,0,0,0,0,0,0,0,0]"
CSI_DATA,24425,80:af:ca:27:52:2a,-55,11,1,0,1,1,1,0,0,0,0,-97,0,11,2,327601603,0,83,1,128,0,"[0,0,0,0,0,0,0,0,0,0,0,0,2,-1,4,-2,6,-2,8,-1,9,-1,9,-1,10,-1,10,-1,9,-1,9,-1,8,-1,7,0,5,0,3,0,1,0,0,0,-2,0,-4,1,-5,2,-7,2,-8,2,-9,3,-9,3,-9,3,-9,3,-9,3,0,0,-7,2,-5,2,-3,1,-2,0,0,0,1,-1,3,-2,4,-2,5,-3,7,-3,7,-4,7,-4,7,-4,7,-4,7,-4,6,-4,5,-3,4,-2,2,-2,1,-2,0,-1,-1,0,-2,0,-4,0,-4,0,-5,0,0,0,0,0,0,0,0,0,0,0]"
CSI_DATA,24426,80:af:ca:27:52:2a,-54,11,1,0,1,1,1,0,0,0,0,-97,0,11,2,327610923,0,83,1,128,0,"[0,0,0,0,0,0,0,0,0,0,0,0,-9,-3,-7,-3,-7,-2,-5,-2,-4,-2,-2,-2,-1,-1,0,-1,2,0,3,0,5,0,6,0,7,1,7,1,8,1,9,1,7,0,7,0,6,0,5,0,4,0,2,0,1,0,0,0,-2,0,-4,0,0,0,-6,0,-7,0,-8,0,-9,0,-9,0,-9,0,-8,0,-7,0,-6,0,-5,0,-3,0,-2,0,0,0,1,0,2,0,3,0,4,0,5,0,5,0,6,0,6,0,6,0,5,0,5,0,4,0,3,0,0,0,0,0,0,0,0,0,0,0]"
CSI_DATA,24427,80:af:ca:27:52:2a,-54,11,1,2,1,1,1,0,0,0,0,-97,0,11,2,327616422,0,83,1,128,0,"[0,0,0,0,0,0,0,0,0,0,0,0,-2,2,-3,3,-6,3,-7,4,-8,5,-9,5,-10,5,-10,5,-10,4,-9,4,-8,3,-6,3,-5,2,-3,1,-2,0,0,0,1,-1,3,-3,5,-3,6,-4,7,-4,8,-5,9,-5,9,-6,9,-5,8,-5,0,0,6,-3,4,-3,3,-3,1,-2,0,-1,-2,0,-4,0,-6,0,-7,1,-8,1,-9,1,-10,1,-10,1,-10,1,-9,1,-8,1,-6,1,-6,0,-4,0,-3,0,-1,0,0,0,1,0,3,0,3,1,4,1,0,0,0,0,0,0,0,0,0,0]"
CSI_DATA,24428,80:af:ca:27:52:2a,-55,11,1,0,1,1,1,0,0,0,0,-97,0,11,2,327643037,0,83,1,128,0,"[0,0,0,0,0,0,0,0,0,0,0,0,-3,-2,-4,-4,-5,-6,-7,-8,-7,-9,-7,-10,-7,-10,-7,-10,-7,-10,-7,-9,-5,-9,-5,-7,-4,-6,-2,-4,0,-2,0,0,1,1,2,3,4,4,4,6,5,7,6,8,7,8,7,9,7,9,7,8,0,0,5,6,4,4,2,3,2,1,0,0,0,-2,-2,-4,-2,-5,-4,-7,-4,-8,-5,-9,-5,-9,-4,-9,-5,-9,-4,-8,-4,-8,-4,-7,-3,-5,-2,-4,-2,-2,-1,0,0,0,0,2,0,3,0,4,0,4,0,0,0,0,0,0,0,0,0,0]"
CSI_DATA,24429,80:af:ca:27:52:2a,-55,11,1,0,1,1,1,0,0,0,0,-97,0,11,2,327657226,0,83,1,128,0,"[0,0,0,0,0,0,0,0,0,0,0,0,3,-8,3,-7,2,-6,2,-5,2,-3,1,-2,0,-1,0,0,-1,2,-2,3,-3,4,-3,6,-3,6,-4,7,-4,7,-4,7,-4,7,-3,6,-3,5,-3,4,-2,3,-1,2,0,1,0,0,1,-1,2,-3,0,0,3,-5,3,-6,4,-6,4,-7,4,-6,4,-6,4,-6,3,-5,3,-4,2,-3,1,-3,0,-2,0,-1,-1,0,-2,0,-3,1,-4,2,-4,2,-4,2,-5,2,-5,2,-5,2,-4,2,-4,2,-3,1,-3,1,0,0,0,0,0,0,0,0,0,0]"
CSI_DATA,24430,80:af:ca:27:52:2a,-55,11,1,2,1,1,1,0,0,0,0,-97,0,11,2,327663078,0,83,1,128,0,"[0,0,0,0,0,0,0,0,0,0,0,0,2,1,3,2,4,4,5,5,5,7,6,7,6,8,6,8,6,8,5,7,5,6,4,5,2,4,2,2,0,1,0,0,-2,-1,-3,-2,-5,-4,-6,-5,-7,-5,-8,-6,-8,-6,-8,-6,-8,-6,-8,-5,0,0,-6,-4,-5,-3,-3,-2,-2,-1,0,0,0,0,2,2,3,2,5,3,5,4,6,5,6,5,6,5,6,5,6,5,5,4,5,3,3,2,2,1,1,0,0,0,0,-1,-1,-2,-2,-2,-2,-4,-2,-4,0,0,0,0,0,0,0,0,0,0]"
CSI_DATA,24431,80:af:ca:27:52:2a,-55,11,1,0,1,1,1,0,0,0,0,-97,0,11,2,327670634,0,83,1,128,0,"[0,0,0,0,0,0,0,0,0,0,0,0,1,7,1,7,0,6,0,5,0,4,0,2,0,1,0,0,-1,-1,-1,-3,-2,-4,-2,-5,-2,-6,-3,-7,-3,-7,-3,-7,-3,-7,-3,-6,-3,-6,-2,-5,-1,-3,-1,-2,0,-1,0,0,0,0,1,2,0,0,2,4,3,5,3,5,4,6,3,6,3,6,3,5,3,4,2,4,2,3,1,2,0,0,0,0,0,-1,0,-2,-1,-3,-1,-4,-2,-4,-2,-4,-2,-5,-2,-5,-2,-5,-2,-4,-2,-4,-2,-3,-1,-3,0,0,0,0,0,0,0,0,0,0]"
CSI_DATA,24432,80:af:ca:27:52:2a,-56,11,1,0,1,1,1,0,0,0,0,-97,0,11,2,327687070,0,83,1,128,0,"[0,0,0,0,0,0,0,0,0,0,0,0,-1,2,-2,3,-3,5,-5,5,-5,6,-6,6,-7,7,-6,7,-7,6,-5,5,-5,5,-5,4,-3,3,-2,1,-1,0,0,0,0,-2,1,-3,2,-5,3,-6,3,-7,4,-7,4,-8,4,-9,4,-8,3,-8,0,0,3,-6,2,-5,1,-3,0,-2,0,0,-1,0,-2,2,-3,3,-4,4,-4,5,-5,6,-5,6,-5,6,-5,6,-5,6,-4,5,-3,5,-3,3,-2,2,-1,1,0,0,0,0,1,-1,2,-1,3,-2,3,-2,0,0,0,0,0,0,0,0,0,0]"
CSI_DATA,24433,80:af:ca:27:52:2a,-55,11,1,0,1,1,1,0,0,0,0,-97,0,11,2,327694303,0,83,1,128,0,"[0,0,0,0,0,0,0,0,0,0,0,0,-3,-1,-4,-2,-6,-4,-7,-4,-8,-5,-8,-6,-8,-6,-8,-6,-8,-6,-7,-6,-6,-5,-5,-4,-4,-3,-2,-2,-1,-1,0,0,1,1,3,2,4,3,5,4,6,4,6,5,6,5,7,5,7,6,6,5,0,0,5,4,4,3,2,2,1,0,0,0,-1,-2,-2,-3,-3,-4,-4,-5,-5,-6,-5,-6,-5,-7,-5,-7,-5,-7,-4,-6,-4,-6,-4,-5,-3,-4,-2,-3,-2,-1,-1,0,0,0,0,2,0,2,0,3,0,4,0,0,0,0,0,0,0,0,0,0]"
CSI_DATA,24434,80:af:ca:27:52:2a,-55,11,1,0,1,1,1,0,0,0,0,-97,0,11,2,327703747,0,83,1,128,0,"[0,0,0,0,0,0,0,0,0,0,0,0,2,1,3,3,4,4,4,6,4,7,5,8,5,8,5,8,4,8,4,7,4,7,3,6,2,4,1,2,0,1,0,0,-2,-2,-2,-3,-3,-4,-4,-6,-4,-7,-5,-7,-5,-8,-6,-8,-6,-9,-6,-7,0,0,-4,-6,-3,-4,-2,-3,-2,-2,0,0,0,1,0,2,1,4,2,5,2,6,3,7,2,7,2,7,2,7,2,7,2,6,2,5,2,4,1,2,0,1,0,0,0,-1,0,-2,0,-3,0,-4,0,-4,0,0,0,0,0,0,0,0,0,0]"
CSI_DATA,24435,80:af:ca:27:52:2a,-54,11,1,0,1,1,1,0,0,0,0,-97,0,11,2,327714047,0,83,1,128,0,"[0,0,0,0,0,0,0,0,0,0,0,0,-4,0,-6,0,-8,0,-9,0,-10,0,-10,-1,-11,-1,-11,-1,-10,-1,-9,-1,-8,-2,-7,-1,-4,-1,-3,0,-1,0,0,0,2,0,4,0,6,1,7,1,8,2,9,2,9,2,9,2,9,2,9,2,0,0,6,1,4,0,3,0,2,0,0,-1,-2,-2,-3,-2,-4,-3,-6,-4,-7,-4,-7,-5,-7,-5,-7,-6,-7,-5,-7,-5,-6,-4,-5,-4,-4,-3,-3,-2,-2,-1,-1,0,0,0,0,2,0,2,0,4,1,4,0,0,0,0,0,0,0,0,0,0]"
CSI_DATA,24436,80:af:ca:27:52:2a,-54,11,1,0,1,1,1,0,0,0,0,-97,0,11,2,327727476,0,83,1,128,0,"[0,0,0,0,0,0,0,0,0,0,0,0,8,0,7,0,6,0,5,0,4,0,2,0,1,0,0,0,-2,0,-3,0,-5,0,-6,0,-7,0,-7,0,-7,0,-8,0,-7,1,-7,0,-6,0,-5,0,-4,0,-3,0,-1,0,0,0,1,0,2,-1,0,0,5,-1,6,-1,6,-2,7,-2,7,-2,7,-1,6,-1,5,-1,5,-1,4,-1,2,-1,1,-1,0,0,-1,0,-2,0,-3,0,-4,0,-5,0,-5,0,-5,0,-6,0,-5,0,-5,0,-5,0,-4,0,-3,0,0,0,0,0,0,0,0,0,0,0]"
CSI_DATA,24437,80:af:ca:27:52:2a,-54,11,1,0,1,1,1,0,0,0,0,-97,0,11,2,327736729,0,83,1,128,0,"[0,0,0,0,0,0,0,0,0,0,0,0,5,-7,4,-7,4,-6,4,-5,3,-4,2,-2,1,-1,0,0,0,1,-1,3,-2,4,-2,6,-2,6,-3,7,-3,7,-3,8,-3,7,-2,7,-2,6,-2,5,-1,4,-1,3,-1,1,0,0,0,-2,0,-3,0,0,0,-6,0,-7,0,-8,0,-8,0,-8,0,-8,0,-8,0,-7,0,-6,0,-4,0,-3,0,-2,0,0,0,1,0,2,0,3,0,4,0,5,0,5,0,5,0,5,0,5,0,5,0,4,0,4,0,3,0,0,0,0,0,0,0,0,0,0]"
CSI_DATA,24438,80:af:ca:27:52:2a,-55,11,1,0,1,1,1,0,0,0,0,-97,0,11,2,327774763,0,83,1,128,0,"[0,0,0,0,0,0,0,0,0,0,0,0,6,6,5,5,4,5,3,4,2,3,1,2,0,1,-1,0,-2,-1,-3,-2,-4,-4,-5,-5,-5,-5,-6,-6,-5,-6,-6,-6,-6,-5,-5,-5,-5,-5,-4,-4,-3,-3,-2,-2,-1,-1,0,0,1,1,2,2,0,0,3,4,4,5,5,5,5,5,5,5,5,5,4,5,4,4,3,4,3,3,2,2,1,1,0,0,0,-1,-1,-2,-1,-3,-2,-4,-2,-4,-2,-5,-3,-5,-2,-5,-2,-5,-2,-5,-2,-5,-2,-4,-1,-3,0,0,0,0,0,0,0,0,0,0]"
CSI_DATA,24439,80:af:ca:27:52:2a,-55,11,1,0,1,1,1,0,0,0,0,-97,0,11,2,327792738,0,83,1,128,0,"[0,0,0,0,0,0,0,0,0,0,0,0,2,1,4,2,5,3,6,4,7,5,7,6,8,6,7,6,7,6,7,5,6,4,5,4,4,2,2,2,0,0,0,0,-2,-1,-4,-2,-5,-3,-7,-4,-7,-4,-8,-4,-9,-4,-9,-4,-9,-5,-8,-4,0,0,-7,-3,-5,-3,-3,-2,-2,0,0,0,0,0,2,2,4,2,5,3,6,4,7,4,7,4,7,4,7,4,6,4,5,3,4,2,3,2,2,1,1,0,0,0,0,-1,-1,-2,-2,-2,-2,-4,-3,-4,0,0,0,0,0,0,0,0,0,0]"
CSI_DATA,24440,80:af:ca:27:52:2a,-54,11,1,0,1,1,1,0,0,0,0,-97,0,11,2,327800926,0,83,1,128,0,"[0,0,0,0,0,0,0,0,0,0,0,0,-7,4,-7,4,-6,3,-5,2,-4,2,-2,1,-1,0,0,-1,1,-2,2,-3,3,-4,4,-5,4,-5,5,-6,6,-6,6,-6,5,-6,4,-5,4,-5,3,-4,2,-3,1,-2,0,-1,0,0,-1,1,-2,2,0,0,-3,4,-4,5,-4,6,-4,6,-5,6,-5,6,-4,5,-4,4,-3,4,-2,3,-1,2,-1,1,0,0,1,-1,1,-1,2,-2,3,-3,3,-4,3,-4,3,-4,3,-4,3,-4,3,-4,3,-3,2,-3,2,-2,0,0,0,0,0,0,0,0,0,0]"
CSI_DATA,24441,80:af:ca:27:52:2a,-54,11,1,2,1,1,1,0,0,0,0,-97,0,11,2,327806339,0,83,1,128,0,"[0,0,0,0,0,0,0,0,0,0,0,0,0,2,-2,4,-3,5,-4,7,-5,8,-5,8,-5,9,-5,8,-5,8,-5,8,-4,7,-4,6,-2,4,-2,2,-1,0,0,0,0,-2,0,-4,1,-5,1,-8,2,-8,2,-9,2,-11,2,-11,2,-10,2,-10,0,0,1,-8,0,-5,0,-4,0,-2,0,0,0,1,-1,3,-2,5,-2,6,-2,7,-2,8,-2,8,-2,8,-2,8,-2,8,-2,7,-2,5,-1,4,-1,2,0,2,0,0,0,0,0,-2,1,-3,2,-4,2,-5,0,0,0,0,0,0,0,0,0,0]"
CSI_DATA,24442,80:af:ca:27:52:2a,-55,11,1,0,1,1,1,0,0,0,0,-97,0,11,2,327824869,0,83,1,128,0,"[0,0,0,0,0,0,0,0,0,0,0,0,4,-7,3,-7,3,-6,3,-5,2,-4,1,-2,0,-1,0,0,0,1,-1,3,-2,4,-2,5,-3,6,-3,7,-3,7,-3,7,-3,7,-2,6,-2,6,-2,5,-1,4,-1,2,0,1,0,0,0,-1,0,-3,0,0,1,-5,1,-7,1,-7,1,-8,2,-8,2,-8,1,-7,1,-6,1,-6,0,-4,0,-3,0,-2,0,-1,-1,0,-1,1,-1,3,-2,3,-2,4,-2,5,-2,5,-3,5,-3,5,-2,4,-2,4,-2,3,-2,3,0,0,0,0,0,0,0,0,0,0]"
CSI_DATA,24443,80:af:ca:27:52:2a,-55,11,1,0,1,1,1,0,0,0,0,-97,0,11,2,327832417,0,83,1,128,0,"[0,0,0,0,0,0,0,0,0,0,0,0,2,0,3,2,5,4,5,5,6,6,7,7,7,8,7,7,7,7,7,6,5,6,5,5,3,4,2,2,0,1,0,0,-2,-1,-4,-2,-5,-3,-6,-4,-8,-5,-8,-5,-8,-5,-9,-5,-9,-5,-8,-5,0,0,-7,-3,-5,-3,-4,-2,-2,-1,0,0,1,0,2,1,4,2,5,2,6,2,7,3,7,4,7,4,7,3,6,3,5,2,5,2,4,1,2,0,1,0,0,0,0,-1,-1,-2,-2,-2,-3,-2,-3,-3,0,0,0,0,0,0,0,0,0,0]"
CSI_DATA,24444,80:af:ca:27:52:2a,-54,11,1,0,1,1,1,0,0,0,0,-97,0,11,2,327848386,0,83,1,128,0,"[0,0,0,0,0,0,0,0,0,0,0,0,-10,-3,-10,-3,-8,-3,-7,-3,-5,-2,-2,-1,-1,-1,1,0,3,0,4,0,6,1,8,1,9,2,10,2,10,2,10,2,10,2,8,2,7,1,6,1,5,1,3,0,1,0,0,0,-2,-1,-4,-1,0,0,-7,-2,-8,-2,-10,-3,-10,-3,-10,-3,-10,-3,-9,-3,-8,-2,-7,-2,-5,-1,-4,-1,-2,0,-1,0,0,1,1,1,3,2,4,3,5,3,5,3,6,3,6,4,5,3,5,3,5,3,3,3,3,2,0,0,0,0,0,0,0,0,0,0]"
CSI_DATA,24445,80:af:ca:27:52:2a,-55,11,1,0,1,1,1,0,0,0,0,-97,0,11,2,327860609,0,83,1,128,0,"[0,0,0,0,0,0,0,0,0,0,0,0,-3,1,-5,1,-7,2,-8,1,-9,2,-11,2,-11,2,-11,2,-11,1,-9,1,-8,1,-7,1,-5,0,-4,0,-2,0,0,0,2,-1,3,-2,5,-2,6,-2,8,-2,8,-3,8,-3,9,-4,9,-3,8,-4,0,0,6,-2,4,-2,3,-2,1,-1,0,0,-2,0,-4,0,-5,0,-6,1,-8,1,-8,2,-8,1,-9,1,-8,1,-8,1,-7,1,-6,1,-5,1,-4,0,-2,0,0,0,0,0,2,0,3,0,4,0,4,0,0,0,0,0,0,0,0,0,0,0]"
CSI_DATA,24446,80:af:ca:27:52:2a,-55,11,1,0,1,1,1,0,0,0,0,-97,0,11,2,327869428,0,83,1,128,0,"[0,0,0,0,0,0,0,0,0,0,0,0,1,1,2,3,3,4,4,6,4,6,4,8,5,8,5,8,4,8,4,7,4,6,3,6,2,4,1,3,0,1,0,0,-2,-1,-3,-2,-4,-4,-5,-5,-5,-6,-6,-6,-6,-7,-7,-7,-7,-7,-6,-6,0,0,-5,-5,-4,-4,-3,-3,-2,-2,0,0,0,0,2,2,2,3,3,4,4,5,5,6,5,6,5,6,5,6,4,6,4,5,4,4,3,3,2,2,1,1,0,0,0,-1,0,-2,-1,-3,-2,-4,-2,-4,0,0,0,0,0,0,0,0,0,0]"
CSI_DATA,24447,80:af:ca:27:52:2a,-56,11,1,0,1,1,1,0,0,0,0,-97,0,11,2,327876758,0,83,1,128,0,"[0,0,0,0,0,0,0,0,0,0,0,0,1,2,0,4,0,5,0,7,0,8,0,9,0,9,0,9,0,9,0,8,0,8,0,6,0,5,0,3,0,1,0,0,-1,-2,-1,-4,-2,-5,-2,-6,-2,-8,-2,-8,-2,-9,-3,-9,-3,-10,-3,-9,0,0,-2,-7,-2,-6,-2,-4,-1,-2,0,0,0,1,0,2,0,4,1,6,2,6,2,8,2,8,2,8,2,8,2,7,2,6,1,5,2,4,1,3,0,2,0,0,0,0,0,-2,0,-3,0,-4,0,-5,0,0,0,0,0,0,0,0,0,0]"
CSI_DATA,24448,80:af:ca:27:52:2a,-55,11,1,2,1,1,1,0,0,0,0,-97,0,11,2,327883618,0,83,1,128,0,"[0,0,0,0,0,0,0,0,0,0,0,0,-3,0,-5,-1,-7,-2,-8,-3,-9,-4,-10,-5,-10,-5,-10,-5,-10,-5,-9,-5,-8,-4,-7,-3,-5,-2,-3,-2,-1,-1,0,0,2,0,3,0,5,1,7,2,8,2,9,2,10,2,10,2,9,2,9,2,0,0,7,1,5,1,3,0,2,0,0,0,-1,-1,-3,-2,-5,-2,-6,-3,-8,-4,-8,-4,-9,-5,-8,-5,-9,-5,-8,-4,-8,-4,-7,-3,-5,-2,-4,-2,-2,-1,-1,0,0,0,0,1,2,2,2,3,2,4,0,0,0,0,0,0,0,0,0,0]"
CSI_DATA,24449,80:af:ca:27:52:2a,-55,11,1,0,1,1,1,0,0,0,0,-97,0,11,2,327892692,0,83,1,128,0,"[0,0,0,0,0,0,0,0,0,0,0,0,-7,-6,-6,-5,-5,-4,-4,-4,-3,-3,-2,-2,-1,-1,0,0,2,0,3,1,4,2,5,3,6,3,6,4,6,4,7,4,7,3,6,3,5,3,4,2,3,2,2,1,1,0,0,0,-2,-1,-3,-1,0,0,-5,-3,-6,-3,-7,-3,-7,-3,-7,-4,-7,-4,-7,-3,-6,-3,-5,-2,-4,-2,-3,-1,-2,0,0,0,0,0,1,1,2,2,3,2,4,2,4,3,4,3,4,3,4,3,4,3,4,2,3,2,2,1,0,0,0,0,0,0,0,0,0,0]"
CSI_DATA,24450,80:af:ca:27:52:2a,-55,11,1,0,1,1,1,0,0,0,0,-97,0,11,2,327901001,0,83,1,128,0,"[0,0,0,0,0,0,0,0,0,0,0,0,2,-1,5,-1,8,0,9,0,10,0,10,0,11,0,11,0,10,0,10,0,9,0,8,0,5,0,3,0,1,0,0,0,-2,0,-5,0,-7,0,-8,0,-9,0,-10,0,-10,0,-11,0,-11,0,-10,0,0,0,-8,0,-6,0,-4,0,-2,0,0,0,1,0,3,0,5,1,6,1,8,1,8,2,8,2,8,2,8,2,8,2,7,1,5,1,5,0,3,0,2,0,0,0,0,-1,-2,-2,-2,-2,-3,-3,-4,-3,0,0,0,0,0,0,0,0,0,0]"
CSI_DATA,24451,80:af:ca:27:52:2a,-55,11,1,2,1,1,1,0,0,0,0,-97,0,11,2,327906389,0,83,1,128,0,"[0,0,0,0,0,0,0,0,0,0,0,0,-3,0,-5,0,-7,-1,-9,-1,-10,-2,-11,-2,-11,-2,-11,-2,-11,-2,-9,-2,-9,-2,-8,-2,-5,-2,-3,-1,-2,0,0,0,2,0,3,0,5,1,7,1,8,1,9,1,9,1,10,2,9,1,9,1,0,0,7,1,5,0,3,0,2,0,0,-1,-2,-1,-3,-2,-5,-2,-6,-2,-7,-3,-8,-3,-8,-4,-8,-4,-8,-4,-8,-3,-7,-3,-6,-2,-5,-2,-3,-2,-2,0,-1,0,0,0,0,1,1,2,2,2,2,3,0,0,0,0,0,0,0,0,0,0]"
CSI_DATA,24452,80:af:ca:27:52:2a,-55,11,1,2,1,1,1,0,0,0,0,-97,0,11,2,327913890,0,83,1,128,0,"[0,0,0,0,0,0,0,0,0,0,0,0,1,-3,3,-4,4,-5,6,-6,7,-7,7,-7,7,-7,7,-7,7,-7,7,-6,6,-5,4,-4,3,-3,2,-2,0,0,0,0,-2,1,-3,2,-5,3,-6,4,-7,5,-7,5,-7,6,-8,6,-7,6,-7,5,0,0,-5,4,-4,3,-2,2,-1,1,0,0,2,0,2,-2,4,-2,5,-3,6,-4,7,-4,7,-4,7,-4,7,-4,7,-4,6,-3,4,-3,4,-2,2,-2,1,-2,0,-1,-1,0,-2,0,-3,0,-4,0,-5,0,0,0,0,0,0,0,0,0,0,0]"
CSI_DATA,24453,80:af:ca:27:52:2a,-55,11,1,0,1,1,1,0,0,0,0,-97,0,11,2,327923640,0,83,1,128,0,"[0,0,0,0,0,0,0,0,0,0,0,0,0,-3,2,-4,2,-6,4,-7,4,-8,5,-9,5,-9,5,-9,5,-8,4,-8,4,-7,3,-6,2,-4,1,-2,0,-1,0,0,-1,2,-2,3,-3,4,-4,6,-4,7,-4,7,-4,8,-4,8,-4,8,-4,8,0,0,-3,6,-2,4,-2,3,-1,1,0,0,0,-1,2,-3,2,-4,3,-6,3,-7,4,-7,4,-7,4,-7,4,-7,4,-7,3,-6,3,-5,2,-4,1,-3,0,-2,0,-1,-1,0,-2,0,-2,1,-4,2,-4,2,0,0,0,0,0,0,0,0,0,0]"
CSI_DATA,24454,80:af:ca:27:52:2a,-55,11,1,0,1,1,1,0,0,0,0,-97,0,11,2,327931214,0,83,1,128,0,"[0,0,0,0,0,0,0,0,0,0,0,0,-1,-9,-1,-8,-1,-7,0,-6,0,-4,0,-3,0,-1,0,0,0,2,1,3,1,5,1,6,1,7,1,7,1,7,2,8,1,7,1,7,1,6,1,5,0,3,0,2,0,1,0,0,-1,-2,-1,-3,0,0,-2,-6,-2,-7,-2,-7,-2,-8,-2,-8,-2,-7,-2,-7,-2,-6,-2,-5,-2,-4,-1,-3,-1,-1,-1,0,0,1,0,2,0,3,0,4,0,5,0,5,0,5,0,5,0,5,0,5,0,4,0,4,0,3,0,0,0,0,0,0,0,0,0,0]"
CSI_DATA,24455,80:af:ca:27:52:2a,-55,11,1,0,1,1,1,0,0,0,0,-97,0,11,2,327940039,0,83,1,128,0,"[0,0,0,0,0,0,0,0,0,0,0,0,0,7,0,7,0,6,0,5,-1,3,-1,2,-1,0,-1,0,-1,-2,-2,-3,-2,-5,-3,-6,-3,-6,-3,-7,-3,-7,-3,-7,-3,-7,-3,-6,-3,-5,-2,-4,-2,-3,-1,-2,0,-1,0,0,1,1,2,2,0,0,3,4,4,5,5,5,5,5,5,5,5,5,5,5,4,4,3,3,3,2,2,1,1,0,0,0,-1,-1,-2,-2,-3,-3,-3,-3,-4,-4,-4,-4,-4,-4,-4,-4,-4,-4,-4,-4,-4,-3,-3,-3,-3,-2,0,0,0,0,0,0,0,0,0,0]"
CSI_DATA,24456,80:af:ca:27:52:2a,-55,11,1,0,1,1,1,0,0,0,0,-97,0,11,2,327949731,0,83,1,128,0,"[0,0,0,0,0,0,0,0,0,0,0,0,-5,-7,-5,-6,-4,-5,-3,-5,-2,-4,-1,-2,0,-1,0,0,1,0,2,1,3,3,4,4,5,5,5,5,5,5,5,5,5,5,5,5,4,4,4,3,2,2,1,1,0,0,0,0,-1,-1,-2,-2,0,0,-4,-4,-5,-5,-6,-5,-6,-5,-6,-5,-6,-5,-6,-5,-5,-4,-5,-4,-4,-3,-3,-2,-2,-1,0,0,0,0,0,1,1,2,2,3,3,4,3,4,3,4,3,4,3,5,3,4,3,4,2,3,2,3,0,0,0,0,0,0,0,0,0,0]"
CSI_DATA,24457,80:af:ca:27:52:2a,-55,11,1,0,1,1,1,0,0,0,0,-97,0,11,2,327967491,0,83,1,128,0,"[0,0,0,0,0,0,0,0,0,0,0,0,2,-1,5,0,6,0,8,0,9,0,10,0,10,0,10,0,10,0,9,0,8,0,7,0,5,0,3,0,1,0,0,0,-2,0,-4,0,-6,-1,-8,-1,-8,-1,-10,-2,-10,-1,-10,-1,-10,-2,-10,-1,0,0,-8,-1,-6,-1,-4,0,-2,0,0,0,0,0,2,1,4,1,5,2,6,2,8,2,8,3,8,3,8,3,7,2,6,2,5,2,4,1,2,0,2,0,0,0,0,-1,-1,-2,-2,-2,-2,-3,-2,-4,0,0,0,0,0,0,0,0,0,0]"
CSI_DATA,24458,80:af:ca:27:52:2a,-55,11,1,0,1,1,1,0,0,0,0,-97,0,11,2,327990657,0,83,1,128,0,"[0,0,0,0,0,0,0,0,0,0,0,0,1,2,2,4,2,6,2,7,2,8,2,9,2,9,2,9,2,9,2,8,2,7,2,7,1,4,0,3,0,1,0,0,-1,-2,-2,-3,-2,-5,-3,-7,-4,-7,-4,-8,-4,-9,-4,-9,-4,-9,-4,-8,0,0,-3,-7,-2,-5,-2,-4,-1,-2,0,0,0,1,0,2,1,4,2,5,2,6,2,7,2,7,2,7,2,8,2,7,2,7,2,5,1,4,0,2,0,1,0,0,0,-1,0,-2,0,-3,0,-4,0,-5,0,0,0,0,0,0,0,0,0,0]"
CSI_DATA,24459,80:af:ca:27:52:2a,-55,11,1,0,1,1,1,0,0,0,0,-97,0,11,2,328007332,0,83,1,128,0,"[0,0,0,0,0,0,0,0,0,0,0,0,3,6,3,5,3,5,2,4,1,3,0,2,0,1,0,0,-1,0,-2,-1,-3,-3,-4,-3,-4,-4,-5,-4,-5,-4,-6,-4,-5,-4,-5,-4,-4,-3,-4,-3,-3,-2,-2,-1,-1,0,0,0,1,0,2,0,0,0,4,1,5,2,5,2,6,2,6,2,6,2,5,2,5,1,4,1,3,0,2,0,1,0,0,0,0,0,-1,-1,-2,-1,-4,-2,-4,-2,-4,-2,-4,-2,-5,-2,-4,-2,-4,-2,-4,-2,-4,-1,-3,-1,0,0,0,0,0,0,0,0,0,0]"
CSI_DATA,24460,80:af:ca:27:52:2a,-56,11,1,0,1,1,1,0,0,0,0,-97,0,11,2,328017510,0,83,1,128,0,"[0,0,0,0,0,0,0,0,0,0,0,0,0,2,0,4,0,6,-1,7,-1,7,-1,8,-1,9,-1,8,-1,8,-1,7,-1,7,-1,6,-1,4,-1,3,0,1,0,0,0,-2,0,-4,0,-5,0,-6,0,-7,0,-8,0,-9,0,-9,0,-9,0,-8,0,0,0,-6,0,-5,0,-3,0,-1,0,0,0,1,-1,3,-1,4,-1,5,-1,6,-1,7,-1,7,-1,7,-1,7,-1,7,-1,6,-1,5,0,4,0,3,0,1,0,0,0,0,1,-1,1,-3,1,-3,1,-4,0,0,0,0,0,0,0,0,0,0]"
CSI_DATA,24461,80:af:ca:27:52:2a,-55,11,1,2,1,1,1,0,0,0,0,-97,0,11,2,328024251,0,83,1,128,0,"[0,0,0,0,0,0,0,0,0,0,0,0,1,2,2,4,2,5,2,7,2,8,2,9,2,10,2,10,2,10,2,9,2,8,1,7,0,5,0,2,0,1,0,0,-1,-2,-2,-4,-2,-5,-2,-7,-3,-8,-3,-9,-4,-10,-4,-10,-4,-10,-4,-9,0,0,-3,-7,-2,-5,-2,-4,-1,-2,0,0,0,1,0,2,0,5,0,5,1,7,1,8,1,8,1,8,1,8,1,8,1,7,1,5,0,4,0,2,0,2,0,0,0,0,0,-2,0,-3,0,-4,0,-5,0,0,0,0,0,0,0,0,0,0]"
CSI_DATA,24462,80:af:ca:27:52:2a,-54,11,1,0,1,1,1,0,0,0,0,-97,0,11,2,328047732,0,83,1,128,0,"[0,0,0,0,0,0,0,0,0,0,0,0,6,-6,5,-6,4,-4,4,-3,3,-2,1,-1,0,0,0,0,-2,2,-2,2,-4,3,-4,4,-5,5,-6,6,-6,6,-6,6,-6,6,-5,5,-4,4,-3,3,-3,2,-2,2,-1,0,0,0,1,-1,2,-2,0,0,3,-4,4,-5,5,-6,5,-6,5,-6,5,-6,5,-6,4,-4,3,-4,2,-3,1,-2,0,-1,0,-1,-1,0,-2,0,-3,1,-4,2,-4,2,-5,2,-5,2,-5,2,-5,2,-4,2,-4,2,-4,1,-3,1,0,0,0,0,0,0,0,0,0,0]"
CSI_DATA,24463,80:af:ca:27:52:2a,-54,11,1,0,1,1,1,0,0,0,0,-97,0,11,2,328066461,0,83,1,128,0,"[0,0,0,0,0,0,0,0,0,0,0,0,1,-9,1,-8,1,-7,1,-6,1,-5,0,-3,0,-1,0,0,0,1,0,3,0,5,0,6,0,7,0,7,0,8,0,8,0,8,0,7,0,7,0,5,0,4,0,3,0,1,0,0,0,-2,0,-3,0,0,0,-6,0,-7,0,-8,-1,-8,0,-8,0,-8,-1,-8,-1,-7,0,-6,-1,-5,0,-4,0,-2,0,0,0,0,0,2,-1,3,-1,4,0,5,-1,5,0,6,-1,6,-1,5,-1,5,-1,5,-1,4,0,3,0,0,0,0,0,0,0,0,0,0]"
CSI_DATA,24464,80:af:ca:27:52:2a,-55,11,1,0,1,1,1,0,0,0,0,-97,0,11,2,328073803,0,83,1,128,0,"[0,0,0,0,0,0,0,0,0,0,0,0,7,2,6,2,6,1,5,2,3,1,2,1,0,0,0,0,-1,0,-3,0,-4,0,-5,-1,-6,-1,-7,-1,-7,-1,-7,-1,-7,-1,-6,-1,-6,-1,-5,0,-4,0,-2,0,-1,0,0,0,0,0,2,0,0,0,4,0,6,0,6,0,7,0,7,0,7,0,6,0,5,0,5,0,4,0,2,0,1,0,0,0,0,0,-1,-1,-2,-1,-3,-1,-4,-1,-5,-1,-5,-2,-5,-2,-5,-2,-5,-2,-4,-1,-4,-1,-3,-1,0,0,0,0,0,0,0,0,0,0]"
CSI_DATA,24465,80:af:ca:27:52:2a,-55,11,1,0,1,1,1,0,0,0,0,-97,0,11,2,328081777,0,83,1,128,0,"[0,0,0,0,0,0,0,0,0,0,0,0,-2,-3,-3,-5,-3,-7,-3,-10,-3,-10,-3,-11,-3,-12,-3,-12,-3,-12,-3,-10,-2,-10,-2,-8,-2,-6,-1,-4,0,-2,0,0,1,2,1,4,2,6,2,7,3,8,4,10,4,10,4,10,4,10,4,10,0,0,3,7,2,6,2,4,1,2,0,0,0,-2,-1,-4,-2,-6,-2,-8,-3,-9,-3,-10,-3,-10,-3,-10,-3,-10,-2,-10,-3,-9,-2,-8,-2,-6,-2,-4,-2,-2,-1,-1,-1,0,0,2,0,3,0,4,0,5,0,0,0,0,0,0,0,0,0,0]"
CSI_DATA,24466,80:af:ca:27:52:2a,-55,11,1,0,1,1,1,0,0,0,0,-97,0,11,2,328091891,0,83,1,128,0,"[0,0,0,0,0,0,0,0,0,0,0,0,1,2,2,4,2,6,2,7,3,8,3,8,3,9,3,9,3,9,3,8,2,8,2,6,1,4,0,3,0,1,0,0,-1,-2,-2,-4,-2,-5,-3,-6,-4,-8,-4,-8,-4,-9,-4,-9,-4,-9,-4,-8,0,0,-3,-6,-2,-5,-2,-4,-1,-2,0,0,0,1,0,3,1,4,1,6,2,6,2,7,2,8,2,8,2,7,2,7,2,6,1,5,1,4,0,3,0,1,0,0,0,0,0,-2,0,-3,0,-4,0,-4,0,0,0,0,0,0,0,0,0,0]"
CSI_DATA,24467,80:af:ca:27:52:2a,-55,11,1,0,1,1,1,0,0,0,0,-97,0,11,2,328100225,0,83,1,128,0,"[0,0,0,0,0,0,0,0,0,0,0,0,-4,-7,-4,-6,-4,-6,-3,-5,-2,-4,-1,-3,0,-1,0,0,1,1,2,2,2,3,3,4,3,5,4,5,4,5,4,6,4,5,4,5,3,4,3,4,2,3,1,2,1,1,0,0,-1,-1,-2,-2,0,0,-3,-4,-4,-5,-5,-5,-5,-5,-5,-5,-5,-5,-4,-5,-4,-4,-4,-4,-3,-3,-2,-2,-1,-1,-1,0,0,0,0,1,1,2,2,3,2,3,2,4,2,4,2,4,2,4,2,4,2,3,1,3,1,2,0,0,0,0,0,0,0,0,0,0]"
CSI_DATA,24468,80:af:ca:27:52:2a,-54,11,1,0,1,1,1,0,0,0,0,-97,0,11,2,328106362,0,83,1,128,0,"[0,0,0,0,0,0,0,0,0,0,0,0,-2,-9,-2,-9,-1,-8,-1,-6,0,-5,0,-2,0,-1,0,0,0,2,0,4,0,6,0,7,0,8,0,9,0,9,0,9,0,9,0,8,0,6,0,5,0,4,0,2,0,1,0,-1,0,-2,0,-4,0,0,1,-7,1,-8,1,-9,1,-9,1,-9,1,-9,1,-8,1,-7,0,-6,0,-5,0,-4,0,-2,-1,-1,-1,0,-2,1,-2,2,-3,4,-4,4,-4,4,-4,5,-4,5,-4,4,-4,4,-4,4,-3,3,-2,2,0,0,0,0,0,0,0,0,0,0]"
CSI_DATA,24469,80:af:ca:27:52:2a,-55,11,1,0,1,1,1,0,0,0,0,-97,0,11,2,328125899,0,83,1,128,0,"[0,0,0,0,0,0,0,0,0,0,0,0,-2,-7,-2,-7,-1,-6,-1,-5,0,-4,0,-2,0,-1,0,0,0,0,1,2,1,3,1,4,2,5,2,6,2,6,2,6,2,6,2,5,2,4,1,4,1,3,0,2,0,0,0,0,0,-1,-1,-2,0,0,-2,-4,-3,-5,-3,-6,-3,-6,-3,-6,-3,-6,-3,-6,-2,-5,-2,-4,-2,-3,-1,-2,-1,-1,0,0,0,0,0,1,0,2,0,3,0,4,1,4,1,4,1,4,1,4,0,4,0,4,0,3,0,2,0,0,0,0,0,0,0,0,0,0]"
CSI_DATA,24470,80:af:ca:27:52:2a,-55,11,1,2,1,1,1,0,0,0,0,-97,0,11,2,328139515,0,83,1,128,0,"[0,0,0,0,0,0,0,0,0,0,0,0,0,-2,1,-4,2,-5,4,-6,5,-8,6,-8,6,-8,6,-8,6,-8,6,-8,5,-7,5,-6,3,-4,2,-3,0,-2,0,0,-1,1,-2,2,-3,4,-4,5,-5,6,-5,7,-6,8,-5,8,-5,8,-5,8,0,0,-4,6,-3,5,-2,3,-1,2,0,0,0,0,2,-2,3,-3,4,-5,5,-5,5,-6,5,-7,5,-7,5,-7,5,-6,5,-6,4,-5,3,-4,2,-3,1,-2,0,-1,-1,0,-2,0,-2,0,-4,1,-5,1,0,0,0,0,0,0,0,0,0,0]"
CSI_DATA,24471,80:af:ca:27:52:2a,-55,11,1,0,1,1,1,0,0,0,0,-97,0,11,2,328147566,0,83,1,128,0,"[0,0,0,0,0,0,0,0,0,0,0,0,5,-6,4,-5,4,-4,4,-4,2,-2,1,-1,0,0,0,0,0,1,-1,2,-2,3,-3,4,-4,5,-4,5,-4,5,-5,6,-4,6,-4,5,-3,5,-3,4,-2,3,-1,1,0,0,0,0,0,-1,1,-2,0,0,2,-4,3,-5,3,-6,3,-6,4,-6,4,-6,3,-6,3,-5,2,-5,1,-4,0,-3,0,-1,0,0,-1,0,-1,0,-2,1,-3,2,-3,3,-4,3,-4,3,-4,3,-4,3,-4,3,-3,3,-3,2,-2,2,0,0,0,0,0,0,0,0,0,0]"
CSI_DATA,24472,80:af:ca:27:52:2a,-54,11,1,0,1,1,1,0,0,0,0,-97,0,11,2,328157740,0,83,1,128,0,"[0,0,0,0,0,0,0,0,0,0,0,0,-7,-4,-7,-3,-6,-3,-5,-3,-4,-2,-2,-2,-1,-1,0,0,1,0,3,1,4,1,5,2,6,2,6,2,6,2,7,3,7,2,6,2,6,2,4,1,3,1,2,0,1,0,0,0,-2,-1,-3,-1,0,0,-5,-2,-6,-2,-7,-2,-7,-2,-7,-3,-7,-2,-6,-2,-6,-2,-5,-2,-4,-1,-3,-1,-2,0,0,0,0,0,1,1,2,1,3,2,4,2,4,2,4,2,4,2,4,2,4,2,3,2,3,2,2,1,0,0,0,0,0,0,0,0,0,0]"
CSI_DATA,24473,80:af:ca:27:52:2a,-55,11,1,0,1,1,1,0,0,0,0,-97,0,11,2,328192119,0,83,1,128,0,"[0,0,0,0,0,0,0,0,0,0,0,0,-3,-8,-3,-7,-2,-7,-1,-6,-1,-5,0,-3,0,-1,0,0,1,1,1,3,2,4,2,5,3,6,3,6,3,7,3,7,3,6,3,6,3,5,2,4,1,3,1,2,0,1,0,0,-1,-2,-2,-3,0,0,-3,-5,-3,-6,-4,-6,-4,-7,-4,-7,-4,-7,-4,-6,-3,-6,-3,-5,-3,-4,-2,-2,-1,-1,-1,0,0,1,0,2,0,3,1,4,1,4,1,5,1,5,1,5,1,5,1,5,1,4,1,4,1,3,0,0,0,0,0,0,0,0,0,0]"
CSI_DATA,24474,80:af:ca:27:52:2a,-55,11,1,0,1,1,1,0,0,0,0,-97,0,11,2,328201706,0,83,1,128,0,"[0,0,0,0,0,0,0,0,0,0,0,0,-3,-7,-3,-7,-2,-6,-2,-5,-1,-4,0,-3,0,-1,0,0,1,1,2,2,3,4,3,5,4,5,4,6,4,6,4,6,4,6,4,5,3,5,3,4,2,3,1,2,0,0,0,0,-1,-1,-2,-2,0,0,-4,-4,-5,-5,-5,-6,-6,-6,-6,-6,-5,-6,-5,-5,-4,-5,-4,-4,-3,-3,-2,-2,-1,-1,-1,0,0,1,1,2,1,3,2,3,3,4,3,4,3,4,3,5,3,4,3,4,2,4,2,3,1,2,0,0,0,0,0,0,0,0,0,0]"
CSI_DATA,24475,80:af:ca:27:52:2a,-55,11,1,0,1,1,1,0,0,0,0,-97,0,11,2,328210642,0,83,1,128,0,"[0,0,0,0,0,0,0,0,0,0,0,0,-3,0,-5,0,-7,0,-8,0,-9,0,-10,0,-10,0,-10,0,-10,-1,-9,-1,-8,-1,-7,-1,-5,0,-3,-1,-1,0,0,0,2,0,4,0,5,0,6,0,8,0,8,-1,9,-1,9,-1,9,-1,8,-2,0,0,6,-1,4,-1,3,-1,1,0,0,-1,-2,0,-4,0,-6,0,-7,0,-8,0,-9,0,-9,0,-9,0,-9,0,-8,0,-8,0,-6,0,-5,0,-4,0,-2,0,-1,0,0,0,1,0,2,1,3,1,4,1,0,0,0,0,0,0,0,0,0,0]"
CSI_DATA,24476,80:af:ca:27:52:2a,-55,11,1,0,1,1,1,0,0,0,0,-97,0,11,2,328249525,0,83,1,128,0,"[0,0,0,0,0,0,0,0,0,0,0,0,3,0,5,0,6,0,8,0,9,0,9,0,10,0,10,0,9,0,8,0,8,0,6,0,4,0,2,0,0,0,0,0,-2,0,-4,0,-6,0,-8,0,-8,0,-9,0,-10,0,-10,0,-10,0,-9,0,0,0,-7,0,-5,0,-4,0,-2,0,0,0,1,0,3,0,4,0,6,0,7,0,8,0,8,0,8,0,8,0,7,0,6,0,5,0,4,-1,2,0,1,-1,0,0,-1,-1,-2,-1,-3,-1,-4,-1,-4,-1,0,0,0,0,0,0,0,0,0,0]"
CSI_DATA,24477,80:af:ca:27:52:2a,-55,11,1,0,1,1,1,0,0,0,0,-97,0,11,2,328257769,0,83,1,128,0,"[0,0,0,0,0,0,0,0,0,0,0,0,-4,-1,-5,-3,-6,-4,-7,-6,-8,-6,-8,-7,-9,-7,-9,-7,-8,-7,-8,-6,-7,-6,-6,-5,-4,-4,-2,-3,-1,-1,0,0,2,0,3,2,5,2,6,4,7,4,8,4,8,5,8,5,8,5,8,4,0,0,6,3,4,2,3,1,2,0,0,0,-2,-2,-3,-3,-4,-4,-6,-4,-7,-5,-8,-6,-8,-6,-7,-6,-8,-6,-7,-5,-6,-4,-6,-4,-4,-3,-4,-2,-2,-1,-1,0,0,0,0,2,1,3,2,4,2,4,0,0,0,0,0,0,0,0,0,0]"
CSI_DATA,24478,80:af:ca:27:52:2a,-55,11,1,0,1,1,1,0,0,0,0,-97,0,11,2,328282109,0,83,1,128,0,"[0,0,0,0,0,0,0,0,0,0,0,0,-2,-2,-3,-4,-4,-5,-5,-8,-5,-8,-5,-10,-5,-10,-6,-10,-5,-10,-5,-9,-5,-8,-4,-8,-3,-5,-2,-4,-1,-2,0,0,1,0,2,2,3,4,4,5,5,6,5,7,5,7,7,8,6,8,6,7,0,0,5,5,3,4,2,2,1,1,0,0,-1,-1,-2,-3,-3,-4,-4,-5,-5,-6,-5,-8,-5,-8,-5,-8,-5,-8,-5,-7,-5,-6,-4,-5,-3,-4,-2,-3,-2,-2,-1,0,0,0,0,1,0,2,1,3,1,4,0,0,0,0,0,0,0,0,0,0]"
CSI_DATA,24479,80:af:ca:27:52:2a,-55,11,1,0,1,1,1,0,0,0,0,-97,0,11,2,328291207,0,83,1,128,0,"[0,0,0,0,0,0,0,0,0,0,0,0,-3,8,-2,7,-2,7,-2,5,-2,4,-1,2,-1,1,-1,0,0,-2,0,-4,0,-5,0,-6,0,-7,0,-8,1,-8,0,-9,0,-8,0,-7,0,-7,0,-6,0,-5,0,-3,0,-2,0,0,0,1,0,2,0,0,0,5,0,6,0,7,0,7,0,7,0,7,0,7,0,6,0,5,0,4,0,3,0,1,0,0,0,-1,0,-2,0,-3,0,-4,0,-5,0,-5,0,-6,0,-6,0,-5,0,-5,0,-5,0,-4,0,-3,0,0,0,0,0,0,0,0,0,0]"
CSI_DATA,24480,80:af:ca:27:52:2a,-55,11,1,0,1,1,1,0,0,0,0,-97,0,11,2,328298862,0,83,1,128,0,"[0,0,0,0,0,0,0,0,0,0,0,0,1,7,1,7,0,6,0,5,0,3,0,2,0,0,0,0,0,-2,-1,-3,-1,-5,-1,-6,-1,-7,-1,-7,-1,-7,-2,-8,-2,-7,-1,-6,-1,-6,-1,-5,-1,-3,0,-2,0,-1,0,0,0,1,0,2,0,0,0,5,0,6,0,6,0,7,0,7,0,7,0,6,0,5,0,5,0,3,0,2,0,1,0,0,0,0,0,-2,0,-3,0,-4,0,-4,0,-5,0,-5,0,-5,0,-5,0,-5,0,-5,0,-4,0,-3,0,0,0,0,0,0,0,0,0,0]"
CSI_DATA,24481,80:af:ca:27:52:2a,-55,11,1,0,1,1,1,0,0,0,0,-97,0,11,2,328310032,0,83,1,128,0,"[0,0,0,0,0,0,0,0,0,0,0,0,1,-3,2,-4,4,-6,5,-6,6,-7,6,-7,6,-7,6,-7,6,-6,6,-6,6,-5,4,-4,3,-3,2,-2,0,0,0,0,-2,1,-3,2,-4,4,-5,4,-6,5,-6,6,-6,6,-7,6,-7,6,-6,6,0,0,-4,4,-4,3,-2,2,-1,1,0,0,1,-1,2,-2,4,-2,4,-4,6,-4,6,-4,6,-4,6,-4,6,-4,6,-4,5,-4,4,-3,3,-3,2,-2,0,-2,0,-1,-1,0,-2,0,-3,0,-4,0,-4,0,0,0,0,0,0,0,0,0,0,0]"
CSI_DATA,24482,80:af:ca:27:52:2a,-55,11,1,0,1,1,1,0,0,0,0,-97,0,11,2,328326480,0,83,1,128,0,"[0,0,0,0,0,0,0,0,0,0,0,0,-2,-3,-2,-6,-2,-8,-1,-10,-2,-11,-2,-12,-2,-13,-2,-13,-2,-13,-2,-11,-1,-11,-1,-9,-1,-7,0,-5,0,-2,0,0,0,2,2,4,2,6,2,8,3,8,3,10,4,10,4,11,4,11,4,10,0,0,3,8,2,6,2,4,0,2,0,0,0,-2,-2,-4,-2,-6,-3,-8,-4,-8,-4,-9,-4,-10,-4,-10,-4,-10,-4,-9,-4,-8,-3,-7,-3,-5,-2,-4,-2,-2,-1,0,0,0,0,2,0,3,0,4,0,5,0,0,0,0,0,0,0,0,0,0]"
CSI_DATA,24483,80:af:ca:27:52:2a,-55,11,1,0,1,1,1,0,0,0,0,-97,0,11,2,328334294,0,83,1,128,0,"[0,0,0,0,0,0,0,0,0,0,0,0,6,3,6,3,5,3,4,3,2,2,1,1,0,1,0,0,-2,0,-3,0,-5,0,-6,0,-7,0,-7,0,-8,0,-8,0,-7,0,-7,0,-6,0,-5,0,-3,0,-2,0,-1,0,0,0,1,0,2,-1,0,0,5,-1,6,-1,7,-2,7,-2,7,-2,7,-2,6,-2,5,-2,4,-2,3,-1,2,-1,0,0,0,0,-1,0,-2,0,-3,0,-4,1,-5,1,-5,1,-5,1,-5,1,-5,1,-5,1,-4,1,-4,1,-3,1,0,0,0,0,0,0,0,0,0,0]"
CSI_DATA,24484,80:af:ca:27:52:2a,-56,11,1,0,1,1,1,0,0,0,0,-97,0,11,2,328342772,0,83,1,128,0,"[0,0,0,0,0,0,0,0,0,0,0,0,-3,0,-5,-2,-7,-3,-8,-5,-9,-5,-9,-6,-10,-7,-10,-6,-9,-6,-9,-5,-8,-5,-7,-5,-5,-3,-3,-3,-1,-1,0,0,2,0,4,1,5,1,7,2,8,3,9,3,10,3,11,3,11,3,10,2,0,0,7,1,5,1,4,0,1,0,0,0,-1,-1,-3,-1,-5,-2,-7,-3,-8,-3,-9,-3,-9,-4,-10,-4,-10,-3,-9,-3,-9,-3,-7,-2,-6,-1,-4,-1,-3,0,-1,0,0,0,1,1,2,1,3,3,4,3,0,0,0,0,0,0,0,0,0,0]"
CSI_DATA,24485,80:af:ca:27:52:2a,-55,11,1,2,1,1,1,0,0,0,0,-97,0,11,2,328348731,0,83,1,128,0,"[0,0,0,0,0,0,0,0,0,0,0,0,-2,0,-5,-2,-6,-2,-8,-4,-8,-5,-9,-5,-10,-5,-10,-5,-9,-5,-8,-5,-8,-5,-7,-4,-5,-3,-3,-2,-2,-1,0,0,1,0,3,1,5,2,6,2,7,3,8,3,9,4,9,4,9,4,8,3,0,0,7,2,5,2,3,1,2,0,0,0,-1,-1,-2,-2,-4,-2,-5,-4,-7,-4,-8,-5,-8,-5,-8,-5,-8,-5,-8,-5,-7,-5,-6,-4,-5,-3,-3,-2,-2,-1,-1,0,0,0,0,1,1,2,2,2,2,3,0,0,0,0,0,0,0,0,0,0]"
CSI_DATA,24486,80:af:ca:27:52:2a,-55,11,1,2,1,1,1,0,0,0,0,-97,0,11,2,328361919,0,83,1,128,0,"[0,0,0,0,0,0,0,0,0,0,0,0,-3,-1,-4,-3,-6,-4,-7,-6,-8,-6,-9,-7,-9,-8,-9,-8,-9,-8,-8,-7,-7,-6,-6,-6,-4,-4,-3,-3,-1,-1,0,0,1,0,3,2,4,3,6,4,6,5,7,5,8,6,8,6,8,6,7,5,0,0,6,3,4,3,3,2,1,0,0,0,-1,-1,-2,-3,-3,-3,-4,-5,-6,-6,-6,-6,-6,-6,-6,-6,-6,-6,-6,-6,-5,-6,-5,-5,-3,-3,-3,-3,-2,-1,-1,0,0,0,0,1,0,2,1,3,1,4,0,0,0,0,0,0,0,0,0,0]"
CSI_DATA,24487,80:af:ca:27:52:2a,-55,11,1,0,1,1,1,0,0,0,0,-97,0,11,2,328371748,0,83,1,128,0,"[0,0,0,0,0,0,0,0,0,0,0,0,4,-7,4,-6,4,-5,3,-4,2,-2,1,-1,0,0,0,1,-2,2,-2,3,-4,3,-4,4,-5,5,-6,6,-6,6,-6,6,-6,5,-5,4,-4,4,-3,3,-3,2,-2,1,0,0,0,0,1,-1,2,-2,0,0,4,-3,5,-4,6,-4,6,-5,6,-4,6,-4,6,-4,4,-4,4,-3,3,-3,2,-2,1,-1,0,-1,-1,0,-2,0,-3,0,-4,0,-5,1,-6,1,-6,1,-6,1,-6,0,-5,0,-5,0,-4,0,-3,0,0,0,0,0,0,0,0,0,0,0]"
CSI_DATA,24488,80:af:ca:27:52:2a,-54,11,1,2,1,1,1,0,0,0,0,-97,0,11,2,328382094,0,83,1,128,0,"[0,0,0,0,0,0,0,0,0,0,0,0,-3,-2,-5,-3,-5,-5,-7,-6,-8,-7,-8,-8,-8,-8,-8,-8,-8,-8,-8,-7,-6,-6,-5,-5,-4,-4,-2,-2,-1,-1,0,0,2,0,3,2,5,2,6,4,7,5,8,5,8,5,8,5,8,5,8,5,0,0,5,3,4,2,2,1,1,0,0,0,-2,-1,-3,-2,-5,-3,-5,-4,-6,-5,-7,-5,-8,-5,-8,-5,-8,-5,-7,-5,-6,-5,-5,-4,-4,-2,-3,-2,-2,-1,-1,0,0,0,0,1,1,2,2,2,2,3,0,0,0,0,0,0,0,0,0,0]"
CSI_DATA,24489,80:af:ca:27:52:2a,-55,11,1,0,1,1,1,0,0,0,0,-97,0,11,2,328391739,0,83,1,128,0,"[0,0,0,0,0,0,0,0,0,0,0,0,-2,-3,-1,-5,-1,-7,-1,-8,-1,-9,-1,-10,-1,-10,-1,-10,-1,-10,-1,-10,0,-9,0,-8,0,-6,0,-4,0,-2,0,0,0,2,1,3,1,5,2,6,2,8,2,8,2,9,3,9,3,9,3,8,0,0,2,6,2,4,1,3,0,1,0,0,0,-2,-1,-4,-2,-5,-2,-6,-3,-7,-3,-8,-3,-8,-3,-8,-4,-8,-3,-8,-3,-6,-2,-6,-2,-4,-2,-3,-1,-2,-1,0,0,0,0,2,0,3,0,4,0,4,0,0,0,0,0,0,0,0,0,0]"
CSI_DATA,24490,80:af:ca:27:52:2a,-56,11,1,0,1,1,1,0,0,0,0,-97,0,11,2,328400556,0,83,1,128,0,"[0,0,0,0,0,0,0,0,0,0,0,0,0,-3,2,-4,3,-6,4,-6,5,-7,6,-7,6,-8,6,-8,6,-8,5,-7,6,-6,4,-5,3,-4,2,-2,0,-1,0,0,0,2,-2,3,-2,5,-3,6,-3,7,-4,8,-4,8,-4,9,-4,8,-3,8,0,0,-2,6,-2,4,-1,3,0,1,0,0,0,-2,1,-4,1,-5,2,-6,2,-8,2,-8,2,-8,2,-8,2,-9,2,-8,1,-8,0,-6,0,-5,0,-4,0,-2,0,-1,-1,0,-1,1,-2,2,-2,3,-2,4,0,0,0,0,0,0,0,0,0,0]"
CSI_DATA,24491,80:af:ca:27:52:2a,-55,11,1,0,1,1,1,0,0,0,0,-97,0,11,2,328409399,0,83,1,128,0,"[0,0,0,0,0,0,0,0,0,0,0,0,-7,2,-6,1,-6,1,-5,0,-4,0,-2,0,-1,0,0,0,1,-1,2,-1,4,-2,5,-2,5,-2,5,-3,6,-3,6,-3,6,-3,5,-3,5,-2,4,-2,3,-1,2,-1,0,0,0,0,-1,0,-2,1,0,0,-5,2,-5,2,-6,2,-6,3,-6,3,-6,3,-6,2,-5,2,-5,2,-4,1,-3,1,-1,0,0,0,0,0,1,0,2,0,4,0,4,-1,5,-1,5,-1,5,-1,5,-1,5,-1,4,-1,4,0,3,0,0,0,0,0,0,0,0,0,0,0]"
CSI_DATA,24492,80:af:ca:27:52:2a,-55,11,1,0,1,1,1,0,0,0,0,-97,0,11,2,328427921,0,83,1,128,0,"[0,0,0,0,0,0,0,0,0,0,0,0,-7,2,-6,2,-6,1,-5,1,-4,0,-2,0,-1,0,0,0,1,0,2,-1,3,-1,4,-2,5,-2,6,-2,6,-2,6,-2,6,-2,5,-2,5,-2,4,-1,3,-1,2,-1,0,0,0,0,-1,0,-2,0,0,0,-4,0,-5,1,-6,1,-6,1,-6,1,-6,1,-6,1,-5,1,-5,1,-3,0,-2,0,-1,0,0,0,0,0,1,0,2,0,3,0,3,0,4,0,4,0,4,0,4,0,4,0,3,0,3,0,2,0,0,0,0,0,0,0,0,0,0,0]"
CSI_DATA,24493,80:af:ca:27:52:2a,-54,11,1,0,1,1,1,0,0,0,0,-97,0,11,2,328435176,0,83,1,128,0,"[0,0,0,0,0,0,0,0,0,0,0,0,-5,-8,-5,-8,-4,-7,-2,-6,-2,-4,-1,-2,0,-1,0,0,1,2,2,4,2,5,3,7,3,7,3,8,3,8,4,8,3,8,2,7,2,6,2,5,1,4,1,2,0,0,0,-1,0,-2,-1,-4,0,0,-1,-7,-1,-8,-2,-9,-2,-10,-2,-9,-1,-9,-1,-8,-1,-7,-1,-7,-1,-5,-1,-4,-1,-2,-1,0,-1,1,-1,2,-1,3,-1,4,-1,5,-1,5,-1,6,-2,6,-2,6,-2,5,-1,5,-1,4,-1,3,0,0,0,0,0,0,0,0,0,0]"
CSI_DATA,24494,80:af:ca:27:52:2a,-55,11,1,0,1,1,1,0,0,0,0,-97,0,11,2,328442820,0,83,1,128,0,"[0,0,0,0,0,0,0,0,0,0,0,0,0,3,-2,4,-2,6,-4,7,-4,8,-4,8,-5,9,-4,9,-5,8,-4,7,-4,7,-4,5,-2,4,-2,2,-1,0,0,-1,0,-2,1,-4,2,-5,2,-7,3,-8,3,-9,3,-9,3,-9,3,-9,2,-9,0,0,2,-7,2,-5,0,-4,0,-2,0,0,-1,1,-2,2,-3,4,-4,5,-4,6,-4,7,-4,7,-4,7,-4,7,-4,6,-4,5,-3,4,-2,4,-2,2,0,1,0,0,0,0,1,-1,2,-2,2,-2,3,-3,0,0,0,0,0,0,0,0,0,0]"
CSI_DATA,24495,80:af:ca:27:52:2a,-55,11,1,0,1,1,1,0,0,0,0,-97,0,11,2,328451937,0,83,1,128,0,"[0,0,0,0,0,0,0,0,0,0,0,0,-1,8,-1,7,-1,6,-1,5,-1,4,-1,2,-1,1,-1,0,0,-2,-1,-4,0,-5,-1,-6,-1,-7,-1,-8,-1,-8,-1,-9,-1,-8,-1,-7,-1,-7,-1,-5,0,-4,0,-3,0,-1,0,0,0,1,0,3,0,0,1,5,1,6,1,7,1,7,1,7,1,7,1,7,1,6,1,5,1,4,1,3,0,1,0,0,0,-1,0,-2,0,-4,0,-5,-1,-5,-1,-6,-1,-6,-1,-6,-1,-6,-1,-6,-1,-5,0,-4,0,-4,0,0,0,0,0,0,0,0,0,0]"
CSI_DATA,24496,80:af:ca:27:52:2a,-54,11,1,0,1,1,1,0,0,0,0,-97,0,11,2,328460118,0,83,1,128,0,"[0,0,0,0,0,0,0,0,0,0,0,0,8,0,7,0,6,0,5,1,4,0,2,0,1,0,0,0,-2,0,-3,0,-5,0,-6,0,-7,0,-7,0,-8,0,-9,0,-8,0,-7,0,-6,0,-5,0,-4,0,-3,0,-1,0,0,0,1,0,2,-1,0,0,5,-1,6,-1,7,-2,7,-2,7,-2,7,-2,7,-2,6,-1,5,-1,4,-1,2,-1,1,-1,0,-1,-1,0,-2,0,-3,0,-4,0,-5,0,-5,0,-6,0,-6,0,-6,0,-5,0,-5,0,-4,0,-3,0,0,0,0,0,0,0,0,0,0,0]"
CSI_DATA,24497,80:af:ca:27:52:2a,-55,11,1,0,1,1,1,0,0,0,0,-97,0,11,2,328476295,0,83,1,128,0,"[0,0,0,0,0,0,0,0,0,0,0,0,-6,-6,-6,-6,-5,-5,-4,-5,-3,-3,-2,-2,0,-1,0,0,1,0,3,1,4,2,5,3,5,3,6,4,6,4,7,4,6,3,6,3,5,3,4,2,3,2,2,1,1,0,0,0,-2,-1,-3,-1,0,0,-5,-2,-6,-3,-7,-3,-7,-3,-7,-3,-7,-3,-7,-3,-6,-2,-5,-2,-4,-1,-3,-1,-2,0,0,0,0,0,2,1,3,1,3,2,4,2,4,2,5,2,5,2,5,2,4,2,4,2,3,2,3,1,0,0,0,0,0,0,0,0,0,0]"
CSI_DATA,24498,80:af:ca:27:52:2a,-55,11,1,0,1,1,1,0,0,0,0,-97,0,11,2,328485692,0,83,1,128,0,"[0,0,0,0,0,0,0,0,0,0,0,0,-1,2,-2,4,-4,4,-5,6,-6,6,-6,7,-6,7,-6,7,-6,7,-6,6,-6,6,-4,5,-4,3,-2,2,-1,0,0,0,0,-2,2,-3,3,-4,4,-6,4,-6,5,-7,4,-7,5,-8,5,-8,4,-8,0,0,3,-6,2,-4,2,-3,0,-2,0,0,-2,0,-2,2,-4,2,-4,4,-5,4,-6,5,-6,5,-6,5,-6,5,-5,4,-5,4,-4,4,-3,3,-2,2,-1,1,0,0,0,0,1,0,2,-1,3,-2,4,-2,0,0,0,0,0,0,0,0,0,0]"
CSI_DATA,24499,80:af:ca:27:52:2a,-54,11,1,2,1,1,1,0,0,0,0,-97,0,11,2,328491858,0,83,1,128,0,"[0,0,0,0,0,0,0,0,0,0,0,0,1,2,1,4,1,6,1,8,1,10,1,10,1,11,1,11,1,10,1,10,0,9,0,7,0,5,0,3,0,1,0,0,0,-3,-1,-4,-1,-6,-1,-8,-1,-9,-1,-10,-1,-10,-1,-11,-1,-10,-1,-10,0,0,-1,-8,-1,-6,-1,-4,0,-2,-1,0,-1,1,-1,3,-1,4,-1,6,-1,7,-1,8,-1,9,-2,9,-2,8,-1,7,-1,7,-1,6,0,4,0,3,0,2,0,0,0,0,1,-1,1,-3,2,-3,3,-4,0,0,0,0,0,0,0,0,0,0]"
CSI_DATA,24500,80:af:ca:27:52:2a,-54,11,1,0,1,1,1,0,0,0,0,-97,0,11,2,328504963,0,83,1,128,0,"[0,0,0,0,0,0,0,0,0,0,0,0,5,8,5,7,4,6,3,6,2,4,1,2,0,0,-1,0,-2,-2,-3,-3,-4,-6,-5,-7,-6,-7,-6,-8,-6,-8,-6,-8,-6,-8,-6,-7,-5,-6,-4,-5,-3,-4,-2,-2,-1,-1,0,0,1,1,2,3,0,0,4,5,5,6,5,7,5,7,5,7,5,7,5,7,4,6,3,5,3,3,2,2,1,1,0,0,0,-1,-1,-3,-1,-4,-2,-5,-2,-6,-2,-6,-3,-6,-2,-7,-2,-6,-2,-6,-2,-6,-2,-5,-1,-4,0,0,0,0,0,0,0,0,0,0]"
CSI_DATA,24501,80:af:ca:27:52:2a,-55,11,1,0,1,1,1,0,0,0,0,-97,0,11,2,328514006,0,83,1,128,0,"[0,0,0,0,0,0,0,0,0,0,0,0,0,2,0,4,0,6,-1,8,-1,8,-2,9,-2,9,-2,9,-2,9,-2,8,-2,7,-1,6,-1,4,-1,2,0,1,0,0,0,-2,0,-4,0,-6,0,-7,0,-8,0,-9,0,-9,0,-10,0,-10,0,-9,0,0,0,-6,0,-5,0,-4,0,-2,0,0,0,1,0,3,0,4,0,6,0,6,0,8,0,8,0,8,0,8,0,7,0,6,0,5,0,4,0,2,0,1,0,0,0,-1,0,-2,0,-3,0,-4,1,-4,0,0,0,0,0,0,0,0,0,0]"
CSI_DATA,24502,80:af:ca:27:52:2a,-54,11,1,0,1,1,1,0,0,0,0,-97,0,11,2,328521234,0,83,1,128,0,"[0,0,0,0,0,0,0,0,0,0,0,0,-9,0,-8,0,-7,0,-6,-1,-4,-1,-3,-1,-1,-1,0,-1,2,-1,3,-1,5,-1,6,-1,7,-1,7,-1,7,-1,8,-1,7,-1,7,-1,6,-1,4,-1,3,-1,2,0,1,0,0,0,-2,0,-3,0,0,0,-6,1,-7,1,-7,1,-8,1,-8,1,-8,1,-7,1,-6,1,-5,1,-4,1,-3,1,-1,0,0,0,1,0,2,0,3,0,4,0,4,0,5,0,5,-1,6,0,5,0,5,0,4,-1,3,0,3,0,0,0,0,0,0,0,0,0,0,0]"
CSI_DATA,24503,80:af:ca:27:52:2a,-56,11,1,0,1,1,1,0,0,0,0,-97,0,11,2,328530958,0,83,1,128,0,"[0,0,0,0,0,0,0,0,0,0,0,0,2,-2,4,-2,6,-3,8,-3,8,-3,9,-3,10,-4,9,-4,9,-3,8,-3,8,-2,6,-2,4,-2,3,0,1,0,0,0,-2,2,-3,2,-4,4,-6,4,-6,5,-7,6,-8,6,-8,6,-8,6,-7,6,0,0,-5,5,-4,4,-2,2,-1,1,0,0,1,-2,2,-3,3,-4,4,-6,4,-6,5,-7,5,-8,5,-8,4,-8,4,-7,4,-6,3,-6,2,-5,1,-4,0,-2,0,-1,-1,0,-2,1,-3,2,-3,2,-4,4,0,0,0,0,0,0,0,0,0,0]"
CSI_DATA,24504,80:af:ca:27:52:2a,-55,11,1,0,1,1,1,0,0,0,0,-97,0,11,2,328540010,0,83,1,128,0,"[0,0,0,0,0,0,0,0,0,0,0,0,0,2,-1,4,-2,6,-3,7,-4,8,-4,8,-4,8,-4,8,-4,8,-4,8,-4,6,-3,6,-2,4,-2,2,-1,0,0,0,0,-2,0,-4,1,-5,2,-6,2,-8,2,-9,2,-9,2,-10,2,-10,2,-9,0,0,1,-7,1,-6,0,-4,0,-2,0,0,-1,1,-2,2,-2,4,-3,6,-3,6,-3,8,-4,7,-4,8,-4,8,-3,7,-3,6,-2,6,-2,4,-1,3,0,2,0,0,0,0,1,-1,2,-2,2,-3,3,-4,0,0,0,0,0,0,0,0,0,0]"
CSI_DATA,24505,80:af:ca:27:52:2a,-55,11,1,0,1,1,1,0,0,0,0,-97,0,11,2,328548429,0,83,1,128,0,"[0,0,0,0,0,0,0,0,0,0,0,0,6,5,5,4,5,4,4,4,3,3,1,2,0,1,-1,0,-2,-1,-3,-1,-4,-2,-5,-3,-6,-3,-7,-3,-7,-4,-7,-4,-7,-3,-6,-3,-6,-3,-5,-2,-4,-2,-3,-1,-1,-1,0,0,1,0,2,0,0,0,5,1,6,2,6,2,7,2,7,2,7,2,6,2,5,1,5,1,4,1,2,0,1,0,0,0,-1,-1,-2,-1,-3,-1,-4,-2,-5,-2,-5,-2,-5,-2,-5,-2,-5,-2,-5,-2,-4,-2,-4,-2,-3,-1,0,0,0,0,0,0,0,0,0,0]"
CSI_DATA,24506,80:af:ca:27:52:2a,-54,11,1,0,1,1,1,0,0,0,0,-97,0,11,2,328589302,0,83,1,128,0,"[0,0,0,0,0,0,0,0,0,0,0,0,-2,-8,-2,-7,-1,-7,-1,-6,0,-4,0,-3,0,-1,0,0,0,0,1,2,2,3,2,4,3,5,3,6,3,6,4,6,4,6,3,5,3,5,2,4,1,3,1,2,0,0,0,0,-1,0,-2,-2,0,0,-4,-3,-5,-4,-5,-5,-6,-5,-5,-5,-5,-5,-5,-5,-5,-4,-4,-3,-3,-2,-2,-1,-1,0,0,0,0,0,0,1,1,1,2,2,3,2,3,3,3,3,3,3,3,3,3,3,3,2,2,2,2,1,0,0,0,0,0,0,0,0,0,0]"
CSI_DATA,24507,80:af:ca:27:52:2a,-55,11,1,0,1,1,1,0,0,0,0,-97,0,11,2,328610499,0,83,1,128,0,"[0,0,0,0,0,0,0,0,0,0,0,0,1,-2,2,-3,4,-4,6,-4,7,-4,8,-4,8,-5,8,-5,8,-5,8,-4,7,-4,6,-4,4,-2,3,-2,1,0,0,0,-1,1,-2,2,-4,3,-5,4,-6,5,-6,6,-6,6,-7,6,-7,6,-6,6,0,0,-5,4,-4,4,-3,2,-2,1,0,0,0,-1,2,-2,3,-4,4,-4,4,-5,5,-6,5,-6,5,-6,5,-6,5,-6,4,-5,4,-4,2,-4,2,-3,0,-2,0,-1,-1,0,-2,0,-2,1,-3,1,-4,2,0,0,0,0,0,0,0,0,0,0]"
CSI_DATA,24508,80:af:ca:27:52:2a,-55,11,1,0,1,1,1,0,0,0,0,-97,0,11,2,328619473,0,83,1,128,0,"[0,0,0,0,0,0,0,0,0,0,0,0,7,-3,6,-3,6,-3,5,-2,4,-2,2,-1,1,0,0,0,-1,1,-2,2,-4,3,-4,3,-5,4,-6,4,-6,4,-6,5,-5,5,-5,4,-4,4,-4,3,-3,2,-2,1,-1,0,0,0,0,-1,1,-2,0,0,3,-4,3,-5,3,-6,3,-6,4,-6,3,-6,3,-5,3,-5,2,-4,1,-3,1,-2,0,-1,0,0,-1,0,-1,1,-2,2,-2,3,-2,3,-3,4,-3,4,-3,4,-3,4,-2,4,-2,3,-2,3,-2,2,0,0,0,0,0,0,0,0,0,0]"
CSI_DATA,24509,80:af:ca:27:52:2a,-55,11,1,2,1,1,1,0,0,0,0,-97,0,11,2,328625295,0,83,1,128,0,"[0,0,0,0,0,0,0,0,0,0,0,0,-2,1,-4,2,-6,3,-8,3,-9,4,-10,4,-10,5,-10,5,-10,5,-10,4,-8,3,-8,2,-5,2,-4,0,-2,0,0,0,0,-2,2,-2,4,-3,5,-5,6,-5,7,-6,8,-7,8,-6,8,-6,7,-6,0,0,5,-5,4,-4,2,-2,1,-2,0,0,-2,0,-3,1,-4,2,-5,3,-6,4,-7,4,-8,5,-8,5,-7,5,-7,5,-6,4,-5,4,-4,2,-3,2,-2,1,0,0,0,0,1,0,2,-1,3,-1,4,-1,0,0,0,0,0,0,0,0,0,0]"
CSI_DATA,24510,80:af:ca:27:52:2a,-55,11,1,0,1,1,1,0,0,0,0,-97,0,11,2,328640220,0,83,1,128,0,"[0,0,0,0,0,0,0,0,0,0,0,0,-3,-2,-4,-3,-6,-4,-6,-6,-7,-6,-7,-7,-8,-7,-7,-7,-7,-7,-6,-6,-6,-6,-4,-5,-3,-4,-2,-2,-1,-1,0,0,2,1,2,2,4,4,4,4,5,5,6,6,6,6,6,6,6,6,6,5,0,0,4,4,3,3,2,2,1,0,0,0,-1,-2,-2,-3,-3,-4,-4,-6,-4,-6,-4,-7,-4,-7,-4,-7,-4,-7,-4,-6,-4,-6,-3,-5,-3,-4,-2,-2,-2,-1,-1,0,0,0,0,2,0,2,0,4,0,4,0,0,0,0,0,0,0,0,0,0]"
CSI_DATA,24511,80:af:ca:27:52:2a,-55,11,1,0,1,1,1,0,0,0,0,-97,0,11,2,328651767,0,83,1,128,0,"[0,0,0,0,0,0,0,0,0,0,0,0,3,-10,3,-9,3,-7,3,-6,2,-5,1,-3,1,-1,0,0,0,2,-1,4,-1,6,-2,7,-2,8,-2,9,-2,9,-2,10,-2,9,-2,8,-2,7,-1,6,-1,4,-1,2,0,1,0,-1,0,-2,0,-4,0,0,1,-7,1,-9,1,-9,1,-10,1,-10,1,-9,1,-9,0,-7,0,-6,0,-5,0,-3,0,-2,-1,0,-1,1,-1,2,-2,3,-2,4,-2,5,-2,6,-2,6,-2,6,-2,6,-2,6,-2,5,-2,4,-1,3,0,0,0,0,0,0,0,0,0,0]"
CSI_DATA,24512,80:af:ca:27:52:2a,-55,11,1,0,1,1,1,0,0,0,0,-97,0,11,2,328660515,0,83,1,128,0,"[0,0,0,0,0,0,0,0,0,0,0,0,2,-2,4,-2,6,-3,8,-3,8,-3,9,-3,9,-3,9,-3,9,-3,8,-2,7,-2,6,-2,4,-1,2,0,0,0,0,0,-2,1,-4,2,-5,3,-7,4,-7,4,-8,4,-8,5,-8,6,-8,5,-7,5,0,0,-5,4,-4,2,-2,2,-1,0,0,0,1,-2,3,-2,4,-4,5,-4,5,-5,6,-6,6,-6,6,-6,6,-6,5,-5,4,-5,4,-4,2,-4,2,-2,0,-2,0,0,-1,0,-2,0,-3,1,-4,2,-4,2,0,0,0,0,0,0,0,0,0,0]"
CSI_DATA,24513,80:af:ca:27:52:2a,-55,11,1,0,1,1,1,0,0,0,0,-97,0,11,2,328667895,0,83,1,128,0,"[0,0,0,0,0,0,0,0,0,0,0,0,-2,2,-4,2,-6,2,-8,2,-8,3,-9,3,-9,3,-9,3,-9,2,-8,2,-8,2,-6,2,-4,0,-3,0,-1,0,0,0,2,-1,3,-2,5,-2,6,-2,7,-2,8,-3,8,-3,8,-4,8,-3,8,-3,0,0,6,-2,4,-2,2,-2,1,-1,0,0,-2,0,-4,0,-5,0,-6,0,-8,0,-8,0,-8,0,-8,0,-8,0,-8,0,-7,0,-6,0,-5,0,-4,0,-2,0,-1,0,0,0,1,1,2,1,3,2,4,2,0,0,0,0,0,0,0,0,0,0]"
CSI_DATA,24514,80:af:ca:27:52:2a,-55,11,1,0,1,1,1,0,0,0,0,-97,0,11,2,328687901,0,83,1,128,0,"[0,0,0,0,0,0,0,0,0,0,0,0,0,-3,0,-5,0,-7,0,-8,0,-9,1,-10,1,-11,1,-10,1,-10,1,-9,1,-9,0,-7,0,-5,0,-4,0,-2,0,0,0,2,0,3,-1,5,-1,7,-2,7,-2,9,-2,9,-2,9,-2,9,-1,8,0,0,-1,7,-1,5,0,3,0,1,0,0,0,-2,1,-3,2,-4,2,-6,2,-7,2,-8,2,-8,3,-8,2,-8,2,-7,2,-7,2,-6,1,-4,0,-3,0,-2,0,-1,-1,0,-2,0,-2,1,-3,2,-4,2,0,0,0,0,0,0,0,0,0,0]"
CSI_DATA,24515,80:af:ca:27:52:2a,-55,11,1,0,1,1,1,0,0,0,0,-97,0,11,2,328695533,0,83,1,128,0,"[0,0,0,0,0,0,0,0,0,0,0,0,2,1,4,3,5,4,6,6,6,6,6,7,6,7,6,7,6,7,6,6,4,6,4,4,2,3,1,2,0,0,-1,-1,-2,-2,-3,-4,-4,-5,-5,-6,-6,-6,-6,-8,-6,-8,-6,-8,-6,-8,-6,-6,0,0,-4,-5,-4,-4,-2,-2,-2,-1,0,0,0,2,1,3,2,4,2,6,3,6,3,7,3,7,3,7,3,7,3,6,2,6,2,4,2,3,1,2,1,1,0,0,0,-1,0,-2,0,-4,0,-4,0,-5,0,0,0,0,0,0,0,0,0,0]"
CSI_DATA,24516,80:af:ca:27:52:2a,-54,11,1,2,1,1,1,0,0,0,0,-97,0,11,2,328701851,0,83,1,128,0,"[0,0,0,0,0,0,0,0,0,0,0,0,-1,3,-2,5,-4,5,-5,7,-6,8,-6,8,-7,8,-7,8,-7,8,-6,7,-5,6,-5,5,-3,3,-2,2,-1,0,0,-1,0,-2,2,-4,3,-5,4,-6,5,-8,5,-8,5,-8,5,-8,5,-8,5,-8,0,0,3,-6,2,-5,1,-3,0,-2,-1,0,-2,0,-3,2,-4,3,-5,4,-5,5,-6,5,-6,5,-6,5,-6,5,-6,5,-5,5,-4,4,-3,3,-2,2,-1,1,0,0,0,0,2,0,2,-1,3,-2,4,-2,0,0,0,0,0,0,0,0,0,0]"
CSI_DATA,24517,80:af:ca:27:52:2a,-55,11,1,2,1,1,1,0,0,0,0,-97,0,11,2,328707481,0,83,1,128,0,"[0,0,0,0,0,0,0,0,0,0,0,0,0,-3,2,-5,2,-6,4,-7,4,-8,4,-9,5,-9,5,-9,5,-9,4,-8,4,-7,3,-6,2,-4,1,-2,0,-1,0,0,-1,2,-2,3,-2,5,-3,6,-3,7,-4,8,-4,9,-4,9,-3,9,-3,8,0,0,-2,6,-2,4,-1,2,0,1,0,0,0,-2,1,-3,2,-4,2,-6,2,-7,2,-7,3,-8,3,-8,3,-8,2,-7,2,-7,2,-5,1,-4,0,-3,0,-2,0,-1,-1,0,-2,0,-2,2,-3,2,-4,2,0,0,0,0,0,0,0,0,0,0]"
CSI_DATA,24518,80:af:ca:27:52:2a,-54,11,1,0,1,1,1,0,0,0,0,-97,0,11,2,328724329,0,83,1,128,0,"[0,0,0,0,0,0,0,0,0,0,0,0,3,8,2,7,2,6,1,6,1,4,0,2,0,1,-1,0,-2,-2,-2,-3,-3,-4,-3,-6,-4,-7,-4,-7,-4,-7,-5,-8,-4,-7,-4,-7,-4,-6,-3,-5,-2,-4,-2,-2,-1,-1,0,0,1,1,2,2,0,0,3,4,4,6,5,6,5,6,5,7,5,6,4,6,4,4,3,4,3,3,2,2,1,1,0,0,0,-1,-1,-2,-2,-3,-2,-4,-3,-5,-3,-5,-3,-6,-3,-6,-3,-6,-3,-5,-3,-4,-2,-4,-2,-3,0,0,0,0,0,0,0,0,0,0]"
CSI_DATA,24519,80:af:ca:27:52:2a,-55,11,1,2,1,1,1,0,0,0,0,-97,0,11,2,328730011,0,83,1,128,0,"[0,0,0,0,0,0,0,0,0,0,0,0,0,2,-3,3,-4,5,-5,6,-6,6,-7,7,-7,8,-8,7,-8,7,-7,6,-6,6,-6,5,-4,3,-3,2,-2,0,0,0,0,-2,2,-3,3,-4,5,-6,6,-6,6,-7,7,-8,7,-8,7,-8,6,-7,0,0,5,-6,3,-5,2,-3,0,-2,0,-1,-2,0,-3,0,-5,1,-6,3,-7,3,-8,3,-9,3,-9,3,-9,3,-8,3,-7,3,-6,3,-5,2,-3,1,-2,1,-1,0,0,0,1,0,3,0,3,0,5,0,0,0,0,0,0,0,0,0,0,0]"
CSI_DATA,24520,80:af:ca:27:52:2a,-54,11,1,0,1,1,1,0,0,0,0,-97,0,11,2,328744810,0,83,1,128,0,"[0,0,0,0,0,0,0,0,0,0,0,0,-8,-3,-7,-2,-6,-2,-5,-2,-4,-2,-3,-1,-1,-1,0,-1,1,0,3,0,4,0,6,0,6,1,7,0,7,0,8,0,7,0,7,0,6,0,5,0,4,0,2,0,1,0,0,0,-2,0,-3,0,0,0,-5,0,-7,0,-7,0,-8,0,-7,0,-7,0,-7,0,-6,0,-5,0,-4,0,-3,0,-1,0,0,0,0,0,2,0,3,0,4,0,4,0,5,0,5,0,5,0,5,0,5,0,4,0,4,0,3,0,0,0,0,0,0,0,0,0,0,0]"
CSI_DATA,24521,80:af:ca:27:52:2a,-54,11,1,0,1,1,1,0,0,0,0,-97,0,11,2,328752636,0,83,1,128,0,"[0,0,0,0,0,0,0,0,0,0,0,0,0,9,0,8,0,7,0,6,0,4,0,3,0,1,0,0,0,-2,0,-4,0,-6,0,-7,0,-8,0,-9,0,-9,0,-9,-1,-9,-1,-8,0,-7,0,-6,0,-4,0,-3,0,-2,0,0,0,1,0,3,0,0,0,6,0,7,0,8,0,8,0,8,0,8,0,7,0,6,0,6,0,4,0,3,0,1,0,0,0,-1,1,-2,1,-3,1,-4,1,-5,1,-6,1,-6,1,-6,1,-6,1,-5,1,-4,1,-4,1,-3,0,0,0,0,0,0,0,0,0,0]"
CSI_DATA,24522,80:af:ca:27:52:2a,-54,11,1,0,1,1,1,0,0,0,0,-97,0,11,2,328776607,0,83,1,128,0,"[0,0,0,0,0,0,0,0,0,0,0,0,7,3,7,3,6,3,4,2,3,2,2,1,0,0,-1,0,-2,0,-3,-1,-5,-1,-6,-2,-7,-2,-8,-2,-8,-2,-8,-2,-8,-2,-7,-2,-7,-1,-6,-1,-4,-1,-3,-1,-1,0,0,0,1,0,3,0,0,0,6,0,7,0,7,0,8,0,8,0,7,0,7,0,6,0,5,0,4,0,2,0,1,0,0,0,-1,0,-2,0,-3,-1,-4,-1,-5,-1,-6,-1,-6,-1,-6,-1,-6,-1,-5,-1,-5,-1,-4,-1,-3,0,0,0,0,0,0,0,0,0,0,0]"
CSI_DATA,24523,80:af:ca:27:52:2a,-55,11,1,0,1,1,1,0,0,0,0,-97,0,11,2,328793126,0,83,1,128,0,"[0,0,0,0,0,0,0,0,0,0,0,0,2,-2,4,-2,6,-2,8,-2,8,-2,9,-2,10,-2,9,-2,9,-2,8,-2,8,-2,6,-2,4,-1,3,0,1,0,0,0,-2,2,-4,2,-5,3,-6,4,-7,4,-8,5,-8,5,-8,6,-8,6,-7,5,0,0,-6,4,-4,2,-3,2,-1,0,0,0,1,-2,2,-3,3,-4,4,-5,5,-6,6,-6,6,-6,6,-6,5,-6,5,-6,4,-6,3,-5,2,-4,1,-3,0,-2,0,-1,-1,0,-2,0,-3,2,-4,2,-4,3,0,0,0,0,0,0,0,0,0,0]"
CSI_DATA,24524,80:af:ca:27:52:2a,-55,11,1,0,1,1,1,0,0,0,0,-97,0,11,2,328800597,0,83,1,128,0,"[0,0,0,0,0,0,0,0,0,0,0,0,2,0,4,0,6,0,8,1,8,1,8,1,9,2,9,1,8,1,8,1,7,1,6,1,4,1,2,0,0,0,-1,0,-2,0,-4,0,-6,0,-7,0,-8,0,-9,0,-9,0,-10,0,-10,0,-8,0,0,0,-6,0,-5,0,-3,0,-2,0,0,0,2,0,3,0,4,0,6,0,6,-1,8,-1,8,-1,8,0,8,-1,7,-1,6,-1,5,-1,4,-1,2,-1,1,-1,0,-1,-1,-1,-2,0,-3,0,-4,-1,-5,-1,0,0,0,0,0,0,0,0,0,0]"
CSI_DATA,24525,80:af:ca:27:52:2a,-55,11,1,0,1,1,1,0,0,0,0,-97,0,11,2,328808718,0,83,1,128,0,"[0,0,0,0,0,0,0,0,0,0,0,0,4,-7,4,-6,3,-6,3,-5,2,-3,1,-2,0,-1,0,0,-1,1,-2,2,-3,4,-4,5,-4,5,-5,6,-5,6,-5,6,-5,6,-4,5,-4,5,-3,4,-3,3,-2,2,-1,1,0,0,1,-1,2,-2,0,0,3,-4,4,-5,5,-5,5,-6,5,-6,5,-6,5,-5,4,-5,3,-4,2,-3,2,-3,1,-2,0,-1,-1,0,-2,0,-3,1,-4,1,-5,2,-5,2,-5,2,-5,2,-5,2,-5,2,-4,2,-4,1,-3,1,0,0,0,0,0,0,0,0,0,0]"
CSI_DATA,24526,80:af:ca:27:52:2a,-54,11,1,0,1,1,1,0,0,0,0,-97,0,11,2,328817003,0,83,1,128,0,"[0,0,0,0,0,0,0,0,0,0,0,0,-8,7,-7,7,-7,6,-6,4,-4,3,-3,2,-1,0,0,-1,1,-2,2,-4,3,-5,4,-7,5,-7,5,-8,6,-8,6,-9,5,-8,4,-8,4,-7,3,-6,3,-4,2,-3,0,-1,0,0,-1,1,-2,3,0,0,-3,6,-4,7,-4,8,-4,8,-4,8,-4,8,-4,7,-3,6,-3,6,-2,4,-1,3,0,1,0,0,1,-1,1,-2,2,-3,2,-4,2,-5,3,-6,3,-6,3,-6,3,-6,2,-5,2,-5,2,-4,1,-3,0,0,0,0,0,0,0,0,0,0]"
CSI_DATA,24527,80:af:ca:27:52:2a,-55,11,1,0,1,1,1,0,0,0,0,-97,0,11,2,328824054,0,83,1,128,0,"[0,0,0,0,0,0,0,0,0,0,0,0,5,-7,4,-6,4,-6,3,-5,3,-3,2,-2,1,0,0,0,-1,2,-1,3,-3,4,-3,5,-4,6,-4,6,-4,7,-4,7,-4,7,-3,6,-3,5,-3,4,-2,3,-1,2,-1,1,0,0,0,-2,1,-3,0,0,2,-5,2,-6,3,-7,3,-7,3,-7,3,-7,3,-6,2,-6,2,-5,1,-4,0,-3,0,-2,0,-1,-1,0,-2,1,-2,2,-3,3,-3,3,-3,4,-3,4,-3,4,-3,4,-3,4,-3,4,-2,3,-2,2,0,0,0,0,0,0,0,0,0,0]"
CSI_DATA,24528,80:af:ca:27:52:2a,-54,11,1,0,1,1,1,0,0,0,0,-97,0,11,2,328842345,0,83,1,128,0,"[0,0,0,0,0,0,0,0,0,0,0,0,6,-6,6,-5,5,-4,4,-3,3,-2,2,-1,1,0,0,0,-1,1,-2,2,-3,3,-4,4,-4,5,-5,6,-5,6,-5,6,-5,6,-4,5,-4,4,-3,4,-2,3,-2,2,-1,0,0,0,0,-2,1,-3,0,0,2,-5,3,-6,3,-7,3,-7,3,-7,3,-7,3,-6,2,-6,2,-5,1,-4,1,-3,0,-1,0,0,-1,0,-1,1,-2,2,-3,3,-3,4,-3,4,-3,4,-3,4,-3,4,-3,4,-2,3,-2,3,-2,2,0,0,0,0,0,0,0,0,0,0]"
CSI_DATA,24529,80:af:ca:27:52:2a,-55,11,1,0,1,1,1,0,0,0,0,-97,0,11,2,328850553,0,83,1,128,0,"[0,0,0,0,0,0,0,0,0,0,0,0,2,1,3,2,4,5,5,7,5,8,5,8,5,9,5,8,5,8,5,8,5,8,4,6,2,5,2,3,0,1,-1,0,-2,-1,-3,-2,-5,-4,-6,-5,-7,-5,-8,-6,-8,-6,-9,-7,-8,-7,-8,-6,0,0,-7,-4,-5,-3,-4,-2,-2,-1,0,0,1,0,2,2,4,2,5,3,6,3,8,4,8,5,8,5,8,4,7,4,6,3,5,2,4,1,2,1,2,0,0,0,0,-1,-2,-2,-2,-2,-3,-3,-4,-3,0,0,0,0,0,0,0,0,0,0]"
CSI_DATA,24530,80:af:ca:27:52:2a,-55,11,1,0,1,1,1,0,0,0,0,-97,0,11,2,328859174,0,83,1,128,0,"[0,0,0,0,0,0,0,0,0,0,0,0,1,-2,3,-3,4,-3,7,-3,7,-4,9,-4,9,-4,9,-4,9,-4,8,-4,8,-3,7,-2,4,-2,3,-1,1,0,0,0,-1,1,-2,2,-4,3,-5,4,-6,4,-7,5,-7,6,-7,7,-7,6,-7,6,0,0,-5,4,-4,3,-2,2,-1,1,0,0,1,-1,2,-2,3,-4,4,-5,4,-6,4,-7,5,-7,5,-7,4,-7,4,-7,4,-6,3,-5,2,-4,1,-3,0,-2,0,-1,-1,0,-2,0,-2,2,-3,2,-4,2,0,0,0,0,0,0,0,0,0,0]"
CSI_DATA,24531,80:af:ca:27:52:2a,-55,11,1,0,1,1,1,0,0,0,0,-97,0,11,2,328868735,0,83,1,128,0,"[0,0,0,0,0,0,0,0,0,0,0,0,1,-2,3,-3,5,-4,7,-4,8,-4,8,-4,9,-4,9,-4,8,-4,8,-4,8,-3,6,-3,4,-2,3,-1,1,0,0,0,-2,1,-3,2,-4,3,-6,3,-7,4,-8,4,-8,4,-8,5,-8,5,-8,5,0,0,-6,4,-4,2,-3,2,-2,1,0,0,1,0,3,-2,4,-2,5,-3,6,-4,6,-5,7,-4,7,-4,7,-4,6,-4,6,-4,5,-4,4,-3,2,-2,1,-2,0,-1,-1,0,-2,0,-3,0,-4,0,-5,0,0,0,0,0,0,0,0,0,0,0]"
CSI_DATA,24532,80:af:ca:27:52:2a,-54,11,1,0,1,1,1,0,0,0,0,-97,0,11,2,328882826,0,83,1,128,0,"[0,0,0,0,0,0,0,0,0,0,0,0,-3,-9,-3,-8,-2,-7,-2,-7,-1,-5,-1,-3,0,-2,0,0,1,1,2,2,2,5,3,6,3,6,4,7,4,7,4,7,4,7,3,6,3,5,2,5,2,3,1,2,0,1,0,0,-1,-1,-2,-2,0,0,-4,-5,-5,-6,-5,-6,-5,-6,-5,-6,-5,-6,-5,-6,-4,-5,-4,-4,-3,-3,-2,-2,-1,-1,-1,0,0,1,0,1,1,2,2,3,2,3,2,4,3,4,3,5,2,4,2,4,2,3,2,3,2,2,0,0,0,0,0,0,0,0,0,0]"
CSI_DATA,24533,80:af:ca:27:52:2a,-55,11,1,0,1,1,1,0,0,0,0,-97,0,11,2,328908364,0,83,1,128,0,"[0,0,0,0,0,0,0,0,0,0,0,0,2,-1,4,0,6,0,8,0,9,0,10,0,10,0,10,0,10,0,9,0,8,0,6,0,5,0,3,0,1,0,0,0,-2,0,-4,0,-6,0,-7,0,-8,0,-9,0,-9,0,-10,0,-10,0,-9,1,0,0,-7,0,-5,0,-4,0,-2,0,0,0,1,0,3,0,4,0,6,0,6,0,8,0,8,0,8,0,8,0,7,-1,6,-1,6,-1,4,-1,3,-1,1,-1,0,-1,-1,-1,-2,-1,-3,-1,-4,-1,-4,-1,0,0,0,0,0,0,0,0,0,0]"
CSI_DATA,24534,80:af:ca:27:52:2a,-55,11,1,0,1,1,1,0,0,0,0,-97,0,11,2,328916138,0,83,1,128,0,"[0,0,0,0,0,0,0,0,0,0,0,0,0,2,0,4,0,6,0,8,0,9,0,9,0,11,0,10,0,10,0,9,0,9,0,7,0,5,0,4,0,1,-1,0,-1,-2,-2,-4,-2,-6,-2,-7,-2,-9,-3,-9,-3,-9,-3,-10,-3,-10,-3,-9,0,0,-2,-7,-2,-5,-2,-4,-1,-2,0,0,0,1,0,3,1,4,2,6,2,7,3,7,3,7,3,8,3,7,3,7,3,6,2,5,2,4,2,2,1,1,0,0,0,-1,0,-2,-1,-3,-1,-4,-2,-4,0,0,0,0,0,0,0,0,0,0]"
CSI_DATA,24535,80:af:ca:27:52:2a,-54,11,1,2,1,1,1,0,0,0,0,-97,0,11,2,328921727,0,83,1,128,0,"[0,0,0,0,0,0,0,0,0,0,0,0,2,-2,4,-2,6,-3,8,-3,9,-4,10,-4,10,-4,10,-4,10,-3,9,-3,8,-3,6,-2,5,-2,2,0,0,0,0,0,-2,1,-4,2,-5,3,-7,4,-8,5,-8,5,-9,5,-9,5,-8,5,-8,5,0,0,-5,4,-4,3,-2,2,-1,0,0,0,1,-1,2,-2,4,-3,5,-5,6,-5,6,-5,7,-6,7,-6,7,-5,6,-5,5,-5,4,-5,2,-4,2,-2,0,-2,0,-1,-1,0,-2,0,-3,0,-5,1,-5,2,0,0,0,0,0,0,0,0,0,0]"
CSI_DATA,24536,80:af:ca:27:52:2a,-55,11,1,0,1,1,1,0,0,0,0,-97,0,11,2,328930166,0,83,1,128,0,"[0,0,0,0,0,0,0,0,0,0,0,0,-2,1,-4,2,-6,2,-8,1,-8,1,-10,1,-10,1,-10,1,-9,0,-8,0,-8,0,-6,0,-4,0,-3,0,-1,0,0,-1,2,-1,3,-2,5,-2,6,-2,7,-2,8,-3,8,-3,8,-4,8,-3,7,-3,0,0,5,-2,4,-2,2,-2,0,-1,0,0,-2,0,-4,0,-5,0,-6,1,-7,2,-8,2,-8,2,-8,2,-8,2,-7,2,-7,2,-6,2,-4,1,-3,1,-2,1,0,0,0,0,2,0,2,0,4,0,4,0,0,0,0,0,0,0,0,0,0,0]"
CSI_DATA,24537,80:af:ca:27:52:2a,-54,11,1,0,1,1,1,0,0,0,0,-97,0,11,2,328950453,0,83,1,128,0,"[0,0,0,0,0,0,0,0,0,0,0,0,3,-9,3,-8,3,-7,3,-6,2,-4,1,-3,0,-1,0,0,-1,1,-1,3,-2,4,-2,6,-3,7,-3,7,-4,7,-4,8,-3,7,-3,6,-3,6,-3,4,-2,3,-1,2,-1,1,0,0,0,-1,1,-3,0,0,2,-5,3,-6,3,-7,3,-7,4,-7,4,-7,3,-7,3,-6,2,-5,1,-4,1,-3,0,-2,0,-1,-1,0,-2,0,-3,1,-3,2,-4,3,-4,3,-4,3,-4,3,-4,3,-4,3,-4,3,-3,2,-3,2,0,0,0,0,0,0,0,0,0,0]"
CSI_DATA,24538,80:af:ca:27:52:2a,-54,11,1,0,1,1,1,0,0,0,0,-97,0,11,2,328957892,0,83,1,128,0,"[0,0,0,0,0,0,0,0,0,0,0,0,11,-1,10,-1,8,0,7,0,4,0,2,0,0,0,-1,0,-4,0,-5,0,-8,0,-10,0,-10,0,-11,0,-11,-1,-11,-1,-11,-1,-10,-1,-8,0,-7,0,-5,0,-3,0,-1,0,0,0,2,1,4,1,0,0,7,2,8,2,10,2,10,2,10,2,9,2,8,2,7,2,6,1,5,1,3,0,1,0,0,-1,-1,-2,-2,-3,-3,-4,-4,-4,-5,-5,-5,-5,-5,-5,-5,-5,-5,-5,-5,-5,-5,-4,-4,-4,-3,-3,0,0,0,0,0,0,0,0,0,0]"
CSI_DATA,24539,80:af:ca:27:52:2a,-54,11,1,0,1,1,1,0,0,0,0,-97,0,11,2,328966540,0,83,1,128,0,"[0,0,0,0,0,0,0,0,0,0,0,0,8,-3,7,-3,7,-2,6,-1,4,-1,2,0,0,0,0,0,-2,1,-3,1,-5,2,-6,2,-7,3,-8,3,-8,3,-8,3,-7,3,-7,3,-6,2,-5,2,-4,1,-2,1,-1,0,0,0,1,-1,3,-2,0,0,5,-3,6,-3,6,-4,7,-5,7,-4,7,-4,6,-3,5,-3,4,-3,3,-2,2,-2,1,-1,0,-1,-1,0,-2,0,-3,0,-5,1,-5,1,-6,1,-6,1,-6,1,-6,1,-5,1,-5,1,-4,1,-3,1,0,0,0,0,0,0,0,0,0,0]"
CSI_DATA,24540,80:af:ca:27:52:2a,-54,11,1,0,1,1,1,0,0,0,0,-97,0,11,2,328973530,0,83,1,128,0,"[0,0,0,0,0,0,0,0,0,0,0,0,-3,-9,-2,-8,-2,-7,-1,-6,-1,-4,0,-3,0,-1,0,0,1,1,1,3,2,4,3,5,3,6,3,6,3,7,3,7,3,6,3,6,3,5,2,4,1,3,1,2,0,1,0,0,-1,-1,-2,-3,0,0,-3,-5,-4,-6,-4,-6,-5,-6,-5,-6,-5,-6,-4,-6,-4,-5,-4,-4,-3,-3,-2,-2,-1,-1,-1,0,0,1,0,2,1,3,2,4,2,4,2,4,3,4,2,5,2,5,2,4,2,4,2,3,1,3,0,0,0,0,0,0,0,0,0,0]"
CSI_DATA,24541,80:af:ca:27:52:2a,-54,11,1,0,1,1,1,0,0,0,0,-97,0,11,2,328982999,0,83,1,128,0,"[0,0,0,0,0,0,0,0,0,0,0,0,-8,1,-8,1,-7,1,-6,1,-5,0,-3,0,-2,0,0,-1,1,-1,2,-2,4,-2,5,-3,6,-3,6,-4,6,-4,7,-4,6,-4,6,-4,5,-4,4,-3,3,-2,2,-2,1,-1,0,0,-1,1,-2,2,0,0,-4,3,-5,4,-6,4,-6,5,-6,5,-6,5,-6,4,-5,4,-4,3,-3,3,-2,2,-1,1,0,0,1,0,1,-1,2,-2,3,-3,3,-3,4,-3,4,-4,4,-4,4,-4,4,-3,3,-3,3,-3,2,-2,0,0,0,0,0,0,0,0,0,0]"
CSI_DATA,24542,80:af:ca:27:52:2a,-55,11,1,0,1,1,1,0,0,0,0,-97,0,11,2,329001156,0,83,1,128,0,"[0,0,0,0,0,0,0,0,0,0,0,0,-9,-4,-9,-4,-8,-3,-6,-3,-5,-3,-3,-2,-1,-1,0,-1,2,-1,3,0,5,0,7,0,8,0,8,0,8,0,9,0,8,0,8,0,7,0,6,0,4,0,3,0,1,0,0,0,-2,0,-4,0,0,0,-6,1,-8,1,-8,1,-8,1,-9,1,-8,1,-8,1,-7,1,-6,1,-4,1,-3,1,-2,0,0,0,1,0,2,0,3,0,4,-1,5,-1,5,-1,6,-1,6,-1,6,-1,5,-1,5,-1,4,-1,3,-1,0,0,0,0,0,0,0,0,0,0]"
CSI_DATA,24543,80:af:ca:27:52:2a,-55,11,1,0,1,1,1,0,0,0,0,-97,0,11,2,329018640,0,83,1,128,0,"[0,0,0,0,0,0,0,0,0,0,0,0,-9,-2,-8,-2,-7,-2,-6,-2,-4,-2,-3,-1,-1,-1,0,-1,2,0,3,0,5,0,6,0,7,1,7,1,7,1,8,1,7,1,7,1,6,0,5,0,4,0,2,0,1,0,0,0,-2,0,-3,0,0,0,-6,0,-7,-1,-7,-1,-8,-1,-8,-1,-8,-1,-7,-1,-6,0,-6,0,-4,0,-3,0,-2,0,-1,0,0,0,1,1,3,1,4,1,4,1,5,1,5,1,5,1,5,1,5,1,4,0,4,0,3,0,0,0,0,0,0,0,0,0,0,0]"
CSI_DATA,24544,80:af:ca:27:52:2a,-54,11,1,0,1,1,1,0,0,0,0,-97,0,11,2,329026530,0,83,1,128,0,"[0,0,0,0,0,0,0,0,0,0,0,0,6,8,5,7,5,6,3,5,2,4,1,2,0,0,-1,0,-2,-2,-4,-4,-4,-6,-5,-7,-5,-8,-6,-8,-5,-8,-6,-9,-5,-8,-5,-8,-4,-6,-4,-5,-2,-4,-2,-2,-1,-1,0,0,0,2,1,4,0,0,2,6,3,8,3,8,4,9,3,9,3,8,3,8,2,6,2,6,2,4,1,2,1,1,1,0,0,-1,0,-3,0,-4,0,-6,0,-6,0,-7,0,-7,0,-8,0,-7,0,-7,0,-6,0,-5,0,-4,0,0,0,0,0,0,0,0,0,0]"
CSI_DATA,24545,80:af:ca:27:52:2a,-55,11,1,0,1,1,1,0,0,0,0,-97,0,11,2,329036376,0,83,1,128,0,"[0,0,0,0,0,0,0,0,0,0,0,0,-9,-2,-8,-2,-7,-1,-6,-2,-4,-1,-3,-1,-1,-1,0,-1,2,0,3,0,5,0,6,0,7,0,8,0,8,0,8,0,8,0,7,0,6,0,5,0,3,0,2,0,1,0,0,0,-2,0,-3,0,0,0,-6,0,-7,0,-8,1,-8,1,-8,1,-8,1,-7,1,-6,1,-6,0,-4,0,-3,0,-1,0,0,0,1,0,2,0,3,0,4,0,5,0,5,0,6,0,6,0,6,0,5,0,4,0,4,0,3,0,0,0,0,0,0,0,0,0,0,0]"
CSI_DATA,24546,80:af:ca:27:52:2a,-55,11,1,0,1,1,1,0,0,0,0,-97,0,11,2,329057428,0,83,1,128,0,"[0,0,0,0,0,0,0,0,0,0,0,0,4,-7,4,-7,3,-6,3,-5,2,-3,2,-2,1,-1,0,0,-1,1,-1,3,-2,4,-3,5,-3,6,-4,6,-4,6,-4,7,-4,6,-3,6,-3,5,-3,4,-2,3,-1,2,-1,1,0,0,1,-1,1,-3,0,0,3,-5,3,-6,3,-7,4,-7,4,-7,4,-7,4,-6,3,-5,2,-5,2,-4,1,-3,0,-2,0,-1,-1,0,-2,1,-3,1,-4,2,-4,3,-4,3,-4,3,-5,3,-5,3,-4,3,-4,3,-4,2,-3,2,0,0,0,0,0,0,0,0,0,0]"
CSI_DATA,24547,80:af:ca:27:52:2a,-55,11,1,0,1,1,1,0,0,0,0,-97,0,11,2,329065447,0,83,1,128,0,"[0,0,0,0,0,0,0,0,0,0,0,0,-3,0,-5,0,-6,-1,-8,-2,-9,-2,-10,-2,-10,-3,-10,-2,-10,-3,-9,-2,-8,-3,-7,-2,-5,-2,-3,-2,-1,-1,0,-1,2,0,4,0,5,0,6,0,8,0,8,0,9,0,9,0,9,0,8,0,0,0,6,0,5,0,3,0,1,0,0,0,-2,0,-4,0,-5,-1,-6,-1,-8,0,-8,0,-8,-1,-9,-1,-8,-1,-8,-1,-7,0,-6,0,-5,0,-4,0,-2,0,-1,0,0,0,1,0,2,1,3,1,4,1,0,0,0,0,0,0,0,0,0,0]"
CSI_DATA,24548,80:af:ca:27:52:2a,-55,11,1,2,1,1,1,0,0,0,0,-97,0,11,2,329070934,0,83,1,128,0,"[0,0,0,0,0,0,0,0,0,0,0,0,-3,0,-4,-2,-6,-3,-7,-4,-8,-4,-9,-5,-9,-5,-9,-5,-9,-6,-8,-5,-7,-4,-6,-4,-4,-3,-2,-2,-1,-1,0,0,2,0,3,1,4,2,6,3,7,3,7,4,8,4,8,4,8,4,7,4,0,0,5,2,4,2,2,1,1,0,0,0,-1,-2,-2,-2,-4,-4,-4,-4,-5,-5,-6,-5,-7,-6,-7,-6,-7,-6,-6,-5,-5,-4,-4,-4,-4,-3,-3,-2,-2,-1,-1,0,0,0,0,2,0,2,0,3,1,4,0,0,0,0,0,0,0,0,0,0]"
CSI_DATA,24549,80:af:ca:27:52:2a,-55,11,1,0,1,1,1,0,0,0,0,-97,0,11,2,329103600,0,83,1,128,0,"[0,0,0,0,0,0,0,0,0,0,0,0,2,0,4,0,6,0,8,0,8,0,9,0,10,0,9,0,9,0,8,0,7,0,6,0,4,0,2,0,0,0,0,0,-2,0,-4,0,-6,0,-7,0,-8,0,-8,0,-9,0,-9,1,-9,0,-8,1,0,0,-6,0,-5,0,-4,0,-2,0,0,0,1,0,3,0,4,0,6,0,6,-1,7,-1,8,-1,8,-1,7,-1,6,-1,6,-1,5,-1,4,-1,2,-1,1,-1,0,0,-1,0,-2,0,-3,0,-4,0,-4,-1,0,0,0,0,0,0,0,0,0,0]"
CSI_DATA,24550,80:af:ca:27:52:2a,-55,11,1,0,1,1,1,0,0,0,0,-97,0,11,2,329112660,0,83,1,128,0,"[0,0,0,0,0,0,0,0,0,0,0,0,2,0,3,2,4,3,6,5,6,6,7,6,7,7,7,6,7,7,6,6,6,6,5,4,4,4,2,2,0,1,0,0,-2,0,-4,-2,-5,-2,-6,-3,-8,-4,-9,-4,-9,-4,-10,-4,-10,-4,-9,-3,0,0,-7,-2,-6,-2,-4,-2,-2,0,0,0,1,0,3,0,4,1,6,2,7,2,8,2,8,2,8,2,8,2,7,2,7,1,6,1,4,0,3,0,2,0,0,0,0,-1,-2,-1,-3,-2,-4,-2,-4,-2,0,0,0,0,0,0,0,0,0,0]"
CSI_DATA,24551,80:af:ca:27:52:2a,-55,11,1,0,1,1,1,0,0,0,0,-97,0,11,2,329122423,0,83,1,128,0,"[0,0,0,0,0,0,0,0,0,0,0,0,-8,0,-7,0,-7,0,-6,0,-4,0,-3,0,-1,0,0,0,1,0,2,0,4,0,5,0,6,0,6,0,7,0,7,0,7,0,6,0,5,0,4,0,3,0,2,0,0,0,0,0,-1,0,-2,0,0,0,-5,0,-6,0,-7,0,-7,0,-7,0,-7,0,-7,0,-6,0,-5,0,-4,0,-3,0,-1,0,0,0,0,0,1,0,2,1,3,1,3,1,4,1,4,1,4,2,4,2,4,1,4,1,3,1,2,1,0,0,0,0,0,0,0,0,0,0]"
CSI_DATA,24552,80:af:ca:27:52:2a,-55,11,1,0,1,1,1,0,0,0,0,-97,0,11,2,329130558,0,83,1,128,0,"[0,0,0,0,0,0,0,0,0,0,0,0,-4,-7,-4,-6,-3,-6,-2,-5,-1,-4,-1,-2,0,-1,0,0,1,0,2,1,2,3,3,4,3,4,4,5,4,5,4,5,4,5,4,4,3,4,3,3,2,2,1,1,0,0,0,0,-1,-1,-2,-2,0,0,-4,-4,-4,-4,-5,-5,-5,-5,-5,-5,-5,-5,-5,-5,-4,-4,-4,-3,-3,-2,-2,-1,-1,0,0,0,0,0,0,1,1,2,1,3,2,3,2,4,2,4,2,4,2,4,2,4,2,3,2,3,1,2,0,0,0,0,0,0,0,0,0,0]"
CSI_DATA,24553,80:af:ca:27:52:2a,-55,11,1,0,1,1,1,0,0,0,0,-97,0,11,2,329138169,0,83,1,128,0,"[0,0,0,0,0,0,0,0,0,0,0,0,0,-3,2,-5,4,-6,5,-7,6,-8,7,-8,8,-8,7,-8,7,-8,6,-7,6,-6,5,-5,3,-4,2,-2,0,-1,0,0,-1,2,-2,3,-3,5,-4,6,-5,7,-5,8,-5,8,-5,8,-5,8,-4,8,0,0,-3,6,-2,5,-2,2,-1,1,0,0,0,-2,1,-3,2,-5,2,-6,2,-7,3,-8,3,-8,3,-8,2,-8,2,-8,2,-7,2,-6,0,-5,0,-3,0,-2,0,-1,-1,0,-2,1,-2,2,-2,2,-3,3,0,0,0,0,0,0,0,0,0,0]"
CSI_DATA,24554,80:af:ca:27:52:2a,-55,11,1,0,1,1,1,0,0,0,0,-97,0,11,2,329145277,0,83,1,128,0,"[0,0,0,0,0,0,0,0,0,0,0,0,2,-2,4,-2,6,-2,8,-2,9,-3,9,-2,10,-3,10,-2,10,-2,9,-2,9,-2,7,-1,4,-1,3,0,1,0,0,0,-2,0,-4,0,-6,0,-7,0,-9,0,-9,0,-10,0,-10,0,-10,0,-9,0,0,0,-7,0,-5,0,-4,0,-2,0,0,0,1,0,3,0,4,0,6,0,7,0,8,1,8,1,8,1,7,1,7,1,7,1,5,0,4,0,3,0,2,0,0,0,0,-1,-1,-2,-2,-2,-3,-3,-3,-3,0,0,0,0,0,0,0,0,0,0]"
CSI_DATA,24555,80:af:ca:27:52:2a,-54,11,1,0,1,1,1,0,0,0,0,-97,0,11,2,329159523,0,83,1,128,0,"[0,0,0,0,0,0,0,0,0,0,0,0,-2,-9,-2,-9,-2,-8,-1,-6,0,-5,0,-3,0,-1,0,0,1,2,1,4,2,5,2,6,2,8,2,8,2,8,2,9,2,8,2,7,2,6,1,5,1,4,0,2,0,0,0,-1,-1,-2,-1,-4,0,0,-2,-6,-2,-8,-3,-8,-3,-8,-3,-9,-3,-8,-3,-8,-2,-6,-2,-6,-2,-4,-2,-2,-1,-1,-1,0,0,1,0,2,0,4,0,5,0,5,0,6,0,6,0,6,0,6,0,5,0,5,0,4,0,3,0,0,0,0,0,0,0,0,0,0]"
CSI_DATA,24556,80:af:ca:27:52:2a,-55,11,1,0,1,1,1,0,0,0,0,-97,0,11,2,329173163,0,83,1,128,0,"[0,0,0,0,0,0,0,0,0,0,0,0,2,8,2,7,1,6,1,6,0,4,0,3,0,1,-1,0,-1,-2,-2,-3,-3,-5,-3,-6,-4,-6,-4,-7,-4,-7,-4,-8,-4,-7,-4,-6,-3,-6,-3,-5,-2,-4,-1,-2,-1,-1,0,0,1,1,2,2,0,0,3,4,4,5,4,5,5,5,5,6,5,5,4,5,4,4,3,4,3,2,2,2,1,0,0,0,0,-1,-1,-2,-2,-3,-3,-4,-3,-4,-3,-5,-4,-5,-4,-5,-4,-5,-3,-4,-3,-4,-3,-4,-2,-3,0,0,0,0,0,0,0,0,0,0]"
CSI_DATA,24557,80:af:ca:27:52:2a,-55,11,1,0,1,1,1,0,0,0,0,-97,0,11,2,329187669,0,83,1,128,0,"[0,0,0,0,0,0,0,0,0,0,0,0,-7,-4,-6,-4,-5,-3,-4,-3,-3,-3,-2,-2,-1,-1,0,0,1,0,2,0,4,1,4,1,5,2,5,2,6,2,6,3,6,2,5,2,5,2,4,1,3,1,2,0,0,0,0,0,-1,0,-2,-1,0,0,-4,-2,-5,-2,-6,-2,-6,-2,-6,-3,-6,-3,-6,-2,-5,-2,-5,-1,-4,-1,-3,0,-2,0,0,0,0,0,0,1,1,1,2,2,3,2,4,2,4,2,4,2,4,2,4,2,3,2,3,2,2,1,0,0,0,0,0,0,0,0,0,0]"
CSI_DATA,24558,80:af:ca:27:52:2a,-55,11,1,2,1,1,1,0,0,0,0,-97,0,11,2,329193657,0,83,1,128,0,"[0,0,0,0,0,0,0,0,0,0,0,0,2,0,3,2,4,4,5,5,5,6,6,7,6,7,6,7,6,7,5,7,4,6,4,4,2,4,1,2,0,0,-1,0,-2,-1,-4,-2,-5,-4,-6,-4,-7,-5,-7,-6,-8,-6,-8,-6,-8,-6,-7,-5,0,0,-6,-4,-4,-3,-3,-2,-2,0,0,0,0,1,2,2,3,3,4,4,5,4,6,4,6,5,6,5,6,4,6,4,5,4,4,3,4,2,2,1,2,0,0,0,0,-1,-1,-2,-2,-3,-2,-4,-2,-4,0,0,0,0,0,0,0,0,0,0]"
CSI_DATA,24559,80:af:ca:27:52:2a,-55,11,1,0,1,1,1,0,0,0,0,-97,0,11,2,329202859,0,83,1,128,0,"[0,0,0,0,0,0,0,0,0,0,0,0,0,-3,0,-5,0,-7,0,-9,0,-9,1,-10,1,-11,1,-10,1,-10,1,-9,1,-8,1,-7,0,-5,0,-3,0,-1,0,0,0,2,0,4,0,5,0,7,0,8,0,9,0,9,0,9,0,9,0,8,0,0,0,6,0,4,0,3,0,1,0,0,0,-2,0,-4,0,-5,0,-7,0,-7,0,-9,0,-9,0,-9,0,-8,0,-7,0,-7,0,-6,0,-4,0,-3,-1,-2,0,0,-1,0,-1,1,-1,2,-2,3,-2,4,0,0,0,0,0,0,0,0,0,0]"
CSI_DATA,24560,80:af:ca:27:52:2a,-54,11,1,0,1,1,1,0,0,0,0,-97,0,11,2,329211493,0,83,1,128,0,"[0,0,0,0,0,0,0,0,0,0,0,0,-8,7,-7,6,-7,6,-6,4,-5,3,-3,2,-2,0,0,-1,1,-2,2,-3,4,-4,5,-6,6,-6,7,-7,7,-6,7,-7,6,-7,6,-6,5,-5,4,-5,3,-4,2,-2,1,-1,0,0,-2,1,-3,2,0,0,-5,4,-6,5,-7,5,-7,6,-7,5,-7,5,-7,5,-6,4,-5,4,-4,3,-2,2,-1,1,0,1,1,0,2,-1,3,-1,4,-2,5,-2,5,-3,5,-3,6,-3,6,-3,5,-3,5,-2,4,-2,3,-2,0,0,0,0,0,0,0,0,0,0]"
CSI_DATA,24561,80:af:ca:27:52:2a,-54,11,1,0,1,1,1,0,0,0,0,-97,0,11,2,329220800,0,83,1,128,0,"[0,0,0,0,0,0,0,0,0,0,0,0,2,-1,5,-1,7,-1,9,0,9,0,10,0,11,0,10,0,10,0,9,0,8,0,7,0,4,0,2,0,0,0,-1,0,-3,0,-4,-1,-7,-2,-8,-2,-9,-2,-9,-2,-10,-2,-10,-2,-10,-3,-9,-2,0,0,-7,-2,-5,-1,-4,0,-2,0,0,0,1,2,2,2,4,3,5,4,6,4,7,4,7,4,7,4,7,4,6,4,5,4,4,3,4,2,2,1,2,0,1,0,0,-2,0,-2,-1,-4,-1,-4,-2,-5,0,0,0,0,0,0,0,0,0,0]"
CSI_DATA,24562,80:af:ca:27:52:2a,-55,11,1,0,1,1,1,0,0,0,0,-97,0,11,2,329230390,0,83,1,128,0,"[0,0,0,0,0,0,0,0,0,0,0,0,8,-3,7,-2,6,-2,6,-1,4,-1,2,0,0,0,0,0,-2,1,-4,1,-6,1,-7,2,-7,2,-8,2,-8,2,-8,2,-8,2,-7,2,-6,2,-5,1,-4,1,-2,0,-1,0,0,0,2,0,3,-1,0,0,6,-2,7,-2,7,-2,7,-2,7,-2,7,-2,7,-2,6,-2,4,-2,3,-1,2,-1,1,-1,0,-1,-1,-1,-2,0,-4,0,-4,0,-5,0,-6,0,-6,0,-6,0,-6,0,-6,0,-5,0,-4,0,-3,0,0,0,0,0,0,0,0,0,0,0]"
CSI_DATA,24563,80:af:ca:27:52:2a,-55,11,1,0,1,1,1,0,0,0,0,-97,0,11,2,329239822,0,83,1,128,0,"[0,0,0,0,0,0,0,0,0,0,0,0,8,-1,7,-1,7,-1,6,0,4,0,2,0,1,0,0,0,-2,1,-3,1,-5,1,-6,1,-7,1,-7,1,-7,1,-8,2,-7,2,-7,1,-6,1,-5,1,-4,1,-2,0,-1,0,0,0,1,-1,3,-1,0,0,5,-2,6,-3,6,-3,7,-3,6,-3,6,-3,6,-3,5,-3,4,-2,3,-2,2,-2,0,-1,0,-1,-1,0,-3,0,-3,0,-4,0,-5,1,-5,1,-5,1,-5,1,-5,1,-5,1,-5,1,-4,1,-3,1,0,0,0,0,0,0,0,0,0,0]"
CSI_DATA,24564,80:af:ca:27:52:2a,-55,11,1,0,1,1,1,0,0,0,0,-97,0,11,2,329248646,0,83,1,128,0,"[0,0,0,0,0,0,0,0,0,0,0,0,5,-6,4,-5,4,-5,4,-4,3,-3,2,-2,1,0,0,0,-1,2,-1,3,-2,4,-2,5,-3,6,-3,6,-3,6,-3,7,-3,6,-3,6,-2,5,-2,4,-1,3,-1,2,-1,0,0,0,0,-2,0,-3,0,0,0,-6,1,-7,1,-7,0,-8,1,-7,1,-7,0,-7,0,-6,0,-5,0,-4,0,-3,0,-1,0,0,-1,1,-1,2,-1,3,-1,4,-1,4,-1,5,-1,5,-1,5,-1,5,0,5,0,4,0,4,0,3,0,0,0,0,0,0,0,0,0,0]"
CSI_DATA,24565,80:af:ca:27:52:2a,-55,11,1,0,1,1,1,0,0,0,0,-97,0,11,2,329258106,0,83,1,128,0,"[0,0,0,0,0,0,0,0,0,0,0,0,-3,0,-5,0,-7,0,-8,0,-10,-1,-10,-1,-11,-1,-11,-1,-11,-2,-10,-1,-8,-2,-7,-1,-5,-1,-3,-1,-1,-1,0,-1,2,-1,4,-1,6,-1,7,-1,8,-1,9,-2,9,-2,10,-2,9,-2,8,-2,0,0,6,-2,4,-1,2,-1,1,0,0,0,-2,0,-4,0,-6,0,-7,1,-8,1,-9,2,-9,2,-8,1,-8,2,-8,2,-7,2,-6,2,-4,2,-3,1,-2,0,0,0,0,0,2,0,3,0,4,0,4,0,0,0,0,0,0,0,0,0,0,0]"
CSI_DATA,24566,80:af:ca:27:52:2a,-55,11,1,0,1,1,1,0,0,0,0,-97,0,11,2,329267881,0,83,1,128,0,"[0,0,0,0,0,0,0,0,0,0,0,0,7,-4,6,-3,6,-3,5,-2,4,-2,2,-1,1,0,0,0,-1,1,-3,2,-4,2,-5,3,-6,3,-6,3,-6,3,-7,4,-6,4,-6,3,-5,3,-4,2,-3,2,-2,1,-1,0,0,0,1,-1,2,-2,0,0,4,-3,5,-4,5,-4,6,-5,6,-4,6,-4,5,-4,4,-4,4,-3,2,-3,1,-2,0,-1,0,-1,-1,0,-2,0,-3,1,-4,1,-4,2,-5,2,-5,2,-5,2,-5,2,-4,2,-4,2,-4,1,-3,1,0,0,0,0,0,0,0,0,0,0]"
CSI_DATA,24567,80:af:ca:27:52:2a,-55,11,1,0,1,1,1,0,0,0,0,-97,0,11,2,329277080,0,83,1,128,0,"[0,0,0,0,0,0,0,0,0,0,0,0,7,-5,6,-5,5,-4,5,-3,4,-2,2,-1,1,0,0,0,-1,1,-3,2,-4,3,-5,3,-6,4,-6,4,-6,4,-7,4,-6,4,-6,4,-5,3,-4,3,-3,2,-2,1,-1,0,0,0,1,-1,2,-2,0,0,4,-3,5,-4,5,-4,5,-5,5,-5,5,-4,5,-4,4,-4,3,-3,2,-3,1,-2,0,-1,0,-1,-1,0,-2,0,-3,1,-4,1,-4,2,-5,2,-5,2,-5,2,-5,2,-4,2,-4,2,-4,1,-3,1,0,0,0,0,0,0,0,0,0,0]"
CSI_DATA,24568,80:af:ca:27:52:2a,-54,11,1,0,1,1,1,0,0,0,0,-97,0,11,2,329286342,0,83,1,128,0,"[0,0,0,0,0,0,0,0,0,0,0,0,1,-10,1,-9,1,-8,1,-6,1,-5,0,-2,0,-1,0,0,-1,2,-1,4,-2,5,-2,7,-2,8,-2,8,-3,8,-3,9,-2,8,-2,7,-2,6,-2,5,-1,4,-1,2,0,1,0,0,1,-2,1,-4,0,0,2,-6,4,-7,4,-8,4,-8,4,-8,4,-8,4,-7,3,-6,2,-5,1,-4,1,-3,0,-2,-1,-1,-2,0,-2,1,-4,1,-4,2,-5,2,-5,3,-5,3,-5,3,-5,3,-5,2,-5,2,-4,2,-3,1,0,0,0,0,0,0,0,0,0,0]"
CSI_DATA,24569,80:af:ca:27:52:2a,-54,11,1,0,1,1,1,0,0,0,0,-97,0,11,2,329301502,0,83,1,128,0,"[0,0,0,0,0,0,0,0,0,0,0,0,4,-7,4,-7,4,-6,3,-5,2,-4,2,-2,1,-1,0,0,0,2,-1,3,-2,4,-2,6,-3,6,-3,7,-3,7,-3,8,-3,7,-2,6,-2,6,-2,5,-1,4,-1,2,-1,1,0,0,0,-2,0,-3,0,0,0,-6,1,-7,1,-8,0,-8,1,-8,1,-8,0,-7,0,-6,0,-5,0,-4,0,-3,0,-2,0,0,-1,1,-1,2,-1,3,-1,4,-1,5,-1,5,-1,5,-1,5,-1,5,-1,5,-1,4,-1,4,0,3,0,0,0,0,0,0,0,0,0,0]"
CSI_DATA,24570,80:af:ca:27:52:2a,-55,11,1,0,1,1,1,0,0,0,0,-97,0,11,2,329311064,0,83,1,128,0,"[0,0,0,0,0,0,0,0,0,0,0,0,2,0,4,2,5,3,6,4,7,6,7,7,8,7,8,7,8,7,7,6,7,6,6,4,4,4,2,2,0,1,0,0,-2,-1,-4,-2,-5,-3,-7,-4,-8,-4,-9,-5,-9,-5,-9,-6,-9,-6,-9,-5,0,0,-7,-4,-5,-3,-4,-2,-2,-1,0,0,1,1,2,2,4,2,5,4,7,4,7,4,7,5,7,5,7,4,7,4,6,4,5,3,4,2,2,1,2,0,0,0,0,-1,-1,-2,-2,-3,-2,-4,-3,-4,0,0,0,0,0,0,0,0,0,0]"
CSI_DATA,24571,80:af:ca:27:52:2a,-55,11,1,0,1,1,1,0,0,0,0,-97,0,11,2,329318273,0,83,1,128,0,"[0,0,0,0,0,0,0,0,0,0,0,0,7,1,6,1,6,1,5,1,4,0,2,0,1,0,0,0,-1,0,-3,0,-4,0,-5,0,-6,0,-7,0,-7,0,-7,0,-7,0,-6,0,-6,0,-5,0,-4,0,-3,0,-1,0,0,0,0,0,2,0,0,0,5,0,5,0,6,0,6,0,7,0,6,0,6,0,5,0,5,0,4,0,2,0,1,0,0,0,0,0,-2,0,-3,-1,-4,-1,-4,-1,-5,-1,-5,-1,-5,-1,-5,-1,-5,-1,-4,-1,-4,-1,-3,0,0,0,0,0,0,0,0,0,0,0]"
CSI_DATA,24572,80:af:ca:27:52:2a,-55,11,1,0,1,1,1,0,0,0,0,-97,0,11,2,329327153,0,83,1,128,0,"[0,0,0,0,0,0,0,0,0,0,0,0,0,2,0,4,-1,6,-2,7,-2,8,-3,8,-3,10,-2,9,-3,9,-2,8,-3,8,-2,6,-2,4,-2,3,-1,1,0,0,0,-2,0,-4,0,-6,0,-7,0,-8,0,-9,0,-10,0,-10,0,-10,0,-9,0,0,0,-7,0,-6,0,-4,0,-2,0,0,0,1,-1,3,-1,4,-1,6,-1,7,-1,8,-1,8,-2,8,-1,8,-1,7,-1,6,0,6,0,4,0,3,0,2,0,0,0,0,0,-2,1,-3,2,-4,2,-4,0,0,0,0,0,0,0,0,0,0]"
CSI_DATA,24573,80:af:ca:27:52:2a,-55,11,1,0,1,1,1,0,0,0,0,-97,0,11,2,329342004,0,83,1,128,0,"[0,0,0,0,0,0,0,0,0,0,0,0,0,-3,1,-4,2,-6,4,-7,4,-8,5,-9,6,-9,5,-9,6,-9,5,-8,4,-7,4,-6,2,-4,2,-3,0,-1,0,0,-1,1,-2,3,-3,4,-4,5,-5,6,-6,7,-6,7,-6,8,-6,7,-5,7,0,0,-4,5,-3,4,-2,2,-1,1,0,0,1,-1,2,-2,3,-3,4,-4,4,-5,5,-6,6,-5,6,-6,6,-5,5,-5,4,-4,4,-4,2,-4,2,-2,0,-2,0,-1,-1,0,-2,0,-3,0,-4,0,-4,0,0,0,0,0,0,0,0,0,0,0]"
CSI_DATA,24574,80:af:ca:27:52:2a,-54,11,1,0,1,1,1,0,0,0,0,-97,0,11,2,329350690,0,83,1,128,0,"[0,0,0,0,0,0,0,0,0,0,0,0,0,10,0,9,0,8,-1,6,-1,4,0,2,0,0,0,-1,0,-3,0,-5,0,-7,0,-9,1,-10,1,-10,1,-10,1,-11,1,-10,1,-9,1,-8,1,-6,0,-5,0,-3,0,-1,-1,0,-1,2,-2,4,0,0,-3,6,-4,8,-4,9,-4,9,-4,9,-4,9,-4,8,-3,6,-2,6,-2,5,-1,3,0,1,0,0,1,0,2,-1,3,-2,4,-3,5,-4,5,-4,5,-4,5,-4,5,-4,5,-4,4,-4,4,-3,3,-2,0,0,0,0,0,0,0,0,0,0]"
CSI_DATA,24575,80:af:ca:27:52:2a,-55,11,1,0,1,1,1,0,0,0,0,-97,0,11,2,329359639,0,83,1,128,0,"[0,0,0,0,0,0,0,0,0,0,0,0,2,2,3,3,4,4,5,6,5,7,5,8,6,8,6,8,5,8,5,7,4,6,3,5,2,4,1,2,0,0,-1,0,-2,-2,-3,-4,-4,-5,-4,-6,-5,-6,-6,-8,-6,-8,-6,-8,-6,-8,-6,-7,0,0,-4,-6,-3,-4,-2,-2,-1,-1,0,0,0,1,1,3,2,4,2,5,3,6,3,7,3,7,3,7,3,7,3,6,2,6,2,4,2,3,1,2,0,1,0,0,0,-1,0,-2,0,-4,0,-4,0,-5,0,0,0,0,0,0,0,0,0,0]"
CSI_DATA,24576,80:af:ca:27:52:2a,-55,11,1,0,1,1,1,0,0,0,0,-97,0,11,2,329368543,0,83,1,128,0,"[0,0,0,0,0,0,0,0,0,0,0,0,1,2,2,4,2,5,2,7,2,8,2,9,2,9,2,9,2,9,2,8,2,8,1,6,1,4,0,3,0,1,-1,0,-1,-2,-2,-3,-3,-5,-4,-6,-4,-7,-4,-8,-4,-8,-5,-8,-5,-8,-4,-8,0,0,-4,-6,-2,-4,-2,-3,-1,-2,0,0,0,1,1,2,2,4,2,5,3,6,4,6,4,7,4,7,4,6,3,6,3,6,2,4,2,3,1,2,1,0,0,0,0,-1,0,-2,-1,-3,-1,-4,-1,-5,0,0,0,0,0,0,0,0,0,0]"
CSI_DATA,24577,80:af:ca:27:52:2a,-55,11,1,0,1,1,1,0,0,0,0,-97,0,11,2,329377470,0,83,1,128,0,"[0,0,0,0,0,0,0,0,0,0,0,0,-1,2,-2,4,-3,6,-5,7,-5,8,-6,8,-6,9,-6,9,-6,8,-5,8,-5,7,-5,6,-3,4,-2,2,-1,0,0,0,0,-2,1,-4,2,-6,2,-8,3,-8,3,-10,3,-10,3,-10,4,-10,3,-10,0,0,2,-8,2,-5,1,-4,0,-2,0,0,-1,1,-2,3,-2,5,-3,6,-3,7,-4,8,-5,8,-5,8,-4,8,-4,8,-3,7,-2,5,-2,4,-1,2,0,1,0,0,0,0,1,-2,2,-2,2,-3,3,-4,0,0,0,0,0,0,0,0,0,0]"
CSI_DATA,24578,80:af:ca:27:52:2a,-55,11,1,2,1,1,1,0,0,0,0,-97,0,11,2,329383286,0,83,1,128,0,"[0,0,0,0,0,0,0,0,0,0,0,0,0,2,0,4,0,5,-1,8,-2,8,-2,9,-2,10,-2,10,-2,10,-2,9,-2,8,-2,7,-1,5,-1,3,-1,1,0,0,0,-2,0,-4,0,-6,0,-8,0,-9,0,-10,0,-11,0,-11,0,-11,0,-10,0,0,0,-8,0,-6,0,-4,0,-2,0,0,0,1,0,2,0,5,0,6,0,8,0,8,0,8,0,8,0,8,0,8,0,8,0,6,0,5,0,3,0,2,0,0,0,0,0,-2,1,-3,1,-4,1,-5,0,0,0,0,0,0,0,0,0,0]"
CSI_DATA,24579,80:af:ca:27:52:2a,-56,11,1,0,1,1,1,0,0,0,0,-97,0,11,2,329391870,0,83,1,128,0,"[0,0,0,0,0,0,0,0,0,0,0,0,-1,1,-3,3,-4,4,-5,5,-6,5,-7,6,-7,6,-7,6,-7,6,-7,5,-7,5,-5,4,-4,3,-3,1,-1,0,0,0,0,-1,1,-3,3,-4,4,-5,5,-6,5,-7,5,-7,5,-7,6,-7,5,-7,0,0,4,-5,3,-4,1,-3,0,-1,0,0,-1,0,-3,1,-3,3,-5,4,-5,4,-6,5,-7,5,-7,5,-7,5,-6,5,-5,5,-5,4,-3,3,-3,2,-1,1,0,0,0,0,1,0,2,-1,3,-1,4,-1,0,0,0,0,0,0,0,0,0,0]"
CSI_DATA,24580,80:af:ca:27:52:2a,-55,11,1,0,1,1,1,0,0,0,0,-97,0,11,2,329398540,0,83,1,128,0,"[0,0,0,0,0,0,0,0,0,0,0,0,2,2,4,4,5,6,5,8,6,8,6,10,6,10,6,10,6,10,5,9,4,8,4,6,2,5,1,3,0,1,0,0,-2,-2,-2,-4,-4,-6,-4,-8,-5,-8,-6,-10,-6,-10,-6,-10,-6,-10,-6,-9,0,0,-4,-7,-4,-6,-2,-4,-2,-2,-1,0,0,2,0,4,1,5,2,7,2,8,2,9,2,9,2,9,2,9,2,8,2,8,2,6,1,5,1,3,1,2,0,0,0,-1,0,-2,0,-4,0,-5,0,-6,0,0,0,0,0,0,0,0,0,0]"
CSI_DATA,24581,80:af:ca:27:52:2a,-55,11,1,0,1,1,1,0,0,0,0,-97,0,11,2,329424816,0,83,1,128,0,"[0,0,0,0,0,0,0,0,0,0,0,0,-2,-2,-3,-4,-4,-6,-4,-8,-4,-8,-4,-9,-4,-10,-4,-9,-4,-9,-4,-8,-3,-8,-3,-6,-2,-5,-1,-3,0,-1,0,0,0,2,2,3,2,4,2,6,3,6,4,8,4,8,4,8,4,8,4,7,0,0,2,5,2,4,1,2,0,1,0,0,0,-2,-1,-4,-2,-5,-2,-6,-2,-7,-2,-8,-2,-8,-2,-8,-2,-8,-2,-8,-2,-6,-2,-6,-2,-4,-2,-3,-1,-2,-1,0,-1,0,0,1,0,2,-1,4,0,4,0,0,0,0,0,0,0,0,0,0]"
CSI_DATA,24582,80:af:ca:27:52:2a,-55,11,1,0,1,1,1,0,0,0,0,-97,0,11,2,329441158,0,83,1,128,0,"[0,0,0,0,0,0,0,0,0,0,0,0,0,-3,0,-5,2,-8,3,-10,4,-11,5,-11,5,-13,5,-12,5,-12,5,-11,5,-10,4,-9,2,-7,2,-5,0,-2,0,0,0,2,-1,4,-2,6,-2,8,-2,10,-3,11,-3,11,-3,12,-3,12,-2,11,0,0,-2,9,-2,7,-1,5,0,2,0,0,0,-2,1,-4,1,-6,2,-8,2,-10,2,-10,3,-10,3,-11,2,-11,2,-10,2,-9,2,-8,0,-6,0,-5,0,-3,0,-1,-1,0,-2,1,-2,2,-3,4,-4,5,0,0,0,0,0,0,0,0,0,0]"
CSI_DATA,24583,80:af:ca:27:52:2a,-55,11,1,0,1,1,1,0,0,0,0,-97,0,11,2,329451950,0,83,1,128,0,"[0,0,0,0,0,0,0,0,0,0,0,0,-3,7,-2,7,-2,6,-2,5,-2,3,-1,2,-1,0,0,-1,0,-2,0,-4,1,-5,1,-6,2,-7,2,-7,2,-7,2,-8,2,-7,2,-7,2,-6,1,-5,1,-4,0,-3,0,-1,0,0,-1,1,-2,3,0,0,-2,5,-3,6,-3,7,-3,7,-3,7,-3,7,-3,6,-3,5,-2,5,-1,4,-1,3,0,1,0,0,1,0,2,-1,2,-2,3,-3,3,-4,4,-4,4,-4,4,-4,4,-4,4,-4,3,-3,3,-3,2,-2,0,0,0,0,0,0,0,0,0,0]"
CSI_DATA,24584,80:af:ca:27:52:2a,-54,11,1,2,1,1,1,0,0,0,0,-97,0,11,2,329471917,0,83,1,128,0,"[0,0,0,0,0,0,0,0,0,0,0,0,0,3,0,5,-1,6,-1,8,-2,10,-3,10,-3,11,-3,10,-3,10,-3,10,-3,9,-2,7,-1,5,-1,3,0,1,0,0,0,-3,0,-4,0,-6,0,-8,1,-9,1,-10,1,-11,1,-11,1,-10,1,-10,0,0,0,-7,0,-6,0,-4,0,-3,0,0,-1,0,-2,3,-2,4,-3,6,-3,6,-3,7,-3,8,-3,8,-3,7,-3,7,-3,6,-3,6,-2,4,-1,3,0,1,0,0,0,0,1,-1,2,-2,3,-3,3,-3,0,0,0,0,0,0,0,0,0,0]"
CSI_DATA,24585,80:af:ca:27:52:2a,-54,11,1,0,1,1,1,0,0,0,0,-97,0,11,2,329479026,0,83,1,128,0,"[0,0,0,0,0,0,0,0,0,0,0,0,-6,-7,-6,-6,-5,-6,-4,-5,-2,-3,-1,-2,0,-1,1,0,1,1,3,2,3,3,5,5,5,5,5,6,6,6,6,6,5,6,5,5,4,5,3,3,2,2,1,1,0,0,0,0,-1,-2,-2,-3,0,0,-4,-5,-5,-6,-5,-6,-6,-6,-5,-7,-5,-7,-5,-6,-5,-5,-4,-5,-3,-3,-2,-2,-2,-1,-1,0,0,1,0,2,0,3,1,4,1,5,1,5,2,5,2,5,1,5,1,5,1,5,1,4,1,3,0,0,0,0,0,0,0,0,0,0]"
CSI_DATA,24586,80:af:ca:27:52:2a,-55,11,1,0,1,1,1,0,0,0,0,-97,0,11,2,329487051,0,83,1,128,0,"[0,0,0,0,0,0,0,0,0,0,0,0,4,0,5,2,7,2,8,4,9,4,10,5,11,6,10,5,9,5,8,5,7,4,6,4,4,2,2,2,0,0,-1,0,-2,-2,-4,-2,-6,-4,-8,-4,-8,-5,-9,-6,-10,-6,-11,-6,-10,-6,-9,-5,0,0,-7,-4,-5,-3,-4,-2,-2,-1,0,0,1,1,2,2,4,4,5,4,6,5,6,6,6,6,6,6,6,6,6,6,6,5,4,4,4,3,2,2,2,0,0,0,0,-1,0,-2,-1,-4,-2,-4,-2,-5,0,0,0,0,0,0,0,0,0,0]"
CSI_DATA,24587,80:af:ca:27:52:2a,-54,11,1,0,1,1,1,0,0,0,0,-97,0,11,2,329495572,0,83,1,128,0,"[0,0,0,0,0,0,0,0,0,0,0,0,-8,-2,-8,-2,-7,-2,-6,-2,-4,-1,-2,-1,-1,-1,0,0,2,0,3,0,4,0,6,1,7,1,7,1,7,1,8,1,7,1,7,1,6,0,5,0,3,0,2,0,1,0,0,0,-2,0,-3,0,0,0,-6,-1,-7,-1,-7,-1,-8,-1,-8,-1,-8,-1,-7,-1,-7,-1,-6,0,-4,0,-3,0,-2,0,0,0,0,0,2,0,3,1,4,1,4,1,5,1,5,1,5,1,5,1,4,1,4,1,3,1,2,1,0,0,0,0,0,0,0,0,0,0]"
CSI_DATA,24588,80:af:ca:27:52:2a,-55,11,1,2,1,1,1,0,0,0,0,-97,0,11,2,329500807,0,83,1,128,0,"[0,0,0,0,0,0,0,0,0,0,0,0,1,-2,3,-3,5,-4,6,-5,8,-5,8,-5,8,-5,8,-5,8,-5,8,-5,7,-5,5,-4,4,-2,2,-2,1,0,0,0,-2,1,-3,2,-5,3,-5,4,-7,5,-7,5,-8,6,-8,6,-8,6,-7,6,0,0,-5,4,-4,3,-2,2,-1,1,0,0,1,-1,2,-2,4,-3,5,-4,5,-5,6,-5,6,-5,6,-5,6,-5,5,-5,5,-5,4,-4,3,-3,2,-2,1,-2,0,-1,-1,0,-2,0,-3,0,-4,0,-5,1,0,0,0,0,0,0,0,0,0,0]"
CSI_DATA,24589,80:af:ca:27:52:2a,-55,11,1,0,1,1,1,0,0,0,0,-97,0,11,2,329507916,0,83,1,128,0,"[0,0,0,0,0,0,0,0,0,0,0,0,-3,0,-4,-1,-7,-2,-7,-4,-9,-4,-9,-4,-9,-4,-9,-4,-9,-4,-9,-4,-7,-4,-7,-3,-4,-3,-3,-2,-1,-1,0,0,2,0,3,0,4,1,7,2,7,2,8,2,9,3,9,2,9,3,8,2,0,0,6,2,4,1,3,0,2,0,0,0,-1,-1,-3,-2,-4,-2,-6,-3,-7,-4,-8,-4,-8,-4,-8,-4,-8,-4,-7,-4,-7,-4,-6,-3,-4,-2,-3,-2,-2,0,-1,0,0,0,0,1,1,2,2,2,2,3,0,0,0,0,0,0,0,0,0,0]"
CSI_DATA,24590,80:af:ca:27:52:2a,-55,11,1,0,1,1,1,0,0,0,0,-97,0,11,2,329517393,0,83,1,128,0,"[0,0,0,0,0,0,0,0,0,0,0,0,-9,0,-7,0,-7,0,-5,-1,-4,-1,-2,-1,-1,-1,0,-1,2,-1,3,0,5,0,6,-1,7,0,7,0,7,0,8,0,7,0,6,0,6,0,5,0,3,0,2,0,0,0,-1,0,-2,0,-4,0,0,0,-6,0,-7,0,-8,0,-9,0,-8,0,-8,0,-7,0,-6,0,-6,0,-4,0,-3,0,-2,0,0,0,1,1,2,1,3,1,4,1,5,1,5,1,5,1,5,2,5,2,5,2,4,1,4,1,3,1,0,0,0,0,0,0,0,0,0,0]"
CSI_DATA,24591,80:af:ca:27:52:2a,-55,11,1,0,1,1,1,0,0,0,0,-97,0,11,2,329534795,0,83,1,128,0,"[0,0,0,0,0,0,0,0,0,0,0,0,-2,1,-5,2,-7,2,-8,2,-10,3,-11,3,-11,3,-11,4,-11,3,-10,3,-9,2,-8,2,-6,1,-4,0,-2,0,0,-1,1,-2,2,-2,5,-3,5,-5,7,-5,8,-6,8,-6,8,-7,8,-6,8,-6,0,0,5,-5,4,-4,2,-2,1,-2,0,0,-2,0,-3,2,-5,2,-5,3,-6,5,-7,5,-8,5,-8,5,-7,5,-7,5,-6,4,-5,4,-4,2,-2,2,-1,1,0,0,0,0,2,0,2,-1,3,-2,4,-2,0,0,0,0,0,0,0,0,0,0]"
CSI_DATA,24592,80:af:ca:27:52:2a,-54,11,1,2,1,1,1,0,0,0,0,-97,0,11,2,329540053,0,83,1,128,0,"[0,0,0,0,0,0,0,0,0,0,0,0,-3,-1,-5,-3,-7,-4,-8,-6,-9,-7,-9,-8,-10,-8,-10,-8,-9,-8,-9,-8,-8,-7,-7,-6,-5,-4,-3,-3,-1,-1,0,0,1,0,4,2,4,3,6,4,7,5,8,6,8,6,8,6,8,6,8,5,0,0,6,4,4,3,3,2,2,0,0,0,-1,-1,-2,-3,-4,-4,-5,-5,-6,-6,-7,-7,-7,-8,-7,-8,-6,-8,-6,-7,-5,-6,-5,-5,-4,-4,-3,-3,-2,-2,-1,0,0,0,0,1,0,3,0,4,1,4,0,0,0,0,0,0,0,0,0,0]"
CSI_DATA,24593,80:af:ca:27:52:2a,-55,11,1,0,1,1,1,0,0,0,0,-97,0,11,2,329561409,0,83,1,128,0,"[0,0,0,0,0,0,0,0,0,0,0,0,2,2,2,4,3,5,4,7,4,8,5,9,5,9,5,9,4,9,4,8,3,8,3,6,2,5,0,2,0,1,-1,0,-2,-2,-3,-3,-4,-5,-5,-5,-6,-7,-7,-7,-7,-8,-8,-8,-7,-8,-7,-7,0,0,-5,-5,-4,-4,-3,-3,-2,-1,0,0,0,0,2,2,3,3,4,5,5,5,5,5,5,6,5,6,5,5,5,5,5,5,4,4,3,2,2,2,1,0,0,0,0,-1,-1,-2,-2,-3,-2,-4,-2,-5,0,0,0,0,0,0,0,0,0,0]"
CSI_DATA,24594,80:af:ca:27:52:2a,-55,11,1,0,1,1,1,0,0,0,0,-97,0,11,2,329569577,0,83,1,128,0,"[0,0,0,0,0,0,0,0,0,0,0,0,0,-3,2,-4,4,-6,5,-7,6,-7,7,-8,7,-8,7,-8,7,-8,6,-7,6,-7,4,-6,3,-4,2,-2,1,-1,0,0,-1,2,-2,3,-3,4,-4,6,-4,7,-4,8,-4,8,-4,9,-5,9,-4,8,0,0,-3,6,-2,4,-2,3,-1,1,0,0,0,-2,1,-4,2,-5,2,-7,2,-7,3,-8,3,-8,3,-8,3,-8,2,-7,2,-7,2,-6,1,-4,0,-3,0,-2,0,0,-1,0,-2,1,-2,2,-3,2,-3,3,0,0,0,0,0,0,0,0,0,0]"
CSI_DATA,24595,80:af:ca:27:52:2a,-54,11,1,0,1,1,1,0,0,0,0,-97,0,11,2,329604512,0,83,1,128,0,"[0,0,0,0,0,0,0,0,0,0,0,0,9,-1,8,-1,7,0,6,0,4,0,2,0,1,0,0,0,-2,0,-3,0,-6,0,-7,0,-8,0,-8,0,-9,0,-9,0,-8,0,-8,0,-7,0,-6,0,-4,0,-3,0,-2,0,0,0,1,0,2,0,0,0,5,0,7,0,7,0,8,0,8,0,8,0,7,0,6,0,6,0,4,0,3,0,1,0,0,0,-1,-1,-2,-1,-3,-1,-4,-2,-4,-2,-5,-2,-6,-2,-6,-2,-5,-2,-5,-2,-4,-2,-4,-2,-3,-1,0,0,0,0,0,0,0,0,0,0]"
CSI_DATA,24596,80:af:ca:27:52:2a,-54,11,1,0,1,1,1,0,0,0,0,-97,0,11,2,329613098,0,83,1,128,0,"[0,0,0,0,0,0,0,0,0,0,0,0,2,8,2,7,1,6,1,5,0,3,0,2,0,0,0,-1,0,-2,-1,-5,-1,-6,-1,-7,-1,-8,0,-8,0,-9,0,-10,0,-9,0,-8,0,-7,0,-6,0,-5,0,-3,0,-1,-1,0,-1,1,-1,3,0,0,-2,6,-2,7,-2,7,-3,8,-3,8,-3,7,-3,7,-2,6,-2,5,-1,4,-1,3,0,1,0,0,1,0,2,-1,3,-2,3,-3,4,-3,5,-3,5,-3,5,-3,5,-3,5,-3,4,-3,3,-2,2,-2,0,0,0,0,0,0,0,0,0,0]"
CSI_DATA,24597,80:af:ca:27:52:2a,-55,11,1,0,1,1,1,0,0,0,0,-97,0,11,2,329630165,0,83,1,128,0,"[0,0,0,0,0,0,0,0,0,0,0,0,-2,1,-4,2,-6,2,-8,2,-9,2,-10,2,-10,2,-10,2,-10,2,-9,2,-8,1,-7,1,-6,0,-4,0,-2,0,0,0,1,-2,3,-2,4,-2,6,-2,7,-3,8,-4,8,-4,8,-4,8,-4,8,-4,0,0,6,-3,4,-2,3,-2,1,-1,0,0,-2,0,-4,0,-5,1,-6,1,-7,2,-8,2,-8,2,-8,2,-8,2,-8,2,-7,2,-6,2,-4,1,-3,1,-2,0,0,0,0,0,2,0,3,0,4,0,4,0,0,0,0,0,0,0,0,0,0,0]"
CSI_DATA,24598,80:af:ca:27:52:2a,-55,11,1,0,1,1,1,0,0,0,0,-97,0,11,2,329639047,0,83,1,128,0,"[0,0,0,0,0,0,0,0,0,0,0,0,-4,0,-6,0,-8,0,-10,-1,-11,-1,-12,-2,-12,-2,-12,-2,-12,-2,-12,-1,-10,-2,-9,-1,-7,-1,-4,-1,-2,0,0,0,2,0,4,0,7,-1,8,0,9,-1,11,-1,11,-1,12,-2,12,-1,11,-2,0,0,8,-1,6,-1,4,0,2,0,0,0,-2,0,-4,0,-7,0,-8,0,-9,0,-11,0,-11,0,-11,0,-11,0,-10,0,-9,0,-8,0,-6,0,-4,0,-2,0,-1,0,0,0,2,0,3,0,4,0,5,1,0,0,0,0,0,0,0,0,0,0]"
CSI_DATA,24599,80:af:ca:27:52:2a,-55,11,1,0,1,1,1,0,0,0,0,-97,0,11,2,329647507,0,83,1,128,0,"[0,0,0,0,0,0,0,0,0,0,0,0,2,-2,4,-3,5,-3,7,-3,8,-4,9,-4,9,-4,9,-4,9,-3,8,-3,8,-2,6,-2,4,-2,2,-1,0,0,0,0,-2,0,-4,1,-6,2,-7,2,-8,2,-9,2,-9,2,-10,3,-10,3,-9,3,0,0,-7,2,-5,2,-4,1,-2,0,0,0,2,0,3,0,5,0,6,0,7,-1,8,-1,8,-1,8,0,8,-1,8,-1,7,-1,6,-1,4,-1,3,-1,2,-1,0,-1,0,-1,-2,-1,-3,-2,-4,-2,-4,-2,0,0,0,0,0,0,0,0,0,0]"
CSI_DATA,24600,80:af:ca:27:52:2a,-54,11,1,0,1,1,1,0,0,0,0,-97,0,11,2,329666795,0,83,1,128,0,"[0,0,0,0,0,0,0,0,0,0,0,0,-8,3,-8,3,-7,2,-6,2,-4,1,-3,0,-1,0,0,-1,1,-2,2,-2,4,-3,4,-4,6,-4,6,-5,6,-5,7,-6,6,-5,5,-5,4,-4,4,-4,3,-3,2,-2,1,-1,0,0,-1,1,-2,2,0,0,-3,4,-4,4,-4,5,-5,6,-5,6,-5,6,-4,5,-4,4,-3,4,-2,3,-2,2,-1,1,0,0,0,0,1,-1,2,-2,2,-3,2,-3,3,-4,3,-4,3,-4,3,-4,3,-4,2,-3,2,-3,1,-2,0,0,0,0,0,0,0,0,0,0]"
CSI_DATA,24601,80:af:ca:27:52:2a,-56,11,1,0,1,1,1,0,0,0,0,-97,0,11,2,329673966,0,83,1,128,0,"[0,0,0,0,0,0,0,0,0,0,0,0,2,2,2,4,3,6,4,8,4,10,4,10,4,11,4,10,4,10,3,10,2,9,2,8,2,6,0,4,0,1,0,0,-1,-2,-2,-4,-2,-6,-2,-8,-3,-9,-4,-10,-4,-11,-4,-11,-4,-12,-4,-10,0,0,-3,-8,-2,-6,-2,-4,-2,-2,-1,0,0,1,0,3,0,5,0,7,0,8,0,9,0,10,0,10,0,10,0,9,0,8,0,7,0,6,0,4,0,2,0,1,0,0,0,-2,1,-3,2,-4,2,-5,0,0,0,0,0,0,0,0,0,0]"
CSI_DATA,24602,80:af:ca:27:52:2a,-54,11,1,0,1,1,1,0,0,0,0,-97,0,11,2,329700840,0,83,1,128,0,"[0,0,0,0,0,0,0,0,0,0,0,0,-2,8,-2,7,-2,6,-2,5,-2,3,-2,2,0,1,-2,-1,1,-3,-2,-3,-2,-4,-2,-5,-2,-5,-1,-6,-1,-6,-2,-11,-2,-10,-1,-6,-1,-6,-2,-6,-1,-4,-1,-3,0,-1,0,0,0,1,1,2,0,0,2,4,3,6,4,6,3,6,3,6,4,6,3,6,4,4,3,5,2,2,1,1,0,0,0,0,-1,-1,-1,-3,-2,-3,-3,-3,-3,-4,-4,-4,-4,-5,-4,-4,-4,-5,-3,-4,-2,-3,-2,-3,-1,-3,0,0,0,0,0,0,0,0,0,0]"
CSI_DATA,24603,80:af:ca:27:52:2a,-55,11,1,0,1,1,1,0,0,0,0,-97,0,11,2,329708058,0,83,1,128,0,"[0,0,0,0,0,0,0,0,0,0,0,0,-2,2,-4,2,-6,2,-8,2,-8,2,-9,2,-10,2,-9,2,-9,2,-8,2,-8,1,-6,1,-4,0,-3,0,-1,0,0,-1,1,-2,3,-2,4,-3,6,-4,6,-4,7,-5,7,-5,8,-6,7,-6,6,-6,0,0,5,-4,4,-3,2,-2,1,-1,0,0,-2,0,-3,2,-4,2,-6,3,-6,4,-7,5,-7,5,-7,5,-7,5,-6,4,-6,4,-4,3,-4,3,-2,2,-1,1,0,0,0,0,2,-1,2,-2,3,-2,4,-2,0,0,0,0,0,0,0,0,0,0]"
CSI_DATA,24604,80:af:ca:27:52:2a,-55,11,1,0,1,1,1,0,0,0,0,-97,0,11,2,329727055,0,83,1,128,0,"[0,0,0,0,0,0,0,0,0,0,0,0,-3,0,-5,-1,-7,-2,-8,-2,-10,-3,-10,-4,-10,-4,-10,-3,-10,-4,-9,-3,-8,-3,-7,-2,-5,-2,-3,-2,-1,-1,0,0,2,0,3,0,5,0,7,0,8,0,9,0,9,1,10,0,10,1,9,0,0,0,7,0,5,0,3,0,2,0,0,0,-2,0,-4,-1,-5,-1,-7,-1,-8,-1,-9,-1,-9,-1,-9,-1,-9,-1,-8,-1,-8,0,-7,0,-5,0,-4,0,-2,0,-1,0,0,0,1,0,2,1,3,1,4,1,0,0,0,0,0,0,0,0,0,0]"
CSI_DATA,24605,80:af:ca:27:52:2a,-55,11,1,0,1,1,1,0,0,0,0,-97,0,11,2,329736205,0,83,1,128,0,"[0,0,0,0,0,0,0,0,0,0,0,0,0,2,-2,5,-2,6,-4,8,-4,8,-5,9,-5,10,-5,10,-5,9,-5,8,-5,8,-4,6,-3,5,-2,2,-1,1,0,0,0,-2,1,-4,2,-5,3,-7,4,-8,4,-8,5,-9,5,-9,5,-9,4,-8,0,0,2,-7,2,-5,1,-4,0,-2,0,-1,-2,0,-2,2,-4,2,-5,4,-5,5,-6,5,-6,5,-6,5,-6,5,-6,5,-5,5,-5,4,-3,3,-2,2,-1,1,0,0,0,0,1,0,2,-1,3,-1,4,-1,0,0,0,0,0,0,0,0,0,0]"
CSI_DATA,24606,80:af:ca:27:52:2a,-55,11,1,0,1,1,1,0,0,0,0,-97,0,11,2,329748776,0,83,1,128,0,"[0,0,0,0,0,0,0,0,0,0,0,0,8,0,8,0,7,0,6,0,3,0,2,0,0,0,-1,0,-2,0,-4,0,-6,0,-7,0,-8,0,-8,0,-8,0,-9,0,-8,0,-7,0,-7,0,-6,0,-4,0,-3,0,-1,0,0,0,1,0,3,0,0,0,6,0,7,0,7,0,8,0,8,0,7,0,7,0,6,0,5,0,4,0,2,0,1,0,0,-1,-1,-1,-2,-1,-3,-2,-4,-2,-4,-2,-5,-2,-5,-2,-5,-3,-5,-2,-5,-2,-4,-2,-4,-2,-3,-1,0,0,0,0,0,0,0,0,0,0]"
CSI_DATA,24607,80:af:ca:27:52:2a,-55,11,1,0,1,1,1,0,0,0,0,-97,0,11,2,329758312,0,83,1,128,0,"[0,0,0,0,0,0,0,0,0,0,0,0,-6,-7,-5,-6,-5,-5,-4,-5,-3,-4,-2,-2,0,-1,0,0,1,1,3,2,4,3,5,3,5,4,6,4,6,4,7,5,6,4,6,4,5,3,4,3,3,2,2,1,1,0,0,0,-2,-1,-3,-1,0,0,-5,-3,-6,-3,-7,-4,-7,-4,-7,-4,-7,-4,-7,-4,-6,-3,-5,-3,-4,-2,-3,-1,-2,-1,0,0,0,0,1,1,2,2,3,2,4,2,4,3,4,3,5,3,4,3,4,3,4,2,3,2,2,1,0,0,0,0,0,0,0,0,0,0]"
CSI_DATA,24608,80:af:ca:27:52:2a,-55,11,1,0,1,1,1,0,0,0,0,-97,0,11,2,329767961,0,83,1,128,0,"[0,0,0,0,0,0,0,0,0,0,0,0,0,2,0,4,0,6,0,8,0,9,0,9,0,10,0,10,0,10,0,10,0,9,0,8,0,5,0,3,0,1,-1,0,-1,-2,-1,-3,-1,-5,-2,-7,-2,-8,-2,-9,-3,-10,-3,-10,-3,-10,-3,-10,0,0,-2,-8,-2,-6,-2,-4,-1,-2,0,0,0,0,0,2,1,4,2,5,2,7,2,8,2,8,2,8,2,8,2,8,2,6,2,5,2,4,1,2,0,1,0,0,0,-1,0,-2,0,-3,0,-5,0,-5,0,0,0,0,0,0,0,0,0,0]"
CSI_DATA,24609,80:af:ca:27:52:2a,-55,11,1,0,1,1,1,0,0,0,0,-97,0,11,2,329777638,0,83,1,128,0,"[0,0,0,0,0,0,0,0,0,0,0,0,-2,0,-4,0,-6,0,-8,0,-9,0,-10,0,-11,0,-11,0,-10,0,-9,0,-8,0,-7,0,-5,0,-4,0,-2,0,0,0,2,0,4,0,5,0,6,0,8,0,8,0,9,0,10,0,10,0,9,0,0,0,7,0,5,0,4,0,2,0,0,-1,-2,-1,-3,-2,-5,-2,-6,-2,-7,-2,-8,-2,-8,-3,-8,-3,-8,-3,-8,-3,-7,-2,-6,-2,-5,-2,-4,-1,-2,0,-1,0,0,0,0,1,1,2,2,2,2,3,0,0,0,0,0,0,0,0,0,0]"
CSI_DATA,24610,80:af:ca:27:52:2a,-54,11,1,2,1,1,1,0,0,0,0,-97,0,11,2,329792850,0,83,1,128,0,"[0,0,0,0,0,0,0,0,0,0,0,0,0,-3,0,-6,1,-7,3,-9,3,-10,3,-10,3,-10,3,-10,3,-10,3,-10,3,-9,3,-7,1,-6,1,-3,0,-2,0,0,0,2,-1,3,-2,5,-2,7,-2,8,-3,9,-2,10,-2,10,-2,10,-2,10,0,0,-1,7,-1,5,0,3,0,2,0,0,0,-2,0,-3,1,-5,1,-6,1,-8,2,-9,2,-9,2,-9,2,-9,2,-8,2,-7,1,-6,0,-5,0,-3,0,-2,0,-1,-1,0,-1,0,-2,2,-3,3,-3,3,0,0,0,0,0,0,0,0,0,0]"
CSI_DATA,24611,80:af:ca:27:52:2a,-55,11,1,0,1,1,1,0,0,0,0,-97,0,11,2,329811865,0,83,1,128,0,"[0,0,0,0,0,0,0,0,0,0,0,0,2,2,2,4,2,6,2,8,2,8,2,9,2,9,2,9,2,9,2,8,1,7,1,6,0,4,0,2,0,0,0,-1,0,-3,-1,-4,-1,-6,-1,-8,-1,-8,-1,-9,-1,-10,-1,-10,-1,-10,-1,-9,0,0,-1,-7,-1,-5,-1,-4,-1,-2,-1,0,-1,1,-2,3,-2,4,-2,6,-2,6,-2,7,-2,8,-3,8,-2,8,-2,7,-2,6,-2,5,-1,4,-1,3,0,2,0,0,0,0,1,-1,2,-2,3,-2,3,-3,0,0,0,0,0,0,0,0,0,0]"
CSI_DATA,24612,80:af:ca:27:52:2a,-54,11,1,0,1,1,1,0,0,0,0,-97,0,11,2,329834407,0,83,1,128,0,"[0,0,0,0,0,0,0,0,0,0,0,0,-8,5,-7,4,-7,4,-6,3,-5,2,-3,1,-1,0,0,-1,1,-2,2,-3,4,-4,5,-5,5,-5,6,-6,6,-6,6,-7,6,-6,5,-6,5,-5,4,-4,3,-3,2,-2,1,-1,0,0,-1,1,-2,2,0,0,-4,4,-5,5,-6,6,-6,6,-6,6,-6,6,-6,6,-5,5,-4,4,-3,4,-2,2,-1,1,0,0,1,0,2,-1,3,-2,4,-3,4,-4,5,-4,5,-4,5,-4,5,-4,5,-4,4,-3,4,-3,3,-2,0,0,0,0,0,0,0,0,0,0]"
CSI_DATA,24613,80:af:ca:27:52:2a,-55,11,1,0,1,1,1,0,0,0,0,-97,0,11,2,329841843,0,83,1,128,0,"[0,0,0,0,0,0,0,0,0,0,0,0,6,-4,5,-4,5,-3,4,-2,3,-1,2,-1,0,0,0,0,-1,0,-2,1,-3,2,-4,3,-5,3,-5,3,-6,3,-6,4,-5,3,-5,3,-4,3,-4,2,-3,1,-2,1,-1,0,0,0,0,0,1,-1,0,0,3,-3,4,-3,5,-4,5,-4,5,-4,5,-4,5,-4,4,-3,3,-3,2,-2,1,-2,0,-1,0,0,-1,0,-2,0,-2,0,-4,0,-4,1,-4,1,-5,1,-5,1,-5,1,-4,1,-4,1,-4,0,-3,0,0,0,0,0,0,0,0,0,0,0]"
CSI_DATA,24614,80:af:ca:27:52:2a,-55,11,1,0,1,1,1,0,0,0,0,-97,0,11,2,329848857,0,83,1,128,0,"[0,0,0,0,0,0,0,0,0,0,0,0,2,-2,4,-2,6,-2,7,-1,8,-1,9,-1,10,0,9,-1,9,0,8,0,8,0,6,0,4,0,3,0,0,0,0,0,-2,0,-4,0,-6,0,-7,0,-8,0,-9,1,-10,1,-10,1,-10,1,-9,1,0,0,-7,1,-6,0,-4,0,-2,0,0,0,1,0,3,0,4,0,6,0,7,0,8,0,8,0,8,0,8,0,8,0,7,0,6,0,5,0,3,0,2,0,0,-1,0,-1,-2,-1,-3,-2,-4,-2,-4,-2,0,0,0,0,0,0,0,0,0,0]"
CSI_DATA,24615,80:af:ca:27:52:2a,-55,11,1,0,1,1,1,0,0,0,0,-97,0,11,2,329860582,0,83,1,128,0,"[0,0,0,0,0,0,0,0,0,0,0,0,-3,0,-4,-2,-6,-2,-8,-4,-8,-4,-9,-4,-9,-5,-9,-5,-9,-5,-8,-4,-8,-4,-6,-4,-5,-3,-3,-2,-2,-1,0,0,2,0,3,1,4,2,6,2,7,2,8,3,8,3,8,3,8,3,8,2,0,0,6,2,4,1,3,0,2,0,0,0,-2,-1,-3,-2,-4,-2,-6,-3,-6,-4,-7,-4,-7,-4,-7,-4,-7,-4,-6,-4,-6,-3,-5,-3,-4,-2,-3,-1,-2,0,-1,0,0,0,0,1,1,2,2,2,2,3,0,0,0,0,0,0,0,0,0,0]"
CSI_DATA,24616,80:af:ca:27:52:2a,-55,11,1,2,1,1,1,0,0,0,0,-97,0,11,2,329867705,0,83,1,128,0,"[0,0,0,0,0,0,0,0,0,0,0,0,0,-3,0,-5,1,-7,3,-9,3,-10,3,-10,3,-11,3,-11,4,-11,3,-10,3,-10,3,-8,2,-6,1,-4,0,-2,0,0,0,1,-1,3,-2,5,-2,7,-3,8,-3,9,-3,10,-3,10,-3,10,-3,10,0,0,-2,7,-1,6,-1,3,0,2,0,0,0,-1,1,-3,2,-5,2,-6,3,-7,3,-8,3,-9,3,-9,3,-9,3,-8,3,-7,2,-6,1,-6,0,-4,0,-3,0,-1,0,0,-2,0,-2,1,-3,2,-3,3,0,0,0,0,0,0,0,0,0,0]"
CSI_DATA,24617,80:af:ca:27:52:2a,-54,11,1,0,1,1,1,0,0,0,0,-97,0,11,2,329876037,0,83,1,128,0,"[0,0,0,0,0,0,0,0,0,0,0,0,3,-1,5,-1,8,0,9,0,10,0,10,0,10,0,10,0,10,1,9,0,8,1,7,0,5,0,2,0,0,0,-1,0,-2,-1,-5,-1,-6,-2,-8,-2,-9,-2,-10,-3,-10,-3,-10,-3,-10,-3,-10,-2,0,0,-8,-2,-5,-2,-4,-1,-2,0,0,0,0,1,2,2,3,3,5,4,5,5,6,5,6,5,6,6,6,5,5,5,5,5,4,4,3,3,2,2,2,0,0,0,0,-1,0,-2,0,-3,0,-5,-1,-5,0,0,0,0,0,0,0,0,0,0]"
CSI_DATA,24618,80:af:ca:27:52:2a,-55,11,1,0,1,1,1,0,0,0,0,-97,0,11,2,329891534,0,83,1,128,0,"[0,0,0,0,0,0,0,0,0,0,0,0,0,2,-1,4,-2,6,-3,7,-4,8,-4,8,-4,9,-4,9,-4,8,-4,8,-4,7,-3,6,-2,4,-2,2,-1,1,0,0,0,-2,0,-4,1,-6,2,-7,2,-8,2,-9,2,-9,2,-10,2,-10,2,-9,0,0,2,-7,1,-6,0,-4,0,-2,0,0,-1,1,-2,2,-2,4,-3,5,-3,6,-4,7,-4,7,-4,7,-4,7,-4,6,-3,6,-3,5,-2,4,-2,3,0,2,0,0,0,0,1,-1,2,-2,2,-3,3,-4,0,0,0,0,0,0,0,0,0,0]"
CSI_DATA,24619,80:af:ca:27:52:2a,-54,11,1,0,1,1,1,0,0,0,0,-97,0,11,2,329900075,0,83,1,128,0,"[0,0,0,0,0,0,0,0,0,0,0,0,2,-1,5,-1,6,-1,8,0,9,-1,10,0,10,0,10,-1,10,0,9,0,8,0,7,0,5,0,3,0,1,0,0,0,-2,0,-4,0,-6,0,-8,0,-9,0,-10,0,-10,0,-11,1,-11,0,-10,1,0,0,-8,0,-6,0,-4,0,-2,0,0,0,1,0,3,0,5,0,7,0,8,0,8,0,9,0,9,0,9,0,8,0,8,0,6,0,5,0,3,0,2,0,0,0,0,-1,-2,-1,-3,-2,-4,-2,-5,-2,0,0,0,0,0,0,0,0,0,0]"
CSI_DATA,24620,80:af:ca:27:52:2a,-55,11,1,2,1,1,1,0,0,0,0,-97,0,11,2,329906514,0,83,1,128,0,"[0,0,0,0,0,0,0,0,0,0,0,0,0,2,0,4,0,5,0,7,0,8,0,9,-1,10,-1,10,-1,10,-1,9,-1,8,-1,7,0,5,-1,3,0,1,0,0,0,-2,0,-4,0,-5,0,-8,0,-8,-1,-10,0,-10,0,-10,-1,-10,0,-10,0,0,0,-8,0,-6,0,-4,0,-2,-1,0,0,1,0,2,0,5,0,6,0,7,0,8,0,8,0,8,0,8,0,8,0,8,0,6,0,5,0,3,0,2,0,0,0,0,0,-2,1,-2,1,-4,2,-5,0,0,0,0,0,0,0,0,0,0]"
CSI_DATA,24621,80:af:ca:27:52:2a,-55,11,1,2,1,1,1,0,0,0,0,-97,0,11,2,329911580,0,83,1,128,0,"[0,0,0,0,0,0,0,0,0,0,0,0,2,2,2,4,2,5,2,7,2,8,2,8,2,9,2,8,2,8,2,8,1,7,1,6,0,4,0,2,0,0,0,0,-1,-2,-2,-4,-2,-6,-2,-7,-3,-8,-3,-8,-4,-9,-4,-9,-4,-9,-4,-8,0,0,-3,-6,-2,-5,-2,-3,-1,-2,-1,0,0,2,0,3,0,4,0,6,1,7,1,8,1,8,1,8,1,8,1,8,0,6,1,6,0,4,0,3,0,2,0,0,0,0,0,-2,0,-3,0,-4,1,-5,0,0,0,0,0,0,0,0,0,0]"
CSI_DATA,24622,80:af:ca:27:52:2a,-55,11,1,0,1,1,1,0,0,0,0,-97,0,11,2,329919385,0,83,1,128,0,"[0,0,0,0,0,0,0,0,0,0,0,0,-7,-4,-6,-3,-5,-3,-4,-3,-3,-2,-2,-1,0,-1,0,0,1,0,2,0,4,0,5,1,5,1,6,1,6,2,7,2,6,1,6,1,5,1,4,1,3,0,2,0,1,0,0,0,-1,0,-2,0,0,0,-5,-1,-6,-1,-7,-1,-7,-1,-7,-1,-7,-1,-7,-1,-6,-1,-5,0,-4,0,-3,0,-2,0,0,0,0,0,1,0,2,0,3,0,4,0,4,1,4,1,4,1,4,1,4,1,4,1,3,0,3,0,0,0,0,0,0,0,0,0,0,0]"
CSI_DATA,24623,80:af:ca:27:52:2a,-54,11,1,2,1,1,1,0,0,0,0,-97,0,11,2,329924777,0,83,1,128,0,"[0,0,0,0,0,0,0,0,0,0,0,0,2,0,4,2,5,4,6,5,7,6,7,7,8,7,8,7,7,7,7,7,5,5,5,5,3,3,2,2,0,0,0,0,-2,-2,-3,-3,-5,-4,-6,-5,-7,-6,-8,-7,-8,-8,-8,-8,-8,-8,-8,-7,0,0,-5,-5,-5,-4,-3,-2,-2,-1,-1,0,0,1,1,2,2,4,3,5,4,6,4,7,4,7,4,7,4,7,4,6,3,5,3,5,2,3,2,2,1,1,0,0,0,-1,0,-2,0,-3,0,-4,0,-5,0,0,0,0,0,0,0,0,0,0]"
CSI_DATA,24624,80:af:ca:27:52:2a,-55,11,1,0,1,1,1,0,0,0,0,-97,0,11,2,329933022,0,83,1,128,0,"[0,0,0,0,0,0,0,0,0,0,0,0,6,3,6,3,5,2,4,2,3,2,1,1,0,0,0,0,-1,0,-3,-1,-4,-2,-5,-2,-5,-3,-6,-3,-6,-3,-7,-4,-6,-3,-6,-3,-5,-2,-4,-2,-3,-1,-2,-1,-1,0,0,0,0,0,1,0,0,0,3,2,4,3,5,3,5,3,5,3,5,3,5,3,4,2,4,2,3,1,2,1,1,0,0,0,0,0,0,-1,-1,-2,-2,-3,-2,-3,-3,-3,-3,-3,-3,-4,-3,-4,-2,-4,-2,-3,-2,-3,-1,-2,0,0,0,0,0,0,0,0,0,0]"
CSI_DATA,24625,80:af:ca:27:52:2a,-55,11,1,0,1,1,1,0,0,0,0,-97,0,11,2,329951033,0,83,1,128,0,"[0,0,0,0,0,0,0,0,0,0,0,0,0,-4,1,-6,2,-7,3,-9,4,-9,4,-9,4,-9,4,-9,5,-9,4,-8,4,-7,3,-6,2,-4,1,-2,0,-1,0,0,-2,2,-2,3,-3,4,-4,6,-4,7,-5,7,-5,7,-5,8,-5,8,-4,7,0,0,-4,5,-3,4,-2,3,0,1,0,0,1,-1,2,-2,4,-4,4,-4,4,-5,6,-6,6,-6,6,-6,6,-6,5,-5,5,-5,4,-4,3,-4,2,-2,0,-2,0,-1,-1,0,-2,0,-3,0,-4,0,-5,0,0,0,0,0,0,0,0,0,0,0]"
CSI_DATA,24626,80:af:ca:27:52:2a,-54,11,1,0,1,1,1,0,0,0,0,-97,0,11,2,329958417,0,83,1,128,0,"[0,0,0,0,0,0,0,0,0,0,0,0,4,7,3,6,3,5,2,5,1,3,0,2,0,1,-1,0,-2,-1,-3,-2,-4,-4,-4,-5,-5,-5,-5,-6,-5,-6,-6,-6,-5,-5,-5,-5,-5,-5,-4,-4,-3,-3,-2,-2,-1,-1,0,0,1,1,2,1,0,0,4,3,5,4,6,4,6,4,6,4,6,4,6,4,5,3,4,3,3,2,2,1,1,0,0,0,-1,-1,-2,-2,-2,-3,-3,-3,-4,-3,-4,-4,-4,-4,-5,-4,-4,-4,-4,-4,-4,-3,-3,-3,-3,-2,0,0,0,0,0,0,0,0,0,0]"
CSI_DATA,24627,80:af:ca:27:52:2a,-54,11,1,0,1,1,1,0,0,0,0,-97,0,11,2,329966883,0,83,1,128,0,"[0,0,0,0,0,0,0,0,0,0,0,0,-6,6,-5,6,-4,5,-4,4,-3,2,-2,1,-1,0,0,-1,0,-2,1,-3,2,-5,2,-6,3,-7,3,-7,3,-7,3,-8,3,-7,3,-7,2,-6,2,-5,1,-4,1,-3,0,-1,0,0,-1,1,-1,3,0,0,-2,5,-3,6,-3,7,-3,7,-3,7,-3,7,-3,7,-2,6,-2,5,-1,4,-1,3,0,1,0,0,0,-1,1,-2,2,-3,2,-4,2,-4,3,-5,3,-5,3,-5,3,-5,3,-5,2,-4,2,-4,1,-3,0,0,0,0,0,0,0,0,0,0]"
CSI_DATA,24628,80:af:ca:27:52:2a,-55,11,1,0,1,1,1,0,0,0,0,-97,0,11,2,329976206,0,83,1,128,0,"[0,0,0,0,0,0,0,0,0,0,0,0,9,1,8,1,7,1,6,1,4,1,2,1,0,0,-1,0,-3,0,-4,0,-7,-1,-8,-1,-8,-2,-9,-2,-9,-2,-9,-2,-9,-2,-8,-2,-7,-2,-6,-1,-4,-1,-3,-1,-1,0,0,0,2,1,3,1,0,0,6,2,7,3,8,3,8,3,8,3,8,3,7,3,7,2,6,2,4,1,3,0,2,0,0,-1,0,-2,-1,-3,-2,-3,-3,-4,-4,-5,-4,-6,-4,-6,-4,-6,-4,-6,-4,-6,-4,-5,-3,-4,-3,-3,0,0,0,0,0,0,0,0,0,0]"
CSI_DATA,24629,80:af:ca:27:52:2a,-54,11,1,0,1,1,1,0,0,0,0,-97,0,11,2,329984655,0,83,1,128,0,"[0,0,0,0,0,0,0,0,0,0,0,0,7,-3,7,-3,6,-3,5,-2,4,-1,2,-1,1,0,0,0,-1,1,-2,2,-4,2,-5,3,-6,3,-6,4,-6,4,-6,4,-6,4,-5,4,-5,4,-4,3,-3,2,-2,1,-1,0,0,0,1,-1,1,-2,0,0,3,-4,4,-5,4,-5,4,-6,5,-6,5,-6,4,-5,4,-5,3,-4,2,-3,1,-3,0,-2,0,-1,-1,0,-2,1,-2,2,-3,2,-3,3,-4,3,-4,3,-4,3,-4,3,-4,3,-3,3,-3,2,-2,2,0,0,0,0,0,0,0,0,0,0]"
CSI_DATA,24630,80:af:ca:27:52:2a,-55,11,1,0,1,1,1,0,0,0,0,-97,0,11,2,329993169,0,83,1,128,0,"[0,0,0,0,0,0,0,0,0,0,0,0,-2,-2,-2,-4,-3,-6,-4,-8,-4,-8,-4,-10,-4,-10,-4,-10,-3,-10,-3,-9,-3,-8,-2,-7,-2,-5,-1,-4,0,-2,0,0,0,1,2,3,2,4,2,6,3,6,4,7,4,8,4,8,4,8,4,7,0,0,3,5,2,4,2,2,0,1,0,0,0,-2,-1,-4,-2,-4,-2,-6,-3,-6,-4,-7,-4,-8,-3,-8,-4,-7,-3,-6,-3,-6,-3,-5,-2,-4,-2,-3,-2,-2,-1,0,0,0,0,1,0,2,0,3,0,4,0,0,0,0,0,0,0,0,0,0]"
CSI_DATA,24631,80:af:ca:27:52:2a,-55,11,1,0,1,1,1,0,0,0,0,-97,0,11,2,330002487,0,83,1,128,0,"[0,0,0,0,0,0,0,0,0,0,0,0,3,2,4,4,5,6,6,8,7,9,7,10,7,10,7,9,6,10,5,9,4,8,4,7,2,4,1,2,0,0,-1,-1,-2,-3,-3,-4,-4,-7,-5,-8,-6,-9,-6,-10,-6,-9,-7,-10,-7,-10,-6,-9,0,0,-4,-7,-4,-5,-2,-3,-2,-1,-1,0,0,2,0,4,1,6,2,7,2,8,3,9,2,9,3,9,3,9,2,8,2,7,2,6,2,4,2,3,1,1,1,0,0,-1,0,-2,0,-4,0,-5,0,-6,0,0,0,0,0,0,0,0,0,0]"
CSI_DATA,24632,80:af:ca:27:52:2a,-55,11,1,0,1,1,1,0,0,0,0,-97,0,11,2,330013722,0,83,1,128,0,"[0,0,0,0,0,0,0,0,0,0,0,0,-3,-1,-5,-1,-7,-3,-7,-4,-9,-5,-9,-5,-9,-5,-9,-5,-9,-5,-8,-5,-7,-5,-6,-4,-4,-3,-2,-2,-1,-1,0,0,1,0,3,1,5,2,6,3,7,3,7,4,8,3,8,4,8,4,7,3,0,0,5,2,4,1,3,1,1,0,0,0,-1,-1,-3,-2,-4,-3,-5,-4,-6,-4,-7,-5,-7,-5,-7,-5,-7,-5,-6,-5,-6,-4,-5,-3,-4,-2,-3,-1,-2,0,-1,0,0,0,0,1,1,2,1,3,2,3,0,0,0,0,0,0,0,0,0,0]"
CSI_DATA,24633,80:af:ca:27:52:2a,-54,11,1,0,1,1,1,0,0,0,0,-97,0,11,2,330022543,0,83,1,128,0,"[0,0,0,0,0,0,0,0,0,0,0,0,-7,-5,-7,-5,-6,-4,-5,-4,-4,-3,-2,-2,-1,-1,0,-1,2,0,3,0,4,1,6,2,7,2,7,2,7,2,8,2,7,2,7,2,6,1,5,1,4,1,2,0,1,0,0,0,-2,0,-3,0,0,0,-6,0,-7,-1,-8,-1,-9,0,-9,-1,-9,-1,-7,-1,-6,0,-6,0,-4,0,-3,0,-2,0,0,0,1,0,2,0,3,0,4,0,5,0,5,0,5,0,6,0,5,0,5,0,5,0,4,0,3,0,0,0,0,0,0,0,0,0,0,0]"
CSI_DATA,24634,80:af:ca:27:52:2a,-54,11,1,0,1,1,1,0,0,0,0,-97,0,11,2,330029792,0,83,1,128,0,"[0,0,0,0,0,0,0,0,0,0,0,0,-7,-6,-7,-5,-6,-5,-5,-4,-4,-3,-2,-2,-1,-1,0,0,1,0,2,0,4,2,5,2,6,3,7,3,7,4,8,4,7,3,7,3,6,3,5,2,4,2,2,1,1,0,0,0,-1,0,-3,-1,0,0,-5,-2,-7,-3,-7,-3,-8,-3,-8,-3,-8,-3,-8,-3,-7,-3,-6,-2,-5,-2,-3,-1,-2,0,0,0,0,0,1,1,2,1,3,2,4,2,4,2,5,3,5,3,5,3,4,3,4,2,3,2,2,1,0,0,0,0,0,0,0,0,0,0]"
CSI_DATA,24635,80:af:ca:27:52:2a,-56,11,1,0,1,1,1,0,0,0,0,-97,0,11,2,330036891,0,83,1,128,0,"[0,0,0,0,0,0,0,0,0,0,0,0,2,0,4,1,6,2,6,3,7,4,8,4,8,5,8,5,8,5,8,4,7,4,6,4,4,2,2,2,0,1,0,0,-2,0,-4,-1,-6,-2,-7,-2,-8,-2,-9,-2,-10,-2,-11,-2,-11,-2,-10,-2,0,0,-8,-1,-6,-1,-4,0,-2,0,0,0,1,0,3,0,4,0,6,1,8,0,8,1,8,1,8,1,8,1,8,0,7,0,6,0,5,0,3,0,2,0,0,0,0,-1,-2,-1,-3,-2,-4,-2,-5,-2,0,0,0,0,0,0,0,0,0,0]"
CSI_DATA,24636,80:af:ca:27:52:2a,-55,11,1,0,1,1,1,0,0,0,0,-97,0,11,2,330043865,0,83,1,128,0,"[0,0,0,0,0,0,0,0,0,0,0,0,2,1,3,3,4,4,4,6,5,6,5,7,6,8,6,8,5,7,5,7,4,6,4,5,2,4,1,2,0,0,-1,0,-2,-2,-3,-3,-4,-4,-6,-6,-6,-6,-6,-7,-7,-7,-7,-8,-7,-8,-7,-6,0,0,-5,-5,-4,-4,-3,-3,-2,-1,0,0,0,1,2,2,2,4,4,5,4,6,4,6,4,6,4,7,5,6,4,6,4,6,4,5,3,3,2,2,1,1,0,0,0,-1,0,-2,-1,-3,-1,-4,-1,-5,0,0,0,0,0,0,0,0,0,0]"
CSI_DATA,24637,80:af:ca:27:52:2a,-55,11,1,0,1,1,1,0,0,0,0,-97,0,11,2,330052191,0,83,1,128,0,"[0,0,0,0,0,0,0,0,0,0,0,0,-5,6,-5,5,-4,4,-4,3,-3,2,-2,1,-1,0,0,-1,1,-2,2,-3,3,-4,4,-4,4,-5,5,-5,5,-5,5,-6,5,-6,5,-5,4,-5,3,-4,2,-3,2,-2,0,-1,0,0,-1,0,-3,1,0,0,-5,3,-6,3,-6,4,-6,4,-7,4,-7,3,-6,3,-6,3,-5,3,-4,2,-3,1,-2,1,0,0,1,0,2,0,3,0,4,0,5,-1,5,-1,5,-1,5,-1,5,-1,5,0,4,0,4,0,3,0,0,0,0,0,0,0,0,0,0,0]"
CSI_DATA,24638,80:af:ca:27:52:2a,-55,11,1,0,1,1,1,0,0,0,0,-97,0,11,2,330059803,0,83,1,128,0,"[0,0,0,0,0,0,0,0,0,0,0,0,-2,-2,-3,-4,-4,-5,-4,-7,-5,-8,-5,-9,-6,-9,-5,-9,-5,-9,-5,-8,-4,-7,-4,-6,-2,-4,-2,-3,0,-2,0,0,1,1,2,2,2,4,4,5,4,6,5,7,5,7,5,7,5,7,5,7,0,0,4,4,2,4,2,2,1,1,0,0,0,-2,-2,-3,-2,-4,-3,-5,-4,-6,-4,-7,-4,-7,-4,-7,-4,-7,-4,-7,-4,-6,-3,-5,-3,-4,-2,-2,-2,-1,-1,0,0,0,0,1,0,2,0,3,0,4,0,0,0,0,0,0,0,0,0,0]"
CSI_DATA,24639,80:af:ca:27:52:2a,-55,11,1,0,1,1,1,0,0,0,0,-97,0,11,2,330075800,0,83,1,128,0,"[0,0,0,0,0,0,0,0,0,0,0,0,2,2,4,4,4,5,4,6,5,8,5,8,5,8,5,8,4,8,4,7,3,6,2,5,2,4,0,2,0,0,0,-1,-2,-2,-2,-4,-3,-6,-4,-6,-4,-8,-4,-8,-4,-8,-5,-9,-4,-9,-4,-8,0,0,-4,-6,-2,-4,-2,-3,-2,-1,-1,0,0,2,0,3,0,5,0,6,1,7,1,8,1,8,1,8,1,8,1,7,1,6,0,5,1,4,0,2,0,1,0,0,0,-1,0,-2,0,-3,1,-4,1,-4,0,0,0,0,0,0,0,0,0,0]"
CSI_DATA,24640,80:af:ca:27:52:2a,-55,11,1,0,1,1,1,0,0,0,0,-97,0,11,2,330086045,0,83,1,128,0,"[0,0,0,0,0,0,0,0,0,0,0,0,3,0,6,0,8,0,10,1,11,1,11,2,12,2,11,2,11,2,11,1,9,2,8,1,5,1,3,0,1,0,-1,0,-3,0,-5,0,-7,0,-8,0,-10,0,-11,0,-11,0,-12,0,-12,0,-11,1,0,0,-8,0,-6,0,-4,0,-2,0,0,0,2,0,4,0,6,-1,7,-1,8,-1,9,-2,10,-1,10,-1,9,-2,8,-2,8,-2,6,-2,5,-2,3,-1,2,-1,0,-1,-1,0,-2,0,-4,0,-5,0,-6,0,0,0,0,0,0,0,0,0,0,0]"
CSI_DATA,24641,80:af:ca:27:52:2a,-55,11,1,2,1,1,1,0,0,0,0,-97,0,11,2,330091401,0,83,1,128,0,"[0,0,0,0,0,0,0,0,0,0,0,0,-2,-2,-4,-4,-4,-5,-4,-7,-5,-8,-5,-9,-5,-9,-5,-9,-5,-9,-4,-8,-4,-7,-3,-6,-2,-4,-1,-3,0,-1,0,0,1,1,2,2,3,4,4,5,5,6,6,6,6,7,6,7,6,7,5,6,0,0,4,4,3,3,2,2,1,0,0,-1,-1,-2,-2,-3,-3,-4,-4,-5,-4,-6,-5,-7,-5,-7,-5,-7,-5,-7,-5,-6,-5,-5,-4,-4,-4,-3,-2,-2,-2,-1,-1,0,0,0,0,2,0,2,0,4,1,4,0,0,0,0,0,0,0,0,0,0]"
CSI_DATA,24642,80:af:ca:27:52:2a,-55,11,1,0,1,1,1,0,0,0,0,-97,0,11,2,330098472,0,83,1,128,0,"[0,0,0,0,0,0,0,0,0,0,0,0,4,0,6,0,8,0,9,2,10,2,11,2,12,2,12,2,11,2,10,2,9,2,8,2,5,1,3,1,0,0,-1,0,-3,0,-5,0,-7,0,-9,0,-10,0,-12,0,-12,0,-12,0,-12,0,-11,1,0,0,-8,0,-6,0,-4,0,-2,0,0,0,2,0,4,0,6,-1,8,-1,9,-1,10,-2,10,-2,10,-1,10,-2,9,-2,8,-2,6,-2,5,-2,3,-1,2,-1,0,-1,-1,0,-3,0,-4,0,-5,0,-6,0,0,0,0,0,0,0,0,0,0,0]"
CSI_DATA,24643,80:af:ca:27:52:2a,-55,11,1,0,1,1,1,0,0,0,0,-97,0,11,2,330107288,0,83,1,128,0,"[0,0,0,0,0,0,0,0,0,0,0,0,7,-1,7,-1,6,-1,5,0,3,0,2,0,0,0,0,0,-2,0,-3,1,-5,1,-6,1,-7,1,-7,1,-8,1,-8,1,-7,1,-7,1,-6,1,-5,1,-4,0,-2,0,-1,0,0,0,1,0,3,-1,0,0,5,-1,6,-1,7,-2,7,-2,7,-2,7,-2,7,-1,6,-1,5,-1,3,-1,2,-1,1,-1,0,-1,-1,-1,-3,-1,-4,0,-5,0,-5,0,-5,0,-6,0,-6,0,-6,0,-5,-1,-5,0,-4,0,-3,0,0,0,0,0,0,0,0,0,0,0]"
CSI_DATA,24644,80:af:ca:27:52:2a,-55,11,1,0,1,1,1,0,0,0,0,-97,0,11,2,330115696,0,83,1,128,0,"[0,0,0,0,0,0,0,0,0,0,0,0,7,3,6,3,5,2,4,2,3,2,2,1,0,0,0,0,-1,0,-3,0,-4,-1,-5,-1,-6,-2,-7,-2,-7,-2,-8,-2,-7,-2,-7,-2,-6,-1,-5,-1,-4,-1,-3,0,-1,0,0,0,0,0,2,0,0,0,5,0,6,0,7,0,7,0,7,0,7,1,7,0,6,0,5,0,4,0,2,0,1,0,0,0,0,0,-2,0,-3,-1,-4,-1,-5,-1,-5,-1,-5,-1,-5,-1,-5,-1,-5,-1,-5,-1,-4,-1,-3,0,0,0,0,0,0,0,0,0,0,0]"
CSI_DATA,24645,80:af:ca:27:52:2a,-55,11,1,0,1,1,1,0,0,0,0,-97,0,11,2,330124938,0,83,1,128,0,"[0,0,0,0,0,0,0,0,0,0,0,0,0,-3,2,-4,4,-6,5,-7,6,-7,6,-7,7,-8,7,-8,7,-8,6,-7,5,-7,4,-6,3,-4,2,-3,0,-1,0,0,-1,1,-2,3,-3,4,-4,5,-4,7,-4,7,-5,8,-5,8,-5,8,-4,7,0,0,-4,6,-3,4,-2,3,-1,1,0,0,0,-1,2,-2,2,-4,2,-5,3,-6,4,-7,4,-7,4,-7,4,-7,3,-7,3,-6,2,-5,2,-4,1,-3,0,-2,0,-1,-1,0,-2,0,-2,1,-3,2,-3,2,0,0,0,0,0,0,0,0,0,0]"
CSI_DATA,24646,80:af:ca:27:52:2a,-55,11,1,0,1,1,1,0,0,0,0,-97,0,11,2,330133962,0,83,1,128,0,"[0,0,0,0,0,0,0,0,0,0,0,0,-6,-7,-5,-7,-4,-6,-3,-5,-2,-3,-1,-2,0,-1,0,0,1,2,2,3,2,4,3,6,3,7,3,7,3,7,4,8,3,7,3,6,3,6,2,4,1,3,1,2,0,0,0,-1,0,-2,-1,-3,0,0,-2,-6,-2,-7,-2,-8,-2,-8,-2,-8,-2,-8,-2,-8,-1,-7,-2,-6,-1,-4,-1,-3,-1,-2,-1,0,-1,1,-1,2,-1,3,-1,4,-1,5,-1,5,-1,6,-2,6,-2,5,-1,5,-1,4,-1,4,-1,3,0,0,0,0,0,0,0,0,0,0]"
CSI_DATA,24647,80:af:ca:27:52:2a,-55,11,1,2,1,1,1,0,0,0,0,-97,0,11,2,330149857,0,83,1,128,0,"[0,0,0,0,0,0,0,0,0,0,0,0,0,-3,1,-5,2,-6,2,-8,3,-8,4,-8,4,-9,4,-9,4,-8,4,-8,3,-7,2,-6,1,-4,1,-3,0,-1,0,0,-1,2,-2,3,-2,4,-3,6,-4,6,-4,7,-4,8,-4,8,-4,8,-4,8,0,0,-2,6,-2,4,-1,3,0,1,0,0,0,-1,2,-2,2,-4,3,-5,4,-6,4,-6,4,-6,4,-7,4,-6,4,-6,4,-5,3,-4,2,-4,1,-3,0,-2,0,-1,-1,0,-2,0,-3,0,-4,1,-4,2,0,0,0,0,0,0,0,0,0,0]"
CSI_DATA,24648,80:af:ca:27:52:2a,-55,11,1,0,1,1,1,0,0,0,0,-97,0,11,2,330161922,0,83,1,128,0,"[0,0,0,0,0,0,0,0,0,0,0,0,1,-2,3,-4,5,-4,7,-5,7,-6,8,-6,9,-6,9,-6,9,-6,7,-5,7,-4,6,-4,4,-3,2,-2,0,0,0,0,-2,1,-3,2,-4,4,-6,4,-7,5,-7,7,-7,7,-7,7,-8,7,-7,7,0,0,-5,5,-4,4,-3,2,-1,1,0,0,1,-1,2,-2,4,-4,5,-4,5,-6,7,-6,7,-7,7,-6,7,-7,6,-6,5,-5,4,-4,3,-4,2,-2,0,-2,0,-1,-1,0,-2,0,-3,1,-4,1,-5,2,0,0,0,0,0,0,0,0,0,0]"
