CSI_DATA,36591,80:af:ca:27:52:2a,-53,11,1,1,1,1,1,0,0,0,0,-97,0,11,2,480016207,0,83,1,128,0,"[0,0,0,0,0,0,0,0,0,0,0,0,11,5,9,5,8,5,5,3,3,2,1,0,0,0,-2,-2,-4,-4,-5,-6,-7,-8,-8,-9,-8,-10,-8,-11,-8,-11,-8,-11,-7,-10,-7,-9,-5,-8,-4,-6,-3,-4,-2,-2,-1,0,0,2,0,4,0,5,0,0,1,8,1,11,1,11,1,11,0,11,0,11,0,9,0,8,0,6,0,5,0,2,1,1,1,0,2,-2,2,-3,2,-5,3,-5,3,-6,4,-7,4,-6,4,-7,4,-6,3,-5,3,-5,2,-5,2,-4,0,0,0,0,0,0,0,0,0,0]"
CSI_DATA,36592,80:af:ca:27:52:2a,-54,11,1,1,1,1,1,0,0,0,0,-97,0,11,2,480027309,0,83,1,128,0,"[0,0,0,0,0,0,0,0,0,0,0,0,9,-10,8,-8,6,-6,5,-5,2,-2,0,-2,-1,0,-4,1,-6,2,-8,2,-10,3,-11,4,-13,4,-13,3,-13,3,-13,2,-12,2,-10,2,-9,2,-7,1,-5,0,-2,0,0,0,2,0,4,0,6,1,0,0,9,2,10,2,10,2,10,2,10,3,10,3,8,2,8,2,6,1,5,0,2,0,1,-1,0,-2,-1,-3,-2,-5,-2,-5,-3,-6,-4,-7,-4,-7,-3,-8,-3,-8,-3,-7,-2,-6,-2,-5,-2,-5,-2,-4,0,0,0,0,0,0,0,0,0,0]"
CSI_DATA,36593,80:af:ca:27:52:2a,-55,11,1,1,1,1,1,0,0,0,0,-97,0,11,2,480034462,0,83,1,128,0,"[0,0,0,0,0,0,0,0,0,0,0,0,4,1,7,2,8,2,9,4,10,4,10,5,10,5,8,5,8,5,7,4,5,3,4,2,2,1,1,0,0,-1,-1,-2,-2,-3,-3,-5,-4,-6,-5,-7,-5,-8,-5,-8,-5,-8,-5,-8,-5,-8,-4,-7,0,0,-3,-4,-2,-3,-2,-1,-1,0,-1,1,-1,2,0,4,-1,5,0,6,0,7,-1,7,-1,7,-1,7,-1,7,-1,6,0,5,0,4,0,3,0,2,0,1,1,0,1,0,2,-1,2,-2,3,-2,3,-2,0,0,0,0,0,0,0,0,0,0]"
CSI_DATA,36594,80:af:ca:27:52:2a,-55,11,1,1,1,1,1,0,0,0,0,-97,0,11,2,480045070,0,83,1,128,0,"[0,0,0,0,0,0,0,0,0,0,0,0,3,-4,4,-5,5,-6,6,-6,7,-6,7,-6,7,-6,7,-6,7,-4,6,-4,5,-3,3,-2,2,-2,0,-1,-1,-1,-2,0,-4,0,-6,0,-7,0,-8,0,-8,0,-9,0,-9,-1,-8,-1,-8,-1,-7,-1,0,0,-4,0,-3,0,-2,0,0,1,0,2,1,2,2,3,3,4,3,4,3,5,4,5,3,6,3,5,3,5,2,4,2,4,2,3,1,2,1,1,1,0,1,-1,1,-1,1,-2,1,-3,1,-3,1,-4,0,0,0,0,0,0,0,0,0,0]"
CSI_DATA,36595,80:af:ca:27:52:2a,-55,11,1,1,1,1,1,0,0,0,0,-97,0,11,2,480052829,0,83,1,128,0,"[0,0,0,0,0,0,0,0,0,0,0,0,-2,4,-3,5,-4,6,-5,6,-6,6,-6,6,-6,6,-6,5,-6,4,-5,3,-4,2,-3,2,-2,1,0,1,1,1,2,1,3,1,4,1,5,1,6,1,7,2,7,2,7,2,6,2,6,2,5,2,0,0,3,1,2,0,2,0,1,-1,1,-2,0,-3,0,-4,0,-5,0,-6,0,-6,0,-6,0,-6,0,-6,0,-6,0,-5,0,-4,0,-3,0,-3,0,-2,-1,-2,-1,-1,-2,-1,-2,0,-3,0,-3,0,-3,0,0,0,0,0,0,0,0,0,0,0]"
CSI_DATA,36596,80:af:ca:27:52:2a,-55,11,1,1,1,1,1,0,0,0,0,-97,0,11,2,480060836,0,83,1,128,0,"[0,0,0,0,0,0,0,0,0,0,0,0,-5,11,-4,9,-4,7,-3,6,-2,4,0,3,2,2,3,1,6,1,7,1,9,2,10,2,11,3,11,4,11,4,11,4,9,4,8,4,6,4,5,3,4,2,3,0,2,-1,2,-3,2,-4,2,-6,0,0,3,-8,4,-9,4,-9,5,-8,5,-8,5,-8,5,-7,4,-6,3,-5,2,-4,1,-4,0,-4,0,-4,-2,-4,-3,-4,-4,-4,-4,-4,-4,-5,-4,-5,-4,-5,-4,-6,-4,-5,-3,-5,-3,-5,-2,-4,-2,-4,0,0,0,0,0,0,0,0,0,0]"
CSI_DATA,36597,80:af:ca:27:52:2a,-54,11,1,1,1,1,1,0,0,0,0,-97,0,11,2,480067879,0,83,1,128,0,"[0,0,0,0,0,0,0,0,0,0,0,0,-5,-11,-4,-10,-2,-8,-2,-7,-2,-5,-2,-2,-4,0,-5,0,-6,2,-8,2,-9,3,-10,3,-12,3,-12,2,-12,2,-12,1,-11,1,-10,0,-9,0,-7,0,-5,0,-4,1,-2,2,-1,3,0,5,0,6,0,0,0,8,0,10,0,10,0,10,-2,10,-2,9,-2,8,-2,7,-1,6,-1,5,0,4,0,3,1,2,2,2,3,2,4,2,5,2,5,2,5,2,5,2,5,3,5,3,4,3,4,3,2,3,2,2,0,0,0,0,0,0,0,0,0,0]"
CSI_DATA,36598,80:af:ca:27:52:2a,-55,11,1,1,1,1,1,0,0,0,0,-97,0,11,2,480076592,0,83,1,128,0,"[0,0,0,0,0,0,0,0,0,0,0,0,2,-5,2,-7,3,-8,4,-10,5,-10,6,-10,6,-10,6,-9,6,-8,6,-6,5,-6,4,-5,3,-5,1,-4,0,-3,-1,-3,-3,-4,-4,-5,-5,-5,-6,-6,-6,-6,-6,-7,-6,-8,-6,-8,-5,-8,-5,-7,0,0,-4,-5,-3,-4,-3,-3,-3,-1,-4,0,-4,0,-5,1,-5,1,-6,1,-6,2,-7,2,-7,1,-7,1,-7,1,-6,1,-6,1,-5,0,-5,0,-3,0,-3,1,-2,1,-1,1,-1,2,-1,3,-1,3,-1,3,0,0,0,0,0,0,0,0,0,0]"
CSI_DATA,36599,80:af:ca:27:52:2a,-54,11,0,0,0,0,0,0,0,0,0,-97,0,11,2,480087995,0,83,0,128,0,"[0,0,0,0,0,0,0,0,0,0,0,0,6,0,10,0,12,0,13,0,15,0,15,1,15,3,14,3,12,3,11,4,10,3,8,3,6,1,4,0,3,-1,3,-3,2,-5,2,-6,3,-8,3,-10,4,-12,6,-13,6,-13,8,-14,8,-13,8,-12,0,0,6,-10,5,-8,3,-7,0,-6,0,-6,-3,-6,-4,-6,-6,-6,-6,-7,-6,-8,-6,-9,-6,-9,-6,-9,-6,-10,-6,-10,-5,-9,-5,-9,-4,-8,-4,-6,-4,-6,-4,-4,-5,-2,-6,-1,-7,0,-8,0,-9,0,0,0,0,0,0,0,0,0,0,0]"
CSI_DATA,36600,80:af:ca:27:52:2a,-54,11,1,1,1,1,1,0,0,0,0,-97,0,11,2,480096046,0,83,1,128,0,"[0,0,0,0,0,0,0,0,0,0,0,0,-5,1,-6,3,-8,3,-9,3,-10,3,-11,3,-11,3,-11,3,-11,1,-10,1,-10,0,-8,0,-6,0,-5,1,-3,2,-2,3,-1,3,0,5,0,6,0,7,0,8,0,9,0,10,0,10,-1,10,-1,9,0,0,-1,6,-1,6,0,5,0,3,1,3,2,2,3,2,4,2,5,2,6,2,6,3,6,3,6,3,6,4,6,4,5,4,4,3,3,3,3,2,2,1,2,0,2,0,2,0,3,-1,3,-2,3,-2,0,0,0,0,0,0,0,0,0,0]"
CSI_DATA,36601,80:af:ca:27:52:2a,-54,11,1,1,1,1,1,0,0,0,0,-97,0,11,2,480105453,0,83,1,128,0,"[0,0,0,0,0,0,0,0,0,0,0,0,0,-6,-1,-7,-2,-10,-2,-11,-2,-13,-1,-14,-1,-15,0,-15,0,-14,0,-14,0,-12,0,-11,0,-9,0,-7,-1,-5,-2,-4,-4,-3,-6,-3,-7,-2,-9,-2,-11,-2,-11,-3,-12,-3,-12,-4,-12,-4,-11,-5,0,0,-9,-5,-7,-4,-7,-3,-6,-2,-5,0,-4,0,-4,3,-4,3,-5,5,-6,6,-7,7,-7,7,-8,6,-8,6,-8,5,-8,4,-7,3,-7,3,-5,2,-4,2,-3,2,-2,2,0,3,0,3,0,4,0,5,0,0,0,0,0,0,0,0,0,0]"
CSI_DATA,36602,80:af:ca:27:52:2a,-54,11,1,1,1,1,1,0,0,0,0,-97,0,11,2,480114180,0,83,1,128,0,"[0,0,0,0,0,0,0,0,0,0,0,0,1,4,3,5,4,5,5,6,5,8,5,9,6,10,5,10,5,10,4,10,3,10,3,8,2,7,2,5,2,4,2,2,3,0,5,0,5,-1,6,-2,8,-2,9,-2,10,-2,10,-2,10,-1,10,0,0,0,9,0,7,0,6,0,5,0,4,-1,2,-2,1,-4,1,-5,1,-6,1,-7,2,-8,3,-8,3,-9,4,-9,4,-8,5,-7,4,-6,4,-5,3,-5,2,-4,1,-3,0,-3,0,-3,-1,-3,-1,-4,-2,-5,0,0,0,0,0,0,0,0,0,0]"
CSI_DATA,36603,80:af:ca:27:52:2a,-54,11,1,1,1,1,1,0,0,0,0,-97,0,11,2,480123456,0,83,1,128,0,"[0,0,0,0,0,0,0,0,0,0,0,0,4,0,5,-1,7,-2,9,-2,10,-2,10,-2,11,-2,11,0,11,0,11,0,10,0,9,0,8,0,6,0,5,0,3,-2,2,-4,1,-5,1,-6,1,-8,1,-9,1,-10,2,-10,3,-10,4,-10,4,-10,0,0,4,-8,3,-7,2,-6,1,-5,0,-5,0,-5,-2,-4,-3,-5,-5,-5,-5,-5,-5,-6,-5,-7,-5,-8,-5,-8,-5,-8,-4,-8,-4,-8,-3,-7,-2,-5,-2,-5,-2,-4,-2,-3,-3,-2,-3,-1,-4,0,-5,0,0,0,0,0,0,0,0,0,0,0]"
CSI_DATA,36604,80:af:ca:27:52:2a,-53,11,1,1,1,1,1,0,0,0,0,-97,0,11,2,480133515,0,83,1,128,0,"[0,0,0,0,0,0,0,0,0,0,0,0,-9,1,-8,1,-8,1,-7,0,-6,0,-4,0,-3,1,-2,1,-1,2,0,2,1,3,1,4,1,6,2,6,2,7,2,7,1,7,1,7,1,7,0,6,0,5,0,4,1,3,1,2,1,1,2,0,0,0,4,-1,4,-2,6,-2,6,-2,7,-2,7,-1,7,-1,7,-1,6,0,5,0,4,0,3,0,2,0,1,-1,0,-2,0,-2,0,-3,0,-4,0,-4,0,-5,0,-6,0,-6,0,-6,1,-5,1,-5,1,-4,0,0,0,0,0,0,0,0,0,0]"
CSI_DATA,36605,80:af:ca:27:52:2a,-55,11,1,1,1,1,1,0,0,0,0,-97,0,11,2,480141202,0,83,1,128,0,"[0,0,0,0,0,0,0,0,0,0,0,0,-4,-3,-6,-2,-9,-1,-11,-2,-13,-2,-14,-3,-15,-4,-15,-5,-15,-5,-15,-5,-14,-6,-12,-5,-10,-5,-9,-4,-7,-2,-5,0,-4,1,-3,3,-3,5,-2,8,-2,10,-3,11,-4,13,-5,13,-5,13,-5,13,0,0,-5,10,-5,10,-5,8,-3,6,-2,5,0,4,2,3,4,3,5,3,7,3,9,4,10,5,10,6,10,6,10,7,8,7,7,7,6,6,5,5,3,5,3,3,2,1,2,0,3,-1,4,-2,5,-3,0,0,0,0,0,0,0,0,0,0]"
CSI_DATA,36606,80:af:ca:27:52:2a,-54,11,1,1,1,1,1,0,0,0,0,-97,0,11,2,480148925,0,83,1,128,0,"[0,0,0,0,0,0,0,0,0,0,0,0,5,-5,5,-4,5,-4,4,-3,3,-2,2,-2,1,-1,0,-1,0,-1,-2,-1,-3,-1,-4,-1,-5,-1,-5,-2,-5,-2,-6,-2,-6,-2,-5,-2,-5,-2,-5,-2,-4,-2,-3,-1,-3,0,-2,0,-1,0,0,1,0,0,0,3,0,4,0,5,0,5,0,5,0,6,0,5,-1,5,-1,5,0,4,0,3,0,2,0,1,0,1,1,0,1,0,2,0,3,0,3,0,4,0,4,0,4,0,4,0,4,0,4,0,3,0,0,0,0,0,0,0,0,0,0,0]"
CSI_DATA,36607,80:af:ca:27:52:2a,-55,11,1,1,1,1,1,0,0,0,0,-97,0,11,2,480158654,0,83,1,128,0,"[0,0,0,0,0,0,0,0,0,0,0,0,-4,4,-4,3,-4,3,-3,3,-3,2,-2,1,-1,1,0,0,0,0,1,0,2,0,3,0,4,0,4,0,5,0,5,0,5,0,5,0,5,0,4,0,3,0,3,0,2,0,1,0,0,-1,0,-1,0,0,-1,-2,-2,-3,-2,-3,-3,-4,-3,-4,-2,-5,-2,-5,-2,-5,-2,-4,-1,-3,-1,-3,-1,-2,-1,-1,-1,0,-1,0,-1,0,-1,1,-1,2,-2,2,-2,2,-2,3,-3,3,-3,2,-3,2,-3,2,-2,1,0,0,0,0,0,0,0,0,0,0]"
CSI_DATA,36608,80:af:ca:27:52:2a,-55,11,1,1,1,1,1,0,0,0,0,-97,0,11,2,480167037,0,83,1,128,0,"[0,0,0,0,0,0,0,0,0,0,0,0,0,0,2,-1,4,-1,6,-2,8,-2,10,-2,11,-2,12,-2,12,-2,12,-1,11,-1,10,-1,8,-1,6,0,4,0,2,0,0,0,-2,-1,-4,-1,-6,-2,-8,-3,-9,-3,-11,-3,-12,-4,-12,-4,-11,-4,0,0,-10,-4,-8,-3,-7,-3,-5,-2,-3,0,-1,0,0,1,1,3,2,4,3,6,4,7,4,8,4,8,4,8,4,8,4,8,3,7,2,6,2,5,1,4,1,2,0,0,0,0,1,-2,1,-3,1,-4,0,0,0,0,0,0,0,0,0,0]"
CSI_DATA,36609,80:af:ca:27:52:2a,-55,11,1,1,1,1,1,0,0,0,0,-97,0,11,2,480174215,0,83,1,128,0,"[0,0,0,0,0,0,0,0,0,0,0,0,0,0,-2,0,-6,1,-8,2,-10,2,-11,2,-13,2,-14,2,-14,2,-14,2,-13,2,-12,1,-9,1,-8,0,-6,0,-3,0,0,0,1,0,4,0,7,0,8,0,10,0,12,-1,12,0,13,0,13,0,0,0,11,0,9,0,8,0,6,0,3,0,0,0,-1,-1,-4,-2,-6,-2,-8,-3,-9,-3,-10,-4,-10,-4,-11,-5,-11,-5,-10,-5,-9,-4,-8,-4,-7,-3,-5,-2,-3,-1,-2,0,0,0,0,1,0,3,1,4,0,0,0,0,0,0,0,0,0,0]"
CSI_DATA,36610,80:af:ca:27:52:2a,-54,11,0,0,0,0,0,0,0,0,0,-97,0,11,2,480187852,0,83,0,128,0,"[0,0,0,0,0,0,0,0,0,0,0,0,1,-14,2,-15,2,-15,1,-13,1,-10,1,-8,0,-5,0,-2,0,0,0,1,0,4,0,6,-1,7,-1,9,-1,9,-1,11,-1,11,-1,11,-1,11,-1,11,0,9,0,8,0,5,0,3,0,0,0,-2,0,0,0,-8,0,-11,1,-13,1,-15,1,-15,1,-16,1,-15,1,-13,1,-12,0,-10,0,-9,0,-6,0,-4,0,-2,-1,0,-2,1,-2,4,-4,6,-5,8,-6,10,-6,11,-6,12,-7,12,-7,12,-6,11,-6,9,0,0,0,0,0,0,0,0,0,0]"
CSI_DATA,36611,80:af:ca:27:52:2a,-54,11,0,0,0,0,0,0,0,0,0,-97,0,11,2,480201816,0,83,0,128,0,"[0,0,0,0,0,0,0,0,0,0,0,0,-4,0,-5,-3,-5,-6,-7,-8,-7,-11,-8,-11,-8,-12,-8,-12,-8,-12,-8,-11,-9,-11,-7,-10,-5,-7,-4,-6,-2,-4,0,-3,0,-1,2,0,5,0,7,0,9,0,11,2,13,1,16,2,17,1,16,0,0,0,14,0,11,0,10,0,6,0,3,0,0,0,-1,0,-4,0,-6,1,-8,2,-10,3,-10,3,-11,4,-11,5,-11,5,-11,5,-11,5,-10,4,-8,4,-6,3,-4,1,-2,0,0,0,1,-2,2,-4,4,-5,0,0,0,0,0,0,0,0,0,0]"
CSI_DATA,36612,80:af:ca:27:52:2a,-55,11,1,1,1,1,1,0,0,0,0,-97,0,11,2,480227688,0,83,1,128,0,"[0,0,0,0,0,0,0,0,0,0,0,0,-1,-10,-1,-10,-1,-8,0,-7,0,-6,0,-4,1,-3,2,-2,4,-1,5,-1,6,-1,8,-1,8,-1,8,-2,9,-2,8,-3,8,-3,7,-4,6,-3,5,-2,4,-2,3,-1,2,0,2,1,1,2,1,4,0,0,1,6,2,6,2,7,3,7,3,7,3,6,3,6,3,5,2,4,2,3,1,2,0,2,0,1,-2,0,-3,0,-4,0,-4,1,-5,1,-5,1,-5,2,-5,2,-5,2,-4,2,-4,2,-3,2,-2,1,0,0,0,0,0,0,0,0,0,0]"
CSI_DATA,36613,80:af:ca:27:52:2a,-55,11,0,0,0,0,0,0,0,0,0,-97,0,11,2,480238938,0,83,0,128,0,"[0,0,0,0,0,0,0,0,0,0,0,0,0,-8,0,-11,2,-13,1,-13,1,-15,1,-14,0,-14,0,-13,0,-12,0,-10,0,-8,0,-6,0,-4,1,-2,1,0,3,0,4,1,6,3,6,4,8,4,10,4,12,5,12,4,12,5,12,3,11,3,0,0,7,1,5,1,2,1,0,1,-2,2,-5,3,-6,3,-7,4,-8,5,-8,5,-9,6,-8,6,-8,6,-7,6,-6,6,-6,6,-5,5,-3,3,-2,1,-1,0,0,-1,0,-4,0,-6,0,-7,0,-9,0,-9,0,0,0,0,0,0,0,0,0,0]"
CSI_DATA,36614,80:af:ca:27:52:2a,-55,11,1,1,1,1,1,0,0,0,0,-97,0,11,2,480248036,0,83,1,128,0,"[0,0,0,0,0,0,0,0,0,0,0,0,-2,4,-2,5,-3,6,-4,6,-4,6,-4,6,-4,6,-4,6,-3,5,-3,4,-2,3,-2,2,-1,1,-1,0,0,-1,0,-3,0,-4,0,-5,1,-6,1,-6,1,-7,1,-7,1,-7,1,-6,1,-6,0,-5,0,0,0,-3,0,-2,0,-1,0,0,0,1,-1,2,-1,3,-1,4,-1,5,-1,5,0,5,0,5,0,5,0,5,0,4,0,3,0,3,0,2,0,1,0,0,0,-1,0,-1,0,-2,0,-3,0,-3,0,-4,0,0,0,0,0,0,0,0,0,0]"
CSI_DATA,36615,80:af:ca:27:52:2a,-55,11,1,1,1,1,1,0,0,0,0,-97,0,11,2,480267079,0,83,1,128,0,"[0,0,0,0,0,0,0,0,0,0,0,0,3,-3,4,-4,6,-4,7,-4,7,-4,8,-4,8,-4,7,-4,7,-3,6,-3,5,-3,4,-2,2,-2,1,-1,0,-1,-2,-1,-3,-1,-5,-1,-6,-1,-7,-1,-8,-1,-8,-1,-9,-1,-9,-2,-8,-2,-7,-1,0,0,-5,-1,-4,-1,-3,0,-1,0,0,1,0,2,1,3,2,4,3,5,3,6,3,6,3,6,3,6,2,6,2,6,1,4,1,4,1,3,1,1,0,1,0,0,1,-1,1,-2,1,-3,1,-3,2,-3,0,0,0,0,0,0,0,0,0,0]"
CSI_DATA,36616,80:af:ca:27:52:2a,-54,11,1,1,1,1,1,0,0,0,0,-97,0,11,2,480275610,0,83,1,128,0,"[0,0,0,0,0,0,0,0,0,0,0,0,-8,-8,-7,-7,-6,-6,-4,-4,-4,-3,-2,-1,-2,0,-2,2,-2,4,-2,6,-2,8,-2,9,-3,11,-3,11,-4,11,-4,11,-4,9,-4,8,-4,7,-2,6,-2,4,0,3,0,2,2,1,4,0,5,0,0,0,8,0,9,0,10,0,11,0,11,0,10,1,9,1,8,1,7,1,6,0,4,0,2,0,2,-2,0,-3,0,-4,0,-5,0,-6,0,-7,0,-8,0,-8,0,-8,0,-8,0,-8,1,-7,1,-6,1,-5,0,0,0,0,0,0,0,0,0,0]"
CSI_DATA,36617,80:af:ca:27:52:2a,-54,11,0,0,0,0,0,0,0,0,0,-97,0,11,2,480287977,0,83,0,128,0,"[0,0,0,0,0,0,0,0,0,0,0,0,12,1,12,2,11,2,8,1,6,0,4,0,2,-2,0,-4,0,-6,0,-8,-1,-9,-1,-11,-2,-11,-1,-12,-1,-12,-1,-13,0,-12,0,-11,0,-11,0,-9,-1,-8,-1,-7,-3,-4,-5,-2,-7,0,-8,1,0,0,-13,4,-14,4,-16,5,-16,4,-16,3,-16,2,-15,2,-12,1,-11,0,-8,0,-7,0,-5,1,-3,2,-1,3,0,5,1,7,2,8,2,10,2,12,2,13,1,15,0,15,0,14,0,13,0,11,-1,9,0,0,0,0,0,0,0,0,0,0]"
CSI_DATA,36618,80:af:ca:27:52:2a,-53,11,0,0,0,0,0,0,0,0,0,-97,0,11,2,480302974,0,83,0,128,0,"[0,0,0,0,0,0,0,0,0,0,0,0,-3,-2,-6,-2,-10,-1,-12,-1,-15,-2,-16,-2,-17,-3,-16,-4,-16,-4,-15,-4,-13,-3,-11,-4,-9,-3,-6,-2,-4,-1,-3,1,-1,2,0,4,1,6,2,9,3,10,4,13,4,15,4,18,4,18,3,18,0,0,2,15,1,12,1,9,1,6,2,3,3,0,4,-2,5,-4,8,-5,9,-6,10,-8,10,-8,11,-8,12,-6,12,-6,12,-5,12,-5,10,-3,9,-3,6,-3,3,-3,1,-3,-2,-4,-4,-6,-5,-8,-6,-9,0,0,0,0,0,0,0,0,0,0]"
CSI_DATA,36619,80:af:ca:27:52:2a,-53,11,1,1,1,1,1,0,0,0,0,-97,0,11,2,480310494,0,83,1,128,0,"[0,0,0,0,0,0,0,0,0,0,0,0,-1,1,-1,4,-2,6,-2,8,-3,10,-4,11,-5,12,-5,12,-6,12,-6,11,-6,10,-5,9,-4,7,-3,5,-1,3,0,1,1,0,3,0,5,-1,7,-2,9,-2,10,-2,12,-2,13,-2,13,-1,12,-1,0,0,10,0,8,0,6,0,4,-1,2,-1,0,-2,-1,-3,-2,-5,-4,-6,-5,-7,-5,-8,-5,-9,-5,-10,-5,-10,-4,-10,-4,-9,-3,-9,-3,-7,-2,-5,-1,-4,-1,-2,-2,-1,-2,0,-3,0,-3,2,-4,2,0,0,0,0,0,0,0,0,0,0]"
CSI_DATA,36620,80:af:ca:27:52:2a,-54,11,1,1,1,1,1,0,0,0,0,-97,0,11,2,480319883,0,83,1,128,0,"[0,0,0,0,0,0,0,0,0,0,0,0,0,1,0,5,0,7,0,10,0,11,0,13,0,14,-1,14,-2,14,-2,13,-2,12,-2,11,-2,9,-1,7,0,4,0,1,1,0,3,-1,4,-3,6,-5,7,-7,9,-7,10,-8,11,-8,11,-8,11,-7,0,0,10,-6,8,-4,6,-4,3,-3,1,-3,0,-2,-2,-2,-4,-3,-6,-3,-8,-4,-9,-5,-10,-5,-10,-6,-11,-6,-10,-6,-9,-6,-8,-6,-7,-5,-5,-4,-4,-2,-3,-1,-2,0,-1,0,-1,2,-1,3,-1,4,0,0,0,0,0,0,0,0,0,0]"
CSI_DATA,36621,80:af:ca:27:52:2a,-54,11,0,0,0,0,0,0,0,0,0,-97,0,11,2,480340044,0,83,0,128,0,"[0,0,0,0,0,0,0,0,0,0,0,0,9,-13,10,-13,10,-12,8,-10,7,-8,4,-5,2,-3,0,0,-1,1,-3,3,-5,5,-7,7,-8,8,-8,8,-8,8,-10,9,-10,8,-9,8,-9,8,-8,8,-7,6,-6,5,-3,3,-1,1,0,0,3,-2,0,0,8,-7,10,-8,12,-9,13,-9,13,-9,13,-9,12,-8,10,-8,9,-7,8,-6,6,-5,3,-4,1,-2,0,-2,-2,-1,-5,0,-8,0,-10,0,-12,0,-14,0,-15,1,-16,1,-16,1,-15,0,-14,0,-11,0,0,0,0,0,0,0,0,0,0,0]"
CSI_DATA,36622,80:af:ca:27:52:2a,-54,11,1,1,1,1,1,0,0,0,0,-97,0,11,2,480350531,0,83,1,128,0,"[0,0,0,0,0,0,0,0,0,0,0,0,3,0,5,3,6,4,7,6,8,6,8,7,9,8,9,7,8,7,8,7,6,6,6,6,4,4,2,3,0,1,0,0,-2,0,-4,-2,-6,-3,-7,-4,-9,-5,-9,-6,-10,-6,-11,-6,-11,-6,-10,-5,0,0,-8,-4,-6,-3,-5,-2,-3,-1,-1,0,0,0,2,0,4,1,6,2,6,3,7,4,8,4,8,4,8,4,7,3,7,3,6,2,5,1,4,1,2,0,1,0,0,0,0,-1,-2,-2,-3,-3,-4,-3,0,0,0,0,0,0,0,0,0,0]"
CSI_DATA,36623,80:af:ca:27:52:2a,-54,11,1,1,1,1,1,0,0,0,0,-97,0,11,2,480368634,0,83,1,128,0,"[0,0,0,0,0,0,0,0,0,0,0,0,2,-2,4,-3,6,-4,8,-4,9,-4,10,-4,11,-4,10,-4,10,-4,9,-4,8,-4,7,-3,4,-2,3,-1,1,0,0,0,-2,0,-4,1,-6,2,-8,4,-8,4,-9,4,-10,4,-10,4,-10,4,-9,4,0,0,-7,4,-5,3,-4,2,-2,1,0,0,1,0,3,-1,4,-2,6,-3,7,-3,8,-4,8,-4,8,-4,8,-4,8,-4,7,-3,6,-3,4,-2,4,-2,2,-1,0,0,0,0,-2,0,-4,0,-4,0,-5,0,0,0,0,0,0,0,0,0,0,0]"
CSI_DATA,36624,80:af:ca:27:52:2a,-54,11,1,1,1,1,1,0,0,0,0,-97,0,11,2,480376233,0,83,1,128,0,"[0,0,0,0,0,0,0,0,0,0,0,0,-3,-3,-4,-5,-6,-7,-6,-9,-7,-11,-7,-11,-7,-12,-7,-12,-7,-12,-7,-11,-6,-10,-5,-9,-3,-7,-3,-4,-1,-2,0,0,0,2,1,4,2,7,3,8,3,10,3,11,3,12,3,12,3,12,3,11,0,0,3,8,2,7,1,4,1,2,1,0,0,-2,0,-4,0,-7,0,-8,0,-10,0,-11,0,-12,0,-12,1,-12,1,-11,1,-11,0,-9,0,-7,0,-6,0,-3,0,-2,-1,0,-2,0,-3,2,-3,3,-4,3,0,0,0,0,0,0,0,0,0,0]"
CSI_DATA,36625,80:af:ca:27:52:2a,-54,11,1,1,1,1,1,0,0,0,0,-97,0,11,2,480384270,0,83,1,128,0,"[0,0,0,0,0,0,0,0,0,0,0,0,0,-4,0,-7,0,-9,0,-12,0,-13,0,-14,0,-15,0,-15,1,-14,1,-13,1,-12,1,-10,0,-8,0,-5,0,-3,-1,0,-3,1,-4,4,-5,6,-6,8,-7,9,-8,10,-8,10,-9,11,-9,10,-8,9,0,0,-7,8,-5,6,-4,4,-2,3,0,1,2,0,4,0,6,-1,8,-1,10,-2,11,-2,12,-1,12,0,12,0,11,0,10,0,9,0,7,0,5,0,3,0,1,0,0,-1,-1,-2,-3,-3,-4,-4,-4,-5,0,0,0,0,0,0,0,0,0,0]"
CSI_DATA,36626,80:af:ca:27:52:2a,-53,11,1,1,1,1,1,0,0,0,0,-97,0,11,2,480392639,0,83,1,128,0,"[0,0,0,0,0,0,0,0,0,0,0,0,0,-4,0,-7,0,-8,0,-10,0,-12,1,-13,1,-14,1,-13,2,-13,2,-12,2,-10,1,-9,0,-7,0,-5,0,-2,-1,0,-2,0,-4,3,-6,4,-7,6,-8,7,-8,8,-9,8,-9,8,-9,8,-8,7,0,0,-8,5,-6,4,-4,3,-2,2,0,1,1,0,3,0,6,0,8,0,8,0,9,0,10,0,10,0,9,1,9,1,8,1,7,0,6,0,4,0,2,0,0,0,0,-1,0,-2,-1,-4,-2,-5,-2,-6,0,0,0,0,0,0,0,0,0,0]"
CSI_DATA,36627,80:af:ca:27:52:2a,-53,11,1,1,1,1,1,0,0,0,0,-97,0,11,2,480400417,0,83,1,128,0,"[0,0,0,0,0,0,0,0,0,0,0,0,0,10,0,9,0,8,0,7,0,5,0,4,0,1,0,0,1,-1,2,-2,3,-4,4,-5,5,-6,5,-7,6,-7,7,-7,6,-7,6,-6,5,-5,5,-4,4,-4,2,-3,1,-2,0,-2,-1,-1,-3,-1,0,0,-6,0,-7,-1,-8,-1,-9,-1,-9,-1,-9,-1,-8,-2,-8,-1,-7,-1,-5,-1,-4,-1,-3,0,-2,0,-1,1,0,2,0,2,1,4,1,4,1,5,1,5,1,5,1,5,0,5,0,5,0,5,0,4,0,0,0,0,0,0,0,0,0,0]"
CSI_DATA,36628,80:af:ca:27:52:2a,-53,11,1,1,1,1,1,0,0,0,0,-97,0,11,2,480408841,0,83,1,128,0,"[0,0,0,0,0,0,0,0,0,0,0,0,5,-7,5,-6,5,-5,4,-4,3,-3,2,-2,0,-1,-1,0,-2,0,-4,0,-5,1,-6,1,-8,1,-8,1,-9,1,-9,1,-9,1,-8,1,-7,0,-6,0,-5,0,-4,0,-2,0,0,1,0,1,2,1,0,0,4,2,5,3,6,4,6,4,6,4,6,4,5,4,5,4,4,3,4,2,2,1,2,1,1,0,1,-1,0,-2,0,-4,0,-4,0,-5,0,-5,0,-6,0,-6,0,-6,0,-6,0,-5,0,-5,0,-4,0,0,0,0,0,0,0,0,0,0]"
CSI_DATA,36629,80:af:ca:27:52:2a,-55,11,1,1,1,1,1,0,0,0,0,-97,0,11,2,480416384,0,83,1,128,0,"[0,0,0,0,0,0,0,0,0,0,0,0,-1,-3,-1,-6,-1,-8,0,-10,0,-13,0,-13,0,-15,0,-15,0,-15,0,-14,0,-13,0,-11,0,-9,0,-7,0,-4,0,-1,-1,0,-2,3,-3,5,-4,8,-4,9,-4,11,-5,12,-5,12,-5,12,-5,12,0,0,-4,9,-4,8,-3,6,-1,4,0,2,0,0,3,-1,4,-3,5,-4,7,-5,8,-6,9,-7,9,-7,9,-7,9,-6,8,-5,8,-5,6,-4,4,-3,3,-3,1,-2,0,-1,-2,-1,-4,-1,-5,-1,-6,-1,0,0,0,0,0,0,0,0,0,0]"
CSI_DATA,36630,80:af:ca:27:52:2a,-55,11,0,0,0,0,0,0,0,0,0,-97,0,11,2,480427068,0,83,0,128,0,"[0,0,0,0,0,0,0,0,0,0,0,0,12,0,13,1,12,2,10,1,8,1,5,0,2,0,0,0,-2,0,-4,0,-6,0,-8,0,-9,0,-10,0,-10,0,-11,0,-11,0,-11,1,-11,0,-9,0,-8,0,-6,0,-4,0,-1,0,0,-1,3,-1,0,0,8,-2,11,-3,13,-4,13,-4,14,-4,13,-4,12,-4,10,-3,8,-3,7,-2,5,-2,2,-1,1,-1,0,0,-2,0,-5,0,-8,0,-10,0,-11,1,-13,1,-14,2,-14,2,-14,2,-13,1,-11,1,-9,0,0,0,0,0,0,0,0,0,0,0]"
CSI_DATA,36631,80:af:ca:27:52:2a,-55,11,1,1,1,1,1,0,0,0,0,-97,0,11,2,480434386,0,83,1,128,0,"[0,0,0,0,0,0,0,0,0,0,0,0,6,2,6,2,5,2,4,2,3,1,2,1,0,1,0,0,-1,0,-3,0,-4,0,-5,0,-6,0,-6,0,-7,0,-7,0,-7,0,-7,1,-6,0,-5,0,-4,0,-3,0,-1,0,0,0,0,0,1,-1,0,0,3,-2,4,-3,5,-4,5,-4,5,-4,5,-4,5,-4,4,-4,4,-3,3,-3,2,-2,1,-1,0,0,0,0,-1,0,-2,1,-3,2,-3,2,-4,3,-4,3,-4,3,-4,3,-4,3,-3,3,-3,2,-2,2,0,0,0,0,0,0,0,0,0,0]"
CSI_DATA,36632,80:af:ca:27:52:2a,-55,11,1,1,1,1,1,0,0,0,0,-97,0,11,2,480442931,0,83,1,128,0,"[0,0,0,0,0,0,0,0,0,0,0,0,4,6,3,5,3,5,2,4,1,3,0,2,0,1,-1,0,-2,0,-3,-1,-4,-1,-5,-2,-6,-2,-7,-3,-7,-2,-7,-3,-7,-2,-7,-2,-6,-2,-5,-1,-4,-1,-2,-1,-1,0,0,0,1,0,2,0,0,0,5,0,6,0,6,0,7,0,7,0,7,0,7,0,6,0,5,0,4,-1,2,0,1,0,0,0,0,0,-2,0,-3,0,-4,0,-5,0,-5,0,-6,0,-6,1,-6,0,-5,0,-5,0,-4,0,-3,0,0,0,0,0,0,0,0,0,0,0]"
CSI_DATA,36633,80:af:ca:27:52:2a,-54,11,0,0,0,0,0,0,0,0,0,-97,0,11,2,480456956,0,83,0,128,0,"[0,0,0,0,0,0,0,0,0,0,0,0,-13,-1,-13,-1,-11,-2,-9,-1,-6,-2,-4,-1,0,-1,1,-1,4,-2,5,-2,8,-2,10,-2,10,-3,10,-2,10,-3,11,-3,10,-3,10,-3,9,-3,7,-2,5,-2,3,-1,1,0,-1,0,-4,2,-6,3,0,0,-11,5,-13,6,-14,7,-14,8,-14,7,-13,7,-11,6,-10,5,-8,5,-6,4,-5,2,-2,0,0,0,1,0,3,-2,5,-4,8,-5,10,-5,10,-6,11,-7,12,-8,12,-7,11,-7,10,-6,9,-5,6,-5,0,0,0,0,0,0,0,0,0,0]"
CSI_DATA,36634,80:af:ca:27:52:2a,-54,11,1,1,1,1,1,0,0,0,0,-97,0,11,2,480465730,0,83,1,128,0,"[0,0,0,0,0,0,0,0,0,0,0,0,-2,-10,-2,-9,-2,-8,-1,-7,0,-5,0,-3,0,-1,0,0,1,3,2,4,2,6,3,7,3,8,4,9,4,9,4,9,3,8,3,8,3,6,2,5,2,4,0,2,0,0,0,0,-2,-2,-2,-4,0,0,-4,-6,-4,-7,-5,-8,-5,-8,-5,-8,-5,-8,-4,-7,-4,-6,-4,-6,-3,-4,-2,-2,-1,-1,0,0,0,1,0,2,1,3,2,4,2,5,2,6,2,6,2,6,2,6,2,5,2,4,1,4,1,3,0,0,0,0,0,0,0,0,0,0]"
CSI_DATA,36635,80:af:ca:27:52:2a,-54,11,1,1,1,1,1,0,0,0,0,-97,0,11,2,480474088,0,83,1,128,0,"[0,0,0,0,0,0,0,0,0,0,0,0,2,5,2,7,2,9,2,11,2,11,2,12,1,13,1,12,1,11,1,10,0,8,0,6,0,4,0,2,0,0,0,-2,0,-5,-1,-6,-1,-8,-2,-10,-2,-11,-2,-11,-2,-12,-2,-12,-2,-11,-2,-10,0,0,-2,-7,-1,-5,-1,-3,-1,-1,-1,0,0,2,0,5,0,6,0,8,0,9,0,9,0,10,0,10,0,9,0,8,0,7,0,6,0,5,0,2,0,1,0,0,0,-1,1,-2,2,-4,2,-5,2,-5,0,0,0,0,0,0,0,0,0,0]"
CSI_DATA,36636,80:af:ca:27:52:2a,-53,11,0,0,0,0,0,0,0,0,0,-97,0,11,2,480499152,0,83,0,128,0,"[0,0,0,0,0,0,0,0,0,0,0,0,2,-3,5,-5,8,-7,10,-8,11,-10,12,-8,13,-8,13,-7,12,-6,11,-5,8,-5,7,-4,5,-3,3,-2,0,-2,-2,-1,-4,-1,-6,-1,-10,-2,-11,-2,-13,-2,-16,-3,-16,-3,-19,-4,-19,-4,-17,-4,0,0,-13,-3,-10,-3,-7,-1,-4,0,-2,2,1,4,2,6,3,7,4,10,5,10,5,12,4,12,4,12,4,13,3,12,3,12,3,10,2,8,2,5,2,3,3,0,3,-2,4,-4,6,-6,6,-8,7,-8,0,0,0,0,0,0,0,0,0,0]"
CSI_DATA,36637,80:af:ca:27:52:2a,-54,11,1,1,1,1,1,0,0,0,0,-97,0,11,2,480509041,0,83,1,128,0,"[0,0,0,0,0,0,0,0,0,0,0,0,-9,0,-8,0,-7,0,-6,0,-4,0,-3,0,-1,0,0,1,1,1,3,3,4,4,4,4,5,5,5,6,6,6,5,6,5,6,4,6,4,5,3,4,3,3,2,1,1,0,1,-1,1,-3,1,-4,0,0,1,-7,1,-7,2,-8,3,-9,3,-9,3,-8,3,-7,3,-7,2,-6,1,-5,1,-4,0,-3,-1,-2,-2,-1,-3,-1,-4,-1,-6,0,-6,-1,-6,-1,-7,-1,-7,-1,-6,-1,-6,-1,-6,-1,-5,-1,-4,-1,0,0,0,0,0,0,0,0,0,0]"
CSI_DATA,36638,80:af:ca:27:52:2a,-54,11,1,1,1,1,1,0,0,0,0,-97,0,11,2,480518199,0,83,1,128,0,"[0,0,0,0,0,0,0,0,0,0,0,0,-8,-1,-8,-1,-7,-1,-6,-1,-4,-1,-3,-1,-2,0,0,0,1,1,2,2,3,3,3,4,4,5,4,5,4,6,4,6,4,6,4,5,3,5,3,4,2,3,2,2,1,1,1,0,1,-1,0,-3,0,0,1,-5,1,-6,1,-7,1,-7,2,-7,2,-7,2,-7,2,-6,1,-5,1,-4,1,-3,0,-3,0,-2,-1,-1,-2,0,-3,0,-4,0,-5,0,-5,0,-5,0,-5,0,-5,0,-5,0,-5,0,-4,0,-4,0,0,0,0,0,0,0,0,0,0,0]"
CSI_DATA,36639,80:af:ca:27:52:2a,-54,11,1,1,1,1,1,0,0,0,0,-97,0,11,2,480525316,0,83,1,128,0,"[0,0,0,0,0,0,0,0,0,0,0,0,3,-9,2,-7,3,-6,2,-5,2,-4,1,-3,0,-1,-1,0,-2,0,-3,1,-4,2,-5,3,-6,3,-7,3,-7,3,-8,3,-7,3,-7,3,-6,2,-5,2,-4,1,-3,1,-2,1,0,1,1,1,2,1,0,0,4,2,6,2,6,2,7,3,7,3,6,3,6,3,5,3,5,2,4,2,3,1,2,0,1,0,1,-1,0,-2,0,-3,0,-4,0,-5,0,-5,0,-6,0,-6,0,-6,0,-6,0,-5,0,-5,0,-4,0,0,0,0,0,0,0,0,0,0]"
CSI_DATA,36640,80:af:ca:27:52:2a,-55,11,1,1,1,1,1,0,0,0,0,-97,0,11,2,480534573,0,83,1,128,0,"[0,0,0,0,0,0,0,0,0,0,0,0,-2,-1,-5,-2,-6,-3,-8,-5,-8,-5,-8,-6,-9,-7,-9,-7,-8,-7,-8,-7,-7,-6,-6,-5,-5,-4,-3,-3,-2,-1,-1,0,0,1,0,2,1,5,2,5,2,7,3,8,3,8,3,9,3,9,3,8,0,0,2,7,2,5,1,4,1,2,1,0,0,-1,0,-2,1,-4,1,-5,1,-7,2,-8,2,-8,2,-8,2,-8,2,-8,2,-8,2,-7,2,-5,1,-4,0,-3,0,-2,0,-1,-2,0,-2,0,-4,0,-5,0,0,0,0,0,0,0,0,0,0,0]"
CSI_DATA,36641,80:af:ca:27:52:2a,-54,11,1,1,1,1,1,0,0,0,0,-97,0,11,2,480555342,0,83,1,128,0,"[0,0,0,0,0,0,0,0,0,0,0,0,1,-2,3,-4,5,-5,6,-5,7,-5,8,-6,8,-6,8,-6,8,-5,8,-5,7,-5,5,-4,4,-3,2,-2,0,-1,0,0,-2,0,-4,0,-6,1,-8,1,-8,2,-9,2,-10,2,-11,2,-10,2,-10,2,0,0,-8,1,-6,0,-5,0,-2,0,0,0,0,0,2,1,5,1,5,2,7,2,8,2,8,2,8,3,8,3,8,3,7,3,5,2,5,2,3,1,2,0,1,0,0,-1,0,-2,-1,-3,-2,-5,-2,-5,0,0,0,0,0,0,0,0,0,0]"
CSI_DATA,36642,80:af:ca:27:52:2a,-53,11,0,0,0,0,0,0,0,0,0,-97,0,11,2,480567512,0,83,0,128,0,"[0,0,0,0,0,0,0,0,0,0,0,0,7,11,6,12,5,11,4,8,3,6,2,4,1,0,0,-1,0,-4,-1,-6,-2,-8,-2,-10,-2,-11,-2,-12,-2,-12,-3,-13,-2,-13,-2,-12,-1,-12,-1,-10,-2,-8,-1,-6,-2,-3,-2,0,-2,3,-3,6,0,0,-4,13,-4,14,-5,17,-5,17,-6,16,-6,16,-6,14,-5,12,-4,10,-3,8,-2,6,-1,4,0,1,2,0,4,-1,6,-3,8,-5,11,-5,12,-6,13,-6,14,-7,15,-6,14,-6,13,-5,12,-4,9,-4,0,0,0,0,0,0,0,0,0,0]"
CSI_DATA,36643,80:af:ca:27:52:2a,-54,11,1,1,1,1,1,0,0,0,0,-97,0,11,2,480576243,0,83,1,128,0,"[0,0,0,0,0,0,0,0,0,0,0,0,-2,1,-3,4,-4,6,-5,7,-6,8,-6,9,-7,10,-7,10,-8,9,-7,8,-7,7,-6,6,-5,5,-4,4,-1,2,0,1,1,0,4,0,6,0,7,-1,9,-1,11,-1,12,-1,12,0,12,0,12,0,0,0,9,0,7,0,6,0,4,0,1,-1,0,-2,-1,-4,-3,-6,-4,-6,-5,-8,-6,-9,-5,-10,-5,-11,-5,-11,-4,-10,-3,-10,-3,-9,-2,-7,-2,-6,-1,-4,-1,-2,-1,0,-2,0,-3,1,-4,2,-5,3,0,0,0,0,0,0,0,0,0,0]"
CSI_DATA,36644,80:af:ca:27:52:2a,-53,11,1,1,1,1,1,0,0,0,0,-97,0,11,2,480584431,0,83,1,128,0,"[0,0,0,0,0,0,0,0,0,0,0,0,0,0,0,3,1,6,1,8,1,10,2,12,2,13,2,13,2,14,2,13,1,12,1,10,0,9,0,6,0,3,0,1,0,0,0,-3,0,-6,0,-8,0,-10,0,-12,0,-13,0,-14,0,-14,0,-14,0,0,0,-11,0,-10,0,-7,0,-5,0,-2,0,0,-1,1,-2,3,-3,5,-4,7,-5,8,-6,9,-6,9,-7,9,-6,9,-6,8,-6,7,-5,5,-4,4,-2,2,-1,1,0,0,0,0,2,0,3,-1,4,-1,0,0,0,0,0,0,0,0,0,0]"
CSI_DATA,36645,80:af:ca:27:52:2a,-53,11,1,1,1,1,1,0,0,0,0,-97,0,11,2,480596406,0,83,1,128,0,"[0,0,0,0,0,0,0,0,0,0,0,0,1,0,4,0,7,1,9,2,11,3,12,4,14,4,14,4,14,4,13,4,12,3,10,3,8,2,6,1,3,0,0,0,-1,0,-4,0,-7,-1,-9,-1,-11,-1,-13,-2,-14,-2,-15,-2,-14,-2,-14,-1,0,0,-11,-1,-9,-1,-7,0,-4,0,-2,0,0,0,2,0,4,0,7,0,9,0,10,1,11,1,11,1,11,1,11,1,9,1,8,0,7,0,5,0,3,0,1,0,0,0,-1,-1,-3,-1,-4,-2,-5,-2,0,0,0,0,0,0,0,0,0,0]"
CSI_DATA,36646,80:af:ca:27:52:2a,-53,11,0,0,0,0,0,0,0,0,0,-97,0,11,2,480608306,0,83,0,128,0,"[0,0,0,0,0,0,0,0,0,0,0,0,14,5,14,6,13,6,10,4,8,4,4,2,1,2,0,1,-4,0,-7,0,-9,0,-11,0,-12,0,-13,0,-13,0,-14,1,-13,0,-12,1,-12,0,-10,0,-8,0,-6,0,-3,0,0,-1,2,-3,5,-4,0,0,10,-8,13,-8,14,-9,15,-10,14,-9,13,-9,12,-9,9,-8,8,-7,6,-6,4,-4,1,-2,0,0,-1,0,-4,2,-6,4,-8,6,-9,7,-10,8,-11,9,-11,11,-11,11,-11,10,-9,9,-8,8,-6,6,0,0,0,0,0,0,0,0,0,0]"
CSI_DATA,36647,80:af:ca:27:52:2a,-54,11,1,1,1,1,1,0,0,0,0,-97,0,11,2,480619114,0,83,1,128,0,"[0,0,0,0,0,0,0,0,0,0,0,0,-2,3,-3,3,-6,4,-7,5,-8,6,-9,7,-9,7,-9,7,-9,7,-8,7,-7,6,-7,5,-5,3,-3,2,-3,0,-1,-1,0,-3,0,-4,0,-7,0,-8,0,-10,0,-11,0,-11,0,-11,0,-11,0,-11,0,0,0,-8,0,-6,0,-4,0,-2,0,0,0,1,1,3,2,4,2,6,3,7,3,7,3,8,3,8,4,7,3,7,3,6,3,5,2,3,1,2,0,1,0,0,0,0,-2,-2,-3,-3,-3,-3,-3,-4,0,0,0,0,0,0,0,0,0,0]"
CSI_DATA,36648,80:af:ca:27:52:2a,-53,11,1,1,1,1,1,0,0,0,0,-97,0,11,2,480645203,0,83,1,128,0,"[0,0,0,0,0,0,0,0,0,0,0,0,-5,-9,-4,-8,-3,-7,-3,-6,-1,-5,-1,-3,0,-1,1,0,2,1,3,1,5,3,5,4,6,5,7,5,7,5,7,5,7,5,6,4,6,3,5,3,3,1,2,1,0,0,-1,0,-2,0,-4,-1,0,0,-7,-1,-8,-1,-8,-1,-9,-1,-10,-1,-9,-1,-8,-1,-7,-1,-6,0,-5,0,-3,0,-1,0,0,0,1,0,2,0,3,0,5,0,5,0,6,0,6,0,6,0,6,0,5,0,5,0,4,0,3,0,0,0,0,0,0,0,0,0,0,0]"
CSI_DATA,36649,80:af:ca:27:52:2a,-54,11,1,1,1,1,1,0,0,0,0,-97,0,11,2,480658048,0,83,1,128,0,"[0,0,0,0,0,0,0,0,0,0,0,0,0,-3,2,-6,3,-7,4,-8,5,-10,6,-10,6,-11,6,-10,6,-10,5,-9,4,-8,3,-7,3,-5,2,-3,0,-1,0,0,0,3,-1,4,-2,6,-3,7,-3,9,-3,10,-3,11,-3,10,-3,10,-3,9,0,0,-2,7,-1,4,0,3,0,0,0,0,0,-3,0,-4,1,-6,1,-7,1,-8,1,-9,2,-9,1,-9,1,-9,1,-8,0,-7,0,-6,0,-4,0,-3,0,-2,0,0,-1,0,-1,1,-2,3,-2,3,-3,4,0,0,0,0,0,0,0,0,0,0]"
CSI_DATA,36650,80:af:ca:27:52:2a,-53,11,0,0,0,0,0,0,0,0,0,-97,0,11,2,480670688,0,83,0,128,0,"[0,0,0,0,0,0,0,0,0,0,0,0,-4,4,-6,6,-10,8,-11,10,-13,11,-14,11,-14,10,-14,10,-13,7,-12,6,-10,5,-8,4,-5,2,-3,1,-1,0,1,-1,3,-2,6,-3,10,-4,11,-4,13,-5,15,-5,15,-5,19,-5,17,-5,16,-5,0,0,11,-4,7,-3,4,-3,1,-2,-2,-3,-5,-3,-8,-3,-10,-3,-12,-4,-12,-4,-14,-4,-13,-4,-13,-5,-14,-5,-13,-4,-12,-4,-11,-3,-8,-2,-6,-1,-4,0,-2,2,0,4,1,5,3,7,4,8,4,10,0,0,0,0,0,0,0,0,0,0]"
CSI_DATA,36651,80:af:ca:27:52:2a,-54,11,0,0,0,0,0,0,0,0,0,-97,0,11,2,480679327,0,83,0,128,0,"[0,0,0,0,0,0,0,0,0,0,0,0,-1,-5,1,-8,2,-11,2,-13,3,-15,4,-15,4,-16,5,-15,4,-14,4,-13,4,-11,3,-9,2,-6,1,-4,0,-2,-1,0,-2,2,-3,4,-4,7,-5,9,-6,10,-7,12,-8,13,-10,14,-9,15,-9,13,0,0,-7,10,-5,8,-3,5,-1,3,1,0,2,-2,4,-4,6,-5,7,-7,8,-7,9,-8,9,-8,9,-8,9,-8,9,-8,8,-8,8,-7,6,-6,4,-5,2,-4,0,-3,-3,-2,-5,-1,-8,-1,-9,0,-10,0,0,0,0,0,0,0,0,0,0,0]"
CSI_DATA,36652,80:af:ca:27:52:2a,-55,11,1,1,1,1,1,0,0,0,0,-97,0,11,2,480703297,0,83,1,128,0,"[0,0,0,0,0,0,0,0,0,0,0,0,-5,6,-5,5,-5,5,-4,4,-3,3,-3,1,-2,0,-1,-1,0,-2,0,-3,0,-5,1,-5,1,-6,1,-7,1,-7,1,-7,1,-7,1,-6,1,-6,0,-5,0,-4,0,-3,0,-1,0,0,0,1,0,2,0,0,0,4,1,5,1,6,1,6,1,6,1,6,1,5,1,5,1,4,1,3,1,2,0,1,0,0,0,-1,0,-2,-1,-3,-1,-4,-1,-4,-2,-4,-2,-4,-2,-4,-2,-4,-2,-4,-2,-4,-2,-3,-2,-2,0,0,0,0,0,0,0,0,0,0]"
CSI_DATA,36653,80:af:ca:27:52:2a,-56,11,1,1,1,1,1,0,0,0,0,-97,0,11,2,480711483,0,83,1,128,0,"[0,0,0,0,0,0,0,0,0,0,0,0,5,6,4,6,4,5,3,4,2,3,1,2,0,1,-1,0,-2,-1,-3,-2,-5,-3,-5,-4,-6,-4,-6,-5,-7,-5,-7,-5,-6,-4,-6,-4,-5,-3,-4,-3,-3,-2,-2,-1,-1,-1,0,0,1,0,3,1,0,0,5,2,6,2,6,2,7,2,6,2,6,2,6,2,5,2,4,1,3,1,2,0,1,0,0,-1,-1,-1,-2,-1,-3,-2,-4,-2,-4,-2,-5,-2,-5,-2,-5,-2,-5,-2,-5,-2,-4,-2,-4,-1,-3,-1,0,0,0,0,0,0,0,0,0,0]"
CSI_DATA,36654,80:af:ca:27:52:2a,-55,11,1,1,1,1,1,0,0,0,0,-97,0,11,2,480719886,0,83,1,128,0,"[0,0,0,0,0,0,0,0,0,0,0,0,-7,5,-7,4,-6,3,-5,3,-3,1,-3,0,0,0,-1,-2,2,-2,0,-4,0,-4,0,-5,1,-5,1,-5,2,-6,3,-9,2,-9,2,-6,2,-5,0,-5,1,-3,0,-2,0,-1,0,0,0,1,0,3,0,0,0,5,0,7,0,7,0,6,0,7,1,7,0,6,1,4,1,4,1,2,0,1,0,0,0,0,0,-1,0,-3,0,-4,-1,-3,-1,-4,-2,-4,-2,-5,-2,-4,-3,-5,-1,-3,-1,-3,-1,-3,-1,-2,0,0,0,0,0,0,0,0,0,0]"
CSI_DATA,36655,80:af:ca:27:52:2a,-55,11,1,1,1,1,1,0,0,0,0,-97,0,11,2,480729321,0,83,1,128,0,"[0,0,0,0,0,0,0,0,0,0,0,0,-2,-2,-3,-4,-4,-6,-4,-8,-4,-9,-4,-9,-4,-10,-4,-9,-4,-9,-3,-9,-3,-7,-2,-7,-2,-4,-1,-3,0,-1,0,0,0,2,1,3,2,5,2,7,2,7,3,8,3,8,3,8,3,8,2,7,0,0,2,5,1,4,1,2,0,0,0,-1,0,-2,0,-4,0,-5,-1,-7,-1,-7,-1,-7,-1,-8,-1,-8,-1,-8,-1,-7,-1,-6,-1,-5,-1,-4,-1,-2,-1,-2,-1,0,-1,0,-1,1,-1,2,-2,3,-2,3,0,0,0,0,0,0,0,0,0,0]"
CSI_DATA,36656,80:af:ca:27:52:2a,-56,11,0,0,0,0,0,0,0,0,0,-97,0,11,2,480743141,0,83,0,128,0,"[0,0,0,0,0,0,0,0,0,0,0,0,2,3,2,7,2,9,2,10,2,12,1,12,0,12,0,12,0,10,0,8,0,8,0,6,0,3,0,1,0,0,0,-2,0,-4,0,-6,0,-8,0,-9,0,-11,1,-13,1,-13,2,-14,2,-14,2,-13,0,0,1,-9,0,-7,0,-4,-1,-2,-2,0,-3,1,-5,3,-6,5,-6,6,-7,7,-8,8,-8,7,-8,7,-8,7,-8,7,-7,6,-6,6,-5,5,-3,3,-1,2,0,1,2,0,4,0,6,0,8,0,8,0,0,0,0,0,0,0,0,0,0,0]"
CSI_DATA,36657,80:af:ca:27:52:2a,-55,11,0,0,0,0,0,0,0,0,0,-97,0,11,2,480754734,0,83,0,128,0,"[0,0,0,0,0,0,0,0,0,0,0,0,-12,0,-12,0,-11,-1,-9,-1,-7,-1,-4,-1,-2,0,0,0,3,0,4,0,7,0,8,0,9,0,10,1,9,1,11,1,10,2,9,1,8,2,7,1,5,0,3,0,1,0,0,-1,-3,-2,-6,-3,0,0,-11,-5,-12,-6,-14,-7,-14,-7,-13,-7,-12,-7,-11,-6,-9,-5,-7,-4,-6,-3,-4,-2,-3,0,-1,0,0,2,1,3,3,5,3,7,4,8,5,10,5,11,6,11,6,11,6,11,5,10,4,8,3,6,0,0,0,0,0,0,0,0,0,0]"
CSI_DATA,36658,80:af:ca:27:52:2a,-55,11,1,1,1,1,1,0,0,0,0,-97,0,11,2,480761567,0,83,1,128,0,"[0,0,0,0,0,0,0,0,0,0,0,0,-1,-2,-1,-5,0,-6,0,-8,0,-10,0,-10,0,-11,0,-11,0,-11,0,-10,0,-10,0,-8,0,-6,0,-5,0,-2,0,0,0,1,0,3,0,5,-1,7,-1,8,-1,9,-1,10,-1,10,-1,10,-1,10,0,0,-1,7,-1,5,0,4,0,2,0,0,0,-1,1,-3,2,-5,2,-6,2,-8,3,-8,3,-8,3,-8,3,-8,3,-8,2,-7,2,-6,1,-5,0,-4,0,-2,0,-2,-1,0,-2,0,-3,1,-4,2,-5,2,0,0,0,0,0,0,0,0,0,0]"
CSI_DATA,36659,80:af:ca:27:52:2a,-54,11,1,1,1,1,1,0,0,0,0,-97,0,11,2,480769279,0,83,1,128,0,"[0,0,0,0,0,0,0,0,0,0,0,0,0,-8,0,-7,0,-6,0,-5,0,-5,0,-3,0,-1,0,0,0,1,0,2,0,4,0,5,0,5,0,6,0,7,0,7,0,7,0,7,0,6,0,5,0,4,0,3,0,1,0,0,0,-1,0,-2,0,0,0,-5,0,-5,0,-6,0,-7,0,-7,0,-7,0,-6,0,-6,0,-5,0,-4,0,-3,0,-2,0,-1,0,0,-1,0,-1,1,-1,3,-2,3,-2,4,-2,4,-2,4,-2,4,-2,4,-2,4,-1,3,-1,3,0,0,0,0,0,0,0,0,0,0]"
CSI_DATA,36660,80:af:ca:27:52:2a,-54,11,0,0,0,0,0,0,0,0,0,-97,0,11,2,480781302,0,83,0,128,0,"[0,0,0,0,0,0,0,0,0,0,0,0,0,-4,3,-6,5,-8,6,-10,8,-11,9,-11,10,-13,10,-13,9,-13,8,-11,7,-10,6,-9,5,-7,4,-5,2,-3,1,-1,0,2,-1,4,-2,6,-2,9,-2,10,-2,14,-2,15,-3,18,-2,18,-2,17,0,0,-1,14,-1,10,-1,7,-1,4,-1,1,-2,-2,-2,-5,-2,-7,-2,-9,-3,-10,-3,-13,-3,-13,-3,-13,-4,-14,-4,-13,-4,-11,-4,-11,-4,-9,-3,-7,-3,-4,-1,-2,-1,0,0,2,1,5,2,7,2,8,0,0,0,0,0,0,0,0,0,0]"
CSI_DATA,36661,80:af:ca:27:52:2a,-54,11,0,0,0,0,0,0,0,0,0,-97,0,11,2,480794593,0,83,0,128,0,"[0,0,0,0,0,0,0,0,0,0,0,0,4,-1,7,2,9,5,11,5,14,7,14,7,15,8,14,8,13,7,11,6,10,5,8,5,5,3,3,2,1,1,-1,0,-4,0,-6,-1,-8,-2,-10,-2,-13,-2,-16,-2,-17,-3,-19,-4,-18,-3,-17,-3,0,0,-13,-2,-10,-1,-7,-1,-4,-1,0,0,2,0,5,0,7,0,9,0,10,-1,11,0,11,-1,11,-1,11,-1,11,-1,10,-2,9,-2,7,-2,5,-2,3,-2,0,-2,-2,-2,-5,-1,-7,-2,-9,-1,-9,-1,0,0,0,0,0,0,0,0,0,0]"
CSI_DATA,36662,80:af:ca:27:52:2a,-54,11,0,0,0,0,0,0,0,0,0,-97,0,11,2,480806177,0,83,0,128,0,"[0,0,0,0,0,0,0,0,0,0,0,0,13,-4,13,-3,11,-3,9,-2,6,0,3,0,0,1,-1,2,-3,3,-6,4,-7,5,-9,6,-10,6,-10,7,-9,6,-11,7,-10,6,-8,6,-8,5,-7,3,-4,3,-3,1,-1,0,0,-2,3,-5,4,-7,0,0,8,-11,9,-12,10,-13,9,-13,9,-12,8,-11,7,-10,5,-8,3,-7,2,-5,0,-3,0,-1,-1,0,-3,1,-4,3,-5,5,-7,7,-7,8,-8,9,-8,9,-7,11,-7,10,-7,10,-6,9,-4,7,-3,6,0,0,0,0,0,0,0,0,0,0]"
CSI_DATA,36663,80:af:ca:27:52:2a,-56,11,0,0,0,0,0,0,0,0,0,-97,0,11,2,480817374,0,83,0,128,0,"[0,0,0,0,0,0,0,0,0,0,0,0,0,3,-2,6,-3,9,-4,11,-5,11,-6,11,-6,11,-6,11,-6,11,-5,9,-5,8,-4,6,-3,3,-2,1,0,0,0,-1,0,-3,1,-5,3,-7,3,-9,4,-10,5,-11,5,-12,7,-12,6,-13,6,-11,0,0,4,-9,2,-7,1,-4,0,-1,-1,0,-3,1,-4,3,-5,4,-6,6,-7,6,-8,7,-8,7,-8,7,-8,7,-7,7,-6,6,-5,6,-4,5,-2,3,-1,2,0,1,2,0,4,0,6,-1,7,-2,8,-2,0,0,0,0,0,0,0,0,0,0]"
CSI_DATA,36664,80:af:ca:27:52:2a,-55,11,1,1,1,1,1,0,0,0,0,-97,0,11,2,480827577,0,83,1,128,0,"[0,0,0,0,0,0,0,0,0,0,0,0,5,4,5,4,4,4,3,3,2,2,1,1,0,0,0,0,-1,-1,-2,-2,-3,-3,-4,-4,-5,-4,-5,-5,-5,-5,-5,-5,-5,-5,-5,-5,-4,-4,-3,-3,-3,-2,-2,-1,-1,0,0,0,0,1,1,2,0,0,3,3,3,4,4,5,4,5,4,5,4,5,3,4,3,4,2,3,2,2,1,1,0,0,0,0,0,-1,0,-2,0,-3,-1,-4,-1,-4,-1,-5,-1,-5,-1,-5,-1,-5,-1,-5,-1,-4,-1,-4,0,-3,0,0,0,0,0,0,0,0,0,0]"
CSI_DATA,36665,80:af:ca:27:52:2a,-55,11,0,0,0,0,0,0,0,0,0,-97,0,11,2,480838405,0,83,0,128,0,"[0,0,0,0,0,0,0,0,0,0,0,0,0,12,0,12,0,11,0,8,0,6,0,3,0,1,0,-1,0,-3,0,-5,0,-8,1,-9,1,-10,1,-10,1,-10,2,-11,2,-10,1,-10,2,-9,1,-8,0,-6,0,-5,0,-2,-1,0,-2,2,-3,5,0,0,-5,9,-7,10,-8,12,-8,12,-8,11,-8,11,-7,10,-6,8,-5,7,-3,5,-2,4,-1,2,0,1,2,0,4,-1,5,-2,8,-3,9,-3,10,-4,11,-4,12,-5,12,-5,12,-5,10,-4,9,-3,7,-2,0,0,0,0,0,0,0,0,0,0]"
CSI_DATA,36666,80:af:ca:27:52:2a,-55,11,1,1,1,1,1,0,0,0,0,-97,0,11,2,480848220,0,83,1,128,0,"[0,0,0,0,0,0,0,0,0,0,0,0,-3,0,-5,0,-7,-1,-8,-1,-9,-2,-10,-2,-11,-2,-10,-3,-10,-3,-9,-3,-8,-3,-7,-2,-5,-2,-3,-1,-2,0,0,0,1,1,2,2,4,3,5,4,7,4,7,5,7,5,7,5,7,5,7,5,0,0,5,4,4,3,2,1,2,0,0,-1,0,-2,-1,-4,-2,-5,-2,-7,-2,-7,-3,-8,-3,-9,-2,-9,-2,-8,-2,-8,-2,-7,-2,-6,-2,-4,-2,-3,-1,-2,-1,-1,-2,0,-2,1,-2,2,-2,3,-2,4,0,0,0,0,0,0,0,0,0,0]"
CSI_DATA,36667,80:af:ca:27:52:2a,-54,11,0,0,0,0,0,0,0,0,0,-97,0,11,2,480861116,0,83,0,128,0,"[0,0,0,0,0,0,0,0,0,0,0,0,7,-14,8,-14,8,-13,6,-10,5,-7,3,-5,1,-3,-1,-1,-3,1,-5,3,-7,4,-9,5,-10,5,-10,5,-10,5,-13,6,-11,5,-10,5,-10,4,-9,4,-7,3,-6,3,-3,2,0,1,3,1,6,0,0,0,11,0,14,0,16,0,16,1,16,1,15,1,14,1,11,1,9,1,7,0,6,0,3,-1,1,-2,0,-3,-2,-5,-4,-6,-6,-8,-6,-9,-7,-10,-7,-11,-8,-13,-8,-13,-7,-13,-7,-11,-6,-9,-5,-8,0,0,0,0,0,0,0,0,0,0]"
CSI_DATA,36668,80:af:ca:27:52:2a,-54,11,1,1,1,1,1,0,0,0,0,-97,0,11,2,480878782,0,83,1,128,0,"[0,0,0,0,0,0,0,0,0,0,0,0,6,-8,6,-8,5,-6,5,-5,4,-4,2,-2,0,-1,-1,0,-2,0,-4,1,-6,2,-8,2,-9,2,-9,2,-10,2,-10,2,-10,2,-9,1,-8,1,-7,1,-5,1,-4,0,-1,1,0,1,1,1,2,1,0,0,6,2,6,2,8,3,8,3,8,4,8,4,7,4,6,3,5,2,4,2,3,1,2,0,1,0,0,-2,0,-3,0,-4,-1,-5,-1,-6,-1,-6,-1,-6,-1,-7,0,-7,0,-6,0,-6,0,-5,0,-5,0,0,0,0,0,0,0,0,0,0]"
CSI_DATA,36669,80:af:ca:27:52:2a,-54,11,1,1,1,1,1,0,0,0,0,-97,0,11,2,480885716,0,83,1,128,0,"[0,0,0,0,0,0,0,0,0,0,0,0,5,-7,4,-7,4,-6,4,-5,3,-3,2,-2,0,-3,0,0,-3,0,0,2,-1,3,-2,4,-3,4,-3,4,-4,4,-6,7,-6,7,-5,4,-4,4,-4,5,-3,3,-2,3,-1,1,0,0,1,-1,2,-2,0,0,3,-3,5,-4,5,-5,5,-5,5,-5,5,-6,5,-5,3,-5,5,-5,2,-3,1,-2,0,-1,0,0,0,0,-3,-1,-4,0,-3,0,-4,0,-5,2,-6,1,-5,1,-6,2,-4,1,-4,0,-4,0,-4,0,0,0,0,0,0,0,0,0,0,0]"
CSI_DATA,36670,80:af:ca:27:52:2a,-54,11,1,1,1,1,1,0,0,0,0,-97,0,11,2,480895409,0,83,1,128,0,"[0,0,0,0,0,0,0,0,0,0,0,0,7,0,7,0,6,0,5,0,4,0,3,0,1,0,0,0,0,0,-2,0,-4,0,-4,0,-5,0,-6,0,-7,0,-7,0,-7,0,-7,0,-6,0,-5,0,-4,0,-3,0,-2,0,0,0,0,0,1,0,0,0,4,0,5,0,5,0,6,0,6,0,6,0,6,0,5,0,5,0,4,0,3,0,2,0,0,0,0,0,-1,-1,-2,-1,-3,-2,-3,-2,-4,-2,-4,-2,-4,-3,-4,-3,-4,-3,-4,-3,-3,-2,-3,-2,0,0,0,0,0,0,0,0,0,0]"
CSI_DATA,36671,80:af:ca:27:52:2a,-55,11,1,1,1,1,1,0,0,0,0,-97,0,11,2,480905641,0,83,1,128,0,"[0,0,0,0,0,0,0,0,0,0,0,0,0,-2,1,-3,4,-4,5,-5,6,-6,8,-7,8,-7,8,-7,8,-8,8,-7,7,-7,6,-6,4,-4,4,-4,2,-2,0,0,0,0,-1,2,-2,4,-3,5,-4,7,-4,8,-4,8,-4,8,-4,9,-4,9,0,0,-4,8,-3,6,-2,4,-1,3,0,0,0,0,0,-2,0,-4,1,-6,1,-7,2,-8,2,-9,2,-9,2,-9,2,-9,2,-8,1,-8,0,-6,0,-4,0,-4,0,-2,0,0,-1,0,-1,2,-2,3,-2,4,0,0,0,0,0,0,0,0,0,0]"
CSI_DATA,36672,80:af:ca:27:52:2a,-54,11,1,1,1,1,1,0,0,0,0,-97,0,11,2,480913081,0,83,1,128,0,"[0,0,0,0,0,0,0,0,0,0,0,0,-8,-3,-8,-3,-7,-2,-6,-2,-5,-2,-4,-1,-3,-1,-1,-1,0,-1,1,-1,3,-1,4,-1,5,-1,6,-2,6,-2,7,-2,7,-3,6,-3,6,-3,5,-2,4,-2,3,-1,2,-1,1,0,0,0,0,1,0,0,-3,3,-3,4,-3,5,-4,5,-4,6,-4,6,-4,6,-3,5,-3,5,-2,4,-2,3,-1,2,0,0,0,0,0,-1,0,-2,0,-3,0,-4,0,-4,0,-5,0,-5,0,-5,0,-5,0,-5,0,-4,0,-3,0,0,0,0,0,0,0,0,0,0]"
CSI_DATA,36673,80:af:ca:27:52:2a,-53,11,1,1,1,1,1,0,0,0,0,-97,0,11,2,480921265,0,83,1,128,0,"[0,0,0,0,0,0,0,0,0,0,0,0,3,8,3,7,2,7,2,6,2,5,1,4,0,2,0,1,-2,0,-3,0,-4,0,-5,-1,-6,-1,-7,-1,-8,-1,-8,-1,-8,-1,-8,0,-7,0,-6,0,-5,0,-4,0,-3,0,-1,-1,0,-1,1,-2,0,0,3,-4,3,-4,4,-5,4,-5,4,-6,4,-6,4,-6,3,-5,3,-5,2,-4,1,-3,1,-2,0,-1,0,0,0,1,0,2,0,3,0,4,0,4,0,4,0,5,0,4,0,4,0,4,0,3,0,3,0,0,0,0,0,0,0,0,0,0]"
CSI_DATA,36674,80:af:ca:27:52:2a,-54,11,1,1,1,1,1,0,0,0,0,-97,0,11,2,480943210,0,83,1,128,0,"[0,0,0,0,0,0,0,0,0,0,0,0,10,-3,9,-3,8,-2,6,-2,5,-1,3,0,1,0,0,1,-1,3,-2,4,-4,6,-4,6,-5,7,-5,8,-5,8,-5,8,-4,8,-4,8,-3,7,-3,6,-2,4,-2,2,-1,1,-1,0,-1,-2,-1,-4,0,0,-2,-7,-2,-8,-2,-9,-2,-9,-2,-10,-2,-9,-2,-8,-2,-7,-2,-6,-2,-4,-1,-3,0,-2,0,0,0,0,1,2,2,3,3,4,3,4,4,4,4,4,4,4,4,4,4,4,3,3,2,2,2,2,0,0,0,0,0,0,0,0,0,0]"
CSI_DATA,36675,80:af:ca:27:52:2a,-54,11,0,0,0,0,0,0,0,0,0,-97,0,11,2,480953478,0,83,0,128,0,"[0,0,0,0,0,0,0,0,0,0,0,0,-10,-12,-10,-12,-9,-12,-7,-9,-6,-7,-3,-5,0,-3,1,-1,4,0,6,0,8,0,10,1,11,1,12,1,12,0,13,0,12,0,11,0,11,0,9,0,7,0,5,0,2,0,0,1,-3,2,-6,4,0,0,-12,6,-13,7,-15,9,-15,9,-14,8,-13,9,-12,8,-10,6,-8,6,-6,4,-4,2,-2,0,0,0,0,-3,2,-5,4,-6,5,-9,6,-10,6,-12,7,-12,6,-13,6,-12,6,-12,5,-11,3,-9,2,-7,0,0,0,0,0,0,0,0,0,0]"
CSI_DATA,36676,80:af:ca:27:52:2a,-54,11,0,0,0,0,0,0,0,0,0,-97,0,11,2,480964768,0,83,0,128,0,"[0,0,0,0,0,0,0,0,0,0,0,0,-14,4,-14,4,-13,3,-10,3,-8,1,-6,0,-4,0,-1,-2,0,-4,1,-6,2,-8,3,-9,3,-10,4,-11,2,-11,3,-13,3,-12,1,-11,2,-11,1,-9,0,-8,0,-6,1,-3,2,0,3,2,4,5,0,0,6,10,7,13,8,14,8,14,8,14,8,12,8,11,6,8,5,7,3,5,2,3,0,1,-1,0,-3,-1,-5,-2,-8,-3,-9,-5,-11,-6,-12,-6,-13,-6,-14,-6,-14,-5,-13,-5,-12,-4,-10,-3,-8,-2,0,0,0,0,0,0,0,0,0,0]"
CSI_DATA,36677,80:af:ca:27:52:2a,-55,11,1,1,1,1,1,0,0,0,0,-97,0,11,2,480974129,0,83,1,128,0,"[0,0,0,0,0,0,0,0,0,0,0,0,3,-2,5,-1,6,-1,9,-1,10,-1,10,-1,11,-2,11,-2,11,-3,10,-3,9,-3,7,-2,6,-1,4,0,2,0,0,0,-1,2,-3,3,-4,4,-5,6,-6,6,-6,8,-6,8,-6,8,-6,9,-6,8,0,0,-4,6,-3,5,-3,3,-2,1,-1,0,0,-2,0,-4,0,-6,0,-7,0,-9,0,-10,0,-10,0,-10,0,-10,0,-9,0,-8,0,-6,0,-5,0,-3,0,-2,0,0,0,0,0,2,0,3,0,4,0,5,0,0,0,0,0,0,0,0,0,0]"
CSI_DATA,36678,80:af:ca:27:52:2a,-54,11,0,0,0,0,0,0,0,0,0,-97,0,11,2,480984860,0,83,0,128,0,"[0,0,0,0,0,0,0,0,0,0,0,0,-14,2,-15,1,-14,1,-11,1,-8,0,-6,0,-3,0,0,-2,1,-3,4,-4,5,-6,7,-7,8,-8,8,-8,8,-8,8,-10,8,-9,7,-9,7,-8,5,-8,4,-6,4,-4,2,-2,0,0,0,4,0,6,0,0,-2,12,-3,14,-3,16,-3,17,-3,15,-2,14,-2,13,-1,11,-1,8,0,6,-1,4,0,1,0,0,0,-3,-1,-5,-1,-8,-2,-10,-1,-12,-2,-13,-2,-13,-3,-14,-3,-13,-3,-13,-3,-11,-3,-9,-2,-6,0,0,0,0,0,0,0,0,0,0]"
CSI_DATA,36679,80:af:ca:27:52:2a,-55,11,1,1,1,1,1,0,0,0,0,-97,0,11,2,481042424,0,83,1,128,0,"[0,0,0,0,0,0,0,0,0,0,0,0,6,2,6,2,5,2,4,2,3,1,2,1,0,0,0,0,-1,0,-2,-1,-4,-2,-5,-2,-5,-2,-6,-3,-6,-3,-6,-3,-6,-3,-6,-2,-5,-2,-5,-2,-4,-2,-2,-1,-1,0,0,0,0,0,2,0,0,0,3,2,4,2,5,2,5,2,5,3,5,3,5,2,4,2,4,2,3,1,2,1,1,0,0,0,0,-1,-1,-1,-2,-2,-2,-2,-2,-3,-3,-3,-3,-3,-3,-4,-3,-4,-3,-3,-2,-3,-2,-3,-2,-2,0,0,0,0,0,0,0,0,0,0]"
CSI_DATA,36680,80:af:ca:27:52:2a,-55,11,1,1,1,1,1,0,0,0,0,-97,0,11,2,481050847,0,83,1,128,0,"[0,0,0,0,0,0,0,0,0,0,0,0,-2,1,-4,2,-5,3,-8,4,-8,5,-9,5,-10,5,-10,5,-10,5,-9,5,-8,4,-7,3,-5,2,-4,2,-2,0,0,0,1,-1,2,-2,4,-3,5,-4,7,-5,8,-5,8,-5,8,-5,8,-5,8,-5,0,0,6,-4,5,-3,3,-2,1,-1,0,0,-1,0,-3,0,-5,1,-6,2,-7,2,-8,2,-8,2,-8,2,-8,2,-8,2,-7,2,-5,2,-5,1,-3,1,-2,0,0,0,0,0,1,0,2,0,3,0,4,0,0,0,0,0,0,0,0,0,0,0]"
CSI_DATA,36681,80:af:ca:27:52:2a,-54,11,1,1,1,1,1,0,0,0,0,-97,0,11,2,481057313,0,83,1,128,0,"[0,0,0,0,0,0,0,0,0,0,0,0,-3,7,-3,7,-3,6,-2,5,-2,4,-1,2,-1,1,0,0,0,-1,0,-2,1,-4,1,-5,1,-6,2,-7,2,-7,2,-8,2,-8,1,-7,1,-7,1,-6,1,-4,0,-3,0,-2,0,0,0,0,0,1,0,0,-1,4,-1,5,-1,6,-2,6,-2,7,-2,6,-2,6,-1,5,-1,5,-1,4,-1,2,0,1,0,0,0,0,0,-1,0,-2,1,-3,1,-4,1,-4,1,-4,1,-5,1,-4,1,-4,1,-4,1,-3,1,-3,0,0,0,0,0,0,0,0,0,0]"
CSI_DATA,36682,80:af:ca:27:52:2a,-54,11,1,1,1,1,1,0,0,0,0,-97,0,11,2,481079325,0,83,1,128,0,"[0,0,0,0,0,0,0,0,0,0,0,0,0,3,0,6,-1,7,-2,9,-2,10,-2,11,-2,12,-2,11,-2,11,-1,10,-1,9,-1,7,-1,6,-1,3,-1,1,-2,0,-2,-2,-3,-4,-3,-6,-4,-7,-5,-9,-6,-10,-6,-10,-6,-10,-6,-10,-6,-9,0,0,-5,-6,-3,-5,-3,-3,-1,-2,0,0,1,0,3,1,4,3,6,3,6,3,7,3,8,4,8,4,7,3,7,3,6,3,5,1,3,1,2,0,1,0,0,0,-1,0,-3,-1,-3,-1,-5,-1,-5,-1,0,0,0,0,0,0,0,0,0,0]"
CSI_DATA,36683,80:af:ca:27:52:2a,-54,11,1,1,1,1,1,0,0,0,0,-97,0,11,2,481089263,0,83,1,128,0,"[0,0,0,0,0,0,0,0,0,0,0,0,-9,2,-8,2,-7,1,-7,1,-5,0,-3,0,-2,-1,0,-2,0,-3,1,-4,2,-5,4,-7,4,-7,4,-8,4,-8,4,-8,4,-8,4,-8,3,-7,2,-5,2,-4,1,-2,1,-1,0,0,0,2,0,4,0,0,0,7,0,8,0,8,0,8,0,9,0,8,0,8,0,7,0,5,0,4,0,2,0,1,0,0,-1,-1,-1,-3,-2,-4,-2,-5,-2,-5,-3,-6,-3,-5,-3,-5,-3,-5,-3,-5,-2,-4,-2,-4,-2,-2,0,0,0,0,0,0,0,0,0,0]"
CSI_DATA,36684,80:af:ca:27:52:2a,-55,11,0,0,0,0,0,0,0,0,0,-97,0,11,2,481101665,0,83,0,128,0,"[0,0,0,0,0,0,0,0,0,0,0,0,-7,-10,-7,-11,-6,-10,-4,-8,-2,-6,0,-4,0,-1,2,0,4,0,5,2,7,3,8,4,8,5,9,5,9,4,10,5,9,5,8,4,7,4,6,3,4,2,2,1,0,0,-2,0,-5,0,-8,-2,0,0,-12,-3,-14,-3,-16,-3,-16,-3,-15,-3,-14,-2,-12,-2,-11,-1,-9,-1,-6,0,-4,0,-1,0,0,0,2,0,4,0,7,0,10,1,11,1,11,1,12,1,13,1,13,1,12,0,11,0,10,0,7,0,0,0,0,0,0,0,0,0,0,0]"
CSI_DATA,36685,80:af:ca:27:52:2a,-54,11,1,1,1,1,1,0,0,0,0,-97,0,11,2,481110253,0,83,1,128,0,"[0,0,0,0,0,0,0,0,0,0,0,0,4,-7,3,-7,3,-6,3,-5,2,-3,1,-2,0,0,0,1,-1,2,-1,3,-2,5,-2,6,-3,7,-3,7,-3,8,-3,8,-3,7,-2,7,-2,6,-2,5,-1,3,-1,2,0,1,0,0,0,-2,0,-3,0,0,1,-6,1,-7,1,-8,1,-8,1,-8,1,-8,1,-8,1,-7,0,-6,0,-5,0,-3,0,-1,0,0,-1,1,-1,2,-1,3,-1,4,-1,5,-2,5,-2,6,-2,6,-2,5,-1,5,-1,5,-1,4,-1,3,0,0,0,0,0,0,0,0,0,0]"
CSI_DATA,36686,80:af:ca:27:52:2a,-53,11,1,1,1,1,1,0,0,0,0,-97,0,11,2,481118949,0,83,1,128,0,"[0,0,0,0,0,0,0,0,0,0,0,0,-5,7,-4,7,-4,6,-4,5,-3,3,-2,1,-1,0,0,-1,0,-3,0,-4,1,-6,1,-7,1,-9,1,-9,1,-9,1,-10,1,-9,0,-9,0,-7,0,-6,0,-5,0,-3,0,-1,0,0,0,1,0,3,0,0,1,6,1,7,1,7,1,8,1,8,1,8,1,7,1,6,1,5,0,4,0,2,0,1,0,0,0,-1,-1,-3,-1,-4,-2,-4,-2,-5,-2,-6,-2,-6,-3,-6,-3,-6,-2,-5,-2,-4,-1,-4,-1,-3,0,0,0,0,0,0,0,0,0,0]"
CSI_DATA,36687,80:af:ca:27:52:2a,-53,11,1,1,1,1,1,0,0,0,0,-97,0,11,2,481125871,0,83,1,128,0,"[0,0,0,0,0,0,0,0,0,0,0,0,-3,9,-2,8,-2,7,-2,6,-1,4,-1,2,-1,0,-1,-1,0,-3,0,-5,0,-6,0,-8,0,-9,-1,-10,-1,-10,-1,-10,-1,-10,-1,-9,-1,-8,-1,-6,-1,-5,0,-3,0,-1,0,0,0,1,1,3,0,0,2,6,3,7,3,8,3,8,3,8,3,8,3,7,2,6,2,5,1,4,1,2,0,1,0,0,-1,-1,-1,-3,-1,-4,-3,-5,-3,-6,-3,-6,-3,-6,-3,-6,-3,-6,-3,-6,-3,-5,-2,-5,-1,-3,0,0,0,0,0,0,0,0,0,0]"
CSI_DATA,36688,80:af:ca:27:52:2a,-53,11,1,1,1,1,1,0,0,0,0,-97,0,11,2,481149068,0,83,1,128,0,"[0,0,0,0,0,0,0,0,0,0,0,0,-3,-3,-4,-5,-5,-7,-6,-10,-6,-10,-7,-11,-7,-11,-7,-11,-7,-11,-6,-10,-5,-9,-5,-8,-4,-5,-2,-4,0,-1,0,0,2,1,3,3,5,5,6,6,7,7,8,8,8,9,8,9,8,9,7,7,0,0,5,5,4,4,2,2,0,0,0,0,-2,-2,-4,-4,-5,-5,-6,-6,-7,-7,-8,-8,-8,-8,-8,-8,-7,-8,-7,-7,-6,-6,-5,-5,-4,-4,-2,-2,-1,-1,0,0,0,1,1,2,1,3,2,5,3,5,0,0,0,0,0,0,0,0,0,0]"
CSI_DATA,36689,80:af:ca:27:52:2a,-54,11,0,0,0,0,0,0,0,0,0,-97,0,11,2,481160445,0,83,0,128,0,"[0,0,0,0,0,0,0,0,0,0,0,0,1,4,0,8,-1,11,0,13,-1,16,-1,16,-1,16,-1,16,-1,15,-1,12,-1,11,-1,9,-1,5,-1,3,-1,1,-1,-2,-2,-4,-2,-6,-2,-9,-3,-11,-3,-13,-4,-16,-4,-16,-5,-18,-5,-18,-5,-17,0,0,-4,-12,-3,-10,-2,-6,-1,-3,0,1,1,3,2,6,2,8,3,10,3,11,3,12,3,11,3,12,3,12,3,11,3,10,3,9,2,6,2,4,1,1,0,-1,0,-4,-1,-6,-1,-9,-2,-11,-2,-11,0,0,0,0,0,0,0,0,0,0]"
CSI_DATA,36690,80:af:ca:27:52:2a,-54,11,0,0,0,0,0,0,0,0,0,-97,0,11,2,481168252,0,83,0,128,0,"[0,0,0,0,0,0,0,0,0,0,0,0,-4,3,-7,4,-11,5,-12,6,-14,6,-14,6,-15,5,-14,5,-13,5,-12,4,-10,4,-8,3,-6,1,-4,0,-1,-1,0,-2,2,-3,4,-4,6,-5,8,-6,10,-7,12,-8,12,-10,14,-10,13,-11,12,-10,0,0,8,-7,6,-5,4,-4,1,-2,-2,0,-4,2,-6,3,-7,3,-10,5,-11,5,-12,6,-12,5,-12,5,-12,6,-11,5,-10,5,-8,5,-6,4,-4,3,-2,2,0,1,3,0,5,-1,7,-2,10,-2,10,-2,0,0,0,0,0,0,0,0,0,0]"
CSI_DATA,36691,80:af:ca:27:52:2a,-54,11,1,1,1,1,1,0,0,0,0,-97,0,11,2,481176733,0,83,1,128,0,"[0,0,0,0,0,0,0,0,0,0,0,0,-8,-4,-7,-4,-6,-3,-5,-3,-4,-2,-2,-2,-1,-1,0,0,2,0,3,1,4,1,6,2,7,2,7,2,7,2,8,3,7,2,7,2,6,2,5,1,3,1,2,1,1,0,0,0,-2,0,-3,-1,0,0,-6,-2,-7,-2,-7,-2,-8,-2,-8,-2,-8,-2,-7,-2,-6,-2,-5,-2,-4,-1,-3,-1,-1,0,0,0,0,0,2,1,3,1,3,1,4,2,4,2,4,2,4,2,4,2,4,2,3,1,3,1,2,1,0,0,0,0,0,0,0,0,0,0]"
CSI_DATA,36692,80:af:ca:27:52:2a,-54,11,1,1,1,1,1,0,0,0,0,-97,0,11,2,481185089,0,83,1,128,0,"[0,0,0,0,0,0,0,0,0,0,0,0,6,6,6,6,5,5,4,4,3,3,1,2,0,1,-1,0,-3,-1,-4,-2,-5,-3,-6,-4,-7,-4,-7,-5,-8,-4,-9,-5,-8,-4,-7,-4,-6,-4,-6,-3,-4,-2,-3,-1,-1,-1,0,0,1,0,3,0,0,0,6,1,7,2,7,2,7,2,7,3,7,2,6,2,6,1,4,1,3,1,2,0,0,0,0,0,-1,-1,-3,-1,-4,-1,-4,-2,-5,-2,-6,-2,-6,-2,-6,-2,-5,-2,-5,-1,-4,-1,-3,-1,-3,-1,0,0,0,0,0,0,0,0,0,0]"
CSI_DATA,36693,80:af:ca:27:52:2a,-54,11,1,1,1,1,1,0,0,0,0,-97,0,11,2,481192534,0,83,1,128,0,"[0,0,0,0,0,0,0,0,0,0,0,0,-3,11,-3,9,-3,8,-2,6,-2,4,-1,3,-1,0,0,-1,0,-3,0,-5,0,-7,1,-9,1,-10,1,-11,1,-11,1,-11,1,-11,0,-10,0,-9,0,-7,0,-5,0,-3,0,-1,0,0,0,2,0,4,0,0,0,7,0,8,0,9,0,9,0,10,-1,9,0,8,0,7,0,6,0,4,0,3,0,1,0,0,0,-2,0,-3,1,-4,1,-6,1,-6,1,-7,1,-7,1,-7,1,-7,1,-6,0,-5,0,-4,0,-3,0,0,0,0,0,0,0,0,0,0]"
CSI_DATA,36694,80:af:ca:27:52:2a,-55,11,0,0,0,0,0,0,0,0,0,-97,0,11,2,481205530,0,83,0,128,0,"[0,0,0,0,0,0,0,0,0,0,0,0,-3,-4,-5,-8,-6,-10,-7,-11,-7,-13,-7,-13,-7,-14,-7,-13,-6,-12,-5,-11,-5,-10,-4,-8,-3,-5,-2,-4,-2,-1,-1,1,0,3,1,5,1,7,2,9,2,11,2,13,3,14,3,16,3,16,2,14,0,0,1,11,1,8,1,5,0,2,1,-1,1,-4,1,-6,1,-8,2,-10,2,-11,3,-12,3,-12,3,-12,4,-12,4,-11,3,-10,3,-9,2,-7,1,-5,0,-3,-2,-1,-3,1,-5,2,-7,4,-8,5,-9,5,0,0,0,0,0,0,0,0,0,0]"
CSI_DATA,36695,80:af:ca:27:52:2a,-55,11,1,1,1,1,1,0,0,0,0,-97,0,11,2,481214744,0,83,1,128,0,"[0,0,0,0,0,0,0,0,0,0,0,0,-1,-2,-2,-5,-2,-7,-3,-8,-3,-9,-4,-11,-4,-11,-4,-11,-4,-11,-3,-10,-2,-9,-2,-8,-2,-6,-1,-4,-1,-2,0,0,0,2,0,4,0,5,0,7,0,8,0,9,0,10,0,11,0,10,0,9,0,0,0,7,0,5,0,3,0,1,0,0,0,-2,0,-3,1,-5,1,-7,2,-8,2,-8,2,-9,3,-8,3,-8,2,-8,2,-7,2,-5,1,-5,0,-3,0,-2,0,0,-2,0,-2,0,-3,1,-5,2,-5,2,0,0,0,0,0,0,0,0,0,0]"
CSI_DATA,36696,80:af:ca:27:52:2a,-54,11,0,0,0,0,0,0,0,0,0,-97,0,11,2,481226914,0,83,0,128,0,"[0,0,0,0,0,0,0,0,0,0,0,0,-3,-2,-5,-6,-6,-9,-8,-10,-9,-12,-9,-12,-9,-13,-9,-13,-9,-12,-8,-11,-7,-10,-6,-9,-5,-6,-3,-4,-2,-2,-1,0,1,2,2,4,3,6,5,8,6,9,7,12,8,12,9,15,9,14,8,14,0,0,6,11,5,8,3,5,1,2,0,-1,-1,-4,-2,-6,-3,-8,-3,-10,-4,-11,-4,-13,-4,-13,-4,-13,-3,-14,-3,-13,-3,-12,-3,-11,-2,-9,-2,-6,-2,-4,-2,-1,-2,2,-2,5,-3,7,-3,9,-3,9,0,0,0,0,0,0,0,0,0,0]"
CSI_DATA,36697,80:af:ca:27:52:2a,-55,11,1,1,1,1,1,0,0,0,0,-97,0,11,2,481236283,0,83,1,128,0,"[0,0,0,0,0,0,0,0,0,0,0,0,2,-2,4,-3,5,-4,6,-5,8,-5,8,-5,9,-5,8,-5,8,-4,8,-4,7,-4,6,-3,4,-2,2,-2,0,-1,0,0,-2,0,-4,0,-6,0,-8,0,-8,0,-10,0,-11,0,-11,0,-11,0,-10,0,0,0,-7,0,-6,0,-4,0,-2,0,0,0,1,1,2,2,4,3,4,4,6,4,6,4,6,6,6,6,6,5,5,5,4,4,4,4,2,2,2,2,1,0,0,0,0,-2,0,-2,0,-4,0,-4,0,-5,0,0,0,0,0,0,0,0,0,0]"
CSI_DATA,36698,80:af:ca:27:52:2a,-54,11,1,1,1,1,1,0,0,0,0,-97,0,11,2,481244935,0,83,1,128,0,"[0,0,0,0,0,0,0,0,0,0,0,0,8,2,8,2,6,2,5,2,4,1,2,0,0,0,0,-1,-2,-2,-3,-3,-4,-4,-5,-5,-5,-6,-6,-6,-6,-6,-6,-7,-6,-7,-5,-6,-5,-5,-4,-5,-3,-4,-2,-2,-1,-1,-1,0,0,2,0,3,0,0,0,6,1,6,0,8,0,8,0,8,0,8,0,7,0,6,0,5,0,4,0,2,0,1,1,0,1,-1,2,-2,2,-3,2,-4,3,-4,4,-4,4,-4,4,-4,4,-4,3,-4,3,-3,2,-2,2,-2,0,0,0,0,0,0,0,0,0,0]"
CSI_DATA,36699,80:af:ca:27:52:2a,-54,11,1,1,1,1,1,0,0,0,0,-97,0,11,2,481252007,0,83,1,128,0,"[0,0,0,0,0,0,0,0,0,0,0,0,-4,9,-4,8,-4,7,-3,5,-2,4,-1,3,0,1,1,0,3,-1,4,-2,6,-3,7,-3,8,-4,9,-4,9,-4,9,-3,9,-3,8,-3,7,-3,6,-2,4,-1,3,-1,1,-1,0,-1,-2,-1,-4,-2,0,0,-7,-3,-7,-3,-8,-4,-8,-4,-8,-5,-7,-5,-7,-4,-6,-4,-5,-4,-4,-3,-3,-1,-2,0,-1,0,-1,1,0,3,0,4,0,5,0,6,0,6,0,6,0,6,-1,6,-1,5,-1,4,-1,4,0,3,0,0,0,0,0,0,0,0,0,0]"
CSI_DATA,36700,80:af:ca:27:52:2a,-54,11,1,1,1,1,1,0,0,0,0,-97,0,11,2,481260492,0,83,1,128,0,"[0,0,0,0,0,0,0,0,0,0,0,0,0,-11,1,-10,1,-8,1,-6,0,-5,0,-3,-1,-1,-2,0,-3,1,-5,3,-6,4,-7,5,-8,5,-8,5,-9,5,-9,5,-8,5,-8,4,-7,3,-6,2,-4,1,-3,1,-1,1,0,1,2,1,4,1,0,0,6,3,8,3,8,3,8,4,8,5,8,5,6,4,6,3,5,3,4,2,3,1,2,0,1,-1,1,-3,0,-4,0,-5,0,-6,0,-6,0,-6,1,-6,1,-6,1,-6,1,-6,1,-5,1,-5,0,-4,0,0,0,0,0,0,0,0,0,0]"
CSI_DATA,36701,80:af:ca:27:52:2a,-54,11,1,1,1,1,1,0,0,0,0,-97,0,11,2,481268123,0,83,1,128,0,"[0,0,0,0,0,0,0,0,0,0,0,0,-8,6,-8,5,-6,4,-5,3,-4,2,-2,1,0,0,1,0,4,0,5,0,7,-1,8,-1,9,0,10,0,10,0,10,0,10,0,9,0,8,0,6,0,5,0,3,0,1,-1,0,-2,-2,-2,-4,-4,0,0,-6,-5,-6,-6,-7,-7,-7,-7,-7,-8,-6,-8,-6,-7,-5,-6,-4,-5,-4,-4,-2,-2,-2,-1,-2,0,-1,1,-1,3,-1,4,-1,5,-1,6,-2,6,-2,6,-2,6,-2,6,-2,5,-2,5,-2,4,-1,3,0,0,0,0,0,0,0,0,0,0]"
CSI_DATA,36702,80:af:ca:27:52:2a,-54,11,0,0,0,0,0,0,0,0,0,-97,0,11,2,481288943,0,83,0,128,0,"[0,0,0,0,0,0,0,0,0,0,0,0,11,-8,10,-7,10,-7,8,-5,5,-4,3,-2,0,0,-1,0,-4,1,-7,2,-8,3,-11,4,-11,4,-12,4,-11,4,-13,5,-12,4,-11,4,-10,3,-9,3,-6,3,-5,1,-1,0,1,0,5,0,8,-1,0,0,14,-2,16,-2,18,-2,18,-2,16,-1,16,-1,14,-1,12,0,10,0,7,-1,5,-1,1,-1,0,-2,-4,-3,-6,-4,-8,-4,-11,-5,-12,-7,-13,-7,-14,-8,-14,-8,-14,-8,-13,-8,-11,-7,-10,-5,-6,-4,0,0,0,0,0,0,0,0,0,0]"
CSI_DATA,36703,80:af:ca:27:52:2a,-55,11,0,0,0,0,0,0,0,0,0,-97,0,11,2,481299431,0,83,0,128,0,"[0,0,0,0,0,0,0,0,0,0,0,0,-4,0,-7,0,-9,-1,-10,-1,-11,-2,-12,-2,-12,-3,-11,-3,-10,-3,-9,-3,-8,-2,-7,-2,-5,-2,-2,-1,-1,0,0,0,2,2,3,2,5,4,6,5,8,5,9,7,9,8,10,9,10,9,9,8,0,0,7,6,5,5,3,2,2,0,0,-2,0,-4,0,-6,-1,-8,-2,-9,-2,-10,-1,-11,-1,-11,-1,-11,0,-12,0,-11,0,-10,0,-9,0,-8,-1,-5,-2,-3,-2,0,-3,1,-5,2,-6,4,-7,5,-8,5,0,0,0,0,0,0,0,0,0,0]"
CSI_DATA,36704,80:af:ca:27:52:2a,-56,11,1,1,1,1,1,0,0,0,0,-97,0,11,2,481307617,0,83,1,128,0,"[0,0,0,0,0,0,0,0,0,0,0,0,3,0,4,1,5,2,6,2,7,3,7,3,7,3,7,4,6,4,5,3,5,3,3,2,2,1,1,0,0,0,0,-1,-1,-2,-2,-3,-2,-5,-3,-6,-3,-7,-3,-7,-3,-7,-3,-8,-3,-7,-3,-7,0,0,-2,-5,-1,-3,-1,-2,-1,-1,-1,0,-1,2,-1,3,-2,4,-2,5,-2,6,-3,6,-3,6,-3,6,-3,6,-3,5,-2,4,-2,3,-1,2,0,2,0,1,1,0,1,0,2,0,3,0,3,0,4,0,0,0,0,0,0,0,0,0,0,0]"
CSI_DATA,36705,80:af:ca:27:52:2a,-55,11,0,0,0,0,0,0,0,0,0,-97,0,11,2,481318446,0,83,0,128,0,"[0,0,0,0,0,0,0,0,0,0,0,0,-1,-5,-2,-7,-2,-10,-3,-12,-2,-12,-1,-13,-1,-13,0,-12,0,-12,0,-11,0,-9,0,-7,0,-5,0,-3,-1,-1,-2,0,-3,1,-5,3,-6,4,-7,5,-8,6,-10,6,-11,7,-12,7,-12,7,-12,6,0,0,-8,4,-6,3,-4,3,-1,2,0,2,3,2,5,3,6,3,7,4,7,5,8,6,7,6,7,6,7,6,6,6,6,5,6,4,5,3,4,1,3,0,3,-1,3,-3,3,-5,3,-6,3,-7,4,-7,0,0,0,0,0,0,0,0,0,0]"
CSI_DATA,36706,80:af:ca:27:52:2a,-55,11,0,0,0,0,0,0,0,0,0,-97,0,11,2,481328990,0,83,0,128,0,"[0,0,0,0,0,0,0,0,0,0,0,0,4,2,6,5,7,8,8,8,8,10,7,10,6,11,5,10,4,9,3,8,2,7,1,5,1,3,0,1,0,0,1,-2,1,-4,2,-6,3,-8,4,-8,5,-10,7,-11,7,-11,8,-12,8,-12,8,-10,0,0,5,-8,3,-6,1,-5,0,-4,-2,-3,-5,-3,-7,-3,-8,-3,-9,-4,-9,-3,-11,-4,-10,-5,-10,-5,-10,-6,-9,-5,-8,-5,-8,-4,-8,-3,-6,-2,-5,0,-4,1,-4,3,-4,5,-4,6,-4,8,-4,8,0,0,0,0,0,0,0,0,0,0]"
CSI_DATA,36707,80:af:ca:27:52:2a,-56,11,1,1,1,1,1,0,0,0,0,-97,0,11,2,481337357,0,83,1,128,0,"[0,0,0,0,0,0,0,0,0,0,0,0,2,-2,3,-3,5,-3,6,-3,7,-4,7,-3,7,-3,7,-3,7,-2,6,-2,5,-2,4,-1,3,-1,1,-1,0,-1,-1,-2,-2,-2,-3,-3,-4,-3,-5,-4,-5,-4,-6,-5,-6,-6,-5,-6,-5,-6,-4,-5,0,0,-3,-4,-3,-3,-2,-2,-2,-1,-2,0,-2,1,-2,2,-2,3,-3,4,-3,5,-4,5,-4,5,-4,4,-4,4,-4,4,-3,3,-3,3,-2,2,-2,2,-1,2,0,1,0,1,1,1,2,1,2,2,2,2,0,0,0,0,0,0,0,0,0,0]"
CSI_DATA,36708,80:af:ca:27:52:2a,-56,11,1,1,1,1,1,0,0,0,0,-97,0,11,2,481345541,0,83,1,128,0,"[0,0,0,0,0,0,0,0,0,0,0,0,0,-7,1,-6,1,-5,0,-5,0,-3,0,-2,0,-1,-1,0,-2,0,-2,1,-3,2,-4,2,-5,2,-5,3,-5,3,-6,3,-6,2,-5,2,-5,2,-4,2,-3,1,-2,1,-1,1,0,1,0,0,2,1,0,0,4,1,5,2,5,2,5,2,5,3,5,3,5,3,4,2,4,2,3,2,2,1,1,0,1,0,0,-1,0,-2,0,-3,0,-4,0,-4,0,-5,0,-5,0,-5,1,-5,1,-5,1,-4,1,-4,0,-3,0,0,0,0,0,0,0,0,0,0]"
CSI_DATA,36709,80:af:ca:27:52:2a,-55,11,1,1,1,1,1,0,0,0,0,-97,0,11,2,481354944,0,83,1,128,0,"[0,0,0,0,0,0,0,0,0,0,0,0,2,-7,2,-6,2,-5,1,-4,1,-3,0,-2,0,-1,0,0,-1,0,-2,1,-2,2,-3,3,-4,4,-4,4,-5,4,-5,5,-5,4,-5,4,-4,3,-4,3,-3,2,-2,2,-1,1,0,0,0,0,2,0,0,0,4,-1,5,-1,5,-2,6,-2,6,-1,6,-1,6,-1,5,-1,5,-1,4,0,2,0,1,0,0,0,0,-1,-1,-1,-2,-1,-3,-2,-4,-2,-4,-2,-4,-2,-4,-3,-4,-3,-4,-3,-3,-2,-3,-2,-2,-2,0,0,0,0,0,0,0,0,0,0]"
CSI_DATA,36710,80:af:ca:27:52:2a,-56,11,1,1,1,1,1,0,0,0,0,-97,0,11,2,481362150,0,83,1,128,0,"[0,0,0,0,0,0,0,0,0,0,0,0,-2,0,-4,0,-5,0,-7,0,-8,0,-9,0,-10,0,-9,0,-9,-1,-9,-1,-8,-1,-6,-1,-5,0,-4,0,-3,0,-1,0,0,1,1,2,3,3,3,4,5,5,5,5,5,6,5,6,5,6,5,6,0,0,3,5,3,4,2,3,1,1,1,0,1,-1,1,-3,1,-4,1,-5,1,-6,1,-7,2,-8,3,-8,3,-7,3,-7,3,-6,3,-5,2,-5,1,-3,0,-3,0,-1,-1,-1,-1,-1,-3,0,-4,0,-5,-1,0,0,0,0,0,0,0,0,0,0]"
CSI_DATA,36711,80:af:ca:27:52:2a,-55,11,1,1,1,1,1,0,0,0,0,-97,0,11,2,481370595,0,83,1,128,0,"[0,0,0,0,0,0,0,0,0,0,0,0,-3,-5,-3,-5,-3,-5,-2,-4,-1,-3,-1,-2,-1,-1,0,0,0,0,0,1,1,2,1,3,2,4,2,4,2,5,3,5,3,5,3,5,2,4,2,3,1,3,1,2,0,1,0,0,0,0,0,-1,0,0,-1,-3,-2,-4,-2,-4,-3,-5,-3,-5,-2,-5,-2,-5,-2,-5,-2,-4,-1,-3,-1,-2,-1,-1,0,0,0,0,0,1,0,1,0,2,0,3,0,3,0,3,0,4,0,3,0,3,0,3,0,3,0,2,0,0,0,0,0,0,0,0,0,0]"
CSI_DATA,36712,80:af:ca:27:52:2a,-54,11,0,0,0,0,0,0,0,0,0,-97,0,11,2,481383856,0,83,0,128,0,"[0,0,0,0,0,0,0,0,0,0,0,0,-11,8,-13,7,-12,7,-9,6,-8,4,-6,2,-3,1,0,0,1,0,4,-1,6,-2,8,-3,8,-3,9,-4,9,-4,11,-4,10,-3,10,-4,10,-3,8,-3,7,-3,5,-2,3,-2,0,-1,-2,0,-5,0,0,0,-11,0,-13,0,-16,0,-16,0,-16,0,-15,-1,-14,-1,-12,-1,-10,-1,-8,0,-7,0,-4,0,-2,0,0,1,1,2,4,3,6,4,7,6,8,7,9,8,9,8,9,8,9,8,8,8,7,6,5,5,0,0,0,0,0,0,0,0,0,0]"
CSI_DATA,36713,80:af:ca:27:52:2a,-54,11,1,1,1,1,1,0,0,0,0,-97,0,11,2,481392106,0,83,1,128,0,"[0,0,0,0,0,0,0,0,0,0,0,0,2,1,4,2,5,3,6,5,7,5,8,6,8,6,8,7,7,7,6,6,5,5,5,5,3,3,2,2,0,0,0,0,0,-2,-2,-4,-2,-5,-3,-7,-4,-8,-5,-8,-5,-9,-4,-10,-4,-10,-4,-9,0,0,-3,-7,-2,-5,-2,-4,-2,-2,-1,0,-1,1,-1,2,-1,5,-1,6,-1,7,-1,8,-2,8,-2,8,-2,8,-2,8,-2,7,-2,5,-1,5,-1,3,0,2,0,1,0,0,1,0,2,-1,3,-2,4,-2,0,0,0,0,0,0,0,0,0,0]"
CSI_DATA,36714,80:af:ca:27:52:2a,-54,11,1,1,1,1,1,0,0,0,0,-97,0,11,2,481402669,0,83,1,128,0,"[0,0,0,0,0,0,0,0,0,0,0,0,-8,-4,-8,-4,-7,-3,-6,-3,-4,-2,-3,-1,-1,-1,0,0,1,0,2,1,4,2,5,3,6,4,6,4,7,4,7,4,7,4,6,4,6,4,4,3,3,2,2,1,1,0,0,0,-1,-1,-2,-2,0,0,-4,-4,-4,-5,-6,-6,-6,-6,-6,-7,-6,-7,-5,-6,-4,-6,-4,-5,-3,-4,-2,-3,-2,-1,-1,0,0,1,0,2,0,3,0,4,1,4,1,5,1,6,1,6,0,6,0,5,0,4,0,4,0,3,0,0,0,0,0,0,0,0,0,0]"
CSI_DATA,36715,80:af:ca:27:52:2a,-54,11,1,1,1,1,1,0,0,0,0,-97,0,11,2,481410564,0,83,1,128,0,"[0,0,0,0,0,0,0,0,0,0,0,0,5,6,5,6,4,5,4,4,3,3,2,2,1,1,0,0,-1,-1,-2,-2,-4,-3,-5,-4,-5,-4,-6,-5,-6,-5,-6,-5,-6,-5,-6,-5,-6,-4,-5,-4,-4,-3,-3,-2,-1,-1,0,0,1,0,2,1,0,0,4,3,5,3,6,4,6,4,6,4,6,4,6,4,5,3,4,3,3,2,3,1,1,1,0,0,0,-1,-1,-2,-2,-2,-3,-3,-4,-4,-4,-4,-4,-4,-4,-4,-4,-4,-4,-4,-4,-4,-3,-3,-2,-3,0,0,0,0,0,0,0,0,0,0]"
CSI_DATA,36716,80:af:ca:27:52:2a,-54,11,0,0,0,0,0,0,0,0,0,-97,0,11,2,481418425,0,83,0,128,0,"[0,0,0,0,0,0,0,0,0,0,0,0,-3,-2,-4,-5,-5,-8,-7,-10,-8,-13,-8,-13,-8,-14,-8,-14,-8,-13,-7,-12,-7,-11,-6,-10,-4,-6,-3,-5,-2,-3,0,-1,1,0,3,2,4,4,6,5,8,6,11,8,12,10,13,12,14,11,13,11,0,0,11,7,8,6,5,4,3,2,0,0,-2,-2,-4,-3,-6,-5,-8,-6,-10,-7,-11,-7,-11,-8,-12,-8,-12,-8,-12,-8,-11,-7,-11,-7,-8,-6,-6,-4,-4,-3,-2,-1,0,1,2,3,4,4,5,6,6,7,0,0,0,0,0,0,0,0,0,0]"
CSI_DATA,36717,80:af:ca:27:52:2a,-54,11,1,1,1,1,1,0,0,0,0,-97,0,11,2,481426023,0,83,1,128,0,"[0,0,0,0,0,0,0,0,0,0,0,0,1,-1,4,0,6,0,8,0,10,0,11,0,12,0,12,0,12,0,11,0,10,0,8,0,6,0,4,0,2,0,0,0,-2,0,-4,0,-6,0,-8,0,-9,0,-11,0,-12,0,-12,0,-12,0,-11,1,0,0,-9,0,-7,0,-5,0,-3,0,0,0,0,0,3,0,5,0,6,0,7,-1,9,-1,9,-1,9,-1,9,-1,9,-1,8,-1,6,-1,6,-1,4,0,2,0,0,0,0,0,-2,0,-3,-1,-5,-1,-6,-1,0,0,0,0,0,0,0,0,0,0]"
CSI_DATA,36718,80:af:ca:27:52:2a,-54,11,0,0,0,0,0,0,0,0,0,-97,0,11,2,481435369,0,83,0,128,0,"[0,0,0,0,0,0,0,0,0,0,0,0,11,8,11,9,10,11,9,7,5,6,3,4,3,1,0,1,-5,0,0,0,-1,2,-3,3,-5,5,-7,5,-9,5,-13,2,-11,4,-10,3,-10,2,-10,6,-5,4,-7,2,-2,3,-1,1,-1,-1,0,-5,0,0,1,-11,1,-14,0,-16,3,-15,2,-14,0,-17,-1,-13,0,-12,-4,-11,0,-5,0,-3,0,-1,0,0,0,2,1,2,4,4,4,7,4,8,9,9,8,9,10,10,13,7,6,10,5,8,3,5,2,4,0,0,0,0,0,0,0,0,0,0]"
CSI_DATA,36719,80:af:ca:27:52:2a,-55,11,0,0,0,0,0,0,0,0,0,-97,0,11,2,481445324,0,83,0,128,0,"[0,0,0,0,0,0,0,0,0,0,0,0,2,-3,6,-3,10,-3,11,-4,13,-4,14,-3,15,-4,14,-3,13,-3,11,-3,10,-3,8,-2,6,-1,3,0,1,0,0,0,-1,1,-3,3,-5,4,-7,5,-8,7,-9,9,-10,10,-12,12,-11,12,-10,11,0,0,-7,9,-6,6,-4,4,-2,1,0,0,0,-2,1,-5,2,-7,3,-8,3,-10,4,-11,3,-11,4,-11,4,-12,3,-11,3,-11,2,-10,1,-8,1,-6,0,-3,0,-1,0,0,-1,3,-2,5,-3,7,-3,8,0,0,0,0,0,0,0,0,0,0]"
CSI_DATA,36720,80:af:ca:27:52:2a,-54,11,1,1,1,1,1,0,0,0,0,-97,0,11,2,481453266,0,83,1,128,0,"[0,0,0,0,0,0,0,0,0,0,0,0,-5,-7,-5,-7,-4,-6,-4,-5,-2,-4,-1,-2,0,-1,1,0,2,0,3,1,5,2,5,2,6,3,7,3,7,3,7,3,7,2,6,2,6,2,5,1,4,1,2,0,0,0,0,0,-2,0,-3,0,0,0,-6,0,-7,0,-8,0,-8,0,-8,0,-8,0,-8,0,-6,0,-5,0,-5,0,-3,0,-1,0,0,0,1,0,2,0,3,0,4,-1,5,-1,5,-1,5,-1,5,-1,5,-1,5,-1,4,-1,4,-1,3,-1,0,0,0,0,0,0,0,0,0,0]"
CSI_DATA,36721,80:af:ca:27:52:2a,-55,11,0,0,0,0,0,0,0,0,0,-97,0,11,2,481462929,0,83,0,128,0,"[0,0,0,0,0,0,0,0,0,0,0,0,7,-9,7,-9,7,-7,5,-6,4,-3,2,-2,0,0,0,2,-1,4,-3,6,-3,7,-4,9,-4,9,-4,10,-4,9,-5,11,-4,9,-3,9,-3,8,-3,7,-2,5,-2,3,-1,0,0,-2,0,-5,0,-7,0,0,1,-13,2,-15,2,-16,2,-16,2,-15,2,-15,1,-13,0,-11,0,-8,0,-7,0,-4,0,-2,0,0,-1,2,-1,4,-2,7,-2,9,-3,11,-3,12,-3,13,-3,14,-3,13,-3,13,-2,11,-2,9,-1,7,0,0,0,0,0,0,0,0,0,0]"
CSI_DATA,36722,80:af:ca:27:52:2a,-54,11,0,0,0,0,0,0,0,0,0,-97,0,11,2,481475333,0,83,0,128,0,"[0,0,0,0,0,0,0,0,0,0,0,0,-5,12,-6,13,-5,12,-4,9,-4,6,-3,3,-2,0,-2,-2,-2,-5,-1,-7,-1,-10,-1,-11,-2,-12,-2,-13,-2,-12,-2,-14,-2,-13,-3,-12,-2,-11,-2,-9,-2,-8,-1,-5,0,-3,1,0,3,4,4,7,0,0,7,11,8,13,9,15,9,15,8,14,8,13,8,12,6,9,5,8,4,5,2,4,1,1,-1,-1,-2,-3,-4,-5,-6,-7,-8,-9,-8,-11,-10,-12,-10,-13,-11,-13,-11,-12,-10,-12,-9,-11,-8,-9,-6,-6,0,0,0,0,0,0,0,0,0,0]"
CSI_DATA,36723,80:af:ca:27:52:2a,-55,11,0,0,0,0,0,0,0,0,0,-97,0,11,2,481498643,0,83,0,128,0,"[0,0,0,0,0,0,0,0,0,0,0,0,3,-3,7,-3,10,-4,11,-5,13,-5,13,-4,13,-4,13,-4,12,-4,10,-3,9,-3,7,-2,5,-2,3,-1,1,-1,-1,0,-3,1,-5,1,-8,2,-9,3,-11,3,-13,4,-13,4,-15,5,-15,5,-14,4,0,0,-10,3,-8,2,-5,2,-3,1,0,0,3,-1,5,-1,7,-2,8,-2,9,-2,11,-3,10,-3,11,-3,11,-3,10,-3,9,-3,9,-2,7,-2,5,-2,2,-2,0,-2,-3,-2,-5,-2,-7,-2,-9,-2,-10,-3,0,0,0,0,0,0,0,0,0,0]"
CSI_DATA,36724,80:af:ca:27:52:2a,-54,11,0,0,0,0,0,0,0,0,0,-97,0,11,2,481523717,0,83,0,128,0,"[0,0,0,0,0,0,0,0,0,0,0,0,12,2,12,3,11,3,8,2,5,1,2,0,0,0,-3,-1,-6,-2,-7,-3,-9,-4,-11,-5,-11,-6,-12,-6,-11,-6,-12,-6,-11,-6,-10,-5,-9,-5,-7,-4,-6,-2,-3,-1,-1,0,0,2,3,4,6,6,0,0,10,9,11,11,12,12,12,12,10,12,10,11,8,9,6,7,6,6,4,4,3,2,1,0,0,-2,0,-4,0,-6,-1,-9,-2,-11,-1,-12,-2,-14,-1,-15,-2,-15,-2,-15,-1,-14,-1,-12,-1,-11,-1,-8,0,0,0,0,0,0,0,0,0,0]"
CSI_DATA,36725,80:af:ca:27:52:2a,-54,11,1,1,1,1,1,0,0,0,0,-97,0,11,2,481533019,0,83,1,128,0,"[0,0,0,0,0,0,0,0,0,0,0,0,-3,9,-3,8,-3,6,-3,5,-2,3,-1,1,0,0,0,-1,1,-3,3,-5,4,-6,5,-7,5,-8,5,-8,5,-8,5,-8,5,-8,5,-7,4,-6,3,-5,1,-3,0,-2,0,-1,-1,0,-3,1,-4,2,0,0,-7,4,-7,4,-8,5,-8,5,-9,5,-8,4,-7,3,-7,3,-5,3,-4,2,-2,1,-1,1,0,0,1,0,3,0,5,0,6,0,6,0,7,0,7,0,7,0,7,0,5,0,5,0,4,0,3,0,0,0,0,0,0,0,0,0,0,0]"
CSI_DATA,36726,80:af:ca:27:52:2a,-54,11,0,0,0,0,0,0,0,0,0,-97,0,11,2,481543870,0,83,0,128,0,"[0,0,0,0,0,0,0,0,0,0,0,0,-13,1,-13,1,-12,0,-9,0,-7,0,-3,0,0,0,1,0,3,0,6,0,8,0,10,2,11,1,11,2,11,2,12,2,11,3,10,2,8,2,7,1,5,0,3,0,1,-1,-1,-3,-4,-4,-6,-6,0,0,-11,-9,-12,-11,-12,-11,-12,-12,-11,-11,-11,-11,-10,-10,-7,-8,-7,-7,-5,-5,-3,-3,-3,0,-2,0,-1,3,0,5,0,7,0,11,0,11,0,13,0,14,0,15,-1,14,-1,13,-1,11,0,10,0,7,0,0,0,0,0,0,0,0,0,0]"
CSI_DATA,36727,80:af:ca:27:52:2a,-54,11,0,0,0,0,0,0,0,0,0,-97,0,11,2,481557938,0,83,0,128,0,"[0,0,0,0,0,0,0,0,0,0,0,0,13,1,13,2,11,2,9,1,6,1,4,0,1,0,0,-2,-2,-3,-4,-4,-6,-6,-7,-7,-7,-7,-8,-8,-7,-8,-9,-10,-7,-9,-7,-8,-6,-8,-6,-7,-5,-5,-4,-3,-3,-1,-3,0,-1,3,0,6,0,0,0,12,0,13,0,16,-1,16,-2,15,-2,14,-2,13,-2,11,-2,10,-1,7,0,5,0,3,1,1,3,0,4,-1,6,-3,8,-4,10,-4,11,-5,13,-4,13,-5,13,-4,13,-4,12,-3,10,-3,8,-2,0,0,0,0,0,0,0,0,0,0]"
CSI_DATA,36728,80:af:ca:27:52:2a,-55,11,1,1,1,1,1,0,0,0,0,-97,0,11,2,481566219,0,83,1,128,0,"[0,0,0,0,0,0,0,0,0,0,0,0,-5,5,-4,5,-4,4,-4,4,-2,2,-1,1,0,2,0,0,2,0,0,-2,1,-3,1,-3,2,-3,2,-4,3,-3,6,-6,5,-6,4,-3,3,-3,3,-4,2,-2,1,-2,0,-1,0,0,-1,0,-2,1,0,0,-3,2,-5,2,-5,3,-5,3,-5,3,-5,4,-6,2,-4,3,-5,2,-2,1,-1,0,0,0,0,0,0,0,2,0,3,0,2,0,3,0,4,-1,5,0,4,-1,5,-1,3,0,3,0,3,0,2,0,0,0,0,0,0,0,0,0,0,0]"
CSI_DATA,36729,80:af:ca:27:52:2a,-56,11,1,1,1,1,1,0,0,0,0,-97,0,11,2,481572911,0,83,1,128,0,"[0,0,0,0,0,0,0,0,0,0,0,0,-2,-1,-4,-2,-4,-3,-6,-4,-7,-4,-8,-6,-8,-6,-8,-7,-8,-7,-7,-6,-7,-6,-6,-5,-4,-4,-3,-2,-2,-1,-1,0,0,0,1,2,2,4,3,4,4,6,4,7,4,7,4,7,4,8,4,7,0,0,3,6,2,4,2,3,1,2,0,0,0,-1,0,-3,0,-4,0,-6,0,-7,0,-8,0,-9,0,-9,0,-9,0,-8,0,-7,0,-6,0,-5,0,-4,0,-2,0,-1,-1,0,-2,0,-2,2,-3,2,-4,2,0,0,0,0,0,0,0,0,0,0]"
CSI_DATA,36730,80:af:ca:27:52:2a,-56,11,1,1,1,1,1,0,0,0,0,-97,0,11,2,481582010,0,83,1,128,0,"[0,0,0,0,0,0,0,0,0,0,0,0,-5,-4,-5,-3,-4,-3,-4,-3,-3,-2,-2,-1,-1,-1,0,0,0,0,0,1,1,1,2,2,3,3,3,3,3,4,4,4,4,4,4,4,3,3,3,3,2,2,1,1,1,1,0,0,0,0,0,-1,0,0,-1,-3,-2,-4,-2,-4,-3,-5,-3,-5,-2,-5,-2,-5,-2,-4,-2,-4,-1,-3,-1,-3,-1,-1,0,-1,0,0,0,1,0,1,0,2,0,3,0,3,0,4,0,4,0,4,0,4,0,3,0,3,0,2,0,0,0,0,0,0,0,0,0,0]"
CSI_DATA,36731,80:af:ca:27:52:2a,-55,11,1,1,1,1,1,0,0,0,0,-97,0,11,2,481591355,0,83,1,128,0,"[0,0,0,0,0,0,0,0,0,0,0,0,0,-3,1,-4,2,-6,2,-7,3,-8,4,-9,4,-10,4,-10,4,-9,4,-8,3,-8,3,-6,2,-5,1,-4,0,-2,0,0,-1,1,-2,3,-3,4,-4,6,-4,6,-4,8,-5,8,-5,8,-5,8,-4,8,0,0,-4,6,-3,4,-2,3,-1,2,0,0,0,-1,2,-2,3,-4,4,-5,4,-6,5,-6,6,-6,6,-6,6,-6,5,-6,5,-5,4,-4,3,-4,2,-2,1,-2,0,-1,-1,0,-2,0,-3,0,-4,0,-5,0,0,0,0,0,0,0,0,0,0,0]"
CSI_DATA,36732,80:af:ca:27:52:2a,-55,11,0,0,0,0,0,0,0,0,0,-97,0,11,2,481603580,0,83,0,128,0,"[0,0,0,0,0,0,0,0,0,0,0,0,1,-3,4,-5,7,-6,8,-7,10,-8,10,-8,10,-9,10,-9,10,-9,8,-8,7,-7,6,-6,5,-5,3,-3,1,-1,0,0,0,1,-2,4,-3,5,-4,7,-4,10,-5,11,-5,12,-6,15,-5,15,-5,14,0,0,-4,11,-4,8,-3,6,-2,2,0,0,0,-3,0,-5,0,-7,0,-9,0,-10,0,-11,0,-12,0,-12,0,-13,0,-12,0,-11,0,-10,0,-8,0,-5,0,-4,0,0,0,1,0,4,-1,6,0,8,-1,9,0,0,0,0,0,0,0,0,0,0]"
CSI_DATA,36733,80:af:ca:27:52:2a,-55,11,0,0,0,0,0,0,0,0,0,-97,0,11,2,481611326,0,83,0,128,0,"[0,0,0,0,0,0,0,0,0,0,0,0,0,3,0,6,0,9,0,11,0,13,0,13,0,14,0,13,0,12,0,11,0,10,0,8,0,5,0,3,0,1,-1,0,-2,-1,-3,-4,-4,-6,-5,-8,-6,-9,-8,-11,-9,-11,-10,-14,-11,-13,-10,-12,0,0,-8,-9,-5,-7,-4,-5,-1,-2,0,0,2,0,4,1,6,3,7,4,8,4,9,5,9,5,10,5,10,5,9,4,9,3,8,3,6,2,4,0,1,0,0,0,-2,-1,-4,-2,-7,-3,-9,-3,-9,-3,0,0,0,0,0,0,0,0,0,0]"
CSI_DATA,36734,80:af:ca:27:52:2a,-55,11,1,1,1,1,1,0,0,0,0,-97,0,11,2,481622789,0,83,1,128,0,"[0,0,0,0,0,0,0,0,0,0,0,0,-5,6,-5,6,-4,5,-4,4,-3,3,-2,2,-1,0,-1,-1,0,-2,0,-3,1,-5,1,-6,2,-7,2,-7,2,-8,2,-8,2,-8,1,-7,1,-6,1,-5,1,-4,0,-3,0,-1,0,0,0,1,0,3,0,0,0,5,0,6,0,7,0,7,0,8,0,7,0,6,0,6,0,5,0,3,0,2,0,1,0,0,0,-1,0,-3,0,-4,0,-5,0,-5,0,-6,0,-6,0,-6,0,-6,0,-5,0,-5,0,-4,0,-3,0,0,0,0,0,0,0,0,0,0]"
CSI_DATA,36735,80:af:ca:27:52:2a,-55,11,1,1,1,1,1,0,0,0,0,-97,0,11,2,481629732,0,83,1,128,0,"[0,0,0,0,0,0,0,0,0,0,0,0,1,8,0,7,0,6,0,5,0,4,0,2,0,1,-1,-1,-1,-2,-2,-4,-2,-5,-2,-6,-3,-7,-3,-8,-3,-8,-3,-8,-3,-7,-3,-7,-2,-6,-2,-5,-1,-4,-1,-3,0,-1,0,0,1,1,1,3,0,0,3,5,3,6,3,6,4,7,4,7,3,6,3,6,3,5,2,4,2,3,1,2,0,0,0,0,0,-2,-1,-3,-1,-4,-2,-5,-2,-5,-2,-5,-3,-5,-3,-6,-3,-5,-2,-5,-2,-4,-2,-4,-2,-3,0,0,0,0,0,0,0,0,0,0]"
CSI_DATA,36736,80:af:ca:27:52:2a,-54,11,0,0,0,0,0,0,0,0,0,-97,0,11,2,481670553,0,83,0,128,0,"[0,0,0,0,0,0,0,0,0,0,0,0,9,10,9,10,8,10,6,7,4,6,2,3,0,1,-1,0,-3,-1,-6,-3,-8,-3,-10,-5,-10,-5,-10,-6,-10,-5,-12,-6,-11,-5,-11,-4,-10,-5,-9,-3,-7,-3,-5,-3,-2,-1,0,0,3,0,6,0,0,0,13,1,15,1,16,1,16,1,16,1,15,1,13,0,11,0,9,0,6,0,4,0,2,0,0,0,-3,0,-6,-1,-8,-1,-11,-1,-13,-1,-14,-1,-15,-1,-15,-1,-15,-1,-14,0,-13,0,-10,0,-7,0,0,0,0,0,0,0,0,0,0,0]"
CSI_DATA,36737,80:af:ca:27:52:2a,-54,11,0,0,0,0,0,0,0,0,0,-97,0,11,2,481680370,0,83,0,128,0,"[0,0,0,0,0,0,0,0,0,0,0,0,0,3,0,7,0,9,0,11,0,13,-1,14,0,15,0,14,0,13,0,12,0,10,0,8,0,6,0,3,0,1,-1,0,-1,-3,-2,-5,-3,-8,-4,-10,-5,-11,-6,-14,-6,-15,-7,-17,-7,-16,-7,-16,0,0,-6,-11,-4,-8,-2,-6,0,-2,0,0,1,2,3,5,4,7,5,8,5,9,6,10,6,10,6,10,7,11,6,10,6,9,6,8,4,6,2,3,1,1,0,0,0,-3,-2,-6,-3,-8,-5,-9,-5,-10,0,0,0,0,0,0,0,0,0,0]"
CSI_DATA,36738,80:af:ca:27:52:2a,-54,11,0,0,0,0,0,0,0,0,0,-97,0,11,2,481690553,0,83,0,128,0,"[0,0,0,0,0,0,0,0,0,0,0,0,2,-4,6,-5,8,-6,10,-8,11,-8,12,-8,12,-8,12,-7,11,-7,10,-6,8,-5,7,-4,5,-3,3,-1,0,-1,-2,0,-4,1,-6,3,-8,4,-9,4,-11,6,-13,7,-13,7,-15,7,-15,8,-14,7,0,0,-10,5,-8,3,-5,2,-2,1,1,0,4,-2,6,-2,8,-3,10,-3,10,-3,12,-4,12,-3,12,-3,12,-3,11,-3,10,-3,9,-3,7,-3,4,-3,2,-3,-1,-3,-4,-3,-6,-3,-8,-3,-10,-3,-11,-4,0,0,0,0,0,0,0,0,0,0]"
CSI_DATA,36739,80:af:ca:27:52:2a,-54,11,0,0,0,0,0,0,0,0,0,-97,0,11,2,481746332,0,83,0,128,0,"[0,0,0,0,0,0,0,0,0,0,0,0,-9,-11,-8,-12,-8,-11,-6,-9,-4,-7,-2,-4,0,-2,0,0,2,0,4,1,6,3,8,4,9,4,10,5,10,4,11,5,10,4,10,3,10,4,8,3,6,2,4,1,2,0,0,0,-4,0,-7,0,0,0,-13,0,-16,-1,-17,-1,-17,-1,-16,-1,-16,-1,-15,0,-13,0,-11,0,-8,0,-6,0,-3,0,0,0,1,0,4,0,7,0,10,0,11,0,13,0,14,0,15,0,15,0,14,0,13,0,10,0,7,0,0,0,0,0,0,0,0,0,0,0]"
CSI_DATA,36740,80:af:ca:27:52:2a,-54,11,1,1,1,1,1,0,0,0,0,-97,0,11,2,481753899,0,83,1,128,0,"[0,0,0,0,0,0,0,0,0,0,0,0,7,4,7,3,6,3,5,3,4,2,2,2,1,1,0,1,-2,0,-3,0,-5,0,-6,0,-7,0,-8,0,-8,0,-9,0,-8,0,-8,0,-7,0,-6,0,-5,0,-3,0,-2,0,0,0,1,-1,2,-1,0,0,5,-2,6,-2,7,-3,7,-3,7,-3,7,-3,7,-3,6,-3,5,-2,4,-2,2,-1,1,-1,0,0,-1,0,-2,0,-3,1,-4,1,-5,2,-5,2,-5,2,-5,2,-5,2,-5,2,-4,2,-4,2,-3,1,0,0,0,0,0,0,0,0,0,0]"
CSI_DATA,36741,80:af:ca:27:52:2a,-55,11,1,1,1,1,1,0,0,0,0,-97,0,11,2,481769775,0,83,1,128,0,"[0,0,0,0,0,0,0,0,0,0,0,0,2,-2,5,-2,7,-2,8,-2,9,-2,10,-2,10,-2,10,-2,9,-2,9,-2,7,-2,6,-2,4,-1,2,0,0,0,0,1,-2,2,-4,2,-5,3,-7,4,-7,5,-8,5,-8,6,-8,6,-7,6,-7,6,0,0,-5,4,-4,2,-2,2,-1,0,0,0,1,-2,2,-3,3,-4,4,-6,4,-7,4,-7,4,-7,4,-7,4,-7,3,-7,2,-6,2,-5,1,-4,0,-2,0,-2,0,0,-1,0,-2,1,-2,2,-3,2,-3,3,0,0,0,0,0,0,0,0,0,0]"
CSI_DATA,36742,80:af:ca:27:52:2a,-55,11,1,1,1,1,1,0,0,0,0,-97,0,11,2,481791023,0,83,1,128,0,"[0,0,0,0,0,0,0,0,0,0,0,0,2,2,4,3,5,5,6,6,6,7,6,8,6,8,6,8,6,7,5,6,4,6,4,4,2,3,1,2,0,0,0,-1,-2,-3,-3,-4,-4,-6,-4,-7,-5,-8,-6,-8,-6,-8,-6,-9,-6,-8,-5,-8,0,0,-4,-6,-3,-4,-2,-3,-2,-1,0,0,0,2,0,4,1,5,1,6,2,7,2,8,2,8,2,8,1,8,1,7,1,6,1,5,1,4,0,2,0,1,0,0,0,-1,0,-2,0,-4,1,-4,1,-5,0,0,0,0,0,0,0,0,0,0]"
CSI_DATA,36743,80:af:ca:27:52:2a,-55,11,1,1,1,1,1,0,0,0,0,-97,0,11,2,481804834,0,83,1,128,0,"[0,0,0,0,0,0,0,0,0,0,0,0,-6,-6,-5,-6,-4,-5,-4,-5,-3,-3,-2,-2,-1,-1,0,0,1,0,3,1,4,2,5,3,6,3,6,4,7,4,7,4,7,4,6,3,6,3,4,2,3,2,2,1,1,0,0,0,-2,0,-3,-1,0,0,-6,-2,-7,-2,-7,-2,-8,-2,-8,-3,-8,-2,-7,-2,-6,-2,-5,-1,-4,-1,-3,-1,-2,0,0,0,1,0,2,1,3,1,4,1,5,1,5,2,5,2,5,2,5,2,5,1,4,1,4,1,3,1,0,0,0,0,0,0,0,0,0,0]"
CSI_DATA,36744,80:af:ca:27:52:2a,-54,11,0,0,0,0,0,0,0,0,0,-97,0,11,2,481816836,0,83,0,128,0,"[0,0,0,0,0,0,0,0,0,0,0,0,1,4,0,6,0,10,0,11,-1,13,-1,13,-1,13,-1,13,0,12,0,11,0,10,0,8,-1,6,-1,3,-1,1,-2,0,-3,-2,-5,-4,-6,-6,-7,-7,-8,-8,-11,-10,-12,-10,-12,-12,-13,-11,-12,-10,0,0,-10,-7,-7,-6,-5,-4,-1,-2,0,-1,4,0,6,0,7,0,10,1,11,1,12,1,12,0,12,0,12,0,12,0,11,0,9,0,7,0,5,0,2,0,0,0,-3,0,-6,0,-8,0,-10,1,-11,1,0,0,0,0,0,0,0,0,0,0]"
CSI_DATA,36745,80:af:ca:27:52:2a,-54,11,0,0,0,0,0,0,0,0,0,-97,0,11,2,481839229,0,83,0,128,0,"[0,0,0,0,0,0,0,0,0,0,0,0,10,10,10,10,9,10,7,8,4,6,2,4,-1,2,-3,0,-6,-1,-7,-2,-10,-4,-11,-5,-12,-5,-13,-5,-13,-4,-14,-4,-13,-4,-12,-3,-11,-3,-10,-2,-8,-2,-5,-2,-2,-2,1,-2,5,-2,8,-2,0,0,13,-3,15,-3,17,-4,17,-4,16,-4,15,-4,13,-4,11,-3,9,-3,6,-2,4,-2,1,-1,-1,0,-4,1,-6,1,-8,2,-11,4,-12,4,-13,5,-14,5,-14,6,-13,6,-12,5,-11,5,-9,4,-7,3,0,0,0,0,0,0,0,0,0,0]"
CSI_DATA,36746,80:af:ca:27:52:2a,-55,11,0,0,0,0,0,0,0,0,0,-97,0,11,2,481881287,0,83,0,128,0,"[0,0,0,0,0,0,0,0,0,0,0,0,-5,-11,-4,-11,-4,-11,-3,-8,-2,-7,-1,-5,0,-2,1,-1,2,0,4,2,6,2,7,4,8,4,8,4,8,4,10,4,9,4,8,3,8,3,8,2,5,2,4,2,1,1,0,1,-4,1,-7,0,0,0,-12,1,-14,1,-16,2,-16,2,-16,2,-15,2,-14,2,-11,1,-9,1,-6,0,-5,0,-2,0,0,0,2,-1,4,-2,6,-3,8,-5,11,-5,11,-5,12,-5,12,-6,12,-6,11,-6,10,-6,8,-5,5,-4,0,0,0,0,0,0,0,0,0,0]"
CSI_DATA,36747,80:af:ca:27:52:2a,-55,11,1,1,1,1,1,0,0,0,0,-97,0,11,2,481890542,0,83,1,128,0,"[0,0,0,0,0,0,0,0,0,0,0,0,0,7,0,6,0,6,0,5,0,3,0,2,0,1,-1,0,-1,-1,-2,-2,-2,-3,-3,-4,-4,-5,-4,-5,-4,-6,-5,-6,-5,-5,-5,-5,-4,-4,-3,-4,-3,-3,-2,-2,0,-1,0,0,1,0,2,0,0,0,5,1,5,1,6,1,7,2,7,2,7,2,6,1,5,1,4,1,3,0,2,0,1,0,0,0,-1,0,-2,0,-3,0,-4,0,-5,0,-5,0,-6,0,-6,0,-6,0,-5,0,-4,0,-4,0,-3,0,0,0,0,0,0,0,0,0,0,0]"
CSI_DATA,36748,80:af:ca:27:52:2a,-54,11,0,0,0,0,0,0,0,0,0,-97,0,11,2,481901835,0,83,0,128,0,"[0,0,0,0,0,0,0,0,0,0,0,0,-1,4,-3,6,-4,9,-4,11,-5,12,-6,12,-6,12,-6,12,-6,11,-5,10,-4,9,-4,8,-3,5,-2,3,-2,1,-1,-1,-1,-3,-1,-6,-1,-8,0,-10,-1,-12,0,-14,-1,-15,-1,-17,-2,-17,-2,-16,0,0,-1,-12,-1,-10,0,-7,0,-3,0,0,0,3,1,6,1,8,1,10,1,10,2,12,1,12,1,12,2,12,1,11,2,10,2,9,1,7,1,5,1,2,0,-1,0,-4,0,-6,0,-8,-1,-10,-1,-11,0,0,0,0,0,0,0,0,0,0]"
CSI_DATA,36749,80:af:ca:27:52:2a,-54,11,0,0,0,0,0,0,0,0,0,-97,0,11,2,481930696,0,83,0,128,0,"[0,0,0,0,0,0,0,0,0,0,0,0,2,-4,4,-6,6,-8,7,-10,8,-11,9,-11,9,-11,9,-11,8,-10,7,-9,6,-8,5,-7,3,-5,2,-3,1,-1,-1,1,-1,2,-2,5,-3,7,-4,9,-4,10,-5,14,-5,14,-6,16,-5,17,-5,15,0,0,-4,11,-3,8,-2,6,-2,2,-1,-1,0,-4,1,-6,1,-9,2,-10,2,-13,2,-14,2,-14,2,-14,3,-15,2,-14,2,-13,2,-11,1,-8,1,-6,0,-3,-1,0,-2,2,-3,5,-4,7,-4,9,-5,10,0,0,0,0,0,0,0,0,0,0]"
CSI_DATA,36750,80:af:ca:27:52:2a,-54,11,1,1,1,1,1,0,0,0,0,-97,0,11,2,481938793,0,83,1,128,0,"[0,0,0,0,0,0,0,0,0,0,0,0,0,-3,2,-5,3,-6,5,-7,6,-8,6,-9,6,-9,6,-9,6,-9,6,-8,5,-7,4,-6,3,-4,2,-3,0,-1,0,0,-1,2,-2,3,-3,6,-3,7,-4,8,-4,9,-4,10,-4,10,-4,10,-3,9,0,0,-3,6,-2,5,-1,3,0,1,0,0,0,-2,1,-4,2,-6,3,-8,3,-9,3,-10,3,-10,3,-10,3,-10,3,-9,3,-8,2,-6,1,-5,0,-3,0,-2,0,0,-1,0,-2,2,-3,3,-3,3,-4,4,0,0,0,0,0,0,0,0,0,0]"
CSI_DATA,36751,80:af:ca:27:52:2a,-54,11,0,0,0,0,0,0,0,0,0,-97,0,11,2,481948337,0,83,0,128,0,"[0,0,0,0,0,0,0,0,0,0,0,0,2,2,3,5,3,8,4,10,4,12,4,12,4,13,4,12,4,11,3,10,3,9,2,8,1,5,0,4,-1,1,-2,0,-3,-2,-4,-4,-6,-6,-8,-7,-9,-8,-11,-10,-12,-10,-13,-12,-14,-11,-13,-11,0,0,-10,-8,-8,-7,-6,-5,-3,-3,0,-1,3,1,5,2,7,4,9,5,10,5,11,6,11,6,11,6,12,6,11,6,10,5,10,4,8,3,5,2,3,1,0,-1,-3,-2,-5,-4,-7,-5,-9,-6,-10,-7,0,0,0,0,0,0,0,0,0,0]"
CSI_DATA,36752,80:af:ca:27:52:2a,-54,11,1,1,1,1,1,0,0,0,0,-97,0,11,2,481967462,0,83,1,128,0,"[0,0,0,0,0,0,0,0,0,0,0,0,8,-4,8,-3,6,-2,6,-2,4,-1,2,-1,1,0,0,0,-2,1,-3,2,-5,3,-6,4,-6,4,-8,5,-8,5,-8,5,-7,5,-6,5,-6,4,-5,3,-4,2,-2,1,-1,0,0,0,1,-1,2,-3,0,0,4,-5,5,-5,5,-6,6,-6,6,-6,6,-6,5,-6,5,-5,4,-5,2,-4,1,-2,0,-1,0,0,-1,0,-2,1,-4,2,-4,2,-5,3,-5,4,-5,4,-5,4,-5,3,-5,3,-4,2,-4,2,-2,1,0,0,0,0,0,0,0,0,0,0]"
CSI_DATA,36753,80:af:ca:27:52:2a,-54,11,1,1,1,1,1,0,0,0,0,-97,0,11,2,481987689,0,83,1,128,0,"[0,0,0,0,0,0,0,0,0,0,0,0,3,-10,3,-9,3,-7,2,-6,1,-4,1,-3,0,0,0,1,-1,3,-1,4,-1,6,-2,7,-3,9,-3,9,-3,9,-3,9,-3,9,-2,9,-2,7,-1,6,-1,4,-1,3,0,1,0,-1,0,-3,0,-4,0,0,1,-7,1,-9,1,-9,1,-9,2,-10,2,-9,1,-9,1,-7,1,-6,0,-4,0,-3,0,-1,-1,0,-1,1,-1,3,-2,3,-3,4,-3,5,-3,6,-3,6,-3,6,-3,6,-3,5,-3,4,-2,4,-1,3,0,0,0,0,0,0,0,0,0,0]"
CSI_DATA,36754,80:af:ca:27:52:2a,-54,11,1,1,1,1,1,0,0,0,0,-97,0,11,2,481996658,0,83,1,128,0,"[0,0,0,0,0,0,0,0,0,0,0,0,6,6,5,5,5,5,4,4,3,3,1,2,0,1,0,0,-2,-1,-3,-2,-4,-3,-5,-4,-6,-4,-6,-5,-7,-5,-7,-5,-7,-5,-6,-4,-6,-4,-5,-3,-4,-2,-3,-2,-1,-1,0,0,1,0,2,1,0,0,5,2,5,3,6,3,6,3,6,4,6,3,6,3,5,3,4,2,3,2,2,1,1,0,0,0,-1,-1,-2,-2,-3,-2,-4,-3,-4,-3,-4,-4,-4,-4,-5,-4,-4,-4,-4,-4,-4,-3,-3,-3,-3,-2,0,0,0,0,0,0,0,0,0,0]"
CSI_DATA,36755,80:af:ca:27:52:2a,-54,11,1,1,1,1,1,0,0,0,0,-97,0,11,2,482007611,0,83,1,128,0,"[0,0,0,0,0,0,0,0,0,0,0,0,-3,-8,-3,-8,-2,-7,-2,-6,-1,-4,-1,-3,0,-1,0,0,0,0,1,2,2,3,3,4,4,5,4,6,5,6,5,6,5,6,5,5,4,5,4,4,3,3,1,2,0,1,0,0,-1,0,-2,-1,0,0,-5,-3,-6,-4,-7,-4,-7,-5,-7,-5,-7,-5,-7,-4,-6,-4,-5,-3,-4,-2,-3,-1,-1,-1,0,0,0,0,1,1,2,2,3,2,4,3,4,3,4,3,5,3,4,3,4,3,3,3,3,2,2,1,0,0,0,0,0,0,0,0,0,0]"
CSI_DATA,36756,80:af:ca:27:52:2a,-55,11,0,0,0,0,0,0,0,0,0,-97,0,11,2,482017286,0,83,0,128,0,"[0,0,0,0,0,0,0,0,0,0,0,0,0,2,0,5,-1,8,0,9,-1,12,-2,12,-2,13,-2,13,-2,11,-2,10,-1,8,-1,8,-1,5,-1,3,0,0,0,0,0,-2,0,-4,0,-7,-1,-9,-1,-11,-1,-13,-2,-14,-2,-16,-3,-16,-2,-15,0,0,-2,-12,-1,-9,-1,-6,0,-3,0,0,0,3,0,4,0,7,0,9,0,10,0,12,0,12,0,12,0,13,0,13,0,11,0,10,0,8,0,5,0,3,0,0,0,-2,0,-5,1,-8,1,-9,2,-10,0,0,0,0,0,0,0,0,0,0]"
CSI_DATA,36757,80:af:ca:27:52:2a,-55,11,1,1,1,1,1,0,0,0,0,-97,0,11,2,482029700,0,83,1,128,0,"[0,0,0,0,0,0,0,0,0,0,0,0,0,3,-2,5,-3,6,-4,7,-4,8,-5,9,-5,9,-5,9,-5,8,-4,7,-4,7,-4,5,-2,4,-2,2,-1,0,0,-1,0,-3,0,-4,1,-6,2,-7,2,-9,2,-9,2,-10,2,-10,2,-10,2,-9,0,0,1,-7,0,-5,0,-4,0,-2,0,0,-1,2,-2,3,-2,5,-2,7,-2,7,-2,8,-3,8,-3,8,-2,8,-2,7,-2,7,-2,5,-1,4,0,2,0,1,0,0,0,-1,1,-2,2,-3,2,-4,2,-4,0,0,0,0,0,0,0,0,0,0]"
CSI_DATA,36758,80:af:ca:27:52:2a,-55,11,0,0,0,0,0,0,0,0,0,-97,0,11,2,482041661,0,83,0,128,0,"[0,0,0,0,0,0,0,0,0,0,0,0,-5,1,-8,0,-11,-1,-12,-1,-14,-2,-14,-3,-15,-3,-14,-3,-13,-3,-12,-3,-11,-2,-9,-2,-6,-2,-4,-1,-2,-1,0,-1,2,-1,5,-1,7,0,9,0,11,0,13,0,14,0,16,0,16,-1,15,0,0,0,11,0,9,0,6,-1,3,-1,0,-1,-3,-1,-6,-2,-8,-2,-10,-3,-11,-2,-12,-3,-12,-3,-13,-3,-13,-3,-12,-3,-11,-3,-11,-2,-9,-2,-6,-1,-4,0,-2,1,1,2,3,3,5,4,7,4,7,5,0,0,0,0,0,0,0,0,0,0]"
CSI_DATA,36759,80:af:ca:27:52:2a,-54,11,1,1,1,1,1,0,0,0,0,-97,0,11,2,482050076,0,83,1,128,0,"[0,0,0,0,0,0,0,0,0,0,0,0,2,-3,5,-4,7,-5,8,-5,9,-5,10,-5,10,-5,10,-5,9,-4,8,-4,7,-3,5,-2,4,-2,2,-1,0,0,-2,0,-3,0,-5,1,-7,1,-8,2,-9,2,-10,2,-10,2,-10,2,-10,2,-9,2,0,0,-7,2,-5,1,-3,1,-2,0,0,0,2,0,4,0,5,0,7,0,8,0,9,0,9,0,9,0,9,0,8,0,7,0,6,0,5,0,2,0,1,0,0,-1,-1,-1,-2,-2,-3,-2,-4,-3,-5,-4,0,0,0,0,0,0,0,0,0,0]"
CSI_DATA,36760,80:af:ca:27:52:2a,-55,11,1,1,1,1,1,0,0,0,0,-97,0,11,2,482060319,0,83,1,128,0,"[0,0,0,0,0,0,0,0,0,0,0,0,-2,-3,-2,-4,-3,-6,-3,-8,-4,-9,-4,-9,-4,-9,-4,-9,-3,-9,-3,-9,-3,-7,-2,-6,-2,-4,-1,-3,0,-1,0,0,0,2,2,3,2,4,2,6,3,7,4,7,4,8,4,8,4,8,4,7,0,0,3,5,2,4,1,2,0,1,0,0,0,-2,-1,-4,-2,-5,-2,-7,-3,-7,-3,-8,-3,-8,-3,-8,-3,-8,-2,-7,-2,-7,-2,-6,-2,-4,-1,-3,-1,-2,0,0,0,0,0,2,0,3,0,4,0,4,0,0,0,0,0,0,0,0,0,0]"
CSI_DATA,36761,80:af:ca:27:52:2a,-54,11,0,0,0,0,0,0,0,0,0,-97,0,11,2,482070367,0,83,0,128,0,"[0,0,0,0,0,0,0,0,0,0,0,0,2,-4,4,-6,7,-8,7,-10,9,-11,10,-11,10,-11,10,-11,9,-10,8,-9,7,-8,6,-7,4,-5,3,-3,1,-1,-1,1,-2,2,-3,4,-5,7,-6,8,-6,10,-8,12,-8,13,-9,15,-8,15,-8,14,0,0,-6,10,-5,8,-3,5,-2,2,0,-1,1,-4,3,-6,4,-8,5,-10,5,-11,6,-12,6,-12,6,-12,7,-12,6,-12,5,-11,5,-10,3,-8,2,-6,0,-4,-1,-1,-3,1,-5,3,-7,5,-8,7,-8,7,0,0,0,0,0,0,0,0,0,0]"
CSI_DATA,36762,80:af:ca:27:52:2a,-54,11,0,0,0,0,0,0,0,0,0,-97,0,11,2,482084213,0,83,0,128,0,"[0,0,0,0,0,0,0,0,0,0,0,0,7,9,7,9,6,8,4,6,3,4,1,2,0,0,-2,-1,-3,-3,-5,-4,-7,-6,-7,-7,-8,-7,-8,-7,-8,-7,-9,-7,-8,-7,-8,-7,-7,-7,-7,-5,-5,-3,-3,-3,-1,0,0,0,3,2,5,4,0,0,10,7,11,8,13,9,13,10,12,9,11,8,11,7,9,7,7,5,5,3,3,2,1,0,0,-1,-1,-3,-3,-5,-5,-7,-7,-9,-7,-10,-8,-11,-8,-12,-9,-12,-9,-12,-9,-11,-7,-11,-7,-8,-4,-7,0,0,0,0,0,0,0,0,0,0]"
CSI_DATA,36763,80:af:ca:27:52:2a,-54,11,1,1,1,1,1,0,0,0,0,-97,0,11,2,482092819,0,83,1,128,0,"[0,0,0,0,0,0,0,0,0,0,0,0,1,9,1,8,1,7,0,5,0,4,0,2,0,0,-1,-1,-1,-2,-1,-4,-2,-6,-2,-7,-2,-8,-3,-9,-3,-9,-3,-9,-3,-9,-3,-8,-2,-7,-2,-6,-2,-4,-1,-3,-1,-1,0,0,0,1,1,3,0,0,2,6,2,7,3,8,3,8,3,9,2,8,2,8,2,6,2,5,1,4,1,2,0,1,0,0,0,-1,0,-3,-1,-4,-1,-6,-1,-6,-1,-7,-1,-7,-1,-7,-1,-6,-1,-6,0,-5,0,-5,0,-4,0,0,0,0,0,0,0,0,0,0]"
CSI_DATA,36764,80:af:ca:27:52:2a,-54,11,1,1,1,1,1,0,0,0,0,-97,0,11,2,482101703,0,83,1,128,0,"[0,0,0,0,0,0,0,0,0,0,0,0,-2,-11,-1,-9,-1,-8,-1,-7,0,-5,0,-3,0,-1,0,0,0,2,1,4,1,6,1,7,2,9,2,9,2,9,2,9,2,9,2,8,1,7,1,6,1,4,0,2,0,1,0,-1,-1,-3,-1,-4,0,0,-2,-7,-3,-8,-3,-9,-3,-9,-3,-9,-3,-9,-3,-8,-2,-7,-2,-6,-1,-4,-1,-3,-1,-1,0,0,0,1,0,3,0,4,0,5,0,6,0,6,0,6,0,6,0,6,0,6,0,4,0,4,0,3,0,0,0,0,0,0,0,0,0,0]"
CSI_DATA,36765,80:af:ca:27:52:2a,-53,11,0,0,0,0,0,0,0,0,0,-97,0,11,2,482111486,0,83,0,128,0,"[0,0,0,0,0,0,0,0,0,0,0,0,-14,0,-14,0,-12,0,-10,0,-6,0,-4,0,0,0,2,0,5,0,7,0,10,0,12,1,12,1,12,1,12,1,13,1,12,1,11,1,10,1,8,1,6,0,3,0,0,0,-2,-2,-6,-3,-8,-5,0,0,-14,-7,-16,-9,-17,-9,-17,-10,-15,-10,-14,-9,-12,-8,-11,-6,-9,-6,-6,-4,-5,-2,-2,0,0,1,0,4,1,6,2,8,4,11,4,12,5,13,5,14,5,14,5,14,4,13,4,12,3,9,2,6,0,0,0,0,0,0,0,0,0,0]"
CSI_DATA,36766,80:af:ca:27:52:2a,-54,11,1,1,1,1,1,0,0,0,0,-97,0,11,2,482122656,0,83,1,128,0,"[0,0,0,0,0,0,0,0,0,0,0,0,1,-4,2,-6,4,-7,5,-9,7,-9,7,-10,7,-10,7,-9,7,-9,7,-8,6,-7,4,-6,3,-4,2,-2,0,-1,-1,0,-3,2,-4,3,-6,4,-7,5,-9,6,-9,7,-9,7,-9,7,-9,7,-9,6,0,0,-7,4,-4,3,-3,2,-1,1,0,0,2,0,4,-1,6,-1,8,-2,9,-2,9,-2,10,-2,9,-2,9,-2,9,-2,7,-1,6,-1,4,-1,3,-1,1,-1,0,-2,-1,-2,-2,-2,-4,-2,-5,-2,-5,-3,0,0,0,0,0,0,0,0,0,0]"
CSI_DATA,36767,80:af:ca:27:52:2a,-54,11,0,0,0,0,0,0,0,0,0,-97,0,11,2,482138028,0,83,0,128,0,"[0,0,0,0,0,0,0,0,0,0,0,0,12,3,12,3,11,3,9,2,7,2,4,1,1,0,0,0,-3,0,-6,0,-8,-1,-10,-2,-11,-2,-11,-2,-11,-2,-13,-2,-12,-2,-11,-1,-11,-2,-10,-1,-8,0,-6,0,-3,0,0,0,3,0,6,0,0,0,12,1,14,1,16,1,17,2,16,2,15,2,13,2,11,1,10,1,7,0,5,0,2,0,0,0,-2,-2,-4,-3,-7,-3,-10,-5,-11,-6,-12,-7,-12,-8,-13,-8,-13,-8,-12,-8,-11,-7,-10,-5,-7,-4,0,0,0,0,0,0,0,0,0,0]"
CSI_DATA,36768,80:af:ca:27:52:2a,-54,11,1,1,1,1,1,0,0,0,0,-97,0,11,2,482146836,0,83,1,128,0,"[0,0,0,0,0,0,0,0,0,0,0,0,-3,-2,-5,-4,-6,-6,-7,-7,-8,-9,-8,-10,-9,-10,-8,-10,-8,-10,-7,-10,-6,-9,-5,-7,-4,-6,-3,-3,-1,-2,0,0,1,2,3,4,3,6,4,7,6,9,6,10,6,10,6,10,6,10,6,10,0,0,4,7,3,5,2,3,1,1,0,0,0,-3,0,-5,-1,-7,-1,-9,-2,-10,-2,-11,-1,-12,-1,-12,-1,-11,-1,-11,-1,-10,-1,-8,-1,-6,-1,-4,-1,-3,-1,-1,-2,0,-2,2,-3,3,-3,4,-3,5,0,0,0,0,0,0,0,0,0,0]"
CSI_DATA,36769,80:af:ca:27:52:2a,-55,11,0,0,0,0,0,0,0,0,0,-97,0,11,2,482156858,0,83,0,128,0,"[0,0,0,0,0,0,0,0,0,0,0,0,2,1,2,4,4,8,5,9,5,11,5,11,5,12,4,12,4,11,3,10,3,8,2,7,1,4,0,2,0,0,0,0,-1,-2,-2,-4,-3,-7,-4,-8,-5,-10,-6,-12,-7,-13,-7,-15,-7,-15,-7,-14,0,0,-5,-11,-4,-8,-3,-5,-1,-2,0,0,0,2,0,4,0,6,1,8,1,9,1,11,1,11,1,11,1,11,1,11,1,10,1,9,0,7,0,4,0,2,0,0,1,-1,1,-4,1,-6,1,-8,2,-9,0,0,0,0,0,0,0,0,0,0]"
CSI_DATA,36770,80:af:ca:27:52:2a,-54,11,0,0,0,0,0,0,0,0,0,-97,0,11,2,482170666,0,83,0,128,0,"[0,0,0,0,0,0,0,0,0,0,0,0,-4,-13,-3,-13,-2,-12,-2,-9,-1,-7,-1,-4,0,-1,0,1,0,3,0,5,0,8,-1,9,-1,10,-1,11,-1,11,-1,11,-2,11,-1,10,-2,9,-1,8,0,6,0,5,0,2,1,0,2,-3,4,-5,0,0,6,-11,8,-11,8,-14,9,-13,9,-12,8,-12,8,-11,7,-9,5,-8,4,-6,2,-5,0,-3,0,-2,-2,-1,-5,0,-7,0,-9,0,-11,0,-12,1,-14,0,-14,0,-14,0,-14,0,-12,0,-11,0,-8,0,0,0,0,0,0,0,0,0,0,0]"
CSI_DATA,36771,80:af:ca:27:52:2a,-54,11,1,1,1,1,1,0,0,0,0,-97,0,11,2,482198675,0,83,1,128,0,"[0,0,0,0,0,0,0,0,0,0,0,0,8,2,7,2,6,2,4,2,3,1,2,1,0,0,-1,0,-2,0,-4,-1,-6,-2,-7,-2,-7,-2,-8,-2,-8,-2,-8,-3,-8,-2,-7,-2,-6,-2,-5,-2,-4,-1,-3,-1,-1,0,0,0,1,0,2,1,0,0,5,2,6,2,7,3,7,3,7,3,7,3,7,3,6,2,5,2,4,1,2,0,1,0,0,0,0,-1,-1,-2,-2,-3,-3,-3,-4,-4,-4,-4,-4,-4,-4,-4,-4,-4,-4,-4,-3,-4,-3,-3,-2,-3,0,0,0,0,0,0,0,0,0,0]"
CSI_DATA,36772,80:af:ca:27:52:2a,-54,11,0,0,0,0,0,0,0,0,0,-97,0,11,2,482210723,0,83,0,128,0,"[0,0,0,0,0,0,0,0,0,0,0,0,12,4,12,5,11,5,8,4,5,3,2,2,0,1,-1,0,-4,0,-6,-1,-9,-1,-10,-2,-11,-2,-12,-2,-11,-2,-13,-2,-12,-2,-12,-1,-10,-2,-9,-1,-7,0,-5,0,-2,0,0,0,3,0,6,0,0,0,13,0,15,0,17,0,17,0,16,0,16,0,14,0,12,0,10,0,7,0,5,0,2,0,0,0,-2,-1,-4,-2,-7,-2,-11,-3,-12,-4,-14,-4,-15,-5,-16,-4,-16,-4,-15,-4,-14,-4,-12,-3,-9,-2,0,0,0,0,0,0,0,0,0,0]"
CSI_DATA,36773,80:af:ca:27:52:2a,-55,11,1,1,1,1,1,0,0,0,0,-97,0,11,2,482219100,0,83,1,128,0,"[0,0,0,0,0,0,0,0,0,0,0,0,0,-8,0,-8,0,-6,1,-5,0,-4,0,-2,0,-1,0,1,0,2,0,4,0,5,0,6,0,7,0,7,0,8,0,8,0,7,1,7,0,6,0,5,0,4,0,2,0,1,0,0,0,-2,-1,-3,0,0,-1,-6,-1,-7,-1,-8,-2,-8,-1,-8,-1,-8,-1,-7,-1,-7,-1,-6,-1,-5,-1,-3,-1,-2,0,0,0,1,0,2,0,3,0,4,-1,5,-1,6,-1,6,0,6,-1,6,-1,5,0,5,-1,4,0,3,0,0,0,0,0,0,0,0,0,0]"
CSI_DATA,36774,80:af:ca:27:52:2a,-54,11,1,1,1,1,1,0,0,0,0,-97,0,11,2,482225919,0,83,1,128,0,"[0,0,0,0,0,0,0,0,0,0,0,0,-10,-3,-9,-3,-7,-3,-6,-3,-4,-2,-2,-1,0,-1,1,0,3,0,5,0,7,1,8,1,9,1,10,1,10,1,10,1,9,1,9,1,7,0,6,0,4,0,2,0,0,0,-1,0,-3,0,-5,-1,0,0,-8,-1,-9,-1,-10,-1,-11,-1,-11,-1,-10,-1,-9,-1,-8,-1,-7,-1,-5,0,-3,0,-1,0,0,0,1,1,3,1,4,1,5,2,6,2,6,3,7,2,7,3,6,3,5,2,5,2,4,1,3,1,0,0,0,0,0,0,0,0,0,0]"
CSI_DATA,36775,80:af:ca:27:52:2a,-54,11,1,1,1,1,1,0,0,0,0,-97,0,11,2,482255439,0,83,1,128,0,"[0,0,0,0,0,0,0,0,0,0,0,0,0,-11,0,-9,0,-8,0,-6,0,-4,0,-2,0,0,0,1,0,3,0,5,1,7,1,8,1,9,1,10,1,10,1,10,1,9,1,8,1,7,1,5,0,3,0,2,0,0,0,-1,-1,-3,-1,-5,0,0,-3,-8,-3,-9,-3,-9,-3,-9,-3,-10,-3,-9,-3,-8,-2,-7,-2,-6,-2,-4,-1,-2,-1,-1,0,0,0,2,0,3,0,5,0,5,1,6,1,7,1,7,1,7,1,6,1,5,0,5,0,4,0,3,0,0,0,0,0,0,0,0,0,0]"
CSI_DATA,36776,80:af:ca:27:52:2a,-55,11,1,1,1,1,1,0,0,0,0,-97,0,11,2,482278957,0,83,1,128,0,"[0,0,0,0,0,0,0,0,0,0,0,0,3,2,4,4,5,6,6,7,6,8,6,9,6,9,5,9,4,8,4,8,4,6,2,5,2,3,0,2,0,0,-1,-2,-2,-4,-2,-6,-2,-7,-3,-8,-4,-10,-4,-10,-4,-10,-4,-10,-4,-10,-4,-9,0,0,-2,-6,-2,-5,-2,-3,-2,-1,-2,0,-1,2,-1,4,-2,6,-2,8,-2,8,-2,9,-2,10,-2,10,-2,9,-2,8,-2,7,-2,6,-1,4,0,3,0,2,0,0,2,0,2,-1,3,-2,4,-3,4,-3,0,0,0,0,0,0,0,0,0,0]"
CSI_DATA,36777,80:af:ca:27:52:2a,-55,11,1,1,1,1,1,0,0,0,0,-97,0,11,2,482288106,0,83,1,128,0,"[0,0,0,0,0,0,0,0,0,0,0,0,-8,0,-8,0,-7,0,-5,0,-4,0,-2,0,0,0,1,-1,2,-1,4,-1,6,-1,7,-1,7,-1,8,-1,8,-1,8,-1,8,-1,7,-1,6,-1,5,-1,3,-1,2,0,0,0,-1,0,-2,0,-4,0,0,0,-7,0,-8,0,-8,0,-9,0,-9,0,-8,0,-8,0,-7,0,-6,0,-5,0,-3,0,-1,0,0,0,1,0,2,1,3,1,5,1,5,1,6,2,6,2,6,2,6,2,5,2,5,1,3,1,3,1,0,0,0,0,0,0,0,0,0,0]"
CSI_DATA,36778,80:af:ca:27:52:2a,-54,11,1,1,1,1,1,0,0,0,0,-97,0,11,2,482296600,0,83,1,128,0,"[0,0,0,0,0,0,0,0,0,0,0,0,-2,8,-2,8,-2,6,-2,5,-1,3,-1,1,0,0,0,-1,1,-3,1,-4,2,-6,2,-7,3,-8,3,-8,4,-9,4,-8,4,-8,3,-8,2,-7,2,-5,1,-4,0,-2,0,-1,-1,0,-2,1,-3,2,0,0,-4,5,-5,5,-6,6,-6,7,-7,7,-6,6,-6,5,-5,5,-4,4,-3,3,-2,2,0,1,0,0,1,0,2,-1,4,-1,5,-1,5,-2,6,-2,6,-1,6,-1,6,-1,5,-1,4,-1,4,-1,3,-1,0,0,0,0,0,0,0,0,0,0]"
CSI_DATA,36779,80:af:ca:27:52:2a,-54,11,0,0,0,0,0,0,0,0,0,-97,0,11,2,482309558,0,83,0,128,0,"[0,0,0,0,0,0,0,0,0,0,0,0,-5,-13,-4,-13,-2,-11,-2,-9,-1,-5,-1,-3,0,0,0,3,-1,5,-1,7,-1,10,-2,11,-2,11,-3,12,-3,11,-3,12,-3,10,-3,10,-3,9,-2,7,-1,5,0,3,0,0,3,-1,5,-5,7,-6,0,0,10,-10,12,-10,14,-11,14,-11,13,-10,12,-9,11,-8,9,-6,7,-5,5,-5,2,-4,0,-3,-1,-3,-5,-3,-6,-3,-9,-3,-11,-3,-12,-5,-13,-5,-14,-5,-15,-5,-14,-5,-13,-5,-12,-5,-10,-4,-8,-2,0,0,0,0,0,0,0,0,0,0]"
CSI_DATA,36780,80:af:ca:27:52:2a,-54,11,0,0,0,0,0,0,0,0,0,-97,0,11,2,482321829,0,83,0,128,0,"[0,0,0,0,0,0,0,0,0,0,0,0,0,-4,2,-7,4,-10,4,-12,6,-13,7,-12,7,-12,7,-12,7,-10,6,-9,5,-8,4,-6,2,-4,0,-2,0,0,-2,0,-3,0,-5,1,-8,2,-9,3,-11,4,-13,5,-13,4,-16,4,-15,4,-14,3,0,0,-10,2,-8,2,-5,1,-1,1,0,1,3,1,5,1,7,2,8,2,9,3,10,3,10,4,10,4,10,4,9,4,8,3,8,3,6,2,4,0,3,0,1,-1,0,-3,0,-5,0,-7,-1,-8,-1,-9,0,0,0,0,0,0,0,0,0,0]"
CSI_DATA,36781,80:af:ca:27:52:2a,-55,11,1,1,1,1,1,0,0,0,0,-97,0,11,2,482329865,0,83,1,128,0,"[0,0,0,0,0,0,0,0,0,0,0,0,-3,0,-6,-1,-7,-2,-8,-3,-9,-4,-10,-4,-10,-4,-9,-5,-8,-5,-8,-5,-7,-4,-6,-4,-4,-2,-2,-2,-1,0,0,0,1,2,2,3,2,5,4,6,4,7,4,8,4,8,4,8,4,8,4,7,0,0,2,6,2,4,2,2,1,1,1,0,1,-2,1,-4,1,-5,1,-6,2,-7,2,-8,2,-8,2,-8,2,-8,2,-7,2,-6,1,-6,1,-5,0,-4,0,-2,0,-2,-2,-1,-2,0,-3,0,-4,0,-4,0,0,0,0,0,0,0,0,0,0,0]"
CSI_DATA,36782,80:af:ca:27:52:2a,-55,11,1,1,1,1,1,0,0,0,0,-97,0,11,2,482341734,0,83,1,128,0,"[0,0,0,0,0,0,0,0,0,0,0,0,-2,0,-4,-1,-6,-2,-7,-2,-9,-3,-9,-4,-9,-4,-9,-4,-9,-4,-9,-4,-8,-3,-7,-3,-5,-2,-3,-2,-2,0,0,0,1,0,2,1,4,2,5,3,7,3,7,4,8,4,8,4,8,4,7,4,0,0,6,2,4,2,3,1,2,0,0,0,0,-2,-2,-2,-3,-4,-4,-4,-5,-5,-6,-6,-6,-7,-6,-7,-6,-7,-5,-7,-5,-6,-4,-5,-4,-4,-3,-3,-2,-2,-1,-1,-1,0,0,1,0,2,0,3,0,4,0,0,0,0,0,0,0,0,0,0]"
CSI_DATA,36783,80:af:ca:27:52:2a,-54,11,0,0,0,0,0,0,0,0,0,-97,0,11,2,482361884,0,83,0,128,0,"[0,0,0,0,0,0,0,0,0,0,0,0,-2,13,-3,13,-3,13,-2,9,-2,7,-2,4,-1,1,-1,-1,0,-4,0,-6,0,-8,0,-10,0,-11,0,-12,0,-12,0,-13,0,-13,0,-12,0,-11,0,-9,0,-8,0,-5,0,-3,0,0,0,3,0,7,0,0,0,12,0,14,1,16,1,17,0,16,1,15,1,13,0,12,0,9,0,7,0,4,0,2,0,0,0,-3,0,-5,0,-8,0,-10,1,-12,1,-13,1,-15,1,-15,1,-15,0,-15,0,-13,0,-11,0,-8,0,0,0,0,0,0,0,0,0,0]"
CSI_DATA,36784,80:af:ca:27:52:2a,-53,11,0,0,0,0,0,0,0,0,0,-97,0,11,2,482379572,0,83,0,128,0,"[0,0,0,0,0,0,0,0,0,0,0,0,11,7,10,8,9,8,6,6,4,5,1,2,0,0,-3,0,-6,-1,-7,-3,-10,-4,-11,-6,-12,-6,-12,-6,-12,-5,-13,-6,-12,-6,-11,-5,-10,-5,-8,-4,-6,-2,-4,-2,-1,0,1,0,5,1,8,2,0,0,14,4,16,5,18,5,18,5,16,5,16,5,14,4,12,3,9,2,6,1,5,0,1,0,0,-1,-3,-2,-5,-4,-7,-5,-11,-6,-12,-7,-13,-7,-14,-8,-14,-8,-14,-8,-13,-7,-12,-6,-11,-6,-8,-4,0,0,0,0,0,0,0,0,0,0]"
CSI_DATA,36785,80:af:ca:27:52:2a,-54,11,0,0,0,0,0,0,0,0,0,-97,0,11,2,482389443,0,83,0,128,0,"[0,0,0,0,0,0,0,0,0,0,0,0,3,4,3,7,3,10,4,11,4,14,4,14,4,15,4,14,3,13,3,11,2,9,2,7,1,5,0,2,-1,0,-2,-2,-3,-4,-4,-6,-5,-8,-6,-9,-7,-10,-9,-13,-9,-14,-10,-16,-10,-15,-9,-14,0,0,-7,-9,-6,-7,-4,-5,-2,-2,0,1,2,3,3,5,5,6,5,8,6,9,7,10,7,10,7,10,7,10,7,9,6,8,6,7,4,5,3,3,2,1,0,-1,-1,-3,-2,-6,-3,-8,-4,-9,-5,-10,0,0,0,0,0,0,0,0,0,0]"
CSI_DATA,36786,80:af:ca:27:52:2a,-55,11,0,0,0,0,0,0,0,0,0,-97,0,11,2,482408235,0,83,0,128,0,"[0,0,0,0,0,0,0,0,0,0,0,0,11,-1,12,0,11,0,8,0,6,0,3,0,0,0,-2,0,-4,0,-6,0,-8,-1,-10,-2,-11,-2,-11,-3,-11,-3,-11,-3,-11,-3,-10,-3,-9,-3,-7,-2,-6,-1,-4,0,-2,0,0,1,3,3,5,3,0,0,9,7,11,7,11,9,11,9,11,9,11,8,10,7,7,6,7,5,5,3,3,2,2,0,1,-1,0,-3,0,-5,-1,-7,-2,-10,-2,-11,-2,-12,-2,-13,-3,-14,-2,-14,-2,-13,-1,-12,-2,-11,-1,-8,0,0,0,0,0,0,0,0,0,0]"
CSI_DATA,36787,80:af:ca:27:52:2a,-55,11,1,1,1,1,1,0,0,0,0,-97,0,11,2,482417714,0,83,1,128,0,"[0,0,0,0,0,0,0,0,0,0,0,0,2,-2,4,-3,6,-3,7,-3,8,-4,9,-4,10,-4,10,-3,10,-3,8,-3,8,-2,6,-2,4,-2,2,-1,0,-1,0,0,-2,0,-4,0,-6,0,-8,0,-9,1,-10,1,-10,1,-10,1,-10,1,-9,1,0,0,-7,0,-6,0,-4,0,-2,0,0,0,1,0,3,0,5,0,6,1,7,1,8,1,8,2,8,2,8,2,7,2,6,2,5,1,4,0,3,0,2,0,0,-1,0,-2,-2,-2,-2,-3,-3,-4,-3,-4,0,0,0,0,0,0,0,0,0,0]"
CSI_DATA,36788,80:af:ca:27:52:2a,-54,11,1,1,1,1,1,0,0,0,0,-97,0,11,2,482457470,0,83,1,128,0,"[0,0,0,0,0,0,0,0,0,0,0,0,1,10,1,8,0,7,0,6,0,4,0,2,0,0,0,-1,0,-3,-1,-5,-1,-7,-1,-8,-1,-9,-1,-10,-1,-10,-1,-10,-1,-10,-1,-8,-1,-7,-1,-6,-1,-4,0,-3,0,-1,0,0,0,2,0,3,0,0,0,7,0,7,0,8,0,8,0,9,0,8,0,8,0,7,0,5,0,4,0,2,0,1,0,0,1,-1,1,-2,1,-4,1,-5,1,-5,1,-6,1,-6,1,-7,1,-6,1,-5,1,-5,1,-4,1,-4,0,0,0,0,0,0,0,0,0,0]"
CSI_DATA,36789,80:af:ca:27:52:2a,-54,11,1,1,1,1,1,0,0,0,0,-97,0,11,2,482465375,0,83,1,128,0,"[0,0,0,0,0,0,0,0,0,0,0,0,0,-10,1,-9,1,-7,1,-6,0,-5,0,-3,0,-1,0,0,0,2,0,4,0,5,0,7,0,7,0,8,0,8,0,8,0,8,0,8,0,7,0,5,0,4,0,2,0,1,0,0,0,-2,-1,-4,0,0,-1,-6,-1,-7,-1,-8,-1,-8,-1,-8,-1,-8,-1,-8,-1,-7,-1,-6,-1,-4,-1,-3,-1,-1,0,0,0,1,0,2,0,3,0,4,0,5,0,5,0,5,0,5,0,5,0,5,0,4,0,4,0,2,0,0,0,0,0,0,0,0,0,0]"
CSI_DATA,36790,80:af:ca:27:52:2a,-54,11,0,0,0,0,0,0,0,0,0,-97,0,11,2,482477811,0,83,0,128,0,"[0,0,0,0,0,0,0,0,0,0,0,0,-12,6,-13,6,-12,5,-9,4,-6,2,-4,0,-1,0,0,-1,1,-3,4,-4,6,-6,7,-7,8,-7,9,-7,8,-7,9,-8,8,-7,7,-7,7,-6,5,-5,4,-4,2,-3,0,-1,-1,0,-3,2,-6,4,0,0,-10,8,-12,9,-13,10,-13,10,-13,10,-12,10,-11,9,-9,7,-8,6,-5,4,-3,3,-1,1,0,0,2,0,4,-1,6,-3,9,-4,11,-4,12,-5,13,-5,14,-6,14,-5,13,-5,12,-5,10,-4,7,-3,0,0,0,0,0,0,0,0,0,0]"
CSI_DATA,36791,80:af:ca:27:52:2a,-54,11,0,0,0,0,0,0,0,0,0,-97,0,11,2,482491674,0,83,0,128,0,"[0,0,0,0,0,0,0,0,0,0,0,0,13,2,13,2,12,3,9,2,6,1,3,0,0,0,-1,0,-4,0,-7,-1,-9,-1,-11,-2,-11,-2,-12,-2,-12,-2,-13,-2,-12,-2,-11,-2,-10,-2,-9,-1,-7,-1,-5,0,-2,0,0,0,4,0,7,1,0,0,13,2,15,3,16,3,17,3,16,3,15,3,13,3,11,2,9,1,6,0,4,0,1,0,0,-1,-2,-2,-4,-4,-6,-5,-9,-6,-10,-8,-11,-8,-12,-9,-12,-9,-12,-9,-12,-9,-10,-8,-8,-6,-7,-4,0,0,0,0,0,0,0,0,0,0]"
CSI_DATA,36792,80:af:ca:27:52:2a,-55,11,1,1,1,1,1,0,0,0,0,-97,0,11,2,482499552,0,83,1,128,0,"[0,0,0,0,0,0,0,0,0,0,0,0,0,3,-1,5,-2,8,-3,9,-4,10,-5,11,-5,12,-5,11,-5,11,-5,10,-4,9,-4,8,-2,5,-2,3,0,1,0,-1,1,-2,2,-5,3,-6,4,-8,5,-9,5,-10,5,-11,5,-11,5,-10,5,-10,0,0,3,-8,2,-6,1,-4,0,-2,-1,-1,-2,0,-4,2,-5,3,-6,5,-8,5,-8,5,-8,6,-8,6,-8,5,-8,5,-7,5,-5,4,-5,3,-3,2,-2,1,0,0,1,0,2,0,3,0,5,0,5,0,0,0,0,0,0,0,0,0,0,0]"
CSI_DATA,36793,80:af:ca:27:52:2a,-55,11,0,0,0,0,0,0,0,0,0,-97,0,11,2,482522157,0,83,0,128,0,"[0,0,0,0,0,0,0,0,0,0,0,0,13,3,13,3,12,4,10,3,6,3,4,1,1,0,-1,0,-3,0,-6,0,-8,-1,-10,-2,-11,-2,-11,-2,-11,-2,-13,-3,-12,-3,-10,-2,-10,-2,-9,-2,-7,-1,-5,-1,-3,0,0,0,3,0,6,0,0,0,11,1,13,2,15,2,15,2,15,2,14,2,13,2,10,1,9,1,6,0,4,0,2,0,0,-1,-2,-2,-3,-3,-6,-3,-9,-4,-10,-5,-11,-6,-13,-6,-13,-6,-13,-6,-13,-6,-11,-6,-10,-4,-8,-3,0,0,0,0,0,0,0,0,0,0]"
CSI_DATA,36794,80:af:ca:27:52:2a,-54,11,0,0,0,0,0,0,0,0,0,-97,0,11,2,482532007,0,83,0,128,0,"[0,0,0,0,0,0,0,0,0,0,0,0,-4,-2,-6,-5,-7,-8,-9,-9,-10,-11,-9,-12,-10,-12,-9,-12,-9,-11,-8,-10,-7,-9,-6,-8,-4,-5,-3,-4,-1,-2,0,-1,2,1,4,3,5,5,7,6,8,7,10,8,11,9,12,11,13,10,12,10,0,0,9,7,7,6,5,3,2,1,0,-1,-3,-3,-5,-5,-6,-6,-8,-7,-9,-8,-10,-9,-10,-9,-10,-10,-10,-10,-10,-10,-9,-9,-9,-8,-7,-7,-6,-5,-4,-3,-2,-1,0,1,1,4,3,6,4,8,4,8,0,0,0,0,0,0,0,0,0,0]"
CSI_DATA,36795,80:af:ca:27:52:2a,-55,11,1,1,1,1,1,0,0,0,0,-97,0,11,2,482541924,0,83,1,128,0,"[0,0,0,0,0,0,0,0,0,0,0,0,-2,-3,-2,-5,-2,-7,-3,-8,-3,-9,-3,-10,-3,-11,-3,-10,-2,-10,-2,-9,-2,-8,-2,-7,-1,-5,0,-3,0,-1,0,0,0,2,2,4,2,5,2,7,3,7,4,8,4,9,4,9,4,8,4,7,0,0,3,5,2,4,1,2,1,1,0,0,0,-2,-1,-4,-2,-5,-2,-7,-3,-8,-3,-9,-3,-9,-3,-9,-3,-9,-3,-9,-2,-7,-2,-7,-2,-5,-2,-3,-1,-2,-1,0,0,0,0,2,0,3,0,4,0,5,0,0,0,0,0,0,0,0,0,0]"
CSI_DATA,36796,80:af:ca:27:52:2a,-53,11,1,1,1,1,1,0,0,0,0,-97,0,11,2,482563101,0,83,1,128,0,"[0,0,0,0,0,0,0,0,0,0,0,0,-1,11,-1,10,-1,8,-1,8,-1,5,-1,3,0,0,0,-1,0,-4,0,-5,0,-8,0,-9,0,-10,-1,-11,-1,-12,-1,-12,-1,-11,-1,-10,-1,-9,-1,-8,-1,-6,0,-4,0,-2,0,0,0,2,0,4,0,0,1,7,1,8,1,9,1,10,2,10,1,10,1,9,1,8,1,6,0,5,0,3,0,1,0,0,0,-2,0,-3,0,-5,0,-6,0,-7,0,-7,0,-8,0,-8,0,-7,0,-6,0,-6,0,-5,0,-4,0,0,0,0,0,0,0,0,0,0]"
CSI_DATA,36797,80:af:ca:27:52:2a,-54,11,0,0,0,0,0,0,0,0,0,-97,0,11,2,482587898,0,83,0,128,0,"[0,0,0,0,0,0,0,0,0,0,0,0,5,-13,5,-13,6,-11,4,-9,3,-6,2,-3,1,0,0,1,0,3,-2,6,-2,8,-3,10,-3,10,-4,11,-3,10,-4,11,-4,11,-3,10,-3,8,-3,7,-2,5,-1,3,0,0,0,-1,0,-5,2,-7,0,0,3,-13,4,-15,4,-16,4,-15,4,-15,3,-15,3,-13,3,-11,2,-9,1,-7,0,-4,0,-2,-1,0,-3,1,-3,3,-5,6,-6,8,-7,9,-7,10,-8,11,-8,11,-8,11,-7,11,-7,10,-5,8,-4,6,0,0,0,0,0,0,0,0,0,0]"
CSI_DATA,36798,80:af:ca:27:52:2a,-54,11,1,1,1,1,1,0,0,0,0,-97,0,11,2,482596676,0,83,1,128,0,"[0,0,0,0,0,0,0,0,0,0,0,0,-2,1,-5,2,-8,2,-9,2,-10,2,-11,2,-12,3,-11,2,-11,2,-10,2,-10,2,-8,1,-5,1,-4,0,-2,0,0,0,2,-1,4,-1,6,-2,8,-2,9,-3,10,-3,10,-3,10,-3,10,-3,9,-3,0,0,7,-2,5,-2,3,-2,2,-1,0,-1,-2,0,-4,0,-6,0,-8,0,-9,0,-10,0,-10,0,-10,0,-10,0,-10,0,-8,0,-7,0,-5,0,-4,0,-2,0,-1,0,0,0,1,0,2,1,4,1,4,2,0,0,0,0,0,0,0,0,0,0]"
CSI_DATA,36799,80:af:ca:27:52:2a,-55,11,1,1,1,1,1,0,0,0,0,-97,0,11,2,482604096,0,83,1,128,0,"[0,0,0,0,0,0,0,0,0,0,0,0,1,7,0,7,0,6,0,5,0,4,0,2,0,0,0,0,0,-2,0,-3,-1,-4,-1,-6,-1,-6,-1,-7,-1,-7,-1,-7,-1,-7,-1,-7,-1,-6,-1,-5,0,-4,0,-2,0,-1,0,0,0,1,0,2,0,0,0,5,0,6,0,6,0,7,0,7,0,7,0,6,0,6,0,5,0,4,0,2,0,1,0,0,0,0,0,-2,0,-3,0,-4,0,-4,0,-5,0,-5,0,-5,0,-5,1,-5,0,-4,0,-4,0,-3,0,0,0,0,0,0,0,0,0,0]"
CSI_DATA,36800,80:af:ca:27:52:2a,-54,11,0,0,0,0,0,0,0,0,0,-97,0,11,2,482614303,0,83,0,128,0,"[0,0,0,0,0,0,0,0,0,0,0,0,1,-4,5,-5,8,-6,9,-8,11,-8,11,-8,12,-9,12,-8,10,-7,10,-6,8,-6,6,-5,5,-3,3,-2,0,0,0,0,-2,1,-4,3,-6,4,-7,6,-8,7,-10,9,-11,10,-12,11,-12,11,-11,11,0,0,-8,8,-6,6,-5,4,-2,2,0,0,1,-1,3,-3,5,-5,6,-6,7,-6,9,-8,9,-7,9,-7,9,-8,9,-8,8,-7,7,-7,6,-6,4,-5,2,-3,0,-1,-2,0,-4,0,-6,1,-8,2,-9,2,0,0,0,0,0,0,0,0,0,0]"
CSI_DATA,36801,80:af:ca:27:52:2a,-54,11,1,1,1,1,1,0,0,0,0,-97,0,11,2,482637931,0,83,1,128,0,"[0,0,0,0,0,0,0,0,0,0,0,0,12,0,11,0,9,0,8,0,6,0,2,0,0,0,-2,0,-4,0,-6,0,-8,0,-10,-1,-11,-1,-12,-1,-12,-1,-12,-1,-12,-1,-11,-1,-9,-1,-8,-1,-6,0,-4,0,-1,0,0,0,2,0,5,1,0,0,8,2,10,2,10,3,10,3,10,4,10,3,9,3,8,2,7,2,5,1,3,0,2,0,0,-1,-1,-2,-2,-4,-4,-4,-5,-6,-5,-6,-6,-6,-6,-7,-6,-7,-5,-6,-5,-6,-4,-6,-4,-5,-3,-4,0,0,0,0,0,0,0,0,0,0]"
CSI_DATA,36802,80:af:ca:27:52:2a,-54,11,1,1,1,1,1,0,0,0,0,-97,0,11,2,482647413,0,83,1,128,0,"[0,0,0,0,0,0,0,0,0,0,0,0,-11,-5,-10,-4,-9,-4,-7,-3,-5,-3,-2,-2,0,-1,1,0,3,0,5,1,7,2,9,3,9,3,10,4,11,4,11,4,9,4,9,3,7,3,6,2,4,1,2,0,0,0,-1,-1,-3,-1,-5,-3,0,0,-8,-4,-9,-5,-10,-5,-10,-5,-10,-5,-9,-5,-9,-5,-7,-4,-7,-3,-5,-2,-3,-1,-2,0,0,0,0,1,1,3,3,3,3,5,4,5,5,5,5,5,5,6,4,5,4,5,3,4,3,3,2,3,0,0,0,0,0,0,0,0,0,0]"
CSI_DATA,36803,80:af:ca:27:52:2a,-54,11,0,0,0,0,0,0,0,0,0,-97,0,11,2,482686844,0,83,0,128,0,"[0,0,0,0,0,0,0,0,0,0,0,0,1,-4,4,-6,7,-8,7,-10,9,-11,10,-10,10,-10,10,-10,9,-9,8,-8,6,-7,5,-5,3,-3,1,-1,0,0,0,0,-2,1,-3,3,-5,5,-6,7,-7,8,-9,10,-9,11,-11,12,-10,12,-9,11,0,0,-6,8,-5,6,-3,4,-1,1,0,0,1,-2,3,-4,5,-6,6,-7,6,-8,8,-9,7,-8,8,-9,8,-9,8,-8,7,-8,6,-7,4,-6,2,-4,0,-3,0,-1,-2,0,-5,0,-7,1,-8,2,-9,2,0,0,0,0,0,0,0,0,0,0]"
CSI_DATA,36804,80:af:ca:27:52:2a,-54,11,0,0,0,0,0,0,0,0,0,-97,0,11,2,482698241,0,83,0,128,0,"[0,0,0,0,0,0,0,0,0,0,0,0,-4,12,-5,12,-5,10,-4,8,-3,6,-2,3,-1,0,0,-1,0,-3,1,-6,2,-8,3,-10,3,-10,3,-10,3,-10,4,-12,3,-10,3,-10,3,-10,3,-8,1,-6,0,-5,0,-3,-1,0,-2,3,-3,5,0,0,-6,10,-6,12,-7,13,-8,13,-8,13,-7,13,-6,11,-6,10,-5,8,-3,6,-3,4,-1,2,0,0,2,0,3,-2,5,-4,6,-6,9,-6,10,-7,10,-8,11,-9,11,-8,10,-8,10,-7,8,-6,6,-5,0,0,0,0,0,0,0,0,0,0]"
CSI_DATA,36805,80:af:ca:27:52:2a,-54,11,1,1,1,1,1,0,0,0,0,-97,0,11,2,482706655,0,83,1,128,0,"[0,0,0,0,0,0,0,0,0,0,0,0,-7,-7,-6,-7,-5,-6,-4,-5,-3,-4,-1,-2,0,-1,1,0,3,1,4,3,5,4,6,5,6,6,7,6,7,6,7,6,6,6,6,6,5,4,4,3,3,2,1,1,0,0,0,-1,-2,-2,-3,-3,0,0,-5,-6,-6,-6,-6,-7,-7,-7,-7,-7,-6,-7,-6,-7,-6,-6,-4,-5,-4,-3,-3,-2,-2,-1,-1,0,0,1,0,3,1,4,1,5,2,6,2,6,2,6,2,6,2,6,1,6,1,5,1,4,1,3,0,0,0,0,0,0,0,0,0,0]"
CSI_DATA,36806,80:af:ca:27:52:2a,-54,11,0,0,0,0,0,0,0,0,0,-97,0,11,2,482723264,0,83,0,128,0,"[0,0,0,0,0,0,0,0,0,0,0,0,4,-1,7,0,10,2,12,2,13,2,13,3,14,4,13,4,12,4,10,3,9,2,7,3,5,1,3,1,0,0,-2,-1,-4,-1,-6,-2,-8,-3,-10,-3,-12,-3,-14,-4,-15,-4,-16,-5,-18,-5,-15,-5,0,0,-12,-3,-9,-2,-7,-2,-3,0,0,1,2,2,5,3,6,4,8,5,9,5,10,6,10,6,10,6,11,6,10,6,9,6,8,5,7,4,5,2,3,1,1,-1,-1,-3,-3,-5,-4,-7,-5,-9,-6,-9,0,0,0,0,0,0,0,0,0,0]"
CSI_DATA,36807,80:af:ca:27:52:2a,-54,11,0,0,0,0,0,0,0,0,0,-97,0,11,2,482731980,0,83,0,128,0,"[0,0,0,0,0,0,0,0,0,0,0,0,10,7,10,8,9,8,7,5,5,5,2,3,0,0,-2,0,-5,-1,-7,-3,-9,-4,-10,-5,-11,-5,-11,-5,-11,-4,-13,-5,-11,-5,-11,-4,-10,-4,-9,-3,-7,-2,-5,-2,-1,0,1,0,5,0,8,1,0,0,14,2,15,2,17,2,17,2,16,3,15,2,14,1,11,1,10,0,7,0,5,0,1,0,0,0,-3,-1,-5,-2,-8,-3,-11,-4,-12,-5,-14,-5,-15,-5,-15,-5,-15,-5,-14,-5,-13,-4,-10,-3,-8,-2,0,0,0,0,0,0,0,0,0,0]"
CSI_DATA,36808,80:af:ca:27:52:2a,-55,11,1,1,1,1,1,0,0,0,0,-97,0,11,2,482739964,0,83,1,128,0,"[0,0,0,0,0,0,0,0,0,0,0,0,1,3,1,5,1,6,1,8,1,9,0,10,0,10,0,10,0,9,0,8,0,7,0,6,0,4,0,2,0,0,0,-2,0,-3,-1,-5,-1,-6,-1,-8,-2,-8,-2,-9,-2,-10,-2,-10,-2,-9,-2,-8,0,0,-2,-6,-1,-5,-1,-3,-1,-1,-1,0,0,2,0,4,0,5,0,6,0,8,0,8,-1,8,0,8,0,8,0,7,0,6,0,5,0,4,0,2,0,1,0,0,0,-1,1,-2,2,-3,2,-4,2,-4,0,0,0,0,0,0,0,0,0,0]"
CSI_DATA,36809,80:af:ca:27:52:2a,-54,11,0,0,0,0,0,0,0,0,0,-97,0,11,2,482751327,0,83,0,128,0,"[0,0,0,0,0,0,0,0,0,0,0,0,-2,14,-3,14,-3,12,-2,10,-2,6,-2,3,-1,0,0,-2,0,-5,0,-7,0,-10,0,-11,0,-12,0,-13,0,-12,0,-14,0,-12,0,-11,0,-10,0,-9,0,-6,0,-5,0,-1,0,1,0,5,0,8,0,0,0,14,-1,15,-1,17,-1,17,-1,16,-1,15,0,14,0,11,0,9,0,6,0,5,0,2,0,0,1,-3,2,-5,2,-8,3,-10,4,-11,5,-13,5,-14,5,-14,5,-14,4,-13,4,-12,3,-10,1,-8,0,0,0,0,0,0,0,0,0,0]"
CSI_DATA,36810,80:af:ca:27:52:2a,-54,11,0,0,0,0,0,0,0,0,0,-97,0,11,2,482771144,0,83,0,128,0,"[0,0,0,0,0,0,0,0,0,0,0,0,9,-11,9,-11,9,-10,6,-8,5,-5,3,-3,0,0,-1,1,-3,3,-5,5,-6,6,-8,8,-9,8,-9,8,-9,8,-10,9,-9,8,-8,8,-8,7,-6,6,-5,5,-3,3,0,1,1,0,4,-3,6,-5,0,0,10,-8,12,-10,14,-10,14,-10,14,-10,13,-10,11,-9,10,-7,8,-6,5,-5,4,-4,1,-3,0,-1,-3,0,-5,0,-8,0,-10,1,-12,0,-14,1,-15,0,-15,1,-15,1,-15,1,-13,0,-11,0,-9,0,0,0,0,0,0,0,0,0,0,0]"
CSI_DATA,36811,80:af:ca:27:52:2a,-54,11,0,0,0,0,0,0,0,0,0,-97,0,11,2,482783006,0,83,0,128,0,"[0,0,0,0,0,0,0,0,0,0,0,0,-2,3,-4,6,-7,9,-7,10,-9,11,-10,12,-10,12,-10,12,-9,10,-8,9,-7,8,-7,7,-5,4,-3,2,-2,0,-1,-2,0,-3,2,-5,3,-8,4,-10,4,-11,5,-14,5,-14,7,-16,6,-16,6,-15,0,0,4,-12,3,-9,2,-6,0,-3,-1,0,-2,3,-3,5,-4,7,-4,9,-5,9,-6,11,-6,11,-6,11,-6,11,-6,11,-5,10,-4,9,-4,7,-2,5,-1,3,0,1,2,-2,3,-4,5,-6,6,-8,6,-8,0,0,0,0,0,0,0,0,0,0]"
CSI_DATA,36812,80:af:ca:27:52:2a,-54,11,1,1,1,1,1,0,0,0,0,-97,0,11,2,482792020,0,83,1,128,0,"[0,0,0,0,0,0,0,0,0,0,0,0,3,-1,5,-1,7,-1,9,-1,10,-1,11,0,12,0,12,0,11,0,10,0,10,0,8,0,6,0,3,0,1,0,0,0,-3,0,-5,1,-6,1,-8,2,-10,3,-10,3,-11,3,-11,3,-11,3,-10,3,0,0,-8,2,-6,1,-4,1,-2,0,0,0,1,0,3,-1,5,-2,6,-3,8,-3,9,-3,9,-3,9,-3,9,-3,8,-3,7,-3,6,-3,4,-2,3,-2,1,-1,0,-1,-1,0,-3,0,-4,0,-5,0,-6,0,0,0,0,0,0,0,0,0,0,0]"
CSI_DATA,36813,80:af:ca:27:52:2a,-54,11,1,1,1,1,1,0,0,0,0,-97,0,11,2,482801460,0,83,1,128,0,"[0,0,0,0,0,0,0,0,0,0,0,0,8,0,8,0,7,0,6,0,4,0,2,0,1,0,0,0,-2,0,-3,0,-5,0,-7,0,-7,0,-8,0,-8,0,-9,0,-8,0,-8,1,-7,0,-6,0,-4,0,-3,0,-1,0,0,0,1,0,3,0,0,0,6,-1,7,-1,7,-1,8,-1,8,-1,8,-1,7,-1,6,-1,6,-1,4,-1,2,-1,1,-1,0,-1,-1,-1,-2,-1,-3,-1,-4,-1,-6,-1,-6,-1,-6,-1,-6,-1,-6,-1,-6,-1,-5,-1,-4,-1,-3,0,0,0,0,0,0,0,0,0,0,0]"
CSI_DATA,36814,80:af:ca:27:52:2a,-54,11,1,1,1,1,1,0,0,0,0,-97,0,11,2,482808592,0,83,1,128,0,"[0,0,0,0,0,0,0,0,0,0,0,0,-9,2,-8,2,-7,2,-6,1,-4,1,-3,0,-1,0,0,-1,1,-2,2,-2,4,-3,5,-4,6,-4,6,-5,6,-5,7,-5,6,-5,6,-5,5,-4,4,-3,3,-3,2,-2,0,-1,0,0,-1,1,-2,2,0,0,-4,4,-5,5,-5,6,-6,6,-6,6,-6,6,-5,6,-4,5,-3,4,-3,3,-2,2,-1,1,0,0,1,-1,2,-2,2,-2,3,-3,3,-3,4,-4,4,-4,4,-4,4,-4,3,-4,3,-4,3,-3,2,-3,0,0,0,0,0,0,0,0,0,0]"
CSI_DATA,36815,80:af:ca:27:52:2a,-54,11,1,1,1,1,1,0,0,0,0,-97,0,11,2,482818509,0,83,1,128,0,"[0,0,0,0,0,0,0,0,0,0,0,0,-6,7,-5,7,-5,5,-4,4,-4,3,-2,1,-1,0,0,-1,0,-2,1,-4,1,-5,2,-7,2,-8,2,-8,2,-8,3,-9,2,-8,2,-8,2,-7,1,-6,1,-4,0,-3,0,-1,0,0,0,1,-1,3,0,0,-1,6,-1,7,-1,8,-1,8,-1,8,-1,8,-1,7,-1,7,-1,5,0,4,0,2,0,1,0,0,0,-1,0,-2,1,-4,1,-5,1,-5,1,-6,1,-6,1,-6,1,-6,1,-5,0,-5,0,-4,0,-3,0,0,0,0,0,0,0,0,0,0]"
CSI_DATA,36816,80:af:ca:27:52:2a,-55,11,0,0,0,0,0,0,0,0,0,-97,0,11,2,482829492,0,83,0,128,0,"[0,0,0,0,0,0,0,0,0,0,0,0,-14,-1,-14,-1,-13,-2,-10,-2,-7,-2,-5,-2,-2,-2,0,-2,3,-2,6,-3,7,-3,10,-3,10,-3,10,-3,10,-3,11,-3,10,-3,10,-3,9,-3,7,-3,5,-2,3,-1,1,0,-1,0,-4,2,-6,3,0,0,-11,6,-13,6,-13,7,-13,8,-13,7,-12,7,-10,6,-9,6,-7,5,-5,3,-3,2,-1,1,0,0,2,-1,3,-2,6,-3,8,-5,9,-5,10,-6,10,-6,10,-7,10,-7,10,-7,9,-6,7,-6,5,-4,0,0,0,0,0,0,0,0,0,0]"
CSI_DATA,36817,80:af:ca:27:52:2a,-54,11,1,1,1,1,1,0,0,0,0,-97,0,11,2,482864966,0,83,1,128,0,"[0,0,0,0,0,0,0,0,0,0,0,0,3,7,3,6,2,6,1,5,1,4,0,2,0,1,-1,0,-2,-1,-3,-2,-4,-4,-4,-4,-5,-5,-5,-5,-6,-6,-6,-6,-5,-5,-5,-5,-5,-4,-4,-4,-3,-3,-2,-2,-1,-1,0,0,1,0,2,1,0,0,5,2,5,3,6,3,6,3,6,4,6,3,6,3,5,2,4,2,3,1,2,1,1,0,0,0,-1,-1,-2,-2,-3,-2,-4,-3,-4,-3,-5,-3,-5,-3,-5,-3,-5,-3,-4,-3,-4,-2,-4,-2,-3,-2,0,0,0,0,0,0,0,0,0,0]"
CSI_DATA,36818,80:af:ca:27:52:2a,-54,11,0,0,0,0,0,0,0,0,0,-97,0,11,2,482876357,0,83,0,128,0,"[0,0,0,0,0,0,0,0,0,0,0,0,6,-12,7,-12,6,-11,5,-9,4,-6,3,-4,2,-1,0,0,0,3,-1,5,-2,7,-3,9,-3,10,-3,10,-3,10,-3,11,-3,10,-3,10,-3,10,-2,8,-1,6,-1,4,0,1,0,0,0,-4,0,-7,0,0,0,-13,0,-14,0,-16,0,-16,0,-16,0,-15,0,-13,0,-11,0,-10,0,-7,0,-5,0,-3,0,0,-1,1,-1,4,-1,6,-1,9,-3,10,-2,12,-3,13,-2,13,-2,13,-1,13,-1,11,0,10,0,7,0,0,0,0,0,0,0,0,0,0]"
CSI_DATA,36819,80:af:ca:27:52:2a,-54,11,1,1,1,1,1,0,0,0,0,-97,0,11,2,482885272,0,83,1,128,0,"[0,0,0,0,0,0,0,0,0,0,0,0,-3,-2,-5,-4,-6,-6,-6,-8,-7,-9,-7,-10,-8,-10,-8,-10,-7,-10,-6,-9,-6,-8,-5,-6,-3,-5,-2,-3,0,-1,0,0,2,1,3,3,5,3,6,5,7,5,8,6,9,6,9,6,9,6,8,5,0,0,6,3,4,2,3,1,1,0,0,0,-2,-1,-3,-3,-5,-3,-6,-4,-7,-5,-8,-6,-9,-6,-9,-6,-8,-5,-8,-4,-7,-4,-6,-3,-5,-2,-3,-1,-2,0,-1,0,0,0,1,2,2,2,3,3,3,3,0,0,0,0,0,0,0,0,0,0]"
CSI_DATA,36820,80:af:ca:27:52:2a,-54,11,1,1,1,1,1,0,0,0,0,-97,0,11,2,482893589,0,83,1,128,0,"[0,0,0,0,0,0,0,0,0,0,0,0,-6,-7,-6,-7,-4,-6,-4,-5,-2,-4,-1,-3,0,-2,1,0,2,0,3,1,4,2,6,2,7,3,7,3,7,3,7,3,7,3,7,2,6,2,4,2,3,1,2,1,0,0,0,0,-2,0,-3,0,0,0,-6,-1,-7,-1,-8,-1,-8,-1,-8,-1,-8,-1,-7,-1,-7,0,-6,0,-4,0,-3,0,-1,0,0,0,1,0,2,0,3,0,4,0,4,0,5,0,6,0,6,0,5,0,4,0,4,0,3,0,3,0,0,0,0,0,0,0,0,0,0,0]"
CSI_DATA,36821,80:af:ca:27:52:2a,-54,11,0,0,0,0,0,0,0,0,0,-97,0,11,2,482913895,0,83,0,128,0,"[0,0,0,0,0,0,0,0,0,0,0,0,4,-2,8,-2,11,-3,12,-4,14,-3,14,-3,15,-3,14,-2,13,-2,11,-2,10,-2,8,-1,5,-1,3,0,0,0,-1,0,-3,0,-6,1,-9,2,-11,3,-11,4,-14,5,-14,6,-17,6,-16,7,-15,6,0,0,-11,5,-9,3,-5,2,-2,0,0,0,2,-1,5,-2,8,-3,10,-4,11,-4,11,-5,11,-5,11,-5,12,-5,11,-5,11,-4,10,-4,7,-3,4,-2,2,-1,0,0,-3,0,-6,0,-9,0,-11,0,-11,0,0,0,0,0,0,0,0,0,0,0]"
CSI_DATA,36822,80:af:ca:27:52:2a,-54,11,0,0,0,0,0,0,0,0,0,-97,0,11,2,482924230,0,83,0,128,0,"[0,0,0,0,0,0,0,0,0,0,0,0,1,-4,3,-6,6,-8,7,-10,8,-11,9,-11,9,-11,9,-11,8,-10,8,-9,6,-9,6,-7,4,-5,2,-3,1,-2,-1,0,-2,2,-3,4,-5,6,-6,8,-7,9,-8,11,-9,12,-10,13,-10,14,-9,13,0,0,-7,10,-6,8,-4,5,-2,2,0,0,2,-3,3,-5,5,-6,6,-8,7,-9,8,-10,8,-10,8,-10,9,-10,8,-10,7,-9,7,-8,5,-7,3,-5,2,-4,-1,-2,-3,0,-5,2,-7,3,-9,4,-10,4,0,0,0,0,0,0,0,0,0,0]"
CSI_DATA,36823,80:af:ca:27:52:2a,-54,11,1,1,1,1,1,0,0,0,0,-97,0,11,2,482932467,0,83,1,128,0,"[0,0,0,0,0,0,0,0,0,0,0,0,-7,5,-6,5,-6,3,-5,3,-4,2,-2,1,-1,0,0,-1,1,-2,2,-3,3,-4,3,-5,5,-6,5,-6,5,-6,5,-6,5,-6,5,-6,4,-5,3,-4,2,-3,1,-2,0,-1,0,0,-1,1,-2,2,0,0,-4,4,-5,5,-5,5,-5,6,-6,6,-5,6,-5,5,-4,5,-3,4,-2,3,-1,2,-1,1,0,0,1,0,2,-1,2,-2,3,-2,4,-3,4,-3,5,-3,5,-3,4,-3,4,-3,3,-3,3,-2,2,-2,0,0,0,0,0,0,0,0,0,0]"
CSI_DATA,36824,80:af:ca:27:52:2a,-54,11,1,1,1,1,1,0,0,0,0,-97,0,11,2,482941767,0,83,1,128,0,"[0,0,0,0,0,0,0,0,0,0,0,0,1,-9,1,-8,1,-7,1,-6,1,-4,1,-2,0,-1,0,0,0,2,0,3,0,5,0,6,0,7,0,8,0,8,0,8,0,7,0,7,0,6,0,5,0,3,0,2,0,0,0,-1,0,-2,0,-3,0,0,0,-6,0,-7,0,-8,0,-8,0,-8,0,-8,-1,-7,0,-6,-1,-5,-1,-4,-1,-3,-1,-1,-1,0,-1,1,-1,2,-1,3,-1,4,-1,5,-1,5,-1,5,-1,5,-1,5,-1,5,0,4,0,3,0,2,0,0,0,0,0,0,0,0,0,0]"
CSI_DATA,36825,80:af:ca:27:52:2a,-55,11,1,1,1,1,1,0,0,0,0,-97,0,11,2,482951915,0,83,1,128,0,"[0,0,0,0,0,0,0,0,0,0,0,0,7,7,6,7,5,6,3,5,2,3,1,2,0,1,-1,0,-3,-1,-4,-2,-5,-3,-6,-5,-7,-6,-8,-6,-8,-6,-8,-6,-8,-6,-7,-5,-6,-5,-5,-3,-3,-2,-2,-1,-1,-1,0,0,1,1,3,2,0,0,6,3,6,3,7,4,7,4,8,4,7,3,7,3,6,3,5,2,3,1,2,0,1,0,0,-1,-1,-1,-2,-2,-3,-3,-4,-3,-5,-4,-5,-4,-5,-4,-5,-4,-5,-4,-5,-3,-4,-3,-3,-2,-3,-2,0,0,0,0,0,0,0,0,0,0]"
CSI_DATA,36826,80:af:ca:27:52:2a,-54,11,0,0,0,0,0,0,0,0,0,-97,0,11,2,482993502,0,83,0,128,0,"[0,0,0,0,0,0,0,0,0,0,0,0,-11,-7,-10,-8,-9,-8,-8,-6,-5,-5,-3,-3,0,-2,1,0,3,0,5,1,7,2,8,3,9,3,9,3,9,3,11,3,9,3,9,2,8,2,7,2,5,1,3,0,0,0,-1,0,-5,-1,-8,-2,0,0,-13,-3,-15,-3,-16,-4,-16,-4,-16,-4,-15,-3,-14,-3,-11,-2,-9,-2,-7,-1,-5,0,-2,0,0,0,1,1,4,2,6,2,8,4,9,5,11,5,12,6,13,6,12,6,12,5,10,5,8,4,7,2,0,0,0,0,0,0,0,0,0,0]"
CSI_DATA,36827,80:af:ca:27:52:2a,-55,11,1,1,1,1,1,0,0,0,0,-97,0,11,2,483025037,0,83,1,128,0,"[0,0,0,0,0,0,0,0,0,0,0,0,7,-4,7,-4,6,-3,5,-2,4,-2,2,-1,1,0,0,0,-2,1,-3,1,-5,2,-6,2,-7,3,-7,3,-7,3,-8,3,-7,3,-7,3,-6,2,-5,2,-4,2,-3,1,-1,0,0,0,1,0,2,-1,0,0,5,-2,6,-2,6,-2,7,-2,7,-2,7,-2,6,-2,5,-2,5,-2,4,-1,2,-1,1,-1,0,-1,-1,0,-2,-1,-3,0,-4,0,-5,0,-5,0,-5,0,-6,0,-5,0,-5,0,-5,0,-4,0,-3,0,0,0,0,0,0,0,0,0,0,0]"
CSI_DATA,36828,80:af:ca:27:52:2a,-54,11,1,1,1,1,1,0,0,0,0,-97,0,11,2,483077278,0,83,1,128,0,"[0,0,0,0,0,0,0,0,0,0,0,0,-1,2,-2,4,-4,5,-5,7,-6,8,-7,8,-7,8,-7,8,-7,8,-6,7,-5,6,-5,5,-3,4,-2,2,-1,0,0,0,1,-2,2,-3,3,-5,4,-5,5,-7,5,-8,6,-8,6,-8,6,-8,5,-8,0,0,4,-5,3,-5,2,-3,0,-2,0,-1,-2,0,-3,1,-5,2,-5,3,-6,4,-7,4,-8,4,-8,4,-8,4,-7,4,-6,3,-5,2,-4,2,-3,1,-2,0,0,0,0,0,1,0,2,0,3,0,4,0,0,0,0,0,0,0,0,0,0,0]"
CSI_DATA,36829,80:af:ca:27:52:2a,-54,11,1,1,1,1,1,0,0,0,0,-97,0,11,2,483086062,0,83,1,128,0,"[0,0,0,0,0,0,0,0,0,0,0,0,0,3,0,6,-1,7,-1,10,-2,10,-3,12,-3,12,-3,12,-3,11,-2,10,-2,9,-2,8,-1,6,-1,3,0,1,0,0,0,-3,0,-5,0,-7,0,-9,0,-10,0,-11,0,-12,0,-12,0,-12,0,-10,0,0,0,-8,0,-6,0,-4,0,-2,0,0,0,2,0,3,0,5,0,6,0,8,0,9,0,10,0,10,0,9,0,8,0,7,0,6,0,4,0,3,0,1,0,0,0,-1,0,-2,0,-3,1,-5,1,-5,0,0,0,0,0,0,0,0,0,0]"
CSI_DATA,36830,80:af:ca:27:52:2a,-54,11,0,0,0,0,0,0,0,0,0,-97,0,11,2,483098041,0,83,0,128,0,"[0,0,0,0,0,0,0,0,0,0,0,0,9,-10,9,-10,8,-8,7,-7,5,-4,3,-1,0,0,0,2,-2,4,-4,5,-5,8,-7,8,-7,8,-8,9,-7,9,-8,9,-7,8,-6,8,-6,8,-5,6,-3,4,-2,3,0,0,0,-1,2,-4,4,-7,0,0,7,-12,8,-13,8,-14,8,-14,8,-13,8,-13,7,-12,5,-10,4,-8,3,-6,1,-4,0,-3,-1,0,-3,0,-4,2,-6,4,-8,6,-9,7,-10,8,-11,8,-11,9,-11,9,-10,8,-9,8,-8,7,-6,5,0,0,0,0,0,0,0,0,0,0]"
CSI_DATA,36831,80:af:ca:27:52:2a,-54,11,0,0,0,0,0,0,0,0,0,-97,0,11,2,483108188,0,83,0,128,0,"[0,0,0,0,0,0,0,0,0,0,0,0,-6,1,-9,0,-12,-1,-13,-1,-15,-2,-15,-3,-16,-3,-15,-3,-13,-3,-12,-3,-10,-2,-8,-2,-6,-2,-3,-2,-1,-1,1,-1,3,-1,5,0,8,0,10,1,11,1,13,1,14,0,16,1,16,0,14,1,0,0,10,0,8,0,5,-1,2,-1,-1,-2,-4,-2,-6,-2,-8,-3,-10,-3,-11,-3,-12,-4,-12,-4,-12,-4,-13,-4,-12,-4,-11,-3,-10,-3,-8,-2,-6,-2,-4,-1,-1,1,1,2,3,3,5,4,7,5,7,6,0,0,0,0,0,0,0,0,0,0]"
CSI_DATA,36832,80:af:ca:27:52:2a,-54,11,1,1,1,1,1,0,0,0,0,-97,0,11,2,483117990,0,83,1,128,0,"[0,0,0,0,0,0,0,0,0,0,0,0,0,-3,2,-5,2,-6,4,-8,5,-8,5,-9,5,-9,5,-9,5,-9,5,-8,5,-7,4,-6,2,-5,2,-2,0,-1,0,0,-1,2,-2,3,-4,5,-5,6,-5,7,-5,8,-5,8,-5,8,-5,8,-5,8,0,0,-4,6,-3,5,-2,3,-1,1,0,0,1,-1,2,-2,3,-4,4,-5,5,-6,5,-7,6,-7,6,-7,6,-7,5,-6,5,-5,4,-5,2,-4,2,-2,0,-2,0,-1,-1,0,-2,0,-3,0,-5,1,-5,1,0,0,0,0,0,0,0,0,0,0]"
CSI_DATA,36833,80:af:ca:27:52:2a,-54,11,1,1,1,1,1,0,0,0,0,-97,0,11,2,483139017,0,83,1,128,0,"[0,0,0,0,0,0,0,0,0,0,0,0,-8,-5,-7,-5,-7,-4,-6,-4,-4,-3,-3,-2,-1,-2,0,-1,1,0,3,0,4,0,6,1,7,1,8,1,8,1,8,1,8,1,8,1,7,0,6,0,4,0,2,0,1,0,0,0,-2,0,-3,0,0,0,-6,0,-7,1,-7,1,-8,1,-8,1,-8,1,-7,1,-7,1,-6,1,-4,1,-3,0,-2,0,0,0,1,0,2,0,3,-1,4,-1,4,-1,5,-1,5,-1,5,-2,5,-1,4,-1,4,-1,3,-1,2,-1,0,0,0,0,0,0,0,0,0,0]"
CSI_DATA,36834,80:af:ca:27:52:2a,-54,11,1,1,1,1,1,0,0,0,0,-97,0,11,2,483146033,0,83,1,128,0,"[0,0,0,0,0,0,0,0,0,0,0,0,2,-1,5,0,7,0,8,0,10,0,10,0,11,0,11,0,10,0,10,0,8,0,7,0,5,0,2,0,0,0,0,0,-2,0,-5,0,-6,1,-8,1,-9,2,-10,2,-10,2,-10,2,-10,2,-9,2,0,0,-7,2,-5,1,-3,0,-2,0,0,0,1,0,3,-1,5,-2,6,-2,7,-2,8,-3,8,-3,8,-3,7,-3,7,-3,5,-2,5,-2,3,-2,2,-2,0,-1,0,-1,-1,0,-2,0,-3,0,-5,0,-5,0,0,0,0,0,0,0,0,0,0,0]"
CSI_DATA,36835,80:af:ca:27:52:2a,-55,11,1,1,1,1,1,0,0,0,0,-97,0,11,2,483155814,0,83,1,128,0,"[0,0,0,0,0,0,0,0,0,0,0,0,-8,-2,-8,-2,-6,-2,-6,-2,-3,-2,-2,-2,-1,0,1,-2,2,1,2,-2,3,-2,4,-2,4,-1,5,-1,5,-1,9,-1,8,-2,5,0,5,0,5,-2,3,-1,2,-1,1,0,0,0,-2,0,-3,0,0,0,-5,1,-6,2,-7,3,-6,2,-7,2,-6,3,-6,2,-5,3,-5,2,-3,1,-2,1,-1,0,0,0,0,-1,2,0,3,-1,3,-1,4,-2,4,-2,5,-2,4,-3,5,-3,3,-2,3,-1,3,-1,2,-1,0,0,0,0,0,0,0,0,0,0]"
CSI_DATA,36836,80:af:ca:27:52:2a,-54,11,0,0,0,0,0,0,0,0,0,-97,0,11,2,483178356,0,83,0,128,0,"[0,0,0,0,0,0,0,0,0,0,0,0,-2,-4,-1,-7,0,-11,-1,-13,-1,-15,0,-15,0,-16,0,-15,0,-14,0,-13,0,-12,0,-10,0,-7,0,-5,0,-2,1,0,1,2,1,4,2,7,3,9,3,10,4,13,5,14,5,16,6,15,5,14,0,0,4,11,3,8,2,6,1,3,-1,-1,-2,-4,-3,-6,-4,-8,-5,-9,-6,-10,-6,-12,-6,-12,-6,-12,-6,-12,-6,-12,-6,-11,-6,-10,-5,-8,-4,-6,-3,-3,-2,-1,0,2,1,5,2,7,3,9,3,9,0,0,0,0,0,0,0,0,0,0]"
CSI_DATA,36837,80:af:ca:27:52:2a,-54,11,1,1,1,1,1,0,0,0,0,-97,0,11,2,483187583,0,83,1,128,0,"[0,0,0,0,0,0,0,0,0,0,0,0,0,-9,0,-9,0,-8,0,-6,0,-5,0,-3,1,-1,1,0,1,1,2,3,2,4,3,5,4,6,4,7,4,7,4,7,4,6,4,6,4,5,3,4,2,3,1,2,0,1,-1,0,-2,-1,-4,-1,0,0,-6,-3,-7,-3,-8,-4,-8,-4,-8,-4,-8,-4,-8,-3,-6,-2,-6,-2,-4,-1,-3,-1,-1,0,0,0,1,0,2,0,4,0,5,0,5,0,6,0,6,0,6,0,6,0,5,0,5,0,4,0,3,0,0,0,0,0,0,0,0,0,0,0]"
CSI_DATA,36838,80:af:ca:27:52:2a,-53,11,1,1,1,1,1,0,0,0,0,-97,0,11,2,483194234,0,83,1,128,0,"[0,0,0,0,0,0,0,0,0,0,0,0,-7,5,-6,5,-6,4,-5,3,-4,2,-3,1,-2,0,-1,-1,0,-2,1,-4,1,-5,2,-6,2,-7,3,-8,3,-8,3,-8,2,-8,2,-7,2,-6,1,-5,1,-4,0,-2,0,-1,0,0,0,1,0,3,0,0,0,5,0,6,0,7,0,8,0,8,0,8,0,7,0,6,0,5,0,4,0,2,0,1,0,0,0,-1,0,-2,0,-4,0,-5,0,-5,0,-6,0,-6,0,-6,0,-6,-1,-5,0,-5,0,-4,-1,-4,0,0,0,0,0,0,0,0,0,0]"
CSI_DATA,36839,80:af:ca:27:52:2a,-54,11,0,0,0,0,0,0,0,0,0,-97,0,11,2,483205236,0,83,0,128,0,"[0,0,0,0,0,0,0,0,0,0,0,0,-14,3,-15,3,-14,2,-11,2,-8,0,-6,0,-3,0,0,-2,1,-3,4,-5,6,-6,7,-6,8,-7,9,-8,8,-8,9,-9,8,-8,7,-8,7,-7,6,-6,4,-6,3,-4,1,-1,0,0,-1,3,-3,6,0,0,-6,11,-7,12,-8,14,-8,14,-8,14,-7,13,-6,12,-6,10,-4,8,-3,6,-2,4,0,1,0,0,0,-2,2,-5,3,-7,4,-10,5,-11,5,-12,6,-13,5,-14,5,-13,5,-13,4,-12,3,-10,1,-7,0,0,0,0,0,0,0,0,0,0]"
CSI_DATA,36840,80:af:ca:27:52:2a,-55,11,1,1,1,1,1,0,0,0,0,-97,0,11,2,483212695,0,83,1,128,0,"[0,0,0,0,0,0,0,0,0,0,0,0,1,2,2,5,2,6,2,8,2,9,2,10,2,10,2,10,2,10,2,9,1,8,1,6,0,4,0,2,0,0,-1,-1,-1,-2,-2,-5,-2,-6,-3,-8,-3,-8,-4,-9,-4,-10,-4,-10,-4,-9,-4,-8,0,0,-3,-6,-2,-5,-2,-3,-1,-1,0,0,0,2,0,3,0,5,1,6,1,7,2,8,2,8,2,8,2,8,2,7,1,6,1,5,1,3,0,2,0,0,0,0,0,-1,0,-2,0,-3,0,-5,0,-5,0,0,0,0,0,0,0,0,0,0]"
CSI_DATA,36841,80:af:ca:27:52:2a,-54,11,0,0,0,0,0,0,0,0,0,-97,0,11,2,483224426,0,83,0,128,0,"[0,0,0,0,0,0,0,0,0,0,0,0,-3,4,-6,6,-8,8,-9,9,-11,10,-11,9,-12,9,-12,8,-11,7,-10,6,-9,5,-7,4,-5,2,-3,1,-1,0,1,-1,3,-2,5,-3,8,-3,9,-4,11,-5,13,-5,14,-5,16,-5,15,-5,14,-4,0,0,10,-4,7,-3,4,-3,2,-3,-2,-3,-5,-3,-7,-3,-8,-3,-10,-3,-11,-4,-12,-4,-12,-4,-12,-5,-12,-5,-12,-5,-10,-4,-10,-4,-8,-3,-7,-2,-5,0,-3,1,-1,3,0,5,2,7,3,8,3,9,0,0,0,0,0,0,0,0,0,0]"
CSI_DATA,36842,80:af:ca:27:52:2a,-54,11,1,1,1,1,1,0,0,0,0,-97,0,11,2,483247369,0,83,1,128,0,"[0,0,0,0,0,0,0,0,0,0,0,0,2,-3,4,-3,7,-3,8,-3,10,-3,11,-3,11,-3,11,-3,11,-3,10,-3,8,-3,7,-2,5,-1,3,0,1,0,0,1,-2,2,-3,3,-4,4,-6,5,-7,7,-7,7,-7,8,-7,8,-7,8,-6,7,0,0,-4,6,-3,4,-2,3,-1,0,0,0,0,-2,0,-4,1,-6,2,-7,2,-8,2,-9,2,-9,2,-10,2,-9,1,-9,1,-7,0,-7,0,-5,0,-3,0,-2,0,0,0,0,0,2,-1,3,-1,4,-1,5,0,0,0,0,0,0,0,0,0,0]"
CSI_DATA,36843,80:af:ca:27:52:2a,-55,11,0,0,0,0,0,0,0,0,0,-97,0,11,2,483258790,0,83,0,128,0,"[0,0,0,0,0,0,0,0,0,0,0,0,3,-3,6,-3,9,-2,11,-3,12,-3,14,-2,14,-2,14,-2,12,-2,11,-2,10,-2,8,-1,6,-1,4,0,1,0,-1,1,-3,1,-5,2,-7,3,-9,4,-10,5,-12,6,-13,7,-15,8,-15,9,-14,8,0,0,-11,6,-8,5,-6,3,-3,1,0,0,2,-2,4,-4,6,-5,7,-6,8,-7,9,-8,9,-8,10,-8,10,-9,9,-8,9,-8,7,-8,6,-6,4,-5,2,-3,0,-2,-2,0,-5,1,-7,3,-9,4,-9,4,0,0,0,0,0,0,0,0,0,0]"
CSI_DATA,36844,80:af:ca:27:52:2a,-54,11,1,1,1,1,1,0,0,0,0,-97,0,11,2,483285387,0,83,1,128,0,"[0,0,0,0,0,0,0,0,0,0,0,0,-2,9,-2,8,-2,7,-2,6,-2,4,-1,2,-1,1,-2,0,-2,-2,-2,-4,-3,-5,-4,-6,-4,-7,-5,-7,-5,-8,-5,-7,-5,-7,-5,-6,-4,-5,-4,-4,-2,-3,-1,-2,0,-1,0,0,2,0,3,0,0,0,5,1,7,1,7,1,7,1,8,1,7,0,7,0,5,0,4,0,3,0,2,0,0,0,0,0,-2,0,-2,0,-4,0,-5,1,-5,1,-5,1,-5,1,-5,1,-5,1,-4,1,-4,1,-3,1,-2,1,0,0,0,0,0,0,0,0,0,0]"
CSI_DATA,36845,80:af:ca:27:52:2a,-54,11,0,0,0,0,0,0,0,0,0,-97,0,11,2,483308707,0,83,0,128,0,"[0,0,0,0,0,0,0,0,0,0,0,0,6,-12,6,-11,6,-10,5,-8,3,-5,2,-3,0,0,0,1,-2,3,-3,5,-5,6,-6,8,-6,8,-6,9,-6,8,-7,10,-6,8,-6,8,-6,7,-5,6,-3,5,-3,3,0,1,1,0,3,-3,5,-6,0,0,8,-10,10,-11,10,-12,11,-12,11,-11,10,-11,9,-10,7,-8,6,-7,4,-6,3,-4,0,-3,0,-1,-3,0,-5,0,-7,1,-10,3,-12,3,-13,3,-14,3,-14,3,-15,3,-14,3,-13,3,-11,2,-9,1,0,0,0,0,0,0,0,0,0,0]"
CSI_DATA,36846,80:af:ca:27:52:2a,-54,11,1,1,1,1,1,0,0,0,0,-97,0,11,2,483318610,0,83,1,128,0,"[0,0,0,0,0,0,0,0,0,0,0,0,0,9,0,8,-1,7,-1,5,-1,4,-1,2,-1,0,-1,-1,-1,-3,-1,-4,-1,-6,-1,-7,-1,-8,-2,-9,-2,-9,-2,-9,-2,-9,-2,-8,-2,-7,-1,-6,-1,-4,-1,-3,0,-1,0,0,0,1,1,3,0,0,2,6,2,7,2,8,3,8,2,8,2,8,2,7,2,6,2,5,1,4,1,2,0,1,0,0,0,-1,0,-3,-1,-4,-1,-5,-1,-6,-1,-6,-1,-6,-1,-7,-1,-6,-1,-6,-1,-5,-1,-5,-1,-4,0,0,0,0,0,0,0,0,0,0]"
CSI_DATA,36847,80:af:ca:27:52:2a,-54,11,1,1,1,1,1,0,0,0,0,-97,0,11,2,483341899,0,83,1,128,0,"[0,0,0,0,0,0,0,0,0,0,0,0,0,2,0,4,0,6,0,8,0,10,0,10,0,11,0,11,0,11,0,10,0,9,0,8,0,6,0,3,0,1,0,0,0,-2,-1,-4,0,-6,-1,-8,-1,-10,-1,-10,-1,-11,-1,-11,-2,-11,-1,-10,0,0,-1,-8,0,-6,0,-4,0,-3,0,0,0,1,0,3,0,5,0,6,0,8,-1,9,-1,9,-1,9,-1,9,-1,8,-1,7,0,6,0,4,0,3,0,1,0,0,0,0,1,-2,1,-3,2,-4,2,-4,0,0,0,0,0,0,0,0,0,0]"
CSI_DATA,36848,80:af:ca:27:52:2a,-53,11,1,1,1,1,1,0,0,0,0,-97,0,11,2,483349430,0,83,1,128,0,"[0,0,0,0,0,0,0,0,0,0,0,0,-10,0,-9,0,-8,0,-7,0,-5,0,-4,0,-1,0,0,0,1,0,3,-1,5,-1,6,-1,8,-1,8,-1,8,-1,9,-1,8,-1,8,-1,7,-1,6,-1,4,-1,2,0,1,0,0,0,-2,0,-4,0,0,0,-6,0,-8,0,-8,0,-9,0,-9,0,-9,0,-8,0,-7,0,-6,0,-5,0,-4,0,-2,0,0,0,0,0,2,0,3,0,4,0,5,0,5,0,5,0,5,0,5,0,5,0,5,0,4,0,3,0,0,0,0,0,0,0,0,0,0,0]"
CSI_DATA,36849,80:af:ca:27:52:2a,-54,11,1,1,1,1,1,0,0,0,0,-97,0,11,2,483360763,0,83,1,128,0,"[0,0,0,0,0,0,0,0,0,0,0,0,2,-2,4,-3,6,-3,8,-4,8,-5,9,-5,10,-5,10,-5,9,-4,8,-4,8,-3,6,-2,4,-2,2,-1,0,0,0,0,-2,1,-4,2,-6,2,-7,3,-8,4,-9,4,-9,5,-9,5,-9,5,-8,4,0,0,-6,3,-5,2,-2,1,-1,0,0,0,2,0,3,-2,5,-2,6,-2,7,-3,8,-3,8,-3,8,-3,8,-3,7,-3,6,-2,5,-2,3,-2,2,-2,1,-1,0,-1,-1,0,-2,0,-4,0,-5,0,-5,0,0,0,0,0,0,0,0,0,0,0]"
CSI_DATA,36850,80:af:ca:27:52:2a,-53,11,1,1,1,1,1,0,0,0,0,-97,0,11,2,483370614,0,83,1,128,0,"[0,0,0,0,0,0,0,0,0,0,0,0,-10,0,-10,0,-8,0,-7,0,-5,0,-4,0,-1,-1,0,-1,1,-2,3,-2,5,-3,6,-3,6,-4,7,-5,7,-5,8,-5,7,-5,6,-5,6,-5,5,-4,3,-3,2,-2,1,-1,0,0,-1,1,-1,3,0,0,-3,5,-4,6,-4,6,-5,7,-5,7,-4,7,-4,6,-3,6,-3,5,-2,3,-1,2,-1,1,0,0,0,-1,0,-3,1,-4,1,-5,1,-5,1,-6,1,-6,1,-6,1,-6,1,-5,0,-5,0,-4,0,-3,0,0,0,0,0,0,0,0,0,0]"
CSI_DATA,36851,80:af:ca:27:52:2a,-54,11,1,1,1,1,1,0,0,0,0,-97,0,11,2,483379606,0,83,1,128,0,"[0,0,0,0,0,0,0,0,0,0,0,0,3,0,5,0,6,1,8,2,10,3,10,4,10,3,10,3,10,3,10,2,9,2,8,1,5,1,4,1,1,1,0,1,-2,2,-5,2,-6,3,-7,4,-9,5,-9,5,-10,5,-10,6,-9,6,-8,6,0,0,-5,5,-5,3,-3,2,-2,0,0,0,0,-3,0,-5,1,-6,2,-8,2,-9,2,-10,2,-10,1,-10,1,-10,0,-9,0,-8,0,-6,0,-5,0,-3,0,-1,0,0,0,1,0,2,0,3,0,5,0,5,0,0,0,0,0,0,0,0,0,0]"
CSI_DATA,36852,80:af:ca:27:52:2a,-54,11,0,0,0,0,0,0,0,0,0,-97,0,11,2,483390958,0,83,0,128,0,"[0,0,0,0,0,0,0,0,0,0,0,0,-1,13,-2,13,-2,12,-2,10,-2,6,-3,4,-3,0,-4,-1,-5,-4,-5,-6,-6,-7,-6,-9,-6,-10,-7,-10,-7,-10,-7,-11,-7,-10,-6,-8,-6,-8,-5,-6,-4,-5,-2,-4,0,-1,2,0,6,0,8,2,0,0,13,5,14,5,16,5,16,5,15,5,14,4,12,2,10,2,8,1,6,0,3,0,0,0,-1,0,-4,0,-6,-1,-9,-1,-12,0,-13,-1,-14,-1,-15,0,-15,0,-14,0,-13,0,-12,0,-10,0,-7,0,0,0,0,0,0,0,0,0,0,0]"
CSI_DATA,36853,80:af:ca:27:52:2a,-55,11,1,1,1,1,1,0,0,0,0,-97,0,11,2,483399942,0,83,1,128,0,"[0,0,0,0,0,0,0,0,0,0,0,0,8,0,8,0,6,0,5,0,3,0,1,0,0,1,-1,1,-4,1,-5,1,-6,2,-8,2,-8,2,-9,2,-9,2,-9,2,-8,2,-7,2,-6,1,-5,1,-3,0,-2,0,0,0,1,-1,2,-1,4,-2,0,0,6,-4,6,-4,7,-4,7,-5,7,-5,6,-4,5,-4,5,-4,4,-3,2,-2,1,-1,0,-1,-1,0,-2,0,-4,1,-4,1,-5,2,-5,2,-6,2,-6,2,-5,2,-5,2,-4,2,-4,2,-3,1,-2,1,0,0,0,0,0,0,0,0,0,0]"
CSI_DATA,36854,80:af:ca:27:52:2a,-54,11,0,0,0,0,0,0,0,0,0,-97,0,11,2,483419355,0,83,0,128,0,"[0,0,0,0,0,0,0,0,0,0,0,0,2,3,2,7,2,10,3,11,2,13,2,14,2,15,1,14,1,13,0,11,0,10,0,8,0,5,0,3,0,1,0,-2,0,-4,0,-6,1,-9,1,-11,1,-12,1,-15,1,-15,3,-18,2,-18,3,-16,0,0,2,-12,1,-10,0,-7,-1,-4,-2,-1,-3,2,-5,4,-6,6,-7,7,-7,8,-9,9,-8,9,-9,9,-9,9,-9,9,-8,8,-7,8,-6,6,-5,5,-3,4,0,2,2,1,4,0,7,0,8,-1,9,-1,0,0,0,0,0,0,0,0,0,0]"
CSI_DATA,36855,80:af:ca:27:52:2a,-54,11,1,1,1,1,1,0,0,0,0,-97,0,11,2,483436200,0,83,1,128,0,"[0,0,0,0,0,0,0,0,0,0,0,0,0,-3,0,-6,1,-7,2,-9,3,-10,3,-11,3,-11,3,-11,3,-11,3,-10,2,-9,2,-7,1,-5,0,-3,0,-1,0,0,0,2,0,4,-1,6,-1,7,-1,9,0,10,-1,10,-1,10,-1,10,0,10,0,0,0,7,0,5,0,3,0,1,0,0,0,-2,0,-4,0,-6,0,-7,0,-9,0,-10,0,-10,0,-10,0,-10,0,-9,0,-8,0,-6,0,-5,0,-3,0,-2,0,0,0,0,-1,2,-1,3,-2,3,-2,4,0,0,0,0,0,0,0,0,0,0]"
CSI_DATA,36856,80:af:ca:27:52:2a,-54,11,1,1,1,1,1,0,0,0,0,-97,0,11,2,483443765,0,83,1,128,0,"[0,0,0,0,0,0,0,0,0,0,0,0,0,-4,2,-5,3,-6,4,-7,5,-8,6,-9,6,-9,6,-8,5,-8,5,-7,4,-6,4,-5,2,-4,2,-2,0,0,0,1,-1,2,-2,4,-3,5,-4,6,-4,7,-4,8,-4,8,-4,8,-4,8,-4,7,0,0,-2,5,-2,4,-1,2,0,0,0,0,1,-2,2,-4,2,-4,3,-6,3,-7,4,-7,4,-7,4,-7,4,-7,3,-7,2,-6,2,-4,1,-4,0,-2,0,-2,-1,0,-2,0,-2,0,-3,2,-4,2,-4,2,0,0,0,0,0,0,0,0,0,0]"
CSI_DATA,36857,80:af:ca:27:52:2a,-54,11,0,0,0,0,0,0,0,0,0,-97,0,11,2,483466175,0,83,0,128,0,"[0,0,0,0,0,0,0,0,0,0,0,0,-1,-4,1,-7,2,-10,2,-12,3,-14,3,-14,4,-15,4,-14,4,-13,3,-12,2,-11,2,-9,2,-7,1,-5,0,-3,-1,0,-1,2,-2,4,-3,7,-4,8,-4,10,-5,13,-5,13,-6,16,-6,16,-6,15,0,0,-5,12,-4,9,-3,7,-1,3,0,0,1,-2,3,-5,4,-7,5,-8,5,-9,6,-10,7,-10,7,-11,8,-11,7,-10,7,-10,6,-9,5,-8,3,-6,2,-4,-1,-2,-3,-1,-5,1,-7,2,-8,3,-9,3,0,0,0,0,0,0,0,0,0,0]"
CSI_DATA,36858,80:af:ca:27:52:2a,-54,11,1,1,1,1,1,0,0,0,0,-97,0,11,2,483483119,0,83,1,128,0,"[0,0,0,0,0,0,0,0,0,0,0,0,3,7,3,7,2,6,2,5,1,4,0,3,0,1,0,0,0,-1,-1,-2,-2,-4,-2,-5,-2,-6,-3,-7,-3,-7,-3,-7,-3,-7,-3,-7,-3,-6,-2,-5,-2,-4,-1,-3,-1,-1,0,0,0,0,0,1,0,0,1,4,2,5,2,6,2,7,2,7,2,7,2,6,1,6,1,5,1,4,0,2,0,1,0,0,0,0,0,-1,0,-3,0,-4,0,-4,0,-5,0,-5,0,-5,0,-5,0,-5,0,-5,0,-4,0,-3,0,0,0,0,0,0,0,0,0,0]"
CSI_DATA,36859,80:af:ca:27:52:2a,-53,11,1,1,1,1,1,0,0,0,0,-97,0,11,2,483490357,0,83,1,128,0,"[0,0,0,0,0,0,0,0,0,0,0,0,1,2,3,5,3,6,4,9,4,10,5,10,5,11,5,10,4,10,4,10,4,9,3,7,2,5,1,3,0,1,0,0,-1,-3,-2,-5,-3,-6,-4,-8,-5,-10,-5,-10,-5,-10,-5,-11,-5,-11,-5,-10,0,0,-4,-8,-3,-6,-2,-5,-1,-2,0,0,0,1,0,4,0,5,0,7,1,8,1,10,1,10,1,10,1,10,0,9,0,8,0,6,0,5,0,3,0,1,0,0,0,-1,0,-2,0,-4,0,-5,1,-5,0,0,0,0,0,0,0,0,0,0]"
CSI_DATA,36860,80:af:ca:27:52:2a,-53,11,0,0,0,0,0,0,0,0,0,-97,0,11,2,483500618,0,83,0,128,0,"[0,0,0,0,0,0,0,0,0,0,0,0,8,12,8,13,8,12,6,10,5,8,2,5,0,3,-2,1,-4,0,-6,-1,-9,-2,-10,-3,-11,-4,-12,-4,-12,-3,-14,-4,-13,-3,-13,-2,-12,-3,-10,-2,-9,-1,-6,-1,-4,-1,0,-2,3,-3,6,-4,0,0,12,-5,15,-6,16,-7,16,-7,15,-7,15,-7,13,-7,11,-5,9,-5,6,-4,5,-3,2,-1,0,0,-1,1,-4,3,-5,5,-8,7,-10,8,-10,9,-11,10,-11,10,-10,10,-10,10,-9,9,-7,8,-5,5,0,0,0,0,0,0,0,0,0,0]"
CSI_DATA,36861,80:af:ca:27:52:2a,-53,11,0,0,0,0,0,0,0,0,0,-97,0,11,2,483511072,0,83,0,128,0,"[0,0,0,0,0,0,0,0,0,0,0,0,-6,-3,-7,-7,-9,-11,-10,-12,-11,-14,-11,-14,-12,-14,-12,-14,-11,-13,-10,-11,-10,-10,-8,-9,-5,-6,-3,-5,-1,-4,2,-3,4,-2,6,-2,9,-1,12,-1,14,-2,16,-2,17,-3,19,-3,18,-5,17,-5,0,0,12,-4,9,-3,6,-1,2,0,-1,2,-4,4,-6,6,-7,7,-9,9,-9,10,-10,11,-9,11,-9,11,-9,11,-8,11,-7,10,-5,9,-4,7,-3,4,-2,2,0,-1,1,-5,1,-7,2,-10,2,-12,2,-12,0,0,0,0,0,0,0,0,0,0]"
CSI_DATA,36862,80:af:ca:27:52:2a,-55,11,0,0,0,0,0,0,0,0,0,-97,0,11,2,483521780,0,83,0,128,0,"[0,0,0,0,0,0,0,0,0,0,0,0,8,-10,9,-9,8,-8,7,-6,6,-3,4,-1,2,0,0,3,0,5,-1,7,-1,8,-2,10,-3,10,-3,10,-2,10,-3,11,-3,9,-2,9,-2,8,-1,7,-1,4,-1,1,-1,0,0,-3,-1,-7,-1,-9,0,0,-2,-14,-2,-16,-2,-16,-2,-16,-2,-16,-2,-14,-3,-12,-2,-10,-2,-8,-2,-5,-1,-3,-1,0,0,1,0,3,0,6,0,8,0,10,0,11,1,12,1,13,2,13,2,12,3,11,2,9,2,8,2,5,0,0,0,0,0,0,0,0,0,0]"
CSI_DATA,36863,80:af:ca:27:52:2a,-55,11,0,0,0,0,0,0,0,0,0,-97,0,11,2,483537138,0,83,0,128,0,"[0,0,0,0,0,0,0,0,0,0,0,0,9,-6,9,-6,8,-5,6,-3,3,-1,0,0,-1,0,-3,0,-6,1,-7,1,-9,2,-11,1,-11,1,-11,1,-11,1,-12,0,-10,0,-9,0,-8,0,-6,0,-5,0,-3,0,0,0,2,1,5,2,7,3,0,0,12,5,12,6,13,6,12,6,12,6,11,6,10,5,7,4,6,3,5,1,3,0,2,0,0,-2,0,-5,0,-6,-1,-7,-2,-10,-2,-12,-2,-12,-2,-12,-2,-12,-2,-12,-2,-12,-2,-11,-2,-9,-2,-6,0,0,0,0,0,0,0,0,0,0]"
CSI_DATA,36864,80:af:ca:27:52:2a,-55,11,1,1,1,1,1,0,0,0,0,-97,0,11,2,483546833,0,83,1,128,0,"[0,0,0,0,0,0,0,0,0,0,0,0,2,2,4,3,5,4,7,5,7,6,7,7,7,7,7,7,7,7,6,7,5,7,4,5,3,4,2,2,1,0,0,-1,0,-3,0,-4,0,-7,0,-8,0,-9,0,-10,0,-11,0,-11,0,-11,0,-10,0,0,0,-8,0,-6,0,-4,0,-3,-2,-2,-2,0,-3,1,-4,2,-5,3,-7,3,-7,4,-8,4,-8,3,-8,3,-8,3,-7,2,-7,2,-5,2,-4,1,-2,1,-1,1,0,1,0,1,2,2,2,2,3,2,0,0,0,0,0,0,0,0,0,0]"
CSI_DATA,36865,80:af:ca:27:52:2a,-53,11,0,0,0,0,0,0,0,0,0,-97,0,11,2,483561126,0,83,0,128,0,"[0,0,0,0,0,0,0,0,0,0,0,0,-10,-11,-10,-12,-9,-12,-7,-9,-6,-7,-4,-5,-2,-3,0,0,0,1,3,3,4,5,5,7,7,8,7,9,7,8,8,10,7,9,7,8,7,8,7,7,6,6,4,4,3,2,0,0,-1,-2,-3,-5,0,0,-8,-10,-10,-12,-11,-13,-11,-15,-11,-14,-11,-14,-10,-13,-8,-11,-7,-10,-6,-7,-4,-6,-3,-3,-1,-1,0,0,0,3,2,5,3,8,3,11,4,12,4,14,5,15,4,15,4,15,3,13,3,11,2,9,0,0,0,0,0,0,0,0,0,0]"
CSI_DATA,36866,80:af:ca:27:52:2a,-53,11,0,0,0,0,0,0,0,0,0,-97,0,11,2,483571751,0,83,0,128,0,"[0,0,0,0,0,0,0,0,0,0,0,0,-14,-8,-15,-9,-13,-9,-11,-7,-8,-6,-7,-5,-3,-3,0,-1,2,0,5,0,8,0,9,0,11,0,12,0,12,0,14,0,13,0,12,0,12,0,10,0,8,0,7,0,3,0,0,0,-2,1,-6,2,0,0,-13,5,-15,5,-17,7,-17,7,-17,7,-16,7,-15,6,-13,5,-10,4,-8,3,-6,2,-3,0,0,0,1,-1,3,-2,6,-5,8,-7,10,-7,11,-8,13,-8,13,-9,13,-9,12,-9,11,-8,9,-8,7,-6,0,0,0,0,0,0,0,0,0,0]"
CSI_DATA,36867,80:af:ca:27:52:2a,-55,11,0,0,0,0,0,0,0,0,0,-97,0,11,2,483584784,0,83,0,128,0,"[0,0,0,0,0,0,0,0,0,0,0,0,-4,-3,-4,-6,-4,-10,-5,-10,-5,-12,-5,-13,-5,-14,-5,-13,-5,-12,-5,-11,-5,-10,-3,-8,-1,-6,0,-5,0,-2,1,-1,3,0,5,0,7,2,9,3,10,3,12,4,13,3,15,4,15,3,14,2,0,0,10,1,7,1,5,0,1,0,-1,0,-4,0,-6,1,-8,1,-10,2,-10,2,-12,3,-11,3,-12,3,-12,4,-10,4,-10,4,-8,4,-6,3,-5,2,-2,0,0,0,2,-1,4,-3,5,-4,7,-5,8,-6,0,0,0,0,0,0,0,0,0,0]"
CSI_DATA,36868,80:af:ca:27:52:2a,-55,11,0,0,0,0,0,0,0,0,0,-97,0,11,2,483594091,0,83,0,128,0,"[0,0,0,0,0,0,0,0,0,0,0,0,-4,2,-7,2,-10,1,-11,2,-13,2,-13,1,-14,1,-13,1,-12,0,-10,0,-8,0,-8,0,-5,0,-3,0,0,0,0,-1,2,-2,4,-3,7,-3,8,-4,9,-5,11,-6,11,-7,13,-7,13,-8,11,-6,0,0,8,-5,6,-4,3,-2,0,-1,-1,0,-4,0,-6,1,-8,2,-8,3,-9,4,-11,4,-10,4,-10,4,-11,4,-10,4,-8,4,-8,4,-6,3,-4,2,-1,1,0,0,2,0,4,0,7,0,8,-1,8,-1,0,0,0,0,0,0,0,0,0,0]"
CSI_DATA,36869,80:af:ca:27:52:2a,-52,11,1,1,1,1,1,0,0,0,0,-97,0,11,2,483621611,0,83,1,128,0,"[0,0,0,0,0,0,0,0,0,0,0,0,4,-1,7,1,9,2,12,3,13,4,14,4,15,4,15,4,14,4,13,3,12,3,10,2,7,2,4,1,1,1,-1,0,-4,0,-7,0,-9,0,-12,0,-13,0,-14,1,-15,1,-15,1,-15,1,-14,1,0,0,-11,1,-8,1,-6,0,-3,0,0,0,2,-1,5,-2,7,-2,9,-3,10,-3,11,-3,12,-3,11,-3,11,-3,10,-3,9,-3,7,-3,5,-3,3,-2,2,-2,0,-1,-2,-1,-4,0,-5,0,-7,0,-7,0,0,0,0,0,0,0,0,0,0,0]"
CSI_DATA,36870,80:af:ca:27:52:2a,-53,11,0,0,0,0,0,0,0,0,0,-97,0,11,2,483632795,0,83,0,128,0,"[0,0,0,0,0,0,0,0,0,0,0,0,-16,-5,-16,-6,-16,-6,-13,-4,-10,-4,-6,-3,-2,-3,0,-3,2,-4,5,-5,8,-5,10,-6,11,-7,11,-7,11,-8,12,-9,11,-8,9,-8,9,-7,7,-6,5,-5,4,-2,2,0,0,2,0,5,0,9,0,0,-1,15,-2,16,-1,18,-1,18,-1,17,0,16,0,15,0,12,0,9,0,6,0,3,0,1,-1,0,-2,-3,-3,-6,-4,-8,-6,-11,-6,-13,-7,-13,-8,-14,-9,-14,-9,-13,-9,-11,-8,-10,-7,-8,-5,-5,0,0,0,0,0,0,0,0,0,0]"
CSI_DATA,36871,80:af:ca:27:52:2a,-55,11,0,0,0,0,0,0,0,0,0,-97,0,11,2,483647169,0,83,0,128,0,"[0,0,0,0,0,0,0,0,0,0,0,0,3,4,3,8,3,11,4,12,3,13,3,13,2,13,2,12,1,10,0,9,0,7,0,5,0,2,0,0,-1,-1,-2,-3,-2,-5,-3,-6,-3,-9,-4,-10,-5,-11,-5,-13,-5,-13,-5,-14,-6,-13,-5,-12,0,0,-3,-7,-2,-4,-2,-2,0,0,0,2,0,5,0,7,1,8,1,9,2,10,2,11,1,10,2,10,2,10,2,9,2,8,2,6,2,4,1,2,1,0,1,-1,1,-4,1,-6,1,-8,0,-10,1,-10,0,0,0,0,0,0,0,0,0,0]"
CSI_DATA,36872,80:af:ca:27:52:2a,-55,11,0,0,0,0,0,0,0,0,0,-97,0,11,2,483658997,0,83,0,128,0,"[0,0,0,0,0,0,0,0,0,0,0,0,-4,0,-7,0,-9,0,-10,0,-12,0,-12,-1,-13,-2,-12,-2,-11,-2,-10,-2,-8,-2,-8,-2,-5,-1,-4,0,-2,0,0,0,0,2,1,3,2,5,3,7,4,8,5,10,6,10,6,13,6,13,5,13,0,0,4,10,2,8,2,7,2,4,2,1,2,0,3,-3,3,-5,5,-7,5,-7,7,-8,7,-8,8,-8,9,-8,9,-8,9,-8,8,-7,8,-5,6,-4,4,-4,2,-3,0,-3,-2,-3,-4,-3,-7,-4,-8,-5,0,0,0,0,0,0,0,0,0,0]"
CSI_DATA,36873,80:af:ca:27:52:2a,-52,11,0,0,0,0,0,0,0,0,0,-97,0,11,2,483673048,0,83,0,128,0,"[0,0,0,0,0,0,0,0,0,0,0,0,1,-18,1,-19,1,-19,0,-16,0,-13,0,-9,0,-6,1,-2,1,0,2,3,3,6,4,9,5,10,6,11,7,11,8,13,7,12,8,11,7,11,7,9,6,7,5,6,2,3,0,1,-3,0,-6,-1,0,0,-13,-5,-16,-6,-17,-7,-18,-7,-18,-7,-18,-6,-16,-5,-15,-4,-13,-4,-10,-3,-7,-2,-4,-1,-1,-1,0,0,3,0,6,0,10,0,12,0,14,0,15,0,16,0,16,0,15,0,14,0,12,0,9,0,0,0,0,0,0,0,0,0,0,0]"
CSI_DATA,36874,80:af:ca:27:52:2a,-54,11,1,1,1,1,1,0,0,0,0,-97,0,11,2,483711232,0,83,1,128,0,"[0,0,0,0,0,0,0,0,0,0,0,0,-2,-8,-2,-8,-1,-6,-1,-6,-1,-4,-1,-2,-1,-1,-2,0,-2,2,-3,3,-4,4,-4,5,-5,6,-6,6,-6,6,-7,6,-7,6,-6,5,-6,4,-4,3,-3,3,-2,2,-1,2,0,2,1,1,3,1,0,0,6,1,7,2,8,2,8,2,8,3,8,3,7,3,7,3,6,3,5,3,4,2,3,1,2,0,1,-1,1,-2,1,-3,0,-5,1,-6,1,-6,1,-7,2,-7,2,-7,2,-6,2,-6,2,-5,2,-4,0,0,0,0,0,0,0,0,0,0]"
CSI_DATA,36875,80:af:ca:27:52:2a,-53,11,0,0,0,0,0,0,0,0,0,-97,0,11,2,483722226,0,83,0,128,0,"[0,0,0,0,0,0,0,0,0,0,0,0,-6,13,-7,14,-7,14,-5,11,-4,8,-3,6,-2,3,0,0,0,-1,0,-5,0,-8,2,-9,2,-11,2,-12,1,-12,2,-14,2,-14,1,-13,2,-13,1,-12,0,-10,0,-8,0,-5,0,-2,0,0,0,4,0,0,-1,12,-1,15,-1,17,-1,17,-2,18,-2,17,-1,16,-2,15,-1,12,-1,9,-1,8,0,5,0,2,0,0,0,-3,0,-7,1,-9,3,-12,3,-14,4,-16,4,-16,5,-16,5,-16,5,-16,4,-14,3,-11,0,0,0,0,0,0,0,0,0,0]"
CSI_DATA,36876,80:af:ca:27:52:2a,-52,11,1,1,1,1,1,0,0,0,0,-97,0,11,2,483730004,0,83,1,128,0,"[0,0,0,0,0,0,0,0,0,0,0,0,1,8,1,7,1,7,1,6,1,5,0,3,0,2,-1,1,-2,0,-2,-1,-3,-2,-4,-3,-5,-3,-6,-4,-7,-3,-7,-3,-7,-3,-7,-3,-6,-3,-5,-2,-5,-2,-3,-1,-2,-1,-1,-1,0,-1,2,-1,0,0,4,-2,5,-2,6,-3,6,-3,6,-3,6,-3,6,-3,5,-3,4,-3,3,-2,2,-1,2,-1,0,0,0,0,-1,1,-1,2,-2,3,-2,3,-3,4,-3,4,-3,4,-3,4,-2,4,-2,3,-2,3,-2,2,0,0,0,0,0,0,0,0,0,0]"
CSI_DATA,36877,80:af:ca:27:52:2a,-53,11,1,1,1,1,1,0,0,0,0,-97,0,11,2,483737332,0,83,1,128,0,"[0,0,0,0,0,0,0,0,0,0,0,0,-11,-4,-11,-3,-10,-3,-9,-3,-7,-3,-5,-2,-3,-3,-1,-3,0,-3,2,-5,3,-6,4,-6,5,-8,5,-8,5,-9,5,-10,5,-10,3,-9,3,-8,2,-7,1,-6,1,-4,1,-2,1,0,2,1,3,3,0,0,4,5,5,6,6,6,6,6,6,6,6,6,6,5,5,4,5,3,3,2,2,1,0,1,0,0,-2,0,-3,0,-5,0,-5,0,-6,1,-6,1,-6,1,-6,1,-6,2,-5,1,-5,1,-3,1,-3,1,0,0,0,0,0,0,0,0,0,0]"
CSI_DATA,36878,80:af:ca:27:52:2a,-54,11,1,1,1,1,1,0,0,0,0,-97,0,11,2,483745393,0,83,1,128,0,"[0,0,0,0,0,0,0,0,0,0,0,0,-6,-10,-6,-9,-4,-8,-3,-7,-2,-6,0,-4,1,-3,2,-2,4,-2,6,-1,8,-2,8,-1,10,-1,10,-2,10,-2,9,-2,8,-2,7,-3,6,-2,5,-2,4,-1,2,0,0,1,0,2,-1,4,-2,5,0,0,-2,8,-2,8,-2,8,-1,9,-1,8,0,8,0,7,0,6,0,4,0,2,0,1,0,0,-1,-2,-2,-3,-2,-4,-3,-4,-4,-5,-4,-5,-4,-5,-5,-4,-5,-4,-4,-3,-4,-2,-4,-2,-3,-1,-2,0,0,0,0,0,0,0,0,0,0,0]"
CSI_DATA,36879,80:af:ca:27:52:2a,-55,11,1,1,1,1,1,0,0,0,0,-97,0,11,2,483763675,0,83,1,128,0,"[0,0,0,0,0,0,0,0,0,0,0,0,-3,2,-4,3,-5,4,-7,4,-7,4,-8,4,-8,4,-8,3,-7,2,-7,2,-5,1,-5,1,-3,1,-2,1,0,1,0,1,2,2,3,2,4,3,5,3,5,4,5,4,6,4,5,5,5,5,5,4,0,0,4,3,3,2,2,1,2,0,2,-1,1,-1,1,-3,1,-4,2,-5,2,-6,2,-6,3,-7,4,-6,4,-6,4,-5,3,-5,3,-4,2,-4,1,-3,1,-2,0,-2,-1,-1,-1,-1,-2,-1,-3,-2,-4,-2,0,0,0,0,0,0,0,0,0,0]"
CSI_DATA,36880,80:af:ca:27:52:2a,-54,11,1,1,1,1,1,0,0,0,0,-97,0,11,2,483773147,0,83,1,128,0,"[0,0,0,0,0,0,0,0,0,0,0,0,-2,0,-3,2,-5,3,-7,3,-8,4,-9,5,-10,6,-10,5,-11,5,-10,5,-9,4,-8,3,-6,3,-4,2,-3,1,0,0,1,0,3,0,5,0,7,-1,8,-1,10,-1,11,-1,11,-1,11,-1,11,-1,0,0,9,0,7,0,5,0,3,0,1,-1,0,-1,-2,-2,-4,-3,-6,-3,-7,-4,-8,-5,-9,-6,-9,-6,-9,-7,-8,-7,-7,-6,-7,-6,-5,-5,-4,-3,-3,-3,-2,-1,-1,0,0,1,0,3,0,3,0,5,0,0,0,0,0,0,0,0,0,0]"
CSI_DATA,36881,80:af:ca:27:52:2a,-53,11,1,1,1,1,1,0,0,0,0,-97,0,11,2,483782422,0,83,1,128,0,"[0,0,0,0,0,0,0,0,0,0,0,0,2,-6,2,-6,2,-5,2,-5,1,-4,1,-3,0,-2,0,-1,0,0,0,1,0,2,0,3,0,4,0,5,0,6,0,6,0,6,0,6,0,5,0,4,0,4,0,3,0,2,0,0,0,0,0,-1,0,0,-1,-4,-1,-4,-1,-5,-2,-6,-2,-6,-2,-6,-2,-6,-2,-5,-1,-5,-1,-4,-1,-3,0,-2,0,-1,0,0,0,0,0,2,0,2,0,3,0,3,1,4,1,4,1,4,1,4,1,3,0,3,0,2,0,0,0,0,0,0,0,0,0,0]"
CSI_DATA,36882,80:af:ca:27:52:2a,-53,11,1,1,1,1,1,0,0,0,0,-97,0,11,2,483791339,0,83,1,128,0,"[0,0,0,0,0,0,0,0,0,0,0,0,-1,8,-1,8,0,7,0,6,0,5,0,3,-1,2,-1,1,-2,0,-2,-1,-3,-2,-4,-3,-6,-4,-6,-4,-7,-4,-7,-4,-7,-4,-7,-3,-6,-3,-6,-3,-4,-2,-3,-2,-2,-1,0,-1,0,-1,2,-2,0,0,4,-2,5,-3,6,-3,6,-3,6,-3,6,-3,6,-3,4,-3,4,-3,3,-2,2,-2,1,-1,0,0,0,1,-1,1,-1,2,-1,3,-1,4,-2,4,-2,4,-2,4,-1,4,-1,4,-1,3,-1,3,0,2,0,0,0,0,0,0,0,0,0,0]"
CSI_DATA,36883,80:af:ca:27:52:2a,-53,11,0,0,0,0,0,0,0,0,0,-97,0,11,2,483802466,0,83,0,128,0,"[0,0,0,0,0,0,0,0,0,0,0,0,16,-3,17,-3,16,-3,13,-3,10,-1,8,0,5,1,3,3,2,5,0,8,0,10,-1,12,0,12,0,13,1,12,1,13,1,12,2,11,1,10,1,9,1,6,-1,5,-2,3,-5,1,-8,0,-11,-1,0,0,-16,-2,-17,-2,-19,-1,-18,0,-17,0,-16,1,-13,1,-11,1,-9,1,-5,0,-4,0,-2,-2,0,-3,2,-4,3,-6,3,-8,4,-11,5,-11,4,-12,4,-13,3,-13,2,-13,1,-12,1,-10,0,-8,-1,-5,0,0,0,0,0,0,0,0,0,0]"
CSI_DATA,36884,80:af:ca:27:52:2a,-55,11,1,1,1,1,1,0,0,0,0,-97,0,11,2,483812362,0,83,1,128,0,"[0,0,0,0,0,0,0,0,0,0,0,0,2,-6,3,-6,5,-6,5,-7,6,-7,6,-7,6,-6,6,-6,5,-5,5,-4,3,-3,3,-1,1,0,0,0,0,1,-1,3,-1,5,-2,5,-3,6,-3,7,-3,7,-3,7,-2,7,-2,6,-1,6,-1,5,0,0,0,2,0,1,0,0,0,-1,0,-3,0,-4,0,-5,0,-6,0,-6,0,-7,0,-7,0,-6,0,-6,-1,-6,-1,-5,-1,-4,-1,-3,-1,-1,-1,0,-1,0,-1,1,-1,1,-1,3,-1,3,0,3,0,3,0,0,0,0,0,0,0,0,0,0]"
CSI_DATA,36885,80:af:ca:27:52:2a,-56,11,1,1,1,1,1,0,0,0,0,-97,0,11,2,483821710,0,83,1,128,0,"[0,0,0,0,0,0,0,0,0,0,0,0,-5,-1,-6,-2,-6,-3,-6,-4,-6,-5,-6,-5,-5,-5,-4,-5,-4,-5,-3,-4,-2,-3,-2,-2,-1,0,-1,0,-1,1,-1,2,-1,3,-2,4,-2,5,-3,5,-3,6,-3,6,-3,5,-3,5,-3,5,-3,4,0,0,-1,3,0,3,0,2,0,2,1,2,2,1,3,1,4,2,4,2,5,2,5,2,5,2,5,2,5,2,4,2,4,2,3,1,3,1,2,0,2,0,2,0,1,0,1,-1,1,-2,2,-2,2,-2,0,0,0,0,0,0,0,0,0,0]"
CSI_DATA,36886,80:af:ca:27:52:2a,-55,11,1,1,1,1,1,0,0,0,0,-97,0,11,2,483832621,0,83,1,128,0,"[0,0,0,0,0,0,0,0,0,0,0,0,-2,-3,-3,-4,-4,-5,-4,-6,-5,-7,-5,-8,-6,-9,-5,-9,-5,-9,-4,-9,-4,-8,-4,-7,-3,-6,-2,-4,-2,-2,-2,0,-2,0,-2,2,-3,4,-4,6,-4,6,-4,8,-5,8,-6,8,-6,8,-6,8,0,0,-6,6,-5,5,-4,4,-3,3,-1,2,0,2,2,1,4,1,5,1,6,1,8,2,8,2,8,3,8,4,8,4,7,4,6,4,5,4,4,3,2,2,2,1,1,0,0,-1,0,-3,0,-4,1,-5,0,0,0,0,0,0,0,0,0,0]"
CSI_DATA,36887,80:af:ca:27:52:2a,-54,11,1,1,1,1,1,0,0,0,0,-97,0,11,2,483841081,0,83,1,128,0,"[0,0,0,0,0,0,0,0,0,0,0,0,0,-1,-1,-4,-1,-7,-2,-8,-2,-11,-2,-12,-3,-14,-3,-14,-2,-15,-3,-14,-2,-13,-2,-11,-2,-9,-1,-8,-1,-5,0,-2,0,0,0,2,0,5,0,8,1,9,1,11,2,12,2,13,2,13,2,13,0,0,1,11,1,9,0,7,0,5,0,2,0,0,0,-3,0,-6,0,-8,0,-9,0,-11,0,-12,0,-13,0,-13,0,-13,0,-12,0,-10,0,-8,0,-7,0,-5,0,-2,0,0,0,0,-1,2,-2,4,-3,5,0,0,0,0,0,0,0,0,0,0]"
CSI_DATA,36888,80:af:ca:27:52:2a,-52,11,0,0,0,0,0,0,0,0,0,-97,0,11,2,483852752,0,83,0,128,0,"[0,0,0,0,0,0,0,0,0,0,0,0,3,16,3,17,3,17,3,14,2,11,0,8,0,5,-1,2,-3,0,-5,-1,-8,-3,-9,-5,-11,-6,-12,-6,-12,-5,-14,-6,-13,-6,-13,-4,-13,-5,-12,-4,-10,-3,-8,-3,-5,-2,-1,-2,1,-3,5,-3,0,0,12,-5,15,-6,17,-8,18,-8,17,-8,17,-8,15,-8,13,-7,10,-6,8,-5,6,-3,3,-1,1,0,0,1,-2,3,-4,6,-6,8,-8,10,-9,12,-10,13,-10,14,-10,14,-9,14,-8,12,-7,10,-5,8,0,0,0,0,0,0,0,0,0,0]"
CSI_DATA,36889,80:af:ca:27:52:2a,-53,11,1,1,1,1,1,0,0,0,0,-97,0,11,2,483862124,0,83,1,128,0,"[0,0,0,0,0,0,0,0,0,0,0,0,9,4,8,3,8,3,7,2,5,3,3,3,1,0,1,3,-3,1,0,4,-1,4,-3,5,-3,5,-4,5,-5,5,-6,9,-5,9,-4,6,-4,5,-3,6,-3,4,-1,3,-1,1,-1,0,-1,-1,-2,-3,0,0,-3,-5,-5,-6,-6,-6,-5,-6,-6,-7,-6,-5,-6,-5,-6,-3,-5,-4,-4,-2,-2,-1,-1,-1,0,-1,1,0,2,0,3,-1,5,-1,5,-1,5,-1,5,-1,5,-2,5,-2,4,-1,3,-1,3,-1,1,0,0,0,0,0,0,0,0,0,0,0]"
CSI_DATA,36890,80:af:ca:27:52:2a,-55,11,0,0,0,0,0,0,0,0,0,-97,0,11,2,483877909,0,83,0,128,0,"[0,0,0,0,0,0,0,0,0,0,0,0,-2,7,-5,10,-7,11,-7,12,-9,12,-9,12,-9,11,-9,10,-8,8,-7,7,-6,5,-5,3,-4,1,-3,-1,-2,-3,-1,-5,0,-7,0,-8,1,-10,1,-12,1,-13,1,-14,1,-14,1,-14,0,-14,0,-11,0,0,-1,-7,0,-4,-1,-1,-1,2,-1,4,-1,7,-1,8,0,9,0,10,0,10,1,11,1,10,1,9,1,9,2,8,2,6,2,5,2,3,2,1,2,-1,2,-4,1,-6,1,-7,0,-9,0,-10,-1,-10,0,0,0,0,0,0,0,0,0,0]"
CSI_DATA,36891,80:af:ca:27:52:2a,-56,11,1,1,1,1,1,0,0,0,0,-97,0,11,2,483887205,0,83,1,128,0,"[0,0,0,0,0,0,0,0,0,0,0,0,8,0,6,0,4,1,2,1,0,0,-1,0,-3,0,-5,-1,-7,-2,-7,-3,-9,-4,-9,-5,-9,-5,-9,-5,-8,-5,-7,-5,-7,-5,-6,-4,-5,-3,-3,-2,-2,0,-1,0,0,2,0,3,0,5,1,5,0,0,1,8,1,9,1,9,1,9,1,9,1,8,1,7,1,6,1,5,1,3,1,1,1,0,2,0,3,-1,3,-3,3,-3,4,-5,4,-5,4,-5,5,-5,4,-5,4,-5,4,-4,3,-4,3,-3,2,-3,0,0,0,0,0,0,0,0,0,0]"
CSI_DATA,36892,80:af:ca:27:52:2a,-53,11,1,1,1,1,1,0,0,0,0,-97,0,11,2,483910744,0,83,1,128,0,"[0,0,0,0,0,0,0,0,0,0,0,0,0,-1,-2,-4,-3,-6,-4,-8,-5,-10,-6,-11,-7,-12,-7,-12,-7,-12,-7,-11,-7,-11,-6,-10,-5,-8,-3,-6,-2,-4,-1,-1,0,0,0,2,2,5,3,7,4,9,5,10,6,11,6,11,6,11,6,11,0,0,5,10,4,8,3,6,1,3,0,1,0,0,-1,-3,-2,-5,-2,-8,-3,-10,-3,-11,-3,-12,-3,-12,-3,-12,-3,-12,-2,-11,-2,-10,-1,-8,-1,-6,0,-4,0,-2,0,0,0,1,0,3,0,4,-1,6,0,0,0,0,0,0,0,0,0,0]"
CSI_DATA,36893,80:af:ca:27:52:2a,-52,11,1,1,1,1,1,0,0,0,0,-97,0,11,2,483932405,0,83,1,128,0,"[0,0,0,0,0,0,0,0,0,0,0,0,-2,-7,0,-9,2,-13,4,-15,4,-17,4,-19,4,-20,3,-20,3,-21,2,-19,1,-17,1,-15,1,-11,1,-9,2,-5,3,-3,5,0,7,1,9,3,11,4,13,4,15,4,16,4,16,3,16,2,15,1,0,0,11,0,9,1,5,1,3,2,0,2,-2,3,-4,5,-7,7,-8,9,-8,10,-8,11,-8,11,-8,11,-7,11,-5,10,-4,9,-3,8,-2,5,-2,3,-2,1,-2,-1,-2,-3,-2,-4,-3,-5,-3,-7,-3,-8,0,0,0,0,0,0,0,0,0,0]"
CSI_DATA,36894,80:af:ca:27:52:2a,-54,11,1,1,1,1,1,0,0,0,0,-97,0,11,2,483941357,0,83,1,128,0,"[0,0,0,0,0,0,0,0,0,0,0,0,-2,4,-4,5,-6,6,-7,7,-8,8,-8,8,-8,8,-8,8,-8,8,-7,7,-6,6,-5,5,-4,3,-4,1,-3,0,-4,-2,-4,-4,-4,-5,-4,-7,-5,-8,-5,-8,-6,-8,-7,-8,-7,-8,-7,-7,-6,-6,0,0,-4,-4,-3,-3,-1,-2,0,-1,1,0,4,0,5,0,6,0,7,-1,8,-2,8,-2,8,-2,7,-3,6,-3,5,-3,4,-3,3,-3,1,-2,0,-1,0,0,-1,0,-2,1,-2,2,-2,3,-3,4,-3,4,0,0,0,0,0,0,0,0,0,0]"
CSI_DATA,36895,80:af:ca:27:52:2a,-55,11,1,1,1,1,1,0,0,0,0,-97,0,11,2,483964890,0,83,1,128,0,"[0,0,0,0,0,0,0,0,0,0,0,0,-3,-8,-2,-7,-2,-5,-2,-4,-1,-2,-1,-1,-1,0,-2,2,-2,3,-3,4,-4,5,-5,6,-5,6,-6,6,-6,7,-6,6,-6,6,-5,5,-5,5,-4,4,-2,3,-1,3,0,2,1,2,2,2,3,1,0,0,6,2,7,2,8,3,8,3,8,4,8,4,7,4,6,4,6,3,5,3,3,2,3,1,2,0,2,-1,1,-2,1,-4,2,-5,2,-6,2,-6,3,-7,3,-7,3,-6,4,-6,4,-5,4,-4,3,-3,0,0,0,0,0,0,0,0,0,0]"
CSI_DATA,36896,80:af:ca:27:52:2a,-54,11,0,0,0,0,0,0,0,0,0,-97,0,11,2,483975244,0,83,0,128,0,"[0,0,0,0,0,0,0,0,0,0,0,0,-12,-5,-12,-5,-10,-5,-9,-3,-6,-3,-5,-2,-2,0,0,0,1,2,3,3,5,4,6,5,7,6,8,6,8,6,9,6,8,6,8,6,8,6,6,5,6,3,5,3,3,0,1,0,0,-3,-3,-6,0,0,-6,-10,-7,-12,-9,-14,-9,-15,-8,-15,-8,-14,-7,-13,-6,-12,-5,-10,-4,-8,-3,-6,-2,-4,-2,-2,-1,0,-1,3,-1,6,-1,9,-2,10,-2,13,-3,13,-3,15,-3,15,-4,14,-4,13,-4,11,-3,9,0,0,0,0,0,0,0,0,0,0]"
CSI_DATA,36897,80:af:ca:27:52:2a,-53,11,1,1,1,1,1,0,0,0,0,-97,0,11,2,483984917,0,83,1,128,0,"[0,0,0,0,0,0,0,0,0,0,0,0,6,2,6,1,5,1,5,1,3,1,2,0,1,0,0,0,-1,0,-2,0,-4,0,-5,0,-6,-1,-7,-1,-7,-1,-7,-1,-7,0,-7,0,-6,0,-5,0,-4,0,-3,0,-2,0,0,0,0,0,1,0,0,0,4,0,5,0,6,0,7,0,7,0,7,0,7,0,6,0,6,0,4,0,3,0,2,0,0,0,0,0,-1,0,-2,0,-4,0,-4,-1,-5,-1,-5,-1,-6,-1,-5,-1,-5,-1,-5,-1,-4,-2,-3,-1,0,0,0,0,0,0,0,0,0,0]"
CSI_DATA,36898,80:af:ca:27:52:2a,-53,11,0,0,0,0,0,0,0,0,0,-97,0,11,2,483994775,0,83,0,128,0,"[0,0,0,0,0,0,0,0,0,0,0,0,0,3,-2,6,-5,10,-5,12,-6,13,-6,15,-7,16,-6,16,-6,15,-5,13,-3,12,-3,11,-3,7,-2,5,-2,2,-2,0,-2,-2,-2,-6,-2,-8,-3,-11,-5,-13,-6,-16,-6,-17,-7,-20,-8,-20,-8,-18,0,0,-7,-15,-5,-12,-3,-10,-2,-6,0,-2,2,0,3,3,5,5,7,7,8,8,10,10,10,10,10,10,10,11,10,10,10,8,8,8,7,6,5,5,2,2,0,1,-2,-1,-5,-2,-7,-5,-8,-6,-10,-7,0,0,0,0,0,0,0,0,0,0]"
CSI_DATA,36899,80:af:ca:27:52:2a,-53,11,1,1,1,1,1,0,0,0,0,-97,0,11,2,484003922,0,83,1,128,0,"[0,0,0,0,0,0,0,0,0,0,0,0,-3,1,-6,1,-9,1,-11,0,-13,1,-14,1,-15,1,-15,1,-15,2,-14,2,-12,2,-10,1,-8,0,-6,0,-3,0,-1,-1,0,-3,2,-4,3,-6,5,-8,5,-9,6,-11,6,-12,6,-12,5,-12,5,-11,0,0,3,-9,2,-7,1,-4,0,-2,0,0,0,1,0,4,0,6,0,8,0,9,0,10,0,10,0,10,0,10,0,9,0,8,0,6,0,4,0,2,0,1,0,0,0,-1,0,-3,-1,-4,-1,-5,-1,-6,0,0,0,0,0,0,0,0,0,0]"
CSI_DATA,36900,80:af:ca:27:52:2a,-55,11,1,1,1,1,1,0,0,0,0,-97,0,11,2,484034077,0,83,1,128,0,"[0,0,0,0,0,0,0,0,0,0,0,0,5,-9,5,-8,4,-6,4,-5,2,-3,1,-2,0,0,-1,1,-2,2,-4,4,-5,5,-6,5,-7,6,-8,6,-8,6,-8,6,-8,6,-7,5,-6,5,-5,4,-4,3,-2,1,0,0,1,0,2,-1,4,-2,0,0,7,-3,8,-4,9,-4,9,-4,9,-4,9,-3,8,-3,7,-2,6,-2,4,-2,2,-2,1,-1,0,-1,-2,-1,-4,-1,-5,-1,-6,-1,-6,-1,-7,-2,-7,-1,-8,-2,-7,-2,-6,-1,-6,-1,-5,-1,-4,-1,0,0,0,0,0,0,0,0,0,0]"
CSI_DATA,36901,80:af:ca:27:52:2a,-55,11,1,1,1,1,1,0,0,0,0,-97,0,11,2,484043456,0,83,1,128,0,"[0,0,0,0,0,0,0,0,0,0,0,0,2,-6,2,-6,2,-5,2,-4,1,-3,1,-2,0,-1,0,0,-1,1,-1,2,-2,3,-3,4,-4,5,-4,5,-4,5,-5,5,-4,5,-4,5,-4,4,-3,3,-2,3,-1,2,0,1,0,0,1,0,2,-1,0,0,4,-3,5,-3,5,-4,5,-4,5,-4,5,-4,5,-3,5,-3,4,-3,3,-2,2,-2,1,-1,0,-1,0,0,-2,0,-3,0,-4,0,-4,0,-5,0,-5,0,-5,0,-5,0,-5,0,-5,0,-4,0,-4,0,0,0,0,0,0,0,0,0,0,0]"
CSI_DATA,36902,80:af:ca:27:52:2a,-55,11,1,1,1,1,1,0,0,0,0,-97,0,11,2,484050639,0,83,1,128,0,"[0,0,0,0,0,0,0,0,0,0,0,0,6,2,6,2,5,2,4,1,3,1,1,0,0,0,0,0,-2,0,-3,-1,-4,-1,-5,-2,-6,-2,-6,-3,-7,-3,-7,-3,-7,-3,-6,-2,-6,-2,-5,-2,-4,-1,-2,-1,-1,0,0,0,0,0,2,1,0,0,4,2,5,2,5,3,6,3,6,3,6,4,5,3,5,3,4,2,3,2,2,1,1,0,0,0,0,-1,0,-1,-1,-2,-2,-3,-2,-4,-3,-4,-3,-5,-3,-5,-3,-5,-3,-5,-2,-4,-2,-4,-1,-3,0,0,0,0,0,0,0,0,0,0]"
CSI_DATA,36903,80:af:ca:27:52:2a,-54,11,0,0,0,0,0,0,0,0,0,-97,0,11,2,484060915,0,83,0,128,0,"[0,0,0,0,0,0,0,0,0,0,0,0,-13,-8,-13,-8,-12,-8,-9,-7,-7,-6,-4,-4,-2,-2,0,0,3,0,4,0,7,2,8,3,10,3,10,4,10,3,12,4,11,3,11,3,10,3,8,2,7,1,5,1,2,0,0,0,-4,0,-7,-1,0,0,-13,-2,-15,-2,-17,-2,-17,-3,-17,-3,-17,-2,-14,-2,-13,-2,-11,-1,-8,0,-6,0,-3,0,-1,0,1,0,4,0,6,1,8,1,10,2,12,2,13,3,14,3,13,3,13,2,12,2,10,1,8,1,0,0,0,0,0,0,0,0,0,0]"
CSI_DATA,36904,80:af:ca:27:52:2a,-54,11,1,1,1,1,1,0,0,0,0,-97,0,11,2,484068395,0,83,1,128,0,"[0,0,0,0,0,0,0,0,0,0,0,0,0,3,-1,5,-2,7,-3,8,-4,10,-4,11,-4,12,-4,11,-4,11,-4,10,-4,8,-4,7,-2,5,-2,3,-1,1,0,0,0,-3,0,-4,0,-7,1,-8,1,-9,1,-11,1,-12,1,-12,1,-11,1,-11,0,0,0,-8,0,-6,0,-4,0,-3,0,0,0,1,-1,3,-2,4,-2,6,-2,8,-3,8,-3,8,-3,8,-3,8,-3,8,-2,7,-2,6,-1,4,-1,3,0,1,0,0,0,0,0,-2,1,-3,2,-4,2,-4,0,0,0,0,0,0,0,0,0,0]"
CSI_DATA,36905,80:af:ca:27:52:2a,-54,11,0,0,0,0,0,0,0,0,0,-97,0,11,2,484079595,0,83,0,128,0,"[0,0,0,0,0,0,0,0,0,0,0,0,3,4,3,7,3,11,3,13,3,15,3,15,2,15,2,14,2,13,1,11,1,9,0,7,0,4,0,2,-1,0,-1,-2,-1,-4,-2,-6,-2,-9,-3,-11,-3,-13,-4,-15,-4,-15,-4,-17,-5,-17,-4,-16,0,0,-3,-11,-3,-8,-2,-6,-2,-2,-1,1,-1,3,-1,6,0,8,0,9,0,10,0,11,0,11,0,13,0,13,0,11,0,10,0,9,0,7,0,5,1,3,1,0,1,-3,2,-5,3,-7,3,-9,3,-9,0,0,0,0,0,0,0,0,0,0]"
CSI_DATA,36906,80:af:ca:27:52:2a,-54,11,0,0,0,0,0,0,0,0,0,-97,0,11,2,484090589,0,83,0,128,0,"[0,0,0,0,0,0,0,0,0,0,0,0,-4,-13,-3,-14,-3,-12,-3,-10,-1,-7,0,-4,0,-1,1,0,2,3,3,5,4,7,5,8,6,8,6,9,6,8,7,10,6,9,6,8,5,7,4,6,3,4,2,3,0,0,-1,0,-3,-3,-6,-5,0,0,-10,-8,-11,-10,-13,-11,-13,-11,-12,-11,-11,-10,-11,-9,-9,-7,-7,-6,-5,-4,-3,-3,-2,-1,0,0,1,1,3,3,5,4,7,6,7,7,9,8,9,9,10,9,10,8,9,7,8,7,7,5,5,3,0,0,0,0,0,0,0,0,0,0]"
CSI_DATA,36907,80:af:ca:27:52:2a,-55,11,1,1,1,1,1,0,0,0,0,-97,0,11,2,484109116,0,83,1,128,0,"[0,0,0,0,0,0,0,0,0,0,0,0,-7,5,-6,4,-6,4,-5,3,-4,2,-3,1,-2,0,0,-1,0,-2,1,-3,2,-4,3,-5,4,-6,4,-6,4,-7,4,-7,4,-7,3,-6,3,-6,3,-5,2,-3,1,-2,0,-1,0,0,-1,1,-1,3,0,0,-2,5,-3,6,-3,7,-3,7,-3,7,-3,7,-3,6,-2,5,-2,5,-1,3,-1,2,0,1,0,0,1,-1,1,-2,1,-3,2,-4,2,-5,2,-5,2,-5,2,-5,2,-5,2,-5,2,-4,1,-4,1,-3,0,0,0,0,0,0,0,0,0,0]"
CSI_DATA,36908,80:af:ca:27:52:2a,-55,11,1,1,1,1,1,0,0,0,0,-97,0,11,2,484119219,0,83,1,128,0,"[0,0,0,0,0,0,0,0,0,0,0,0,-1,8,-1,7,-1,6,-1,5,-1,4,-1,2,-1,1,-1,-1,-1,-2,-1,-3,-1,-5,-1,-6,-1,-7,-1,-7,-1,-8,-1,-8,-1,-8,-1,-7,-1,-6,-1,-5,0,-4,0,-2,0,-1,0,0,0,1,0,3,0,0,1,5,1,6,1,6,1,7,1,7,1,6,1,6,1,5,1,4,1,3,0,2,0,0,0,0,0,-2,0,-3,0,-4,0,-4,0,-5,0,-5,0,-5,0,-5,0,-5,0,-5,-1,-4,0,-4,0,-3,0,0,0,0,0,0,0,0,0,0]"
CSI_DATA,36909,80:af:ca:27:52:2a,-54,11,1,1,1,1,1,0,0,0,0,-97,0,11,2,484128238,0,83,1,128,0,"[0,0,0,0,0,0,0,0,0,0,0,0,1,2,1,5,1,7,1,8,1,10,1,10,1,11,0,10,0,10,0,9,0,8,0,7,0,5,0,2,0,0,0,-1,0,-3,-1,-5,0,-7,-1,-8,-1,-9,-1,-10,-1,-10,-1,-11,-1,-10,-1,-10,0,0,-1,-7,-1,-5,-1,-3,-1,-2,-1,0,-1,2,-1,4,-1,5,-1,7,-1,8,-1,8,-1,8,-1,8,-1,8,-1,8,-1,7,0,5,0,4,0,2,0,1,0,0,1,0,1,-2,2,-3,2,-3,2,-4,0,0,0,0,0,0,0,0,0,0]"
CSI_DATA,36910,80:af:ca:27:52:2a,-55,11,1,1,1,1,1,0,0,0,0,-97,0,11,2,484136258,0,83,1,128,0,"[0,0,0,0,0,0,0,0,0,0,0,0,3,-1,5,-1,7,-1,9,-1,9,0,10,0,11,0,10,0,10,0,9,0,8,0,7,0,4,0,2,0,0,0,-1,0,-3,0,-4,0,-7,0,-8,0,-9,0,-10,0,-11,0,-11,0,-10,0,-9,0,0,0,-7,0,-5,0,-4,0,-2,0,0,0,1,0,3,1,4,1,6,1,7,2,7,2,8,2,8,2,8,2,7,2,7,1,5,1,4,0,3,0,2,0,0,0,0,-1,-1,-2,-2,-2,-3,-3,-3,-4,0,0,0,0,0,0,0,0,0,0]"
CSI_DATA,36911,80:af:ca:27:52:2a,-54,11,0,0,0,0,0,0,0,0,0,-97,0,11,2,484150729,0,83,0,128,0,"[0,0,0,0,0,0,0,0,0,0,0,0,-5,0,-8,-1,-11,-2,-14,-1,-16,-2,-16,-3,-16,-3,-15,-3,-14,-3,-13,-3,-10,-2,-8,-2,-6,-2,-4,-1,-2,-1,1,0,3,1,5,1,7,2,9,2,11,2,14,3,14,3,16,5,16,4,15,4,0,0,11,3,8,2,5,1,3,0,0,-2,-3,-3,-5,-4,-7,-5,-8,-6,-9,-7,-10,-8,-10,-8,-10,-8,-10,-9,-10,-8,-9,-7,-9,-7,-7,-6,-5,-4,-4,-2,-2,0,-1,2,1,4,1,6,2,8,2,9,0,0,0,0,0,0,0,0,0,0]"
CSI_DATA,36912,80:af:ca:27:52:2a,-54,11,1,1,1,1,1,0,0,0,0,-97,0,11,2,484160267,0,83,1,128,0,"[0,0,0,0,0,0,0,0,0,0,0,0,-7,-7,-6,-6,-5,-6,-4,-5,-3,-3,-2,-2,-1,-1,0,0,1,0,2,1,4,2,5,3,6,4,6,4,7,4,7,4,7,4,7,3,6,3,4,2,3,2,2,1,1,0,0,0,-1,-1,-3,-1,0,0,-6,-2,-7,-3,-7,-3,-8,-3,-8,-3,-8,-3,-7,-3,-7,-3,-6,-2,-4,-2,-3,-1,-2,-1,0,0,0,0,1,1,2,1,3,2,4,2,4,2,5,3,5,3,4,3,4,2,4,2,3,2,2,1,0,0,0,0,0,0,0,0,0,0]"
CSI_DATA,36913,80:af:ca:27:52:2a,-54,11,0,0,0,0,0,0,0,0,0,-97,0,11,2,484171013,0,83,0,128,0,"[0,0,0,0,0,0,0,0,0,0,0,0,-14,-3,-14,-4,-13,-4,-10,-3,-8,-3,-4,-2,-2,-2,0,-2,3,-2,5,-2,8,-3,9,-3,10,-3,11,-4,10,-4,12,-4,11,-4,10,-4,9,-4,8,-4,6,-2,4,-1,1,0,0,1,-3,3,-6,4,0,0,-10,8,-12,10,-13,12,-13,12,-12,11,-11,11,-10,9,-8,8,-6,6,-4,4,-3,3,-1,0,0,0,1,-3,3,-4,4,-6,6,-8,8,-9,8,-11,8,-12,8,-13,8,-13,7,-12,6,-11,4,-9,3,-7,0,0,0,0,0,0,0,0,0,0]"
CSI_DATA,36914,80:af:ca:27:52:2a,-56,11,1,1,1,1,1,0,0,0,0,-97,0,11,2,484182269,0,83,1,128,0,"[0,0,0,0,0,0,0,0,0,0,0,0,2,2,2,4,3,5,4,6,4,8,4,8,4,8,4,8,4,8,3,8,2,6,2,6,1,4,0,2,0,0,-1,0,-2,-2,-4,-3,-4,-4,-5,-6,-6,-6,-6,-6,-7,-7,-7,-7,-7,-6,-6,-6,0,0,-5,-4,-4,-3,-2,-2,-1,-1,0,0,1,1,2,2,3,3,4,4,5,4,6,5,6,5,6,5,6,5,6,4,4,3,4,2,3,2,2,0,1,0,0,0,0,-2,-1,-2,-2,-3,-2,-4,-3,-4,0,0,0,0,0,0,0,0,0,0]"
CSI_DATA,36915,80:af:ca:27:52:2a,-54,11,1,1,1,1,1,0,0,0,0,-97,0,11,2,484191473,0,83,1,128,0,"[0,0,0,0,0,0,0,0,0,0,0,0,-10,2,-9,1,-8,1,-6,0,-5,0,-3,0,-1,-1,0,-2,2,-3,3,-3,5,-4,6,-5,7,-5,7,-5,7,-5,8,-5,6,-5,6,-5,5,-4,4,-3,3,-2,1,-1,0,0,-1,0,-2,1,-3,3,0,0,-5,5,-6,5,-6,6,-6,6,-6,6,-6,6,-5,5,-5,5,-3,4,-2,3,-1,1,0,1,0,0,1,-1,3,-2,3,-3,4,-3,4,-4,5,-5,4,-5,4,-5,4,-5,3,-5,3,-4,2,-3,1,-3,0,0,0,0,0,0,0,0,0,0]"
CSI_DATA,36916,80:af:ca:27:52:2a,-55,11,1,1,1,1,1,0,0,0,0,-97,0,11,2,484201069,0,83,1,128,0,"[0,0,0,0,0,0,0,0,0,0,0,0,2,-2,5,-2,7,-1,9,-1,10,-1,10,0,10,0,10,0,10,0,9,0,8,0,7,0,5,0,2,0,0,0,-1,0,-2,0,-5,0,-7,-1,-8,-1,-9,-1,-10,-2,-10,-2,-10,-2,-10,-2,-10,-2,0,0,-8,-1,-5,0,-4,0,-2,0,0,0,0,1,2,2,4,2,5,3,5,4,7,4,7,5,7,5,7,5,6,4,5,4,5,3,4,2,2,2,2,0,1,0,0,-1,0,-2,0,-3,-1,-4,-1,-5,0,0,0,0,0,0,0,0,0,0]"
CSI_DATA,36917,80:af:ca:27:52:2a,-54,11,1,1,1,1,1,0,0,0,0,-97,0,11,2,484208174,0,83,1,128,0,"[0,0,0,0,0,0,0,0,0,0,0,0,-2,-4,-3,-5,-4,-7,-4,-8,-4,-10,-3,-10,-3,-10,-2,-10,-2,-10,-2,-9,-2,-8,-1,-6,-1,-4,-1,-2,-1,0,-1,1,-1,2,-1,5,-1,6,-1,8,-2,8,-2,9,-2,10,-2,10,-2,9,-2,8,0,0,-1,6,-1,5,0,3,0,2,1,0,2,-1,3,-2,4,-3,5,-5,6,-5,7,-5,7,-5,7,-5,7,-5,6,-5,6,-4,5,-3,4,-3,2,-2,1,-2,0,-2,-1,-1,-2,-1,-3,-2,-4,-2,-5,-2,0,0,0,0,0,0,0,0,0,0]"
CSI_DATA,36918,80:af:ca:27:52:2a,-54,11,0,0,0,0,0,0,0,0,0,-97,0,11,2,484218038,0,83,0,128,0,"[0,0,0,0,0,0,0,0,0,0,0,0,2,13,2,13,1,12,1,9,0,6,0,4,0,0,0,-1,-1,-4,-1,-6,-2,-8,-2,-11,-2,-11,-2,-12,-3,-12,-3,-13,-3,-12,-3,-11,-2,-11,-2,-9,-2,-7,-1,-5,-1,-2,0,0,0,4,0,7,0,0,1,13,1,14,1,17,1,17,1,16,1,15,1,14,0,12,0,10,0,7,0,5,0,2,0,0,0,-2,1,-4,1,-7,1,-10,3,-12,3,-13,4,-14,4,-15,4,-15,4,-14,4,-13,3,-11,2,-8,0,0,0,0,0,0,0,0,0,0]"
CSI_DATA,36919,80:af:ca:27:52:2a,-54,11,1,1,1,1,1,0,0,0,0,-97,0,11,2,484225001,0,83,1,128,0,"[0,0,0,0,0,0,0,0,0,0,0,0,-1,2,-2,4,-3,5,-5,6,-5,8,-6,8,-6,8,-6,8,-6,8,-5,8,-5,7,-4,6,-3,4,-2,2,-1,1,0,0,0,-2,0,-4,1,-5,2,-7,2,-8,2,-9,2,-11,2,-11,2,-11,2,-10,0,0,1,-8,1,-6,0,-4,0,-2,0,0,0,1,-1,3,-2,5,-2,6,-2,7,-2,8,-2,8,-2,8,-2,8,-2,8,-2,7,-2,5,-1,5,-1,2,0,1,0,0,0,0,0,-2,1,-3,2,-4,2,-5,0,0,0,0,0,0,0,0,0,0]"
CSI_DATA,36920,80:af:ca:27:52:2a,-54,11,1,1,1,1,1,0,0,0,0,-97,0,11,2,484233361,0,83,1,128,0,"[0,0,0,0,0,0,0,0,0,0,0,0,-3,0,-5,-1,-7,-1,-9,-3,-10,-3,-11,-3,-11,-3,-11,-3,-11,-3,-10,-3,-10,-3,-8,-3,-6,-2,-4,-1,-2,-1,0,-1,2,0,4,0,6,0,7,-1,9,-1,10,-1,10,-1,11,-1,10,-2,10,-2,0,0,7,-2,6,-1,3,-1,1,0,0,0,-2,0,-4,0,-6,1,-7,1,-9,2,-10,2,-10,2,-10,2,-10,2,-9,2,-7,1,-6,1,-5,1,-3,0,-2,0,0,0,0,0,2,0,3,0,4,0,5,-1,0,0,0,0,0,0,0,0,0,0]"
CSI_DATA,36921,80:af:ca:27:52:2a,-54,11,1,1,1,1,1,0,0,0,0,-97,0,11,2,484241968,0,83,1,128,0,"[0,0,0,0,0,0,0,0,0,0,0,0,-2,2,-5,2,-7,2,-8,3,-10,3,-11,3,-11,3,-11,3,-11,3,-10,2,-9,2,-8,1,-5,0,-3,0,-1,0,0,-1,2,-2,3,-3,5,-4,6,-5,8,-5,8,-6,8,-6,8,-6,8,-6,8,-6,0,0,5,-5,3,-3,2,-2,0,-1,-1,0,-2,0,-4,2,-5,2,-7,3,-8,4,-8,5,-8,5,-8,5,-8,5,-7,5,-6,4,-5,3,-4,2,-2,2,-1,1,0,0,1,0,2,0,3,0,4,-1,5,-1,0,0,0,0,0,0,0,0,0,0]"
CSI_DATA,36922,80:af:ca:27:52:2a,-54,11,0,0,0,0,0,0,0,0,0,-97,0,11,2,484254191,0,83,0,128,0,"[0,0,0,0,0,0,0,0,0,0,0,0,3,-4,7,-5,10,-6,11,-7,13,-6,13,-6,13,-6,13,-6,12,-5,10,-4,9,-4,7,-3,5,-2,3,-1,0,0,-2,0,-4,1,-6,2,-8,2,-10,3,-12,4,-14,5,-14,5,-17,5,-16,5,-15,5,0,0,-11,4,-8,3,-5,2,-2,1,1,0,4,0,6,-1,8,-1,10,-1,11,-1,12,-1,12,-1,12,-1,12,-1,12,-1,11,-1,10,-2,8,-2,5,-2,3,-2,0,-3,-2,-3,-5,-4,-7,-5,-9,-5,-9,-5,0,0,0,0,0,0,0,0,0,0]"
CSI_DATA,36923,80:af:ca:27:52:2a,-54,11,1,1,1,1,1,0,0,0,0,-97,0,11,2,484275946,0,83,1,128,0,"[0,0,0,0,0,0,0,0,0,0,0,0,10,-1,9,-1,8,-1,6,0,4,0,2,0,0,0,-1,0,-4,0,-6,0,-8,0,-9,0,-10,0,-11,0,-11,0,-11,0,-10,0,-10,0,-8,0,-7,0,-5,0,-3,0,-1,0,0,0,2,0,4,0,0,0,7,1,8,1,9,1,10,1,10,2,10,2,9,2,8,1,6,1,5,0,3,0,1,0,0,-1,-1,-1,-2,-3,-3,-3,-5,-4,-5,-5,-5,-5,-6,-5,-5,-5,-5,-5,-5,-5,-5,-5,-4,-4,-3,-3,0,0,0,0,0,0,0,0,0,0]"
CSI_DATA,36924,80:af:ca:27:52:2a,-54,11,1,1,1,1,1,0,0,0,0,-97,0,11,2,484295312,0,83,1,128,0,"[0,0,0,0,0,0,0,0,0,0,0,0,3,0,6,0,8,1,10,2,11,2,12,3,13,3,13,3,12,3,11,3,10,2,8,2,6,1,3,1,0,0,-1,0,-3,0,-6,0,-8,0,-10,0,-11,0,-13,0,-13,0,-13,0,-13,0,-12,1,0,0,-9,0,-7,0,-4,0,-2,0,0,0,2,0,4,-1,6,-1,8,-2,10,-2,10,-3,10,-3,10,-3,10,-3,10,-3,8,-2,6,-2,5,-2,3,-1,1,-1,0,0,-2,0,-3,0,-5,0,-6,0,-6,0,0,0,0,0,0,0,0,0,0,0]"
CSI_DATA,36925,80:af:ca:27:52:2a,-54,11,0,0,0,0,0,0,0,0,0,-97,0,11,2,484306780,0,83,0,128,0,"[0,0,0,0,0,0,0,0,0,0,0,0,13,-3,13,-2,13,-1,10,-2,7,0,4,0,1,0,0,0,-3,1,-6,2,-8,3,-10,3,-10,3,-11,3,-10,3,-12,4,-11,3,-11,3,-10,3,-8,2,-6,2,-4,1,-2,0,0,0,3,-2,6,-3,0,0,11,-6,13,-7,15,-8,15,-8,14,-7,14,-7,12,-6,10,-5,8,-5,6,-4,4,-3,1,-2,0,-1,-2,0,-5,0,-7,0,-10,1,-12,1,-14,1,-15,1,-15,2,-15,2,-14,2,-13,1,-11,1,-8,1,0,0,0,0,0,0,0,0,0,0]"
CSI_DATA,36926,80:af:ca:27:52:2a,-54,11,1,1,1,1,1,0,0,0,0,-97,0,11,2,484316322,0,83,1,128,0,"[0,0,0,0,0,0,0,0,0,0,0,0,7,-5,6,-4,6,-3,5,-3,3,-2,2,-1,1,0,0,0,-1,1,-2,2,-3,3,-5,4,-5,5,-6,5,-6,6,-6,6,-6,6,-5,5,-5,5,-3,3,-3,3,-2,2,-1,0,0,0,0,-1,1,-3,0,0,2,-5,3,-6,3,-6,3,-7,3,-7,3,-7,3,-6,2,-6,2,-5,1,-4,1,-2,0,-1,0,0,-1,0,-1,1,-2,2,-2,3,-3,3,-3,4,-3,4,-3,4,-3,4,-3,3,-2,3,-2,3,-2,2,0,0,0,0,0,0,0,0,0,0]"
CSI_DATA,36927,80:af:ca:27:52:2a,-54,11,1,1,1,1,1,0,0,0,0,-97,0,11,2,484325308,0,83,1,128,0,"[0,0,0,0,0,0,0,0,0,0,0,0,8,0,7,0,6,0,6,0,3,0,2,0,1,0,-1,0,-2,0,-3,0,-5,0,-6,1,-7,1,-8,1,-8,1,-8,1,-8,1,-7,1,-7,1,-6,1,-4,0,-3,0,-1,0,0,0,1,0,2,-1,0,0,5,-2,6,-2,7,-2,7,-2,7,-2,7,-2,6,-2,6,-2,5,-2,3,-1,2,-1,1,-1,0,0,-1,0,-2,0,-3,0,-5,0,-5,0,-6,0,-6,0,-6,0,-6,0,-5,0,-5,0,-4,0,-3,0,0,0,0,0,0,0,0,0,0,0]"
CSI_DATA,36928,80:af:ca:27:52:2a,-54,11,0,0,0,0,0,0,0,0,0,-97,0,11,2,484337599,0,83,0,128,0,"[0,0,0,0,0,0,0,0,0,0,0,0,9,8,8,9,7,9,5,6,3,4,1,2,0,0,-2,-1,-4,-4,-5,-5,-7,-7,-8,-8,-8,-9,-8,-9,-8,-9,-8,-10,-8,-9,-8,-8,-6,-8,-5,-7,-4,-5,-3,-4,-2,-1,0,1,2,4,3,7,0,0,6,12,7,13,8,15,8,15,7,14,7,13,6,12,4,10,4,8,3,5,3,4,1,0,0,0,0,-4,0,-6,0,-8,0,-11,0,-13,0,-14,0,-15,0,-16,0,-15,0,-14,0,-13,0,-11,0,-8,0,0,0,0,0,0,0,0,0,0]"
CSI_DATA,36929,80:af:ca:27:52:2a,-55,11,1,1,1,1,1,0,0,0,0,-97,0,11,2,484346791,0,83,1,128,0,"[0,0,0,0,0,0,0,0,0,0,0,0,3,1,4,2,6,3,7,4,7,4,8,5,8,5,8,5,7,5,7,5,6,4,4,3,3,2,2,1,0,0,-1,0,-2,-2,-4,-3,-5,-4,-6,-4,-7,-5,-8,-6,-8,-6,-8,-7,-8,-6,-7,-5,0,0,-6,-4,-4,-3,-3,-2,-2,0,0,0,0,1,2,2,3,4,4,4,4,5,4,6,4,7,4,7,4,6,4,6,4,5,3,4,2,3,2,2,1,0,0,0,0,-1,0,-2,0,-4,-1,-4,-1,-5,0,0,0,0,0,0,0,0,0,0]"
CSI_DATA,36930,80:af:ca:27:52:2a,-54,11,0,0,0,0,0,0,0,0,0,-97,0,11,2,484356945,0,83,0,128,0,"[0,0,0,0,0,0,0,0,0,0,0,0,-5,0,-8,-1,-11,-2,-12,-2,-14,-2,-15,-3,-15,-3,-15,-3,-14,-3,-12,-3,-11,-2,-9,-2,-6,-2,-4,-1,-2,-1,0,-1,3,-1,5,0,7,0,9,0,11,0,13,-1,14,-1,17,0,16,-1,15,0,0,0,12,-1,9,-1,6,-1,2,-1,-1,-1,-4,-1,-7,-1,-9,-1,-11,-2,-12,-1,-13,-2,-13,-2,-13,-2,-14,-2,-13,-2,-12,-2,-11,-2,-9,-1,-7,-1,-4,0,-1,1,1,1,4,2,6,3,8,4,9,4,0,0,0,0,0,0,0,0,0,0]"
CSI_DATA,36931,80:af:ca:27:52:2a,-54,11,1,1,1,1,1,0,0,0,0,-97,0,11,2,484366409,0,83,1,128,0,"[0,0,0,0,0,0,0,0,0,0,0,0,2,0,5,2,6,2,8,4,8,5,9,5,10,5,9,5,9,5,8,5,8,4,6,3,5,2,2,2,0,0,-1,0,-2,0,-5,-1,-7,-2,-8,-2,-9,-2,-11,-3,-11,-3,-11,-3,-11,-3,-11,-2,0,0,-8,-2,-6,-2,-4,-1,-2,0,0,0,2,0,4,0,5,1,7,1,8,2,9,2,9,2,9,2,9,2,8,1,7,1,6,0,5,0,2,0,1,0,0,0,-1,-1,-2,-2,-4,-2,-5,-2,-5,-3,0,0,0,0,0,0,0,0,0,0]"
CSI_DATA,36932,80:af:ca:27:52:2a,-54,11,1,1,1,1,1,0,0,0,0,-97,0,11,2,484374923,0,83,1,128,0,"[0,0,0,0,0,0,0,0,0,0,0,0,-8,-5,-8,-4,-6,-4,-5,-3,-4,-2,-2,-2,-1,-1,0,0,2,0,3,1,5,1,6,2,7,2,8,2,8,2,8,2,8,2,7,2,6,2,5,1,4,1,2,0,0,0,0,0,-2,-1,-4,-1,0,0,-6,-2,-8,-2,-8,-3,-8,-3,-9,-3,-8,-3,-8,-2,-6,-2,-6,-2,-5,-1,-3,-1,-2,0,0,0,0,1,2,1,3,2,4,2,4,3,5,3,5,3,5,3,5,3,4,3,4,2,3,2,2,1,0,0,0,0,0,0,0,0,0,0]"
CSI_DATA,36933,80:af:ca:27:52:2a,-55,11,1,1,1,1,1,0,0,0,0,-97,0,11,2,484386635,0,83,1,128,0,"[0,0,0,0,0,0,0,0,0,0,0,0,0,2,0,5,-1,7,-1,8,-2,9,-2,11,-2,11,-2,11,-2,10,-2,9,-2,8,-2,7,-1,5,-1,3,0,1,0,0,0,-2,0,-5,0,-6,0,-8,0,-9,0,-10,0,-11,-1,-11,-1,-11,-1,-10,0,0,0,-8,0,-5,0,-4,0,-2,0,0,0,2,0,3,0,5,0,7,0,8,0,8,0,8,0,8,0,8,0,8,0,6,0,5,0,4,0,2,0,1,0,0,0,-1,0,-2,0,-4,0,-5,0,-5,0,0,0,0,0,0,0,0,0,0]"
CSI_DATA,36934,80:af:ca:27:52:2a,-54,11,0,0,0,0,0,0,0,0,0,-97,0,11,2,484397481,0,83,0,128,0,"[0,0,0,0,0,0,0,0,0,0,0,0,-14,-4,-15,-5,-13,-5,-11,-3,-8,-3,-6,-2,-2,-1,0,-1,2,0,5,0,7,0,9,0,11,0,12,0,11,0,12,0,12,0,11,0,10,0,9,0,6,0,5,0,2,0,0,0,-3,0,-6,0,0,0,-12,2,-14,2,-16,2,-17,2,-16,2,-15,2,-14,2,-12,1,-10,1,-7,1,-6,0,-3,0,0,0,1,0,4,0,6,0,9,-1,11,0,12,-1,12,-1,13,-2,13,-1,12,-2,11,-1,9,-1,7,-1,0,0,0,0,0,0,0,0,0,0]"
CSI_DATA,36935,80:af:ca:27:52:2a,-54,11,1,1,1,1,1,0,0,0,0,-97,0,11,2,484406301,0,83,1,128,0,"[0,0,0,0,0,0,0,0,0,0,0,0,3,2,4,3,5,5,5,7,6,8,6,8,6,8,6,8,5,8,5,8,4,6,3,5,2,3,1,2,0,0,-1,-1,-2,-2,-3,-4,-5,-5,-5,-6,-6,-7,-7,-8,-7,-8,-7,-8,-7,-8,-6,-7,0,0,-5,-5,-3,-4,-2,-2,-1,-1,0,0,0,2,1,3,2,5,3,6,4,7,4,8,4,8,4,8,4,7,4,6,3,5,2,5,2,3,1,2,0,0,0,0,0,-2,0,-2,0,-4,0,-5,0,-5,0,0,0,0,0,0,0,0,0,0]"
CSI_DATA,36936,80:af:ca:27:52:2a,-54,11,0,0,0,0,0,0,0,0,0,-97,0,11,2,484418415,0,83,0,128,0,"[0,0,0,0,0,0,0,0,0,0,0,0,-2,-5,-1,-8,-1,-11,-1,-13,-1,-14,-1,-15,0,-15,0,-14,-1,-13,0,-12,-1,-11,0,-9,0,-6,0,-4,0,-2,0,0,0,2,1,5,1,7,1,9,2,10,2,13,3,13,3,15,3,15,3,14,0,0,2,10,1,7,1,5,0,2,0,-2,-1,-4,-1,-6,-2,-8,-2,-10,-3,-11,-3,-12,-3,-12,-2,-12,-3,-13,-2,-12,-2,-11,-2,-10,-2,-8,-2,-5,-2,-3,-2,0,-2,2,-2,4,-2,7,-2,8,-2,9,0,0,0,0,0,0,0,0,0,0]"
CSI_DATA,36937,80:af:ca:27:52:2a,-54,11,1,1,1,1,1,0,0,0,0,-97,0,11,2,484427728,0,83,1,128,0,"[0,0,0,0,0,0,0,0,0,0,0,0,0,-9,0,-9,0,-7,0,-6,0,-5,0,-3,0,-1,0,0,1,1,1,3,2,4,2,5,2,6,3,7,3,7,3,7,3,7,3,6,2,6,2,5,2,3,1,2,0,1,-1,0,-2,-1,-2,-3,0,0,-4,-5,-5,-5,-5,-6,-5,-6,-6,-6,-5,-6,-5,-5,-5,-5,-4,-4,-3,-3,-2,-2,-1,-1,0,0,0,1,1,2,2,2,3,3,3,3,4,4,4,4,4,4,4,4,3,3,3,3,2,2,2,2,0,0,0,0,0,0,0,0,0,0]"
CSI_DATA,36938,80:af:ca:27:52:2a,-55,11,0,0,0,0,0,0,0,0,0,-97,0,11,2,484440719,0,83,0,128,0,"[0,0,0,0,0,0,0,0,0,0,0,0,-3,-13,-3,-12,-2,-12,-2,-9,0,-6,0,-4,0,-1,1,0,1,3,2,5,3,6,3,8,3,10,3,10,3,9,4,10,3,10,3,9,3,8,2,6,2,5,1,3,0,0,-1,-2,-3,-4,-3,-7,0,0,-5,-12,-6,-14,-6,-15,-6,-15,-6,-14,-6,-14,-5,-13,-4,-10,-3,-9,-3,-6,-3,-4,-1,-2,-1,0,0,3,0,5,0,7,0,10,0,11,0,13,0,13,0,14,0,13,0,13,0,12,0,10,0,7,0,0,0,0,0,0,0,0,0,0]"
CSI_DATA,36939,80:af:ca:27:52:2a,-54,11,0,0,0,0,0,0,0,0,0,-97,0,11,2,484468398,0,83,0,128,0,"[0,0,0,0,0,0,0,0,0,0,0,0,-11,9,-11,9,-11,7,-8,5,-6,3,-3,0,-1,0,0,-2,2,-4,4,-5,7,-7,8,-8,9,-8,10,-9,9,-9,10,-9,10,-8,8,-8,8,-7,6,-6,4,-4,2,-3,0,-1,-2,0,-5,2,-8,4,0,0,-13,7,-14,8,-16,9,-16,8,-15,8,-14,7,-12,6,-11,5,-9,4,-6,3,-4,2,-1,1,0,0,3,0,5,0,8,0,11,0,12,0,13,0,14,0,15,-1,14,0,13,-1,12,0,11,-1,8,-1,0,0,0,0,0,0,0,0,0,0]"
CSI_DATA,36940,80:af:ca:27:52:2a,-54,11,1,1,1,1,1,0,0,0,0,-97,0,11,2,484491528,0,83,1,128,0,"[0,0,0,0,0,0,0,0,0,0,0,0,-8,-5,-7,-5,-6,-4,-5,-3,-3,-3,-2,-2,0,-1,0,0,2,0,3,0,5,1,6,1,7,1,8,2,8,2,8,1,8,1,7,1,6,1,5,1,4,0,2,0,1,0,-1,0,-2,0,-4,0,0,0,-7,0,-8,0,-8,0,-9,0,-9,0,-8,0,-8,0,-7,0,-6,0,-5,0,-3,0,-1,0,0,0,1,0,2,0,3,0,5,0,5,0,6,0,6,0,6,0,6,0,5,0,5,0,4,0,3,0,0,0,0,0,0,0,0,0,0,0]"
CSI_DATA,36941,80:af:ca:27:52:2a,-54,11,0,0,0,0,0,0,0,0,0,-97,0,11,2,484503272,0,83,0,128,0,"[0,0,0,0,0,0,0,0,0,0,0,0,3,0,6,0,9,2,11,2,12,4,12,5,12,5,12,6,11,5,10,5,8,4,6,3,5,2,2,1,0,0,-1,0,-3,-1,-6,-2,-7,-4,-9,-5,-11,-5,-12,-6,-14,-6,-15,-8,-15,-7,-14,-7,0,0,-11,-6,-8,-4,-6,-2,-3,0,0,0,1,2,4,4,5,5,6,6,7,7,8,8,8,8,8,9,8,9,8,9,7,7,7,7,5,6,4,3,3,1,1,0,0,-3,0,-6,0,-8,-1,-10,-1,-11,0,0,0,0,0,0,0,0,0,0]"
CSI_DATA,36942,80:af:ca:27:52:2a,-55,11,1,1,1,1,1,0,0,0,0,-97,0,11,2,484510875,0,83,1,128,0,"[0,0,0,0,0,0,0,0,0,0,0,0,2,0,4,0,6,1,7,1,8,2,9,2,9,2,9,2,9,2,8,2,7,2,6,2,4,1,2,0,0,0,0,0,-2,0,-4,-1,-6,-1,-7,-2,-9,-2,-9,-2,-10,-2,-10,-2,-9,-2,-9,-2,0,0,-7,-1,-5,-1,-3,0,-2,0,0,0,1,0,3,1,4,2,6,2,7,2,7,2,7,3,7,3,7,2,7,2,6,2,5,1,4,1,2,0,1,0,0,0,0,-2,-1,-2,-2,-3,-3,-3,-3,-4,0,0,0,0,0,0,0,0,0,0]"
CSI_DATA,36943,80:af:ca:27:52:2a,-54,11,1,1,1,1,1,0,0,0,0,-97,0,11,2,484518591,0,83,1,128,0,"[0,0,0,0,0,0,0,0,0,0,0,0,-1,-9,-1,-9,-1,-7,0,-6,0,-4,0,-3,0,-1,0,0,1,2,1,3,2,4,2,6,2,7,2,7,2,8,3,8,3,8,2,7,2,6,2,5,1,3,1,2,0,1,0,0,-1,-2,-2,-3,0,0,-3,-6,-4,-7,-4,-7,-4,-7,-4,-8,-4,-7,-4,-7,-3,-6,-3,-5,-2,-3,-2,-2,-1,-1,0,0,0,1,0,2,1,3,1,4,1,4,2,5,2,5,2,5,2,5,2,4,1,4,1,3,1,2,0,0,0,0,0,0,0,0,0,0]"
CSI_DATA,36944,80:af:ca:27:52:2a,-54,11,1,1,1,1,1,0,0,0,0,-97,0,11,2,484526389,0,83,1,128,0,"[0,0,0,0,0,0,0,0,0,0,0,0,-1,-3,-1,-5,-1,-8,0,-9,0,-11,0,-11,0,-11,0,-11,0,-11,0,-11,0,-9,0,-8,0,-6,0,-4,0,-2,0,0,0,2,0,4,0,5,0,8,0,8,0,9,0,10,0,10,0,10,0,9,0,0,0,7,0,5,0,3,0,1,0,0,0,-2,1,-3,1,-5,2,-7,2,-8,2,-8,2,-8,2,-8,2,-8,2,-8,2,-7,1,-6,1,-5,0,-3,0,-2,0,-1,-1,0,-2,0,-2,1,-3,2,-4,2,0,0,0,0,0,0,0,0,0,0]"
CSI_DATA,36945,80:af:ca:27:52:2a,-54,11,1,1,1,1,1,0,0,0,0,-97,0,11,2,484535672,0,83,1,128,0,"[0,0,0,0,0,0,0,0,0,0,0,0,-5,-9,-4,-8,-4,-7,-3,-6,-1,-4,-1,-3,0,-1,0,0,1,2,2,4,3,5,4,6,4,7,4,7,4,8,4,8,4,7,4,7,3,6,3,5,2,3,1,1,0,0,0,-1,-1,-3,-1,-4,0,0,-3,-7,-3,-8,-3,-9,-4,-9,-3,-9,-3,-9,-3,-8,-3,-7,-3,-6,-2,-4,-2,-3,-1,-1,-1,0,-1,1,0,3,0,4,0,5,0,6,0,6,0,6,0,6,0,6,0,6,0,5,0,4,0,3,0,0,0,0,0,0,0,0,0,0]"
CSI_DATA,36946,80:af:ca:27:52:2a,-55,11,1,1,1,1,1,0,0,0,0,-97,0,11,2,484543426,0,83,1,128,0,"[0,0,0,0,0,0,0,0,0,0,0,0,-4,0,-5,-1,-7,-2,-8,-3,-9,-3,-9,-4,-9,-4,-9,-4,-9,-4,-9,-4,-7,-3,-6,-2,-4,-2,-2,-2,-1,0,0,0,2,0,4,0,5,1,7,1,8,1,9,1,9,2,9,2,9,1,8,1,0,0,6,0,4,0,2,0,1,0,0,0,-2,-1,-4,-2,-5,-2,-7,-2,-7,-2,-8,-2,-9,-2,-8,-2,-8,-2,-7,-2,-7,-2,-5,-1,-4,-1,-3,0,-2,0,0,0,0,0,1,1,2,2,2,2,3,2,0,0,0,0,0,0,0,0,0,0]"
CSI_DATA,36947,80:af:ca:27:52:2a,-54,11,0,0,0,0,0,0,0,0,0,-97,0,11,2,484554559,0,83,0,128,0,"[0,0,0,0,0,0,0,0,0,0,0,0,4,-2,7,0,10,1,12,0,14,2,13,2,14,2,13,3,12,2,11,2,10,2,8,2,5,1,3,1,1,0,-2,0,-4,0,-6,0,-9,0,-10,0,-12,0,-15,0,-15,0,-18,0,-18,1,-16,0,0,0,-12,0,-9,0,-6,0,-3,0,1,0,3,0,6,0,8,0,10,0,11,0,12,0,12,0,12,0,12,0,12,0,10,0,10,-1,7,-1,5,-1,3,-2,0,-2,-3,-3,-5,-3,-8,-4,-9,-4,-10,-4,0,0,0,0,0,0,0,0,0,0]"
CSI_DATA,36948,80:af:ca:27:52:2a,-54,11,1,1,1,1,1,0,0,0,0,-97,0,11,2,484562755,0,83,1,128,0,"[0,0,0,0,0,0,0,0,0,0,0,0,2,-2,5,-2,7,-2,8,-1,9,-1,10,-1,11,-2,10,-1,10,-1,9,-1,8,-1,6,-1,4,0,2,0,0,0,0,0,-2,1,-5,2,-6,2,-8,2,-8,3,-9,4,-10,4,-10,4,-9,4,-8,4,0,0,-6,3,-5,2,-2,1,-1,0,0,0,2,-1,3,-2,5,-3,5,-4,7,-5,7,-5,8,-5,8,-5,7,-5,7,-5,5,-4,5,-4,3,-2,2,-2,0,-1,0,0,-1,0,-2,0,-4,0,-5,1,-5,1,0,0,0,0,0,0,0,0,0,0]"
CSI_DATA,36949,80:af:ca:27:52:2a,-54,11,1,1,1,1,1,0,0,0,0,-97,0,11,2,484571013,0,83,1,128,0,"[0,0,0,0,0,0,0,0,0,0,0,0,-4,-2,-5,-3,-6,-5,-7,-6,-8,-7,-8,-8,-8,-8,-8,-8,-7,-8,-6,-7,-5,-6,-4,-5,-3,-3,-2,-2,0,0,0,0,2,1,3,2,5,4,5,5,6,5,7,5,8,6,8,6,8,6,7,5,0,0,5,3,3,2,2,1,1,0,0,-1,-1,-2,-2,-4,-4,-5,-5,-6,-5,-7,-6,-8,-6,-8,-6,-8,-5,-7,-5,-7,-5,-5,-5,-5,-3,-3,-2,-2,-2,-1,-1,0,0,1,0,2,0,3,0,4,0,5,0,0,0,0,0,0,0,0,0,0]"
CSI_DATA,36950,80:af:ca:27:52:2a,-54,11,1,1,1,1,1,0,0,0,0,-97,0,11,2,484578946,0,83,1,128,0,"[0,0,0,0,0,0,0,0,0,0,0,0,-5,-7,-4,-7,-4,-6,-3,-6,-2,-4,-1,-3,0,-1,0,0,1,1,2,2,3,3,4,4,5,4,6,5,6,5,6,5,6,5,6,4,5,4,4,3,3,2,2,1,1,0,0,0,-1,-1,-3,-1,0,0,-6,-3,-6,-4,-7,-4,-7,-4,-8,-4,-7,-4,-7,-4,-6,-3,-5,-3,-4,-2,-3,-1,-2,-1,-1,0,0,0,1,1,2,2,3,2,4,3,4,3,4,3,4,3,4,3,4,3,3,2,3,2,2,2,0,0,0,0,0,0,0,0,0,0]"
CSI_DATA,36951,80:af:ca:27:52:2a,-54,11,0,0,0,0,0,0,0,0,0,-97,0,11,2,484606713,0,83,0,128,0,"[0,0,0,0,0,0,0,0,0,0,0,0,2,-5,5,-7,8,-8,8,-10,10,-11,10,-10,10,-10,10,-10,9,-9,8,-8,7,-7,6,-6,4,-4,2,-2,0,-1,-1,1,-3,2,-4,4,-6,6,-7,7,-8,9,-9,10,-10,11,-12,12,-11,13,-10,11,0,0,-8,9,-6,6,-4,4,-2,2,1,-1,2,-3,4,-5,6,-6,7,-7,7,-8,9,-9,9,-9,9,-9,9,-9,8,-9,7,-8,7,-8,5,-6,3,-5,1,-3,-1,-2,-4,0,-6,1,-8,2,-9,3,-10,3,0,0,0,0,0,0,0,0,0,0]"
CSI_DATA,36952,80:af:ca:27:52:2a,-54,11,1,1,1,1,1,0,0,0,0,-97,0,11,2,484614204,0,83,1,128,0,"[0,0,0,0,0,0,0,0,0,0,0,0,9,3,7,2,6,2,6,1,3,1,2,1,0,0,-1,0,-3,0,-4,-1,-6,-1,-7,-1,-8,-2,-9,-2,-9,-1,-9,-1,-9,-1,-8,-1,-7,-1,-6,-1,-4,0,-3,0,-1,0,0,0,1,0,3,0,0,0,6,0,7,0,8,0,8,0,9,0,8,0,7,0,7,0,6,0,4,0,3,0,1,0,0,0,-1,-1,-3,-1,-4,-1,-5,-1,-6,-1,-6,-2,-6,-2,-6,-2,-6,-2,-6,-1,-5,-1,-4,-1,-3,-1,0,0,0,0,0,0,0,0,0,0]"
CSI_DATA,36953,80:af:ca:27:52:2a,-54,11,1,1,1,1,1,0,0,0,0,-97,0,11,2,484622978,0,83,1,128,0,"[0,0,0,0,0,0,0,0,0,0,0,0,-8,-1,-8,-1,-7,-1,-6,-1,-4,-1,-3,-1,-1,-1,0,-1,2,-1,3,0,4,0,6,0,7,0,7,0,8,0,8,-1,8,-1,7,-1,6,-1,5,-1,4,0,2,0,1,0,0,0,-2,0,-3,0,0,0,-6,1,-7,1,-8,1,-8,1,-8,1,-8,1,-7,1,-6,1,-6,1,-4,1,-3,0,-1,0,0,0,1,0,2,0,3,0,4,0,4,-1,5,-1,5,-1,6,-1,5,-1,4,-1,4,-1,3,0,2,0,0,0,0,0,0,0,0,0,0,0]"
CSI_DATA,36954,80:af:ca:27:52:2a,-55,11,1,1,1,1,1,0,0,0,0,-97,0,11,2,484631589,0,83,1,128,0,"[0,0,0,0,0,0,0,0,0,0,0,0,-2,1,-5,1,-6,1,-8,1,-9,1,-10,1,-11,1,-11,1,-10,1,-9,1,-8,1,-7,0,-5,0,-3,0,-2,0,0,-1,1,-2,2,-2,5,-3,5,-4,7,-5,8,-5,8,-5,8,-5,8,-5,7,-5,0,0,5,-4,3,-3,2,-2,0,-1,0,0,-2,0,-3,2,-5,3,-5,4,-6,5,-7,5,-7,5,-7,5,-7,5,-6,5,-5,5,-4,3,-3,3,-2,2,-1,1,0,0,0,0,2,-1,2,-2,3,-2,4,-2,0,0,0,0,0,0,0,0,0,0]"
CSI_DATA,36955,80:af:ca:27:52:2a,-55,11,1,1,1,1,1,0,0,0,0,-97,0,11,2,484641331,0,83,1,128,0,"[0,0,0,0,0,0,0,0,0,0,0,0,3,-8,2,-7,3,-6,2,-5,2,-3,1,-2,0,-2,1,1,-2,2,1,3,1,4,1,4,1,5,0,5,0,5,0,10,0,9,0,6,0,5,1,5,0,4,0,2,0,1,0,0,0,-2,-1,-3,0,0,-2,-5,-3,-7,-3,-7,-2,-7,-2,-7,-4,-7,-3,-7,-3,-5,-3,-5,-2,-3,-1,-2,0,-1,0,0,0,1,0,3,1,4,1,3,1,4,2,4,2,5,2,4,3,5,1,3,1,3,1,3,0,2,0,0,0,0,0,0,0,0,0,0]"
CSI_DATA,36956,80:af:ca:27:52:2a,-54,11,0,0,0,0,0,0,0,0,0,-97,0,11,2,484655454,0,83,0,128,0,"[0,0,0,0,0,0,0,0,0,0,0,0,-1,4,-3,7,-5,10,-5,12,-6,13,-7,13,-7,14,-7,13,-7,12,-6,11,-5,9,-5,7,-4,5,-3,3,-1,0,0,-2,0,-4,2,-6,3,-8,3,-10,4,-12,5,-14,5,-15,6,-16,5,-16,5,-15,0,0,4,-12,3,-9,2,-6,0,-3,-1,0,-3,3,-4,5,-5,6,-6,8,-6,9,-7,10,-7,10,-7,10,-7,10,-7,10,-6,9,-5,8,-4,6,-3,5,-1,3,0,1,2,-1,4,-3,6,-4,7,-6,7,-6,0,0,0,0,0,0,0,0,0,0]"
CSI_DATA,36957,80:af:ca:27:52:2a,-54,11,1,1,1,1,1,0,0,0,0,-97,0,11,2,484664641,0,83,1,128,0,"[0,0,0,0,0,0,0,0,0,0,0,0,9,3,8,2,7,2,5,1,3,1,1,1,0,0,-1,0,-3,-1,-4,-2,-6,-3,-7,-4,-8,-4,-9,-5,-9,-5,-9,-5,-9,-5,-7,-4,-7,-4,-5,-3,-4,-2,-3,-1,-1,0,0,1,1,1,3,3,0,0,4,5,5,6,6,6,6,7,6,7,5,6,5,6,4,5,3,4,3,3,2,1,1,0,0,-1,0,-2,0,-4,0,-4,0,-6,-1,-6,-1,-7,0,-7,0,-7,0,-7,0,-6,0,-6,0,-5,0,-4,0,0,0,0,0,0,0,0,0,0]"
CSI_DATA,36958,80:af:ca:27:52:2a,-54,11,0,0,0,0,0,0,0,0,0,-97,0,11,2,484692687,0,83,0,128,0,"[0,0,0,0,0,0,0,0,0,0,0,0,0,4,0,7,-1,10,0,11,-1,14,-1,14,-1,15,-1,14,-1,13,-1,11,-1,9,-1,8,-1,5,-1,3,-1,1,-1,-1,-1,-3,-2,-6,-2,-8,-2,-10,-3,-13,-4,-15,-4,-16,-4,-18,-5,-17,-4,-16,0,0,-4,-13,-3,-9,-2,-6,-1,-3,0,0,0,3,1,6,1,8,2,9,2,10,2,13,2,11,2,13,2,13,2,11,2,10,2,9,1,7,1,5,1,2,1,0,0,-3,0,-6,0,-8,0,-10,0,-11,0,0,0,0,0,0,0,0,0,0]"
CSI_DATA,36959,80:af:ca:27:52:2a,-54,11,0,0,0,0,0,0,0,0,0,-97,0,11,2,484718624,0,83,0,128,0,"[0,0,0,0,0,0,0,0,0,0,0,0,-7,-12,-7,-13,-7,-12,-6,-10,-4,-7,-2,-5,0,-3,0,0,3,1,4,3,6,5,7,7,8,7,8,7,8,7,10,8,9,7,8,7,7,7,7,5,5,3,3,3,1,1,-1,0,-4,-1,-7,-3,0,0,-11,-7,-14,-7,-15,-8,-15,-8,-15,-8,-14,-7,-13,-7,-11,-6,-8,-4,-7,-3,-4,-2,-2,0,0,0,1,1,3,3,5,3,7,5,9,6,10,7,11,7,11,7,11,7,11,7,10,6,8,4,6,3,0,0,0,0,0,0,0,0,0,0]"
CSI_DATA,36960,80:af:ca:27:52:2a,-54,11,0,0,0,0,0,0,0,0,0,-97,0,11,2,484729672,0,83,0,128,0,"[0,0,0,0,0,0,0,0,0,0,0,0,14,0,14,0,12,0,9,0,6,0,3,0,0,0,-2,0,-5,0,-8,0,-11,0,-12,-1,-12,-1,-13,-1,-12,-1,-14,-1,-12,-1,-11,-1,-11,-2,-9,-1,-7,0,-4,0,-1,0,1,0,5,1,8,2,0,0,13,4,15,5,17,5,17,6,16,5,15,5,13,4,11,3,9,2,6,1,4,0,1,0,0,-2,-1,-4,-3,-5,-6,-7,-8,-9,-8,-11,-10,-11,-10,-11,-11,-11,-11,-11,-10,-11,-9,-11,-8,-9,-6,-7,0,0,0,0,0,0,0,0,0,0]"
CSI_DATA,36961,80:af:ca:27:52:2a,-54,11,1,1,1,1,1,0,0,0,0,-97,0,11,2,484757539,0,83,1,128,0,"[0,0,0,0,0,0,0,0,0,0,0,0,-2,-2,-4,-4,-5,-5,-5,-7,-6,-8,-6,-8,-7,-8,-6,-8,-6,-8,-6,-8,-5,-7,-5,-5,-3,-4,-2,-3,-1,-1,0,0,2,1,3,2,4,3,5,4,6,5,7,5,8,5,8,5,8,5,7,5,0,0,5,3,4,2,2,1,1,0,0,0,-2,-1,-3,-2,-5,-3,-6,-4,-7,-5,-8,-5,-8,-5,-8,-5,-8,-5,-7,-5,-6,-5,-5,-3,-4,-2,-2,-2,-2,-1,0,0,0,0,0,1,2,2,2,3,2,3,0,0,0,0,0,0,0,0,0,0]"
CSI_DATA,36962,80:af:ca:27:52:2a,-54,11,0,0,0,0,0,0,0,0,0,-97,0,11,2,484767296,0,83,0,128,0,"[0,0,0,0,0,0,0,0,0,0,0,0,2,3,3,6,4,10,5,11,6,13,5,13,5,14,5,13,4,12,3,11,3,9,2,8,1,5,1,3,0,1,-2,-2,-2,-4,-3,-6,-4,-8,-5,-10,-6,-11,-7,-13,-8,-14,-8,-16,-9,-16,-8,-15,0,0,-6,-11,-5,-9,-4,-6,-2,-3,-1,1,0,3,1,6,2,8,3,10,3,11,3,12,3,12,3,12,3,13,3,12,3,11,3,10,2,8,2,5,1,3,1,0,1,-3,1,-6,1,-9,1,-10,1,-11,0,0,0,0,0,0,0,0,0,0]"
CSI_DATA,36963,80:af:ca:27:52:2a,-54,11,0,0,0,0,0,0,0,0,0,-97,0,11,2,484790234,0,83,0,128,0,"[0,0,0,0,0,0,0,0,0,0,0,0,3,-2,7,-1,10,-1,12,-2,14,-1,14,-1,15,-1,15,0,13,0,12,0,11,-1,9,0,6,-1,4,0,1,0,-1,0,-3,0,-6,1,-8,1,-10,1,-12,1,-15,2,-16,2,-18,2,-17,3,-16,2,0,0,-13,2,-10,1,-7,1,-4,0,0,0,3,-1,5,-1,7,-1,9,-1,10,-2,12,-1,12,-1,12,-1,12,-1,12,-1,11,-1,10,-2,8,-1,6,-2,3,-1,0,-2,-2,-2,-5,-2,-7,-3,-9,-3,-10,-3,0,0,0,0,0,0,0,0,0,0]"
CSI_DATA,36964,80:af:ca:27:52:2a,-54,11,0,0,0,0,0,0,0,0,0,-97,0,11,2,484818104,0,83,0,128,0,"[0,0,0,0,0,0,0,0,0,0,0,0,-12,5,-13,4,-11,4,-9,3,-7,1,-4,0,-2,0,0,-2,2,-3,4,-4,5,-5,8,-6,8,-7,8,-7,8,-7,9,-8,8,-7,8,-7,7,-6,6,-5,4,-4,3,-3,0,-1,-1,0,-3,3,-5,4,0,0,-9,8,-11,9,-12,11,-12,11,-12,10,-11,10,-9,9,-8,7,-6,6,-4,4,-3,3,-1,1,0,0,2,-1,4,-3,6,-4,8,-5,9,-6,10,-8,11,-8,11,-8,11,-8,10,-8,9,-7,7,-6,5,-5,0,0,0,0,0,0,0,0,0,0]"
CSI_DATA,36965,80:af:ca:27:52:2a,-55,11,1,1,1,1,1,0,0,0,0,-97,0,11,2,484827681,0,83,1,128,0,"[0,0,0,0,0,0,0,0,0,0,0,0,-6,-5,-6,-4,-5,-4,-4,-3,-3,-3,-1,-2,0,-1,0,0,1,0,2,0,4,1,5,1,6,2,6,2,7,2,7,2,7,2,6,2,5,1,4,1,3,0,2,0,0,0,0,0,-1,0,-3,0,0,0,-5,-1,-6,-1,-7,-1,-8,-1,-7,-1,-7,-1,-7,-1,-6,-1,-5,0,-4,0,-3,0,-1,0,0,0,0,0,1,0,2,0,3,1,4,1,4,1,5,1,5,1,4,1,4,1,4,1,3,0,2,0,0,0,0,0,0,0,0,0,0,0]"
CSI_DATA,36966,80:af:ca:27:52:2a,-55,11,0,0,0,0,0,0,0,0,0,-97,0,11,2,484838421,0,83,0,128,0,"[0,0,0,0,0,0,0,0,0,0,0,0,-2,2,-5,3,-9,4,-10,5,-12,6,-12,6,-13,6,-13,5,-12,5,-10,4,-9,4,-8,3,-5,1,-3,0,-1,0,0,0,1,-1,3,-3,5,-4,7,-6,8,-7,10,-9,11,-9,13,-10,12,-11,11,-10,0,0,8,-7,6,-5,4,-3,1,-1,0,0,-2,0,-5,2,-6,3,-8,4,-9,4,-10,5,-10,5,-11,5,-11,5,-10,5,-9,4,-9,4,-7,3,-5,2,-2,1,0,0,1,0,3,0,6,0,8,-1,9,-1,0,0,0,0,0,0,0,0,0,0]"
CSI_DATA,36967,80:af:ca:27:52:2a,-54,11,1,1,1,1,1,0,0,0,0,-97,0,11,2,484847018,0,83,1,128,0,"[0,0,0,0,0,0,0,0,0,0,0,0,4,-8,4,-7,4,-6,3,-5,2,-4,1,-2,0,-1,0,0,-1,2,-1,3,-2,5,-2,6,-3,6,-3,7,-3,8,-3,8,-3,8,-2,7,-2,6,-2,5,-1,4,-1,2,0,1,0,0,0,-2,0,-3,0,0,1,-6,1,-7,1,-8,2,-8,2,-8,2,-8,1,-7,1,-6,1,-5,0,-4,0,-3,0,-1,0,0,-1,0,-1,2,-2,2,-2,4,-2,4,-2,5,-2,5,-2,5,-2,5,-2,4,-2,4,-2,3,-1,2,0,0,0,0,0,0,0,0,0,0]"
CSI_DATA,36968,80:af:ca:27:52:2a,-54,11,0,0,0,0,0,0,0,0,0,-97,0,11,2,484868104,0,83,0,128,0,"[0,0,0,0,0,0,0,0,0,0,0,0,3,-13,4,-13,4,-11,3,-9,2,-7,2,-3,0,0,0,2,0,3,-1,6,-1,8,-2,10,-2,11,-2,11,-2,11,-2,13,-2,11,-1,11,-2,10,-1,8,0,6,0,3,0,1,0,-2,0,-5,0,-8,0,0,0,-14,0,-16,0,-18,0,-18,0,-17,0,-16,0,-14,0,-12,0,-10,0,-7,0,-5,0,-2,-1,0,-1,2,-2,4,-2,7,-3,10,-3,11,-3,12,-3,13,-3,14,-3,14,-3,13,-3,11,-2,10,-1,7,0,0,0,0,0,0,0,0,0,0]"
CSI_DATA,36969,80:af:ca:27:52:2a,-55,11,0,0,0,0,0,0,0,0,0,-97,0,11,2,484898445,0,83,0,128,0,"[0,0,0,0,0,0,0,0,0,0,0,0,-4,-12,-3,-12,-3,-11,-2,-9,-1,-7,0,-4,0,-1,1,0,1,3,2,4,3,7,3,8,3,9,3,9,3,9,3,10,3,9,3,8,3,8,2,7,2,4,0,3,0,0,0,-2,-2,-4,-3,-7,0,0,-4,-12,-5,-14,-6,-15,-6,-15,-5,-15,-5,-14,-4,-12,-3,-11,-3,-8,-3,-6,-3,-4,-2,-2,-1,0,-1,2,-1,4,0,7,0,9,0,11,0,12,0,13,0,14,0,14,0,13,0,11,0,10,0,7,0,0,0,0,0,0,0,0,0,0]"
CSI_DATA,36970,80:af:ca:27:52:2a,-55,11,1,1,1,1,1,0,0,0,0,-97,0,11,2,484906906,0,83,1,128,0,"[0,0,0,0,0,0,0,0,0,0,0,0,0,2,-2,4,-3,6,-4,7,-4,8,-5,8,-5,9,-5,9,-5,8,-4,7,-4,7,-4,5,-2,4,-2,2,-1,0,0,0,0,-2,0,-4,2,-6,2,-7,2,-8,2,-9,2,-9,2,-9,2,-9,2,-9,0,0,2,-7,1,-5,0,-4,0,-2,0,0,-1,1,-2,3,-2,4,-2,6,-3,7,-3,7,-3,7,-4,7,-3,7,-3,7,-3,6,-2,5,-2,4,-1,2,0,1,0,0,0,0,1,-2,2,-2,2,-3,2,-4,0,0,0,0,0,0,0,0,0,0]"
CSI_DATA,36971,80:af:ca:27:52:2a,-54,11,1,1,1,1,1,0,0,0,0,-97,0,11,2,484915318,0,83,1,128,0,"[0,0,0,0,0,0,0,0,0,0,0,0,-1,3,-3,4,-4,6,-6,7,-6,9,-7,9,-7,10,-7,10,-7,10,-7,9,-6,7,-5,6,-3,4,-3,3,-1,0,0,0,0,-3,1,-5,2,-6,3,-8,3,-10,3,-10,3,-11,4,-11,3,-10,3,-10,0,0,2,-8,1,-6,0,-4,0,-2,0,0,-1,1,-2,3,-3,5,-3,6,-3,7,-3,8,-4,8,-4,8,-3,8,-3,8,-3,6,-2,6,-2,4,-1,3,0,1,0,0,0,0,1,-2,2,-3,2,-3,3,-4,0,0,0,0,0,0,0,0,0,0]"
CSI_DATA,36972,80:af:ca:27:52:2a,-54,11,1,1,1,1,1,0,0,0,0,-97,0,11,2,484941260,0,83,1,128,0,"[0,0,0,0,0,0,0,0,0,0,0,0,-3,0,-5,0,-8,0,-9,0,-11,-1,-11,-1,-11,-1,-11,-1,-11,-1,-10,-1,-9,-1,-8,-1,-5,0,-4,0,-2,0,0,0,2,0,4,0,6,0,8,0,8,0,9,0,10,0,11,0,10,0,9,0,0,0,7,0,5,0,3,0,1,0,0,0,-2,0,-4,-1,-5,-1,-8,-1,-8,-1,-9,-2,-9,-2,-9,-2,-9,-2,-8,-2,-8,-2,-6,-1,-5,-1,-3,0,-2,0,0,0,0,0,1,1,2,1,3,2,3,2,0,0,0,0,0,0,0,0,0,0]"
CSI_DATA,36973,80:af:ca:27:52:2a,-54,11,1,1,1,1,1,0,0,0,0,-97,0,11,2,484951035,0,83,1,128,0,"[0,0,0,0,0,0,0,0,0,0,0,0,6,7,6,7,5,6,4,5,3,4,2,2,0,1,-1,0,-2,-1,-3,-2,-5,-3,-6,-4,-7,-5,-8,-6,-8,-6,-9,-6,-8,-6,-8,-5,-7,-4,-6,-4,-4,-3,-3,-2,-1,-1,0,0,1,0,3,1,0,0,6,2,7,3,8,3,9,3,9,3,8,3,8,3,7,2,6,2,4,1,3,1,1,0,0,0,-1,-1,-2,-2,-4,-2,-5,-3,-6,-3,-6,-3,-6,-3,-7,-3,-6,-3,-6,-3,-5,-2,-4,-2,-3,-2,0,0,0,0,0,0,0,0,0,0]"
CSI_DATA,36974,80:af:ca:27:52:2a,-54,11,1,1,1,1,1,0,0,0,0,-97,0,11,2,484961107,0,83,1,128,0,"[0,0,0,0,0,0,0,0,0,0,0,0,6,5,6,4,4,4,4,4,2,2,1,2,1,0,-1,1,-2,-2,-3,0,-4,0,-4,0,-5,-1,-6,-1,-6,-2,-10,-3,-9,-2,-6,-2,-6,-2,-6,-1,-4,-1,-2,0,-1,0,0,0,1,0,3,0,0,0,5,0,7,0,8,0,7,0,7,0,8,-1,7,0,6,-1,6,0,3,-1,2,0,1,0,0,0,-1,0,-3,-1,-4,-1,-4,0,-5,0,-6,0,-6,0,-6,0,-7,0,-4,0,-4,0,-3,-1,-3,-1,0,0,0,0,0,0,0,0,0,0]"
CSI_DATA,36975,80:af:ca:27:52:2a,-54,11,0,0,0,0,0,0,0,0,0,-97,0,11,2,484979328,0,83,0,128,0,"[0,0,0,0,0,0,0,0,0,0,0,0,-4,0,-7,-3,-9,-5,-11,-6,-13,-7,-13,-8,-14,-8,-13,-8,-12,-8,-11,-7,-9,-6,-8,-5,-6,-3,-3,-2,-1,-1,0,0,2,0,4,1,7,2,8,3,10,3,13,4,14,5,16,6,16,5,15,5,0,0,11,3,8,2,6,1,2,0,0,0,-3,-1,-5,-3,-8,-4,-9,-5,-10,-5,-11,-6,-11,-6,-11,-6,-12,-6,-11,-6,-10,-5,-9,-4,-8,-4,-6,-2,-4,0,-1,0,0,1,2,3,4,5,6,6,6,7,0,0,0,0,0,0,0,0,0,0]"
CSI_DATA,36976,80:af:ca:27:52:2a,-54,11,0,0,0,0,0,0,0,0,0,-97,0,11,2,485017021,0,83,0,128,0,"[0,0,0,0,0,0,0,0,0,0,0,0,2,3,2,6,2,10,3,11,2,13,2,14,2,14,2,14,2,13,2,12,2,11,1,9,0,6,0,4,-1,1,-1,-1,-2,-3,-3,-5,-3,-8,-4,-10,-5,-11,-6,-14,-7,-15,-7,-18,-8,-16,-7,-16,0,0,-6,-12,-5,-9,-3,-6,-2,-3,-1,0,1,3,2,5,3,7,3,9,4,10,4,11,4,11,4,11,4,12,4,11,4,10,4,9,3,7,2,5,2,3,1,0,0,-3,-1,-6,-1,-8,-2,-10,-2,-11,0,0,0,0,0,0,0,0,0,0]"
CSI_DATA,36977,80:af:ca:27:52:2a,-55,11,1,1,1,1,1,0,0,0,0,-97,0,11,2,485040327,0,83,1,128,0,"[0,0,0,0,0,0,0,0,0,0,0,0,0,-3,2,-5,4,-5,5,-6,6,-7,7,-8,7,-8,7,-8,7,-7,6,-7,5,-6,5,-5,3,-4,2,-2,0,-1,0,0,-1,2,-2,3,-4,5,-5,5,-5,7,-5,7,-5,8,-6,8,-5,8,-5,7,0,0,-4,5,-3,4,-2,2,-1,1,0,0,1,-2,2,-3,2,-4,4,-5,4,-6,5,-7,5,-7,5,-7,5,-7,4,-6,3,-5,2,-5,2,-4,1,-2,0,-2,0,0,-1,0,-2,0,-3,1,-4,2,-4,2,0,0,0,0,0,0,0,0,0,0]"
CSI_DATA,36978,80:af:ca:27:52:2a,-54,11,0,0,0,0,0,0,0,0,0,-97,0,11,2,485050056,0,83,0,128,0,"[0,0,0,0,0,0,0,0,0,0,0,0,3,14,2,14,1,13,1,10,0,8,0,4,0,1,-1,-1,-2,-4,-2,-6,-3,-8,-3,-11,-3,-12,-4,-13,-4,-12,-4,-13,-4,-13,-4,-11,-3,-11,-3,-9,-2,-8,-1,-5,0,-2,0,0,0,3,1,6,0,0,3,13,3,14,4,16,4,16,3,16,4,15,3,13,2,11,2,9,1,6,1,4,0,2,0,0,0,-2,0,-4,0,-8,0,-10,0,-12,0,-13,0,-14,0,-15,0,-15,0,-14,0,-13,0,-11,0,-8,0,0,0,0,0,0,0,0,0,0]"
CSI_DATA,36979,80:af:ca:27:52:2a,-54,11,1,1,1,1,1,0,0,0,0,-97,0,11,2,485057739,0,83,1,128,0,"[0,0,0,0,0,0,0,0,0,0,0,0,6,-9,5,-8,5,-7,4,-5,3,-3,1,-1,0,0,-1,1,-2,2,-3,3,-5,5,-6,5,-7,6,-7,7,-7,7,-8,7,-7,6,-7,6,-6,5,-5,4,-3,3,-2,1,0,0,0,0,2,-1,3,-2,0,0,6,-4,7,-5,8,-5,8,-5,9,-5,8,-5,7,-4,6,-4,5,-3,4,-3,2,-2,1,-1,0,-1,-2,-1,-3,0,-5,0,-6,0,-7,0,-7,0,-7,0,-7,0,-7,0,-7,0,-6,0,-5,0,-4,0,0,0,0,0,0,0,0,0,0,0]"
CSI_DATA,36980,80:af:ca:27:52:2a,-54,11,0,0,0,0,0,0,0,0,0,-97,0,11,2,485067374,0,83,0,128,0,"[0,0,0,0,0,0,0,0,0,0,0,0,0,13,0,13,0,12,0,9,0,6,0,3,0,0,-1,-2,-1,-4,-1,-7,-2,-9,-2,-11,-2,-11,-2,-12,-2,-11,-3,-13,-2,-12,-2,-11,-2,-10,-2,-8,-1,-6,-1,-4,0,-1,0,0,0,4,1,7,0,0,2,12,3,14,3,16,3,16,2,15,2,14,2,12,2,10,1,8,1,5,0,3,0,1,0,0,0,-3,0,-5,0,-8,0,-10,0,-12,0,-14,0,-15,0,-15,0,-15,0,-14,0,-13,0,-11,0,-8,0,0,0,0,0,0,0,0,0,0]"
CSI_DATA,36981,80:af:ca:27:52:2a,-54,11,0,0,0,0,0,0,0,0,0,-97,0,11,2,485080271,0,83,0,128,0,"[0,0,0,0,0,0,0,0,0,0,0,0,-4,-3,-5,-6,-6,-8,-7,-10,-8,-11,-8,-13,-8,-14,-8,-13,-7,-11,-6,-10,-6,-9,-5,-8,-3,-6,-2,-4,-1,-2,0,0,2,2,3,3,4,6,5,7,7,8,8,10,8,10,9,14,10,13,9,13,0,0,6,9,5,6,3,4,1,1,0,-1,-2,-4,-3,-6,-4,-8,-5,-9,-6,-10,-6,-11,-6,-11,-6,-11,-6,-13,-6,-11,-5,-10,-5,-9,-4,-8,-3,-6,-3,-3,-2,-1,-1,2,-1,4,-1,7,0,8,0,9,0,0,0,0,0,0,0,0,0,0]"
CSI_DATA,36982,80:af:ca:27:52:2a,-54,11,1,1,1,1,1,0,0,0,0,-97,0,11,2,485090497,0,83,1,128,0,"[0,0,0,0,0,0,0,0,0,0,0,0,7,-1,7,-1,6,-1,5,0,4,0,2,0,1,0,0,0,-2,0,-3,1,-5,1,-6,1,-6,1,-7,2,-7,2,-7,2,-7,2,-7,2,-6,1,-5,1,-4,1,-3,0,-1,0,0,0,1,0,2,-1,0,0,5,-2,6,-2,6,-2,7,-2,7,-2,7,-2,6,-2,5,-2,5,-2,4,-1,2,-1,1,-1,0,-1,-1,0,-2,0,-3,0,-4,0,-5,0,-5,0,-6,0,-6,0,-6,0,-5,0,-5,0,-4,0,-3,0,0,0,0,0,0,0,0,0,0,0]"
CSI_DATA,36983,80:af:ca:27:52:2a,-54,11,1,1,1,1,1,0,0,0,0,-97,0,11,2,485131981,0,83,1,128,0,"[0,0,0,0,0,0,0,0,0,0,0,0,6,-8,6,-7,5,-6,4,-5,3,-3,1,-1,0,0,0,1,-1,3,-2,4,-3,6,-4,6,-4,7,-4,8,-4,8,-4,8,-4,8,-4,7,-3,7,-3,5,-2,4,-1,2,0,0,0,-1,0,-3,1,-4,0,0,1,-7,2,-8,2,-9,2,-9,3,-9,2,-9,2,-8,1,-7,1,-6,0,-4,0,-3,0,-1,0,0,-1,1,-1,2,-2,3,-2,4,-3,5,-3,6,-3,6,-3,6,-3,6,-2,5,-2,4,-1,4,-1,3,0,0,0,0,0,0,0,0,0,0]"
CSI_DATA,36984,80:af:ca:27:52:2a,-54,11,0,0,0,0,0,0,0,0,0,-97,0,11,2,485143370,0,83,0,128,0,"[0,0,0,0,0,0,0,0,0,0,0,0,-4,-3,-5,-7,-5,-10,-6,-11,-7,-13,-6,-14,-6,-14,-6,-14,-5,-13,-5,-11,-4,-10,-3,-8,-2,-6,-1,-4,0,-2,1,0,2,2,3,4,4,6,5,8,7,9,8,11,9,11,9,13,10,12,9,11,0,0,7,8,5,6,3,4,1,1,-1,-2,-2,-4,-4,-6,-5,-7,-6,-9,-7,-9,-8,-10,-8,-10,-8,-10,-8,-11,-8,-10,-7,-9,-7,-8,-6,-6,-4,-4,-3,-2,-2,0,-1,3,0,5,2,7,2,8,3,9,0,0,0,0,0,0,0,0,0,0]"
CSI_DATA,36985,80:af:ca:27:52:2a,-54,11,0,0,0,0,0,0,0,0,0,-97,0,11,2,485175385,0,83,0,128,0,"[0,0,0,0,0,0,0,0,0,0,0,0,-5,-2,-6,-5,-8,-7,-10,-8,-12,-11,-11,-11,-12,-12,-11,-12,-10,-11,-8,-10,-8,-8,-6,-7,-4,-5,-3,-3,-1,-2,0,0,2,1,4,3,5,4,7,5,8,6,11,7,12,8,13,10,13,10,12,8,0,0,10,6,7,5,4,3,2,1,0,-1,-3,-3,-5,-4,-6,-5,-7,-6,-8,-7,-10,-8,-10,-8,-10,-8,-10,-10,-10,-8,-8,-7,-8,-7,-6,-5,-5,-4,-3,-2,-2,0,0,2,1,4,2,6,3,7,3,8,0,0,0,0,0,0,0,0,0,0]"
CSI_DATA,36986,80:af:ca:27:52:2a,-54,11,0,0,0,0,0,0,0,0,0,-97,0,11,2,485186435,0,83,0,128,0,"[0,0,0,0,0,0,0,0,0,0,0,0,0,12,0,12,0,12,0,9,-1,6,-1,3,-1,0,-1,-2,-1,-5,-1,-7,-1,-9,0,-11,-1,-12,0,-12,-1,-12,0,-12,0,-12,0,-11,0,-10,0,-8,0,-6,0,-5,0,-1,0,1,0,5,0,7,0,0,0,12,0,14,0,16,0,16,0,15,0,14,0,12,0,11,0,8,0,6,0,4,0,1,0,0,1,-2,2,-5,2,-7,3,-10,4,-11,5,-12,5,-12,5,-13,5,-13,4,-12,4,-12,3,-10,1,-7,0,0,0,0,0,0,0,0,0,0]"
CSI_DATA,36987,80:af:ca:27:52:2a,-54,11,1,1,1,1,1,0,0,0,0,-97,0,11,2,485212557,0,83,1,128,0,"[0,0,0,0,0,0,0,0,0,0,0,0,0,-3,1,-5,3,-7,4,-8,5,-9,6,-10,6,-11,6,-10,6,-10,5,-9,5,-8,4,-7,3,-5,2,-3,0,-1,0,0,0,2,-1,3,-3,6,-3,7,-3,8,-3,9,-4,10,-4,11,-4,10,-3,10,0,0,-3,7,-2,5,-1,3,0,1,0,0,0,-2,1,-3,2,-6,2,-7,3,-8,3,-9,3,-10,3,-9,3,-9,3,-8,2,-7,1,-7,1,-5,0,-3,0,-2,0,0,-1,0,-2,1,-3,2,-3,3,-3,3,0,0,0,0,0,0,0,0,0,0]"
CSI_DATA,36988,80:af:ca:27:52:2a,-55,11,1,1,1,1,1,0,0,0,0,-97,0,11,2,485228518,0,83,1,128,0,"[0,0,0,0,0,0,0,0,0,0,0,0,7,-1,6,-1,5,0,4,0,3,0,2,0,0,0,0,0,-1,0,-3,0,-4,1,-5,1,-6,1,-6,2,-7,2,-7,2,-7,2,-6,2,-5,1,-4,1,-3,0,-2,0,-1,0,0,0,1,0,2,-1,0,0,4,-2,5,-2,5,-3,6,-3,6,-3,6,-3,5,-3,5,-2,4,-2,3,-1,1,-1,0,-1,0,0,-1,0,-2,0,-3,0,-4,0,-4,0,-5,0,-5,0,-5,1,-5,0,-5,0,-4,0,-4,0,-3,0,0,0,0,0,0,0,0,0,0,0]"
CSI_DATA,36989,80:af:ca:27:52:2a,-54,11,1,1,1,1,1,0,0,0,0,-97,0,11,2,485236749,0,83,1,128,0,"[0,0,0,0,0,0,0,0,0,0,0,0,0,-10,0,-9,1,-8,0,-6,1,-5,0,-3,0,-1,0,0,0,2,0,4,1,5,1,6,1,8,1,8,1,9,1,9,1,8,1,8,1,6,1,5,1,4,0,2,0,1,0,0,-1,-2,-2,-3,0,0,-3,-6,-4,-7,-4,-8,-4,-8,-4,-8,-4,-8,-4,-7,-3,-6,-3,-5,-2,-4,-2,-2,-1,-1,0,0,0,1,0,2,1,3,2,4,2,5,2,5,2,5,2,5,2,5,2,5,2,4,1,4,1,2,0,0,0,0,0,0,0,0,0,0]"
CSI_DATA,36990,80:af:ca:27:52:2a,-54,11,0,0,0,0,0,0,0,0,0,-97,0,11,2,485248336,0,83,0,128,0,"[0,0,0,0,0,0,0,0,0,0,0,0,-8,11,-9,11,-9,10,-6,8,-5,6,-4,3,-2,0,-1,-1,0,-4,1,-6,2,-8,3,-10,3,-10,3,-11,3,-11,3,-13,3,-12,3,-11,3,-10,2,-9,1,-7,1,-5,0,-3,0,0,0,3,-1,6,0,0,-2,12,-2,14,-2,16,-2,16,-3,16,-2,15,-2,13,-2,11,-1,9,0,6,0,5,0,2,0,0,0,-2,0,-4,1,-7,1,-10,3,-11,2,-13,3,-13,3,-14,3,-14,2,-13,1,-12,1,-10,0,-8,0,0,0,0,0,0,0,0,0,0]"
CSI_DATA,36991,80:af:ca:27:52:2a,-55,11,1,1,1,1,1,0,0,0,0,-97,0,11,2,485257697,0,83,1,128,0,"[0,0,0,0,0,0,0,0,0,0,0,0,-3,2,-5,2,-6,2,-8,3,-9,3,-10,3,-11,3,-10,3,-10,2,-8,2,-8,2,-6,1,-4,0,-2,0,0,0,0,-1,2,-2,4,-2,6,-2,6,-3,8,-4,8,-4,8,-4,8,-4,8,-4,8,-4,0,0,5,-3,4,-2,2,-2,0,-1,-1,0,-2,0,-4,0,-6,1,-7,1,-8,2,-8,2,-8,2,-8,2,-8,2,-8,2,-6,1,-5,1,-4,1,-3,0,-1,0,0,0,1,0,2,0,3,0,4,0,4,0,0,0,0,0,0,0,0,0,0,0]"
CSI_DATA,36992,80:af:ca:27:52:2a,-54,11,0,0,0,0,0,0,0,0,0,-97,0,11,2,485271424,0,83,0,128,0,"[0,0,0,0,0,0,0,0,0,0,0,0,-7,11,-7,11,-7,11,-6,8,-5,5,-3,3,-2,0,0,-2,0,-4,0,-7,1,-9,2,-11,2,-11,2,-12,2,-11,2,-13,2,-12,1,-11,2,-11,1,-9,0,-7,0,-5,0,-2,0,0,0,4,0,7,0,0,0,13,0,15,0,16,0,17,0,15,0,15,0,14,0,11,0,9,0,7,0,4,0,1,0,0,0,-3,0,-6,0,-8,0,-11,0,-12,0,-14,0,-15,0,-15,0,-15,0,-15,0,-13,0,-11,0,-8,0,0,0,0,0,0,0,0,0,0]"
CSI_DATA,36993,80:af:ca:27:52:2a,-54,11,0,0,0,0,0,0,0,0,0,-97,0,11,2,485280287,0,83,0,128,0,"[0,0,0,0,0,0,0,0,0,0,0,0,-4,-3,-6,-6,-7,-8,-9,-9,-10,-11,-10,-12,-10,-12,-9,-12,-9,-11,-8,-10,-7,-9,-6,-8,-4,-5,-3,-4,-1,-2,1,0,2,1,4,3,5,5,7,6,9,7,10,9,11,9,12,11,13,10,12,10,0,0,9,7,6,6,5,4,2,1,-1,-1,-3,-3,-5,-5,-6,-7,-7,-8,-8,-9,-9,-10,-9,-9,-9,-10,-10,-11,-9,-10,-8,-9,-8,-8,-6,-7,-5,-5,-4,-3,-2,0,0,2,1,5,2,7,4,8,3,9,0,0,0,0,0,0,0,0,0,0]"
CSI_DATA,36994,80:af:ca:27:52:2a,-55,11,1,1,1,1,1,0,0,0,0,-97,0,11,2,485287924,0,83,1,128,0,"[0,0,0,0,0,0,0,0,0,0,0,0,-2,-3,-2,-5,-1,-7,-1,-8,-1,-10,-1,-11,-1,-11,0,-11,0,-11,0,-10,0,-8,0,-7,0,-5,0,-3,0,-1,0,0,0,2,0,4,0,5,0,7,0,8,0,9,0,10,0,10,0,10,0,8,0,0,0,6,0,5,0,2,0,1,0,0,0,-2,0,-4,0,-5,0,-7,0,-8,0,-9,1,-9,1,-9,0,-8,0,-8,0,-7,0,-6,0,-5,0,-3,0,-2,-1,-1,-1,0,-2,1,-2,2,-3,2,-3,3,0,0,0,0,0,0,0,0,0,0]"
CSI_DATA,36995,80:af:ca:27:52:2a,-55,11,1,1,1,1,1,0,0,0,0,-97,0,11,2,485297071,0,83,1,128,0,"[0,0,0,0,0,0,0,0,0,0,0,0,-3,-2,-5,-5,-5,-6,-7,-8,-8,-10,-8,-10,-8,-11,-8,-10,-8,-10,-7,-10,-6,-8,-5,-8,-4,-5,-2,-4,-1,-2,0,0,2,1,3,2,5,4,6,5,7,7,8,7,8,8,8,8,8,8,8,7,0,0,6,5,5,4,2,2,1,1,0,0,-2,-2,-3,-3,-5,-5,-6,-6,-7,-7,-8,-8,-8,-8,-8,-8,-8,-8,-7,-7,-6,-6,-5,-5,-5,-4,-3,-2,-2,-1,-1,0,0,0,0,2,1,3,2,4,2,5,0,0,0,0,0,0,0,0,0,0]"
CSI_DATA,36996,80:af:ca:27:52:2a,-54,11,0,0,0,0,0,0,0,0,0,-97,0,11,2,485321332,0,83,0,128,0,"[0,0,0,0,0,0,0,0,0,0,0,0,-14,2,-14,2,-13,1,-9,1,-7,0,-4,0,-1,0,0,-1,3,-1,6,-2,8,-2,10,-2,11,-2,11,-2,11,-3,12,-3,11,-2,10,-3,9,-2,8,-2,6,-2,3,-1,0,-1,-1,0,-5,0,-8,0,0,0,-14,0,-16,1,-17,1,-17,1,-16,0,-16,0,-15,0,-12,0,-10,0,-8,0,-5,0,-2,0,0,0,1,0,4,1,6,1,9,2,11,3,12,3,13,4,14,3,14,4,13,4,12,3,10,2,7,1,0,0,0,0,0,0,0,0,0,0]"
CSI_DATA,36997,80:af:ca:27:52:2a,-54,11,0,0,0,0,0,0,0,0,0,-97,0,11,2,485331441,0,83,0,128,0,"[0,0,0,0,0,0,0,0,0,0,0,0,2,4,1,7,1,10,2,12,1,14,1,14,1,14,1,14,1,13,1,11,1,10,0,8,0,5,0,3,-1,1,-1,-1,-2,-4,-2,-6,-3,-8,-3,-10,-4,-12,-5,-14,-6,-14,-6,-16,-6,-16,-6,-15,0,0,-5,-11,-3,-9,-3,-6,-1,-3,-1,0,1,3,1,5,2,7,2,9,3,10,3,11,3,11,3,11,3,11,3,11,3,10,3,8,2,7,2,4,1,2,0,-1,0,-3,0,-6,0,-8,-1,-10,-1,-10,0,0,0,0,0,0,0,0,0,0]"
CSI_DATA,36998,80:af:ca:27:52:2a,-55,11,1,1,1,1,1,0,0,0,0,-97,0,11,2,485338361,0,83,1,128,0,"[0,0,0,0,0,0,0,0,0,0,0,0,2,1,3,3,3,5,4,6,5,8,5,8,5,8,5,8,5,8,5,8,4,7,3,5,2,4,1,2,0,0,-1,0,-2,-2,-3,-3,-4,-5,-5,-5,-6,-7,-7,-7,-7,-8,-8,-8,-7,-8,-7,-7,0,0,-5,-5,-4,-4,-2,-2,-1,-1,0,0,0,1,2,2,3,4,4,5,5,5,5,6,5,6,5,6,5,6,5,5,4,5,3,4,2,2,2,2,1,0,0,0,0,-1,-1,-2,-1,-3,-2,-5,-2,-5,0,0,0,0,0,0,0,0,0,0]"
CSI_DATA,36999,80:af:ca:27:52:2a,-54,11,0,0,0,0,0,0,0,0,0,-97,0,11,2,485347815,0,83,0,128,0,"[0,0,0,0,0,0,0,0,0,0,0,0,13,2,13,3,11,3,9,2,6,2,3,1,0,1,-2,1,-4,1,-7,1,-9,1,-11,1,-11,1,-12,1,-11,1,-13,2,-11,1,-11,2,-10,1,-8,1,-7,0,-4,0,-2,0,0,-1,3,-3,7,-3,0,0,11,-7,13,-7,15,-8,15,-8,14,-7,13,-7,11,-7,9,-6,7,-5,5,-4,3,-3,0,-1,0,0,-3,0,-5,1,-7,3,-10,4,-11,4,-12,6,-13,6,-14,7,-13,7,-12,6,-11,6,-9,5,-7,3,0,0,0,0,0,0,0,0,0,0]"
CSI_DATA,37000,80:af:ca:27:52:2a,-55,11,0,0,0,0,0,0,0,0,0,-97,0,11,2,485360552,0,83,0,128,0,"[0,0,0,0,0,0,0,0,0,0,0,0,0,3,-2,5,-5,8,-5,9,-6,11,-7,10,-8,11,-8,10,-7,9,-6,8,-5,7,-4,5,-3,3,-2,1,-1,0,0,-1,0,-2,1,-4,2,-6,3,-8,4,-10,5,-12,5,-13,7,-14,6,-15,6,-13,0,0,4,-10,3,-7,1,-5,0,-2,0,0,-2,1,-3,3,-5,5,-6,6,-6,7,-7,8,-7,8,-8,8,-8,9,-8,8,-7,7,-6,7,-5,5,-3,4,-1,2,0,0,1,0,3,-1,5,-2,7,-4,8,-4,0,0,0,0,0,0,0,0,0,0]"
CSI_DATA,37001,80:af:ca:27:52:2a,-54,11,0,0,0,0,0,0,0,0,0,-97,0,11,2,485420353,0,83,0,128,0,"[0,0,0,0,0,0,0,0,0,0,0,0,4,-13,4,-13,4,-12,3,-9,3,-7,1,-4,0,-1,0,1,0,3,-1,5,-1,8,-3,9,-3,10,-3,11,-2,10,-3,12,-3,11,-2,10,-3,9,-2,8,-1,6,-1,4,0,1,0,-1,0,-4,1,-8,0,0,2,-13,3,-16,3,-17,3,-17,3,-16,3,-16,3,-14,2,-12,1,-10,0,-7,0,-5,0,-3,-1,0,-2,1,-4,4,-4,6,-5,8,-7,10,-7,11,-8,12,-8,13,-8,13,-7,12,-7,11,-5,9,-4,7,0,0,0,0,0,0,0,0,0,0]"
CSI_DATA,37002,80:af:ca:27:52:2a,-54,11,1,1,1,1,1,0,0,0,0,-97,0,11,2,485428688,0,83,1,128,0,"[0,0,0,0,0,0,0,0,0,0,0,0,-10,0,-9,0,-8,0,-7,0,-5,0,-3,0,-1,0,0,-1,1,-1,3,-1,5,-2,6,-2,7,-2,8,-3,8,-3,8,-3,8,-3,7,-3,6,-3,5,-2,4,-2,2,-1,1,0,0,0,-1,1,-2,2,0,0,-5,3,-6,4,-7,5,-7,5,-7,5,-7,5,-6,5,-6,4,-5,3,-3,2,-2,2,-1,1,0,0,1,-1,2,-1,2,-2,3,-3,4,-3,4,-4,4,-4,5,-4,4,-4,4,-3,3,-3,3,-3,2,-2,0,0,0,0,0,0,0,0,0,0]"
CSI_DATA,37003,80:af:ca:27:52:2a,-54,11,0,0,0,0,0,0,0,0,0,-97,0,11,2,485441482,0,83,0,128,0,"[0,0,0,0,0,0,0,0,0,0,0,0,2,2,3,6,4,10,5,11,5,14,5,14,5,15,4,14,4,13,3,12,3,11,2,8,1,5,0,3,0,1,-1,-1,-2,-3,-2,-5,-2,-8,-3,-11,-4,-13,-4,-15,-5,-16,-5,-19,-5,-17,-4,-16,0,0,-3,-13,-3,-10,-2,-6,-2,-3,-2,0,-1,2,-1,5,-1,7,-1,10,-1,11,-1,12,-1,12,-2,12,-2,13,-2,12,-2,11,-1,10,-1,8,-1,5,0,3,1,1,2,-2,3,-4,4,-6,4,-7,5,-8,0,0,0,0,0,0,0,0,0,0]"
CSI_DATA,37004,80:af:ca:27:52:2a,-54,11,0,0,0,0,0,0,0,0,0,-97,0,11,2,485477224,0,83,0,128,0,"[0,0,0,0,0,0,0,0,0,0,0,0,-3,-13,-3,-14,-2,-13,-2,-10,-1,-8,0,-4,0,-2,1,0,2,3,3,4,4,7,4,8,5,9,5,9,5,9,6,11,5,9,5,8,4,8,4,7,4,5,2,4,0,1,-1,0,-4,-3,-6,-6,0,0,-10,-10,-11,-12,-13,-13,-13,-13,-12,-13,-12,-12,-11,-10,-8,-8,-8,-7,-6,-5,-4,-4,-2,-1,0,0,1,2,3,4,4,5,7,8,7,9,8,10,9,11,9,11,9,11,9,10,8,9,7,7,5,5,0,0,0,0,0,0,0,0,0,0]"
CSI_DATA,37005,80:af:ca:27:52:2a,-54,11,1,1,1,1,1,0,0,0,0,-97,0,11,2,485485499,0,83,1,128,0,"[0,0,0,0,0,0,0,0,0,0,0,0,2,-9,2,-9,2,-7,1,-6,1,-4,1,-2,0,-1,0,0,0,2,-1,4,-1,5,-1,6,-2,8,-2,8,-2,9,-2,9,-2,8,-1,8,-1,6,-1,5,-1,4,-1,2,0,0,0,-1,0,-2,0,-4,0,0,1,-7,1,-8,1,-9,1,-9,2,-9,1,-9,1,-8,1,-7,1,-6,0,-5,0,-3,0,-2,-1,0,-1,0,-2,2,-2,3,-3,4,-3,5,-4,5,-4,5,-4,5,-4,5,-4,5,-3,4,-2,4,-2,2,0,0,0,0,0,0,0,0,0,0]"
CSI_DATA,37006,80:af:ca:27:52:2a,-54,11,0,0,0,0,0,0,0,0,0,-97,0,11,2,485492733,0,83,0,128,0,"[0,0,0,0,0,0,0,0,0,0,0,0,-4,-13,-4,-13,-3,-13,-3,-10,-1,-8,0,-5,0,-2,1,0,2,2,3,4,4,6,5,8,5,8,6,9,6,9,6,10,6,10,6,8,5,8,4,6,3,5,2,3,0,1,0,0,-3,-3,-5,-6,0,0,-9,-10,-10,-10,-12,-12,-12,-12,-11,-12,-11,-11,-10,-10,-8,-8,-7,-6,-5,-4,-4,-3,-2,-1,0,0,0,2,2,3,3,5,6,7,6,9,7,10,7,10,8,10,8,10,8,10,7,9,6,7,5,5,0,0,0,0,0,0,0,0,0,0]"
CSI_DATA,37007,80:af:ca:27:52:2a,-54,11,1,1,1,1,1,0,0,0,0,-97,0,11,2,485523233,0,83,1,128,0,"[0,0,0,0,0,0,0,0,0,0,0,0,8,4,8,4,6,4,5,2,3,2,1,1,0,0,-1,0,-3,-1,-5,-1,-6,-2,-8,-2,-8,-2,-9,-2,-9,-2,-9,-3,-9,-2,-8,-2,-7,-2,-6,-1,-4,-1,-3,-1,-1,0,0,0,2,0,4,0,0,0,6,1,8,1,8,1,9,1,9,1,8,1,8,1,6,1,5,0,4,0,2,0,1,0,0,-1,-1,-1,-3,-1,-4,-2,-5,-2,-6,-2,-6,-2,-6,-2,-6,-2,-6,-2,-6,-2,-5,-2,-4,-1,-4,-1,0,0,0,0,0,0,0,0,0,0]"
CSI_DATA,37008,80:af:ca:27:52:2a,-54,11,0,0,0,0,0,0,0,0,0,-97,0,11,2,485550675,0,83,0,128,0,"[0,0,0,0,0,0,0,0,0,0,0,0,2,-4,5,-6,8,-7,9,-8,10,-8,11,-8,11,-8,11,-7,10,-7,9,-6,7,-5,6,-4,4,-3,2,-1,0,-1,-2,1,-3,2,-5,3,-7,4,-8,5,-9,6,-11,8,-13,8,-15,8,-14,9,-13,8,0,0,-9,6,-7,4,-5,3,-2,1,1,0,3,-2,5,-3,7,-4,9,-4,9,-5,11,-5,10,-5,11,-5,11,-5,10,-5,9,-5,8,-5,6,-4,4,-3,2,-3,0,-2,-3,-2,-6,-2,-8,-2,-10,-1,-10,-2,0,0,0,0,0,0,0,0,0,0]"
CSI_DATA,37009,80:af:ca:27:52:2a,-54,11,0,0,0,0,0,0,0,0,0,-97,0,11,2,485561328,0,83,0,128,0,"[0,0,0,0,0,0,0,0,0,0,0,0,12,-2,12,-1,11,-1,8,-1,6,0,4,0,0,0,-1,0,-3,0,-6,1,-7,1,-9,2,-10,2,-11,2,-11,2,-12,3,-11,2,-10,2,-10,2,-8,2,-6,1,-5,0,-2,0,0,0,3,-1,6,-2,0,0,11,-4,12,-5,14,-6,15,-5,14,-5,13,-5,12,-5,10,-4,8,-3,6,-2,4,-2,1,-1,0,-1,-2,0,-5,0,-7,0,-10,0,-12,0,-12,0,-13,0,-14,0,-14,0,-13,0,-12,0,-11,0,-8,0,0,0,0,0,0,0,0,0,0,0]"
CSI_DATA,37010,80:af:ca:27:52:2a,-54,11,1,1,1,1,1,0,0,0,0,-97,0,11,2,485569745,0,83,1,128,0,"[0,0,0,0,0,0,0,0,0,0,0,0,-3,-2,-4,-4,-5,-6,-5,-7,-6,-8,-6,-9,-7,-9,-7,-9,-6,-9,-5,-8,-5,-7,-4,-6,-3,-5,-2,-3,0,-1,0,0,1,0,2,2,4,3,5,4,6,5,7,5,8,6,7,6,7,5,7,5,0,0,5,3,4,2,2,1,1,0,0,0,-2,-1,-3,-2,-4,-3,-5,-4,-6,-5,-6,-5,-7,-5,-7,-5,-6,-5,-6,-5,-5,-4,-5,-3,-3,-2,-2,-2,-2,0,0,0,0,0,0,1,1,2,2,2,2,3,0,0,0,0,0,0,0,0,0,0]"
CSI_DATA,37011,80:af:ca:27:52:2a,-55,11,1,1,1,1,1,0,0,0,0,-97,0,11,2,485576360,0,83,1,128,0,"[0,0,0,0,0,0,0,0,0,0,0,0,-1,8,-1,8,-1,7,-1,6,-1,4,-1,2,-1,0,-1,-1,0,-2,0,-4,0,-6,0,-7,0,-8,0,-8,0,-9,0,-9,0,-8,-1,-8,0,-7,0,-6,0,-4,0,-3,0,-1,0,0,0,1,0,3,0,0,0,6,0,7,0,7,0,8,0,8,0,8,0,7,0,6,0,5,0,4,0,2,0,1,0,0,0,-1,0,-2,0,-3,0,-4,0,-5,0,-6,0,-6,0,-6,0,-6,0,-6,0,-5,0,-4,0,-3,0,0,0,0,0,0,0,0,0,0]"
CSI_DATA,37012,80:af:ca:27:52:2a,-54,11,0,0,0,0,0,0,0,0,0,-97,0,11,2,485586798,0,83,0,128,0,"[0,0,0,0,0,0,0,0,0,0,0,0,-2,4,-4,7,-6,10,-6,11,-7,13,-7,13,-8,13,-8,11,-7,10,-6,9,-5,8,-5,6,-3,4,-3,2,-1,0,0,-2,1,-4,2,-6,3,-8,4,-10,4,-11,5,-14,5,-15,7,-16,6,-16,6,-15,0,0,4,-11,3,-8,2,-5,0,-3,-2,0,-3,3,-4,5,-5,7,-6,8,-6,9,-7,10,-7,9,-7,10,-7,10,-7,9,-6,8,-5,8,-4,6,-3,4,-1,3,0,1,2,-1,4,-3,6,-4,7,-6,8,-6,0,0,0,0,0,0,0,0,0,0]"
CSI_DATA,37013,80:af:ca:27:52:2a,-55,11,1,1,1,1,1,0,0,0,0,-97,0,11,2,485595982,0,83,1,128,0,"[0,0,0,0,0,0,0,0,0,0,0,0,2,1,4,2,5,3,7,4,7,5,8,6,8,7,8,7,7,6,7,5,6,4,5,4,4,3,2,2,0,0,-1,0,-2,-1,-4,-2,-5,-3,-7,-4,-8,-4,-9,-5,-9,-5,-9,-5,-9,-5,-8,-4,0,0,-7,-4,-4,-3,-3,-2,-2,-1,0,0,1,1,2,2,4,3,5,4,6,4,7,4,7,5,7,5,7,5,6,4,5,4,4,3,3,2,2,1,1,0,0,0,0,-2,-1,-2,-2,-3,-2,-4,-2,-4,0,0,0,0,0,0,0,0,0,0]"
CSI_DATA,37014,80:af:ca:27:52:2a,-54,11,1,1,1,1,1,0,0,0,0,-97,0,11,2,485606906,0,83,1,128,0,"[0,0,0,0,0,0,0,0,0,0,0,0,7,-5,6,-5,6,-4,5,-3,4,-2,2,-1,1,0,0,1,-1,2,-2,3,-4,4,-4,5,-5,6,-5,6,-5,7,-5,7,-5,6,-5,6,-4,6,-4,5,-2,4,-2,2,-1,0,0,0,0,-2,1,-4,0,0,2,-6,2,-8,2,-8,2,-9,2,-9,2,-8,2,-8,2,-7,1,-6,1,-5,0,-3,0,-1,0,0,-1,1,-1,2,-1,4,-2,5,-2,5,-2,5,-2,6,-2,6,-2,5,-2,5,-1,5,-1,4,-1,3,0,0,0,0,0,0,0,0,0,0]"
CSI_DATA,37015,80:af:ca:27:52:2a,-55,11,1,1,1,1,1,0,0,0,0,-97,0,11,2,485616397,0,83,1,128,0,"[0,0,0,0,0,0,0,0,0,0,0,0,2,1,3,3,4,4,5,6,5,6,5,7,6,7,5,7,5,7,4,6,4,6,3,5,2,3,1,2,0,0,0,0,-2,-2,-3,-4,-4,-5,-4,-6,-6,-6,-6,-7,-6,-8,-6,-8,-6,-8,-6,-7,0,0,-4,-5,-3,-4,-2,-2,-2,-1,0,0,0,2,1,3,2,4,2,6,2,6,2,7,2,8,2,8,2,7,2,6,2,6,2,4,1,4,1,2,1,1,0,0,0,-1,0,-2,0,-4,0,-4,0,-5,0,0,0,0,0,0,0,0,0,0]"
CSI_DATA,37016,80:af:ca:27:52:2a,-55,11,1,1,1,1,1,0,0,0,0,-97,0,11,2,485623947,0,83,1,128,0,"[0,0,0,0,0,0,0,0,0,0,0,0,2,-1,4,-1,6,0,8,0,9,0,10,0,10,0,10,0,10,0,10,0,8,0,7,0,5,0,3,0,1,0,0,0,-2,0,-4,0,-6,0,-8,0,-9,1,-10,1,-10,1,-10,1,-10,1,-10,1,0,0,-8,0,-5,0,-4,0,-2,0,0,0,1,0,3,0,5,0,6,-1,8,0,8,-1,8,0,8,0,8,0,8,-1,7,-1,5,-1,4,-1,2,0,1,0,0,0,-1,0,-2,-1,-3,-1,-4,-1,-5,-1,0,0,0,0,0,0,0,0,0,0]"
CSI_DATA,37017,80:af:ca:27:52:2a,-54,11,0,0,0,0,0,0,0,0,0,-97,0,11,2,485641895,0,83,0,128,0,"[0,0,0,0,0,0,0,0,0,0,0,0,-14,-2,-15,-3,-13,-3,-10,-2,-7,-3,-5,-2,-2,-1,0,0,3,0,5,0,8,0,10,0,10,0,11,0,11,0,12,0,11,0,10,0,10,0,9,0,6,0,5,0,1,0,-1,0,-5,0,-7,0,0,0,-13,0,-15,0,-17,0,-17,0,-16,0,-15,0,-15,0,-12,0,-10,0,-8,0,-5,0,-3,0,0,0,1,0,4,1,6,1,9,2,10,3,11,3,13,4,13,3,13,4,12,3,11,3,10,2,7,1,0,0,0,0,0,0,0,0,0,0]"
CSI_DATA,37018,80:af:ca:27:52:2a,-54,11,0,0,0,0,0,0,0,0,0,-97,0,11,2,485654511,0,83,0,128,0,"[0,0,0,0,0,0,0,0,0,0,0,0,3,3,3,7,4,10,5,11,5,13,5,13,5,14,4,13,4,12,3,10,3,9,2,8,1,5,0,3,-1,1,-2,-1,-3,-3,-4,-5,-5,-8,-6,-9,-7,-11,-8,-12,-9,-13,-9,-14,-10,-14,-9,-13,0,0,-7,-10,-5,-7,-4,-5,-2,-2,0,1,1,3,3,5,4,7,5,8,5,8,6,10,6,10,6,10,6,10,6,9,5,9,5,7,4,6,3,4,2,2,1,-1,0,-3,-2,-6,-2,-8,-3,-9,-3,-10,0,0,0,0,0,0,0,0,0,0]"
CSI_DATA,37019,80:af:ca:27:52:2a,-54,11,0,0,0,0,0,0,0,0,0,-97,0,11,2,485665149,0,83,0,128,0,"[0,0,0,0,0,0,0,0,0,0,0,0,-12,-5,-12,-6,-11,-6,-9,-4,-7,-4,-4,-3,-1,-1,0,-1,3,0,5,0,8,0,10,0,10,0,11,0,11,0,11,0,11,0,10,0,10,0,8,0,6,0,4,0,1,0,-1,0,-5,0,-8,0,0,0,-13,0,-15,0,-17,0,-17,0,-16,0,-15,0,-13,0,-11,0,-10,0,-7,0,-5,0,-2,0,0,0,2,0,4,0,7,0,10,0,11,0,12,0,13,0,14,0,14,0,13,0,11,0,10,0,7,0,0,0,0,0,0,0,0,0,0,0]"
CSI_DATA,37020,80:af:ca:27:52:2a,-54,11,1,1,1,1,1,0,0,0,0,-97,0,11,2,485672647,0,83,1,128,0,"[0,0,0,0,0,0,0,0,0,0,0,0,3,-2,6,-2,7,-2,10,-2,10,-2,11,-2,12,-2,11,-2,11,-2,10,-1,9,-1,7,-1,5,0,3,0,0,0,0,0,-3,0,-5,1,-7,2,-9,3,-10,3,-10,3,-11,3,-11,3,-11,3,-10,3,0,0,-7,3,-6,2,-3,1,-2,0,0,0,2,-1,3,-2,6,-3,7,-3,8,-3,9,-3,10,-3,9,-3,9,-3,8,-3,7,-3,6,-3,4,-3,3,-2,0,-1,0,0,-2,0,-3,0,-4,0,-6,0,-6,0,0,0,0,0,0,0,0,0,0,0]"
CSI_DATA,37021,80:af:ca:27:52:2a,-54,11,1,1,1,1,1,0,0,0,0,-97,0,11,2,485691808,0,83,1,128,0,"[0,0,0,0,0,0,0,0,0,0,0,0,3,2,5,3,5,5,7,7,8,8,8,9,8,9,8,9,8,9,7,8,6,8,5,6,3,4,2,2,0,1,0,0,-2,-2,-4,-4,-5,-5,-7,-7,-8,-8,-8,-8,-9,-9,-9,-9,-9,-9,-8,-8,0,0,-6,-6,-5,-5,-3,-3,-2,-2,0,0,0,2,2,3,3,5,4,6,5,8,5,8,5,8,5,9,5,8,5,8,4,7,4,5,3,4,2,2,1,1,0,0,0,-2,0,-3,0,-5,0,-5,-1,-6,0,0,0,0,0,0,0,0,0,0]"
CSI_DATA,37022,80:af:ca:27:52:2a,-54,11,0,0,0,0,0,0,0,0,0,-97,0,11,2,485731838,0,83,0,128,0,"[0,0,0,0,0,0,0,0,0,0,0,0,5,-12,5,-13,5,-11,3,-9,3,-7,2,-3,1,-1,0,0,0,3,-1,6,-2,8,-3,9,-3,10,-3,11,-2,11,-3,12,-2,11,-2,11,-2,10,-2,8,-1,6,-1,4,0,1,0,-1,0,-4,0,-7,0,0,0,-14,0,-15,0,-17,0,-17,0,-16,0,-15,0,-14,0,-11,0,-10,0,-7,0,-5,0,-2,-1,0,-1,2,-2,4,-2,7,-3,10,-3,11,-3,12,-3,14,-3,14,-3,14,-3,13,-3,11,-2,10,-1,7,0,0,0,0,0,0,0,0,0,0]"
CSI_DATA,37023,80:af:ca:27:52:2a,-54,11,0,0,0,0,0,0,0,0,0,-97,0,11,2,485742436,0,83,0,128,0,"[0,0,0,0,0,0,0,0,0,0,0,0,-3,-4,-3,-7,-3,-10,-4,-11,-4,-13,-4,-14,-4,-14,-3,-14,-4,-13,-3,-12,-3,-11,-2,-9,-2,-6,-1,-5,0,-2,1,0,2,2,3,4,4,6,5,8,6,9,8,11,8,11,9,13,10,13,9,12,0,0,7,9,5,7,3,4,1,2,-1,-1,-3,-3,-5,-5,-6,-7,-7,-8,-8,-9,-9,-10,-9,-9,-9,-10,-9,-10,-9,-9,-9,-8,-8,-7,-7,-6,-5,-4,-4,-2,-2,0,0,2,2,4,3,6,5,7,5,8,0,0,0,0,0,0,0,0,0,0]"
CSI_DATA,37024,80:af:ca:27:52:2a,-54,11,0,0,0,0,0,0,0,0,0,-97,0,11,2,485769798,0,83,0,128,0,"[0,0,0,0,0,0,0,0,0,0,0,0,1,-4,4,-6,7,-8,7,-10,9,-11,9,-11,10,-11,10,-11,9,-10,9,-9,7,-9,6,-7,4,-5,3,-3,1,-1,-1,0,-2,2,-4,4,-5,5,-7,7,-7,9,-9,10,-10,11,-11,14,-11,14,-10,13,0,0,-8,9,-6,7,-4,5,-2,2,0,0,2,-2,4,-4,5,-6,7,-7,7,-8,8,-9,8,-9,9,-9,9,-9,8,-8,7,-8,7,-8,5,-6,4,-5,2,-4,0,-2,-3,-1,-5,1,-7,2,-8,3,-9,3,0,0,0,0,0,0,0,0,0,0]"
CSI_DATA,37025,80:af:ca:27:52:2a,-54,11,1,1,1,1,1,0,0,0,0,-97,0,11,2,485777426,0,83,1,128,0,"[0,0,0,0,0,0,0,0,0,0,0,0,-4,0,-6,0,-8,0,-10,0,-10,0,-11,0,-11,-1,-11,-1,-10,-1,-10,-1,-8,-1,-7,-1,-5,0,-3,0,-1,0,0,0,2,0,4,0,6,0,8,1,8,1,9,1,10,1,10,1,9,1,9,1,0,0,6,0,5,0,2,0,1,0,0,-1,-2,-2,-4,-2,-5,-3,-6,-4,-7,-4,-8,-5,-8,-5,-8,-5,-8,-5,-7,-5,-6,-4,-5,-3,-4,-2,-3,-1,-2,0,-1,0,0,1,0,2,0,2,1,3,1,4,0,0,0,0,0,0,0,0,0,0]"
CSI_DATA,37026,80:af:ca:27:52:2a,-54,11,1,1,1,1,1,0,0,0,0,-97,0,11,2,485785641,0,83,1,128,0,"[0,0,0,0,0,0,0,0,0,0,0,0,1,10,0,8,0,7,0,5,0,4,0,2,0,0,-1,-1,-1,-2,-1,-4,-2,-6,-2,-8,-2,-8,-2,-9,-2,-9,-2,-10,-2,-9,-2,-8,-2,-7,-2,-6,-1,-4,-1,-3,0,-1,0,0,0,1,1,3,0,0,2,6,2,7,2,7,3,8,2,8,2,8,2,7,2,6,2,5,1,4,1,2,0,1,0,0,0,-1,0,-3,-1,-4,-1,-5,-1,-5,-1,-6,-1,-6,-1,-7,-1,-6,-1,-6,-1,-5,-1,-4,-1,-4,0,0,0,0,0,0,0,0,0,0]"
CSI_DATA,37027,80:af:ca:27:52:2a,-54,11,0,0,0,0,0,0,0,0,0,-97,0,11,2,485814371,0,83,0,128,0,"[0,0,0,0,0,0,0,0,0,0,0,0,-8,-11,-8,-11,-7,-11,-6,-8,-3,-7,-1,-4,0,-2,2,0,3,1,5,3,7,4,7,6,8,6,8,7,8,6,9,7,8,6,8,5,7,5,6,4,4,3,3,2,0,0,-2,0,-5,-2,-7,-4,0,0,-12,-7,-14,-7,-15,-8,-15,-8,-14,-7,-14,-7,-12,-7,-10,-5,-8,-4,-7,-3,-4,-1,-2,0,0,0,1,2,3,3,5,5,7,7,8,7,10,7,10,8,11,8,11,8,11,8,9,7,8,6,6,3,0,0,0,0,0,0,0,0,0,0]"
CSI_DATA,37028,80:af:ca:27:52:2a,-55,11,1,1,1,1,1,0,0,0,0,-97,0,11,2,485822275,0,83,1,128,0,"[0,0,0,0,0,0,0,0,0,0,0,0,2,-2,3,-3,5,-4,7,-4,8,-5,8,-5,9,-5,9,-5,9,-4,8,-4,7,-4,6,-3,4,-2,2,-2,1,0,0,0,-2,1,-3,2,-4,3,-6,4,-7,4,-8,5,-8,6,-8,6,-8,6,-7,5,0,0,-5,4,-4,3,-2,2,-1,1,0,0,1,-1,2,-2,4,-3,5,-4,6,-4,7,-4,7,-5,7,-5,7,-4,6,-4,5,-4,4,-4,3,-3,2,-2,0,-2,0,-1,-1,0,-2,0,-3,0,-4,0,-5,0,0,0,0,0,0,0,0,0,0,0]"
CSI_DATA,37029,80:af:ca:27:52:2a,-54,11,0,0,0,0,0,0,0,0,0,-97,0,11,2,485846563,0,83,0,128,0,"[0,0,0,0,0,0,0,0,0,0,0,0,-7,12,-7,11,-7,10,-5,8,-4,4,-3,2,-1,0,0,-3,0,-5,1,-7,2,-9,4,-11,4,-11,4,-12,3,-11,4,-13,4,-11,3,-11,3,-9,2,-8,1,-6,0,-4,0,-1,0,1,-2,4,-3,8,0,0,-4,13,-5,14,-5,16,-5,16,-5,15,-5,14,-4,13,-4,10,-3,8,-2,6,-1,4,0,1,0,0,1,-2,3,-4,4,-7,5,-9,6,-10,7,-11,8,-12,8,-13,7,-13,7,-12,6,-11,4,-9,4,-7,0,0,0,0,0,0,0,0,0,0]"
CSI_DATA,37030,80:af:ca:27:52:2a,-54,11,0,0,0,0,0,0,0,0,0,-97,0,11,2,485858728,0,83,0,128,0,"[0,0,0,0,0,0,0,0,0,0,0,0,3,-4,7,-4,10,-5,11,-6,13,-6,14,-6,14,-6,14,-5,13,-5,11,-4,10,-4,8,-3,6,-2,3,-1,1,-1,-1,1,-3,1,-6,3,-8,3,-9,5,-11,6,-13,7,-13,8,-16,8,-15,9,-14,8,0,0,-11,6,-9,4,-6,3,-3,1,0,0,3,-2,5,-3,7,-4,9,-5,10,-6,11,-6,11,-6,11,-6,12,-6,11,-6,10,-6,9,-6,7,-4,5,-4,2,-3,-1,-2,-3,-1,-6,0,-8,0,-10,1,-11,1,0,0,0,0,0,0,0,0,0,0]"
CSI_DATA,37031,80:af:ca:27:52:2a,-54,11,1,1,1,1,1,0,0,0,0,-97,0,11,2,485885363,0,83,1,128,0,"[0,0,0,0,0,0,0,0,0,0,0,0,5,-6,5,-6,5,-5,4,-4,3,-3,2,-2,1,0,0,0,-1,1,-1,2,-2,4,-3,5,-3,6,-4,6,-4,7,-4,7,-4,7,-3,6,-3,6,-2,5,-2,3,-1,2,-1,1,0,0,0,-2,0,-3,0,0,1,-6,2,-6,2,-7,2,-7,2,-8,2,-7,2,-7,1,-6,1,-5,1,-4,0,-3,0,-1,0,0,-1,0,-1,1,-1,2,-2,3,-2,4,-2,5,-2,5,-2,5,-2,5,-2,4,-2,3,-2,3,-1,2,0,0,0,0,0,0,0,0,0,0]"
CSI_DATA,37032,80:af:ca:27:52:2a,-54,11,1,1,1,1,1,0,0,0,0,-97,0,11,2,485892924,0,83,1,128,0,"[0,0,0,0,0,0,0,0,0,0,0,0,2,8,2,8,1,7,1,6,0,4,0,2,0,1,-1,0,-1,-2,-2,-3,-3,-5,-3,-6,-3,-7,-4,-8,-4,-8,-4,-8,-4,-8,-4,-7,-3,-6,-3,-6,-2,-4,-1,-3,-1,-1,0,0,1,1,1,2,0,0,3,5,3,6,3,7,4,7,4,7,3,7,3,6,3,6,2,5,2,3,1,2,1,1,0,0,0,-1,-1,-2,-1,-3,-2,-5,-2,-5,-2,-6,-2,-6,-2,-6,-2,-6,-2,-5,-2,-5,-2,-4,-1,-3,0,0,0,0,0,0,0,0,0,0]"
CSI_DATA,37033,80:af:ca:27:52:2a,-54,11,0,0,0,0,0,0,0,0,0,-97,0,11,2,485906086,0,83,0,128,0,"[0,0,0,0,0,0,0,0,0,0,0,0,-2,-14,-1,-14,0,-13,0,-10,0,-7,0,-4,0,0,0,1,0,4,0,6,1,8,1,10,1,11,1,12,1,11,1,13,1,12,1,10,1,10,0,8,0,6,0,4,0,1,0,-2,0,-5,-1,-8,0,0,-2,-14,-1,-16,-2,-18,-2,-17,-1,-17,-1,-16,-1,-14,-1,-12,-1,-9,-1,-7,-1,-4,-1,-2,-1,0,-2,2,-2,4,-2,7,-3,9,-4,11,-4,13,-4,13,-4,14,-4,13,-3,13,-3,12,-2,9,-1,7,0,0,0,0,0,0,0,0,0,0]"
CSI_DATA,37034,80:af:ca:27:52:2a,-54,11,1,1,1,1,1,0,0,0,0,-97,0,11,2,485915869,0,83,1,128,0,"[0,0,0,0,0,0,0,0,0,0,0,0,-2,2,-5,2,-7,3,-8,4,-9,5,-10,5,-10,5,-10,5,-10,4,-9,4,-8,3,-7,2,-5,2,-3,1,-1,0,0,-1,2,-2,3,-3,5,-4,6,-5,7,-5,8,-6,8,-7,8,-7,8,-7,7,-6,0,0,5,-5,4,-3,2,-2,0,-1,0,0,-2,0,-4,2,-5,2,-6,3,-7,4,-8,5,-8,5,-8,5,-8,4,-7,4,-6,3,-5,3,-4,2,-2,1,-1,1,0,0,0,0,2,0,3,-1,4,-1,5,-1,0,0,0,0,0,0,0,0,0,0]"
CSI_DATA,37035,80:af:ca:27:52:2a,-54,11,1,1,1,1,1,0,0,0,0,-97,0,11,2,485923691,0,83,1,128,0,"[0,0,0,0,0,0,0,0,0,0,0,0,-1,9,-1,8,-1,7,-1,6,-1,4,-1,2,0,1,0,-1,0,-2,0,-4,0,-6,-1,-7,-1,-8,-1,-9,-1,-9,-1,-9,-1,-9,-1,-8,-1,-8,-1,-6,0,-5,0,-3,0,-1,0,0,0,1,0,3,0,0,1,6,1,7,1,8,1,8,1,8,1,8,1,7,1,6,1,5,0,4,0,2,0,1,0,0,0,-2,0,-3,0,-4,0,-5,0,-6,0,-6,0,-6,0,-6,0,-6,0,-6,0,-5,0,-4,0,-4,0,0,0,0,0,0,0,0,0,0]"
CSI_DATA,37036,80:af:ca:27:52:2a,-54,11,0,0,0,0,0,0,0,0,0,-97,0,11,2,485931890,0,83,0,128,0,"[0,0,0,0,0,0,0,0,0,0,0,0,8,-11,9,-11,8,-10,6,-9,5,-6,3,-3,2,-1,0,0,0,3,-2,5,-3,7,-3,9,-4,10,-4,11,-4,11,-4,12,-4,11,-3,11,-3,10,-3,9,-2,7,-2,4,-1,2,0,0,0,-4,0,-7,0,0,0,-14,0,-15,0,-18,0,-18,1,-17,1,-16,0,-15,0,-12,0,-10,0,-7,0,-5,0,-3,0,0,0,2,-1,4,-1,7,-1,10,-2,11,-2,13,-2,14,-1,15,-2,14,-1,13,0,12,0,10,0,7,0,0,0,0,0,0,0,0,0,0]"
CSI_DATA,37037,80:af:ca:27:52:2a,-55,11,1,1,1,1,1,0,0,0,0,-97,0,11,2,485940433,0,83,1,128,0,"[0,0,0,0,0,0,0,0,0,0,0,0,0,3,0,5,-1,8,-2,9,-2,10,-2,12,-3,12,-3,12,-3,12,-2,11,-2,10,-2,8,-2,6,-1,4,-1,2,0,0,0,-2,0,-5,0,-7,0,-9,1,-11,1,-12,1,-13,1,-13,1,-13,1,-12,0,0,0,-9,0,-7,0,-5,0,-2,-1,0,-1,2,-2,4,-2,5,-2,8,-3,9,-3,10,-3,10,-3,10,-3,10,-3,9,-2,8,-2,7,-1,5,0,3,0,2,0,0,1,0,2,-2,2,-3,3,-4,4,-5,0,0,0,0,0,0,0,0,0,0]"
CSI_DATA,37038,80:af:ca:27:52:2a,-55,11,1,1,1,1,1,0,0,0,0,-97,0,11,2,485949539,0,83,1,128,0,"[0,0,0,0,0,0,0,0,0,0,0,0,-2,-3,-1,-5,-1,-7,-1,-9,-1,-10,-1,-10,-1,-11,-1,-11,-1,-10,-1,-10,-1,-9,0,-8,0,-5,0,-4,0,-2,0,0,1,2,1,3,2,5,2,7,2,8,3,8,3,9,4,9,3,8,3,8,0,0,2,6,2,4,0,2,0,0,0,0,-1,-2,-2,-4,-2,-5,-3,-7,-4,-8,-4,-8,-4,-8,-4,-8,-4,-8,-4,-7,-3,-6,-3,-5,-2,-4,-2,-2,-1,-1,0,0,0,1,0,2,0,3,0,4,0,5,0,0,0,0,0,0,0,0,0,0]"
CSI_DATA,37039,80:af:ca:27:52:2a,-54,11,0,0,0,0,0,0,0,0,0,-97,0,11,2,485970577,0,83,0,128,0,"[0,0,0,0,0,0,0,0,0,0,0,0,1,-5,4,-8,6,-10,7,-12,8,-13,9,-12,9,-12,9,-12,8,-11,8,-10,6,-8,5,-7,3,-4,2,-2,0,-1,-1,1,-2,3,-4,5,-6,6,-7,8,-7,10,-9,11,-9,12,-11,13,-10,13,-10,12,0,0,-7,9,-5,6,-3,4,-1,1,1,-1,3,-3,5,-5,6,-6,7,-7,8,-8,9,-9,9,-9,9,-9,9,-9,9,-8,7,-8,6,-7,5,-6,3,-5,1,-4,-1,-2,-4,-1,-6,0,-8,1,-9,2,-10,2,0,0,0,0,0,0,0,0,0,0]"
CSI_DATA,37040,80:af:ca:27:52:2a,-55,11,1,1,1,1,1,0,0,0,0,-97,0,11,2,485978576,0,83,1,128,0,"[0,0,0,0,0,0,0,0,0,0,0,0,0,3,0,5,0,6,0,8,-1,9,-1,10,-1,10,-1,10,-2,9,-1,8,-1,7,-1,6,-1,4,0,2,0,0,0,-1,0,-3,0,-5,0,-6,0,-8,0,-9,0,-10,0,-10,0,-10,0,-10,0,-9,0,0,0,-6,0,-5,0,-3,0,-2,-1,0,-1,2,-1,3,-2,5,-2,6,-2,7,-2,8,-2,8,-2,8,-2,8,-2,7,-2,6,-2,5,-1,4,0,2,0,1,0,0,0,0,1,-2,2,-2,2,-3,2,-4,0,0,0,0,0,0,0,0,0,0]"
CSI_DATA,37041,80:af:ca:27:52:2a,-54,11,0,0,0,0,0,0,0,0,0,-97,0,11,2,486000788,0,83,0,128,0,"[0,0,0,0,0,0,0,0,0,0,0,0,-3,-4,-4,-7,-4,-11,-5,-11,-5,-13,-5,-14,-5,-14,-5,-14,-4,-13,-4,-11,-4,-10,-3,-8,-2,-6,-1,-4,-1,-2,1,0,2,2,3,4,4,6,5,7,6,9,8,11,8,11,9,13,10,13,9,12,0,0,7,9,5,6,3,4,1,2,-1,-1,-3,-3,-4,-5,-6,-7,-7,-8,-7,-9,-8,-10,-8,-10,-8,-11,-9,-11,-8,-10,-8,-9,-7,-8,-6,-7,-5,-5,-3,-3,-2,0,0,2,1,4,2,6,4,8,4,9,0,0,0,0,0,0,0,0,0,0]"
CSI_DATA,37042,80:af:ca:27:52:2a,-55,11,0,0,0,0,0,0,0,0,0,-97,0,11,2,486012222,0,83,0,128,0,"[0,0,0,0,0,0,0,0,0,0,0,0,-8,-10,-7,-10,-6,-10,-5,-7,-3,-6,-2,-3,0,-2,1,0,3,1,4,3,6,4,6,6,7,6,8,6,7,6,9,7,7,6,8,6,6,6,6,4,4,3,3,2,1,0,-1,0,-4,-3,-6,-4,0,0,-10,-6,-13,-8,-13,-9,-14,-9,-13,-9,-13,-8,-12,-7,-10,-6,-8,-5,-6,-3,-4,-2,-3,0,0,0,0,1,2,3,4,4,6,6,7,7,9,8,9,10,10,10,10,10,10,9,8,8,7,6,6,5,0,0,0,0,0,0,0,0,0,0]"
CSI_DATA,37043,80:af:ca:27:52:2a,-54,11,0,0,0,0,0,0,0,0,0,-97,0,11,2,486026072,0,83,0,128,0,"[0,0,0,0,0,0,0,0,0,0,0,0,-2,-4,-1,-8,-1,-11,-1,-14,-1,-15,0,-16,0,-16,0,-16,0,-15,0,-13,-1,-11,0,-9,0,-7,0,-5,0,-2,0,0,0,2,0,4,1,7,1,9,2,10,2,14,3,15,2,17,3,17,3,15,0,0,2,11,1,8,1,6,0,2,0,-1,-1,-4,-1,-6,-2,-8,-2,-10,-2,-11,-2,-13,-2,-13,-2,-13,-2,-14,-2,-13,-2,-11,-2,-10,-2,-8,-2,-6,-2,-4,-2,-1,-2,2,-2,4,-2,6,-2,8,-2,9,0,0,0,0,0,0,0,0,0,0]"
CSI_DATA,37044,80:af:ca:27:52:2a,-54,11,0,0,0,0,0,0,0,0,0,-97,0,11,2,486036166,0,83,0,128,0,"[0,0,0,0,0,0,0,0,0,0,0,0,13,-6,14,-5,13,-5,9,-4,7,-2,4,-1,1,0,-2,1,-5,2,-7,3,-10,4,-12,4,-12,4,-13,4,-12,5,-14,5,-13,4,-11,4,-11,3,-9,3,-7,2,-5,1,-2,0,2,-1,5,-2,8,-3,0,0,14,-5,15,-5,17,-6,17,-6,17,-5,15,-5,14,-5,11,-4,9,-3,6,-3,4,-3,1,-2,-1,-2,-4,-2,-6,-2,-9,-2,-12,-2,-13,-2,-15,-2,-15,-3,-16,-2,-16,-2,-15,-2,-14,-2,-12,-1,-9,-1,0,0,0,0,0,0,0,0,0,0]"
CSI_DATA,37045,80:af:ca:27:52:2a,-54,11,1,1,1,1,1,0,0,0,0,-97,0,11,2,486043616,0,83,1,128,0,"[0,0,0,0,0,0,0,0,0,0,0,0,8,-6,7,-6,6,-5,5,-3,4,-3,2,-1,0,0,-1,1,-3,1,-4,3,-6,4,-7,5,-8,5,-8,6,-8,6,-8,6,-8,6,-8,5,-6,5,-5,3,-4,3,-3,1,-1,0,0,0,1,-1,3,-3,0,0,6,-5,7,-5,7,-5,8,-6,8,-6,8,-5,7,-5,6,-4,5,-4,4,-3,2,-2,1,-1,0,-1,-2,0,-3,0,-5,0,-6,1,-6,1,-7,1,-7,1,-7,1,-7,1,-6,1,-6,1,-5,0,-4,0,0,0,0,0,0,0,0,0,0,0]"
CSI_DATA,37046,80:af:ca:27:52:2a,-54,11,1,1,1,1,1,0,0,0,0,-97,0,11,2,486053461,0,83,1,128,0,"[0,0,0,0,0,0,0,0,0,0,0,0,-9,4,-8,4,-7,2,-6,2,-4,1,-2,0,-1,0,0,-1,1,-2,2,-2,4,-4,5,-4,6,-5,6,-5,7,-5,7,-5,6,-5,6,-5,5,-5,4,-4,3,-3,2,-2,0,-1,0,0,-1,1,-3,2,0,0,-5,4,-6,5,-6,5,-7,5,-7,5,-6,5,-6,5,-5,4,-5,4,-4,2,-2,1,-1,1,0,0,1,0,2,-1,3,-2,4,-2,4,-3,5,-3,5,-3,5,-3,5,-3,5,-3,4,-2,4,-2,2,-1,0,0,0,0,0,0,0,0,0,0]"
CSI_DATA,37047,80:af:ca:27:52:2a,-54,11,1,1,1,1,1,0,0,0,0,-97,0,11,2,486061361,0,83,1,128,0,"[0,0,0,0,0,0,0,0,0,0,0,0,-1,2,-3,3,-6,4,-7,5,-8,6,-9,7,-9,7,-9,7,-9,7,-8,6,-7,6,-7,4,-5,3,-3,2,-2,0,0,-1,0,-3,1,-4,3,-6,3,-7,4,-8,4,-9,5,-10,4,-11,4,-10,4,-10,0,0,3,-7,2,-6,1,-3,0,-2,0,0,-1,1,-2,3,-3,5,-3,7,-3,7,-3,8,-3,9,-3,8,-3,8,-3,7,-3,7,-2,6,-1,4,-1,3,0,1,0,0,0,-1,1,-3,1,-3,2,-4,2,-5,0,0,0,0,0,0,0,0,0,0]"
CSI_DATA,37048,80:af:ca:27:52:2a,-54,11,1,1,1,1,1,0,0,0,0,-97,0,11,2,486068645,0,83,1,128,0,"[0,0,0,0,0,0,0,0,0,0,0,0,-4,-1,-5,-2,-7,-3,-8,-5,-9,-5,-10,-5,-10,-5,-10,-5,-9,-5,-8,-5,-8,-5,-6,-4,-5,-2,-2,-2,0,-1,0,0,2,0,5,0,6,0,8,0,9,0,10,0,11,0,11,0,10,0,9,0,0,0,7,0,5,0,3,0,1,0,0,0,-2,0,-5,0,-6,0,-8,0,-9,0,-10,0,-10,0,-10,0,-10,0,-8,0,-8,0,-6,0,-5,0,-3,0,-2,0,0,0,1,0,2,0,3,0,5,0,5,0,0,0,0,0,0,0,0,0,0,0]"
CSI_DATA,37049,80:af:ca:27:52:2a,-55,11,1,1,1,1,1,0,0,0,0,-97,0,11,2,486076179,0,83,1,128,0,"[0,0,0,0,0,0,0,0,0,0,0,0,-8,-3,-8,-3,-7,-3,-5,-3,-4,-2,-2,-2,0,-1,1,-1,2,0,4,0,5,0,7,0,7,0,8,0,8,1,8,1,8,0,7,0,6,0,5,0,3,0,2,0,0,0,-1,0,-2,0,-4,0,0,0,-7,0,-8,0,-8,0,-9,0,-9,0,-8,0,-8,0,-7,0,-6,0,-4,0,-3,0,-1,0,0,0,1,0,2,0,3,0,4,0,5,0,6,0,6,0,6,0,6,0,5,0,4,0,4,0,3,0,0,0,0,0,0,0,0,0,0,0]"
CSI_DATA,37050,80:af:ca:27:52:2a,-55,11,1,1,1,1,1,0,0,0,0,-97,0,11,2,486085706,0,83,1,128,0,"[0,0,0,0,0,0,0,0,0,0,0,0,8,4,7,4,6,4,5,3,3,2,2,1,0,0,-1,0,-3,-1,-4,-2,-6,-2,-7,-3,-8,-4,-9,-4,-9,-4,-9,-4,-9,-4,-8,-3,-7,-3,-6,-3,-4,-2,-3,-1,-1,0,0,0,1,0,3,1,0,0,6,2,7,3,8,3,8,3,8,3,8,3,7,3,6,2,5,2,4,1,2,1,1,0,0,-1,-1,-1,-2,-2,-3,-3,-4,-3,-4,-4,-5,-4,-5,-4,-5,-4,-5,-4,-4,-4,-4,-3,-4,-3,-3,-2,0,0,0,0,0,0,0,0,0,0]"
CSI_DATA,37051,80:af:ca:27:52:2a,-54,11,1,1,1,1,1,0,0,0,0,-97,0,11,2,486094332,0,83,1,128,0,"[0,0,0,0,0,0,0,0,0,0,0,0,-3,0,-6,-1,-8,-2,-10,-3,-10,-3,-11,-3,-12,-3,-12,-4,-11,-4,-10,-3,-10,-3,-8,-3,-6,-2,-3,-2,-1,0,0,0,2,0,4,0,6,1,7,2,9,2,10,2,10,3,10,3,10,3,9,2,0,0,6,1,5,1,3,0,1,0,0,0,-2,-1,-4,-2,-5,-3,-6,-3,-8,-4,-8,-4,-9,-5,-8,-5,-8,-4,-7,-4,-6,-3,-6,-3,-4,-2,-3,-1,-2,0,0,0,0,1,0,2,1,3,2,3,3,3,0,0,0,0,0,0,0,0,0,0]"
CSI_DATA,37052,80:af:ca:27:52:2a,-54,11,1,1,1,1,1,0,0,0,0,-97,0,11,2,486101752,0,83,1,128,0,"[0,0,0,0,0,0,0,0,0,0,0,0,-1,10,-1,9,-2,7,-1,6,-1,3,-2,1,0,1,-3,-1,1,-4,-3,-4,-3,-5,-3,-6,-2,-6,-1,-7,-1,-7,-1,-12,-2,-12,-1,-7,0,-7,-2,-6,-1,-4,-1,-3,0,-1,0,0,0,1,1,3,0,0,1,6,3,8,3,9,2,7,2,8,4,8,2,7,3,6,2,5,1,3,1,1,0,0,0,0,0,-1,0,-4,-1,-5,-1,-5,-1,-6,-3,-6,-3,-7,-3,-6,-4,-7,-1,-4,-1,-4,-1,-4,-1,-3,0,0,0,0,0,0,0,0,0,0]"
CSI_DATA,37053,80:af:ca:27:52:2a,-54,11,1,1,1,1,1,0,0,0,0,-97,0,11,2,486110431,0,83,1,128,0,"[0,0,0,0,0,0,0,0,0,0,0,0,4,-9,3,-8,3,-7,2,-5,2,-4,1,-2,0,0,0,1,0,2,-1,4,-2,6,-2,7,-2,8,-2,8,-2,9,-2,9,-2,8,-2,8,-2,7,-1,5,-1,4,-1,2,0,0,0,-1,0,-2,0,-4,0,0,0,-7,0,-8,0,-9,0,-10,1,-9,0,-9,0,-8,0,-7,0,-6,0,-4,0,-2,0,-1,0,0,-1,1,-1,2,-1,4,-1,5,-1,5,-1,5,-1,6,-1,6,-1,5,-1,5,-1,4,-1,4,0,2,0,0,0,0,0,0,0,0,0,0]"
CSI_DATA,37054,80:af:ca:27:52:2a,-54,11,1,1,1,1,1,0,0,0,0,-97,0,11,2,486118995,0,83,1,128,0,"[0,0,0,0,0,0,0,0,0,0,0,0,1,-2,2,-4,4,-5,5,-6,6,-7,7,-8,7,-8,7,-8,7,-8,6,-7,5,-6,5,-5,3,-4,2,-2,0,0,0,0,-1,2,-2,3,-3,5,-4,6,-4,7,-5,8,-5,8,-5,8,-5,8,-4,8,0,0,-3,5,-2,4,-1,2,0,0,0,0,0,-2,1,-4,2,-5,2,-6,2,-7,3,-8,3,-8,3,-8,3,-8,2,-8,2,-6,1,-5,1,-4,0,-2,0,-2,0,0,-1,0,-2,1,-2,2,-3,2,-3,3,0,0,0,0,0,0,0,0,0,0]"
CSI_DATA,37055,80:af:ca:27:52:2a,-54,11,0,0,0,0,0,0,0,0,0,-97,0,11,2,486132804,0,83,0,128,0,"[0,0,0,0,0,0,0,0,0,0,0,0,-5,-2,-7,-5,-9,-7,-11,-8,-12,-10,-12,-10,-12,-11,-11,-10,-11,-9,-9,-9,-8,-8,-7,-7,-4,-5,-3,-4,-1,-2,1,-1,3,0,5,1,7,3,9,3,11,4,13,4,14,5,15,6,15,5,14,5,0,0,10,3,8,2,5,1,1,0,-2,-1,-5,-2,-7,-3,-9,-3,-11,-4,-12,-4,-13,-4,-13,-4,-13,-4,-13,-4,-13,-4,-11,-3,-11,-2,-8,-2,-6,-1,-4,0,-1,1,2,2,4,3,6,4,9,4,9,5,0,0,0,0,0,0,0,0,0,0]"
CSI_DATA,37056,80:af:ca:27:52:2a,-55,11,1,1,1,1,1,0,0,0,0,-97,0,11,2,486142122,0,83,1,128,0,"[0,0,0,0,0,0,0,0,0,0,0,0,-2,2,-4,4,-5,4,-7,5,-8,5,-8,6,-9,6,-8,6,-8,5,-8,4,-7,4,-6,3,-4,2,-3,1,-1,0,0,-1,1,-2,2,-4,4,-5,5,-6,6,-7,6,-7,6,-8,6,-8,6,-8,5,-7,0,0,4,-6,2,-4,1,-3,0,-1,-1,0,-2,1,-3,2,-4,3,-5,4,-6,5,-6,6,-6,6,-6,6,-6,6,-6,5,-5,5,-4,4,-3,3,-2,2,-1,2,0,0,1,0,2,-1,3,-1,4,-2,4,-2,0,0,0,0,0,0,0,0,0,0]"
CSI_DATA,37057,80:af:ca:27:52:2a,-54,11,1,1,1,1,1,0,0,0,0,-97,0,11,2,486157522,0,83,1,128,0,"[0,0,0,0,0,0,0,0,0,0,0,0,-3,0,-6,-2,-7,-3,-9,-4,-10,-5,-11,-6,-12,-6,-11,-5,-11,-5,-11,-5,-9,-4,-7,-3,-6,-3,-3,-3,-1,-1,0,0,2,0,4,0,7,0,8,0,9,0,11,1,11,1,11,1,11,0,10,0,0,0,7,0,5,0,3,0,1,0,0,0,-2,0,-4,0,-6,0,-8,0,-9,0,-10,0,-10,0,-10,0,-10,0,-9,0,-8,0,-7,0,-5,0,-3,0,-2,0,0,0,0,0,2,0,3,0,3,0,5,0,0,0,0,0,0,0,0,0,0,0]"
CSI_DATA,37058,80:af:ca:27:52:2a,-53,11,0,0,0,0,0,0,0,0,0,-97,0,11,2,486169922,0,83,0,128,0,"[0,0,0,0,0,0,0,0,0,0,0,0,-2,-15,-2,-15,-1,-13,0,-10,0,-7,0,-4,0,0,0,1,0,4,0,7,0,9,0,12,0,12,0,12,0,12,0,13,0,12,0,11,0,10,0,8,0,6,0,4,0,0,0,-2,0,-6,0,-9,0,0,0,-15,1,-17,0,-19,1,-19,1,-18,1,-17,1,-15,1,-12,0,-11,0,-7,0,-6,0,-3,-1,0,-3,1,-4,4,-5,6,-6,9,-8,9,-8,11,-9,12,-9,12,-9,12,-9,12,-8,10,-7,9,-6,6,0,0,0,0,0,0,0,0,0,0]"
CSI_DATA,37059,80:af:ca:27:52:2a,-54,11,0,0,0,0,0,0,0,0,0,-97,0,11,2,486178906,0,83,0,128,0,"[0,0,0,0,0,0,0,0,0,0,0,0,-11,-8,-11,-9,-10,-8,-7,-6,-5,-5,-3,-3,0,-1,1,0,3,1,5,3,6,4,8,6,9,6,9,6,9,6,10,6,9,6,8,5,7,5,6,4,5,3,3,1,1,0,-1,-1,-4,-3,-6,-5,0,0,-11,-7,-13,-9,-13,-10,-13,-10,-13,-10,-12,-9,-11,-8,-9,-6,-8,-6,-6,-4,-4,-3,-3,-1,0,0,0,3,2,4,3,6,5,8,6,10,6,10,6,11,7,12,7,11,7,10,6,10,5,8,3,6,0,0,0,0,0,0,0,0,0,0]"
CSI_DATA,37060,80:af:ca:27:52:2a,-54,11,0,0,0,0,0,0,0,0,0,-97,0,11,2,486187306,0,83,0,128,0,"[0,0,0,0,0,0,0,0,0,0,0,0,-14,1,-15,1,-14,0,-10,0,-8,0,-5,0,-2,-1,0,-1,2,-2,5,-3,7,-4,9,-5,10,-5,10,-5,10,-5,11,-6,10,-5,9,-5,9,-5,7,-4,5,-4,4,-2,1,0,0,0,-4,3,-6,5,0,0,-10,8,-12,10,-13,10,-14,10,-13,10,-12,10,-10,9,-9,7,-7,6,-5,5,-4,3,-1,1,0,0,2,-1,4,-3,5,-5,8,-6,10,-7,10,-8,11,-9,11,-10,11,-10,10,-9,10,-8,8,-7,5,-5,0,0,0,0,0,0,0,0,0,0]"
CSI_DATA,37061,80:af:ca:27:52:2a,-54,11,0,0,0,0,0,0,0,0,0,-97,0,11,2,486199224,0,83,0,128,0,"[0,0,0,0,0,0,0,0,0,0,0,0,0,-5,2,-8,5,-9,5,-11,6,-12,7,-13,7,-13,7,-13,6,-12,6,-10,4,-9,4,-8,3,-5,2,-3,0,0,0,0,0,3,0,5,-1,8,-1,9,-1,11,-1,14,-1,14,-2,16,-1,16,-1,16,0,0,-1,11,-1,8,0,5,0,1,0,-1,0,-4,0,-7,0,-9,0,-11,0,-12,0,-14,0,-13,0,-14,0,-14,0,-13,0,-12,-1,-10,0,-8,-1,-6,-1,-3,-1,0,-1,2,-1,5,-1,8,-1,9,-1,10,0,0,0,0,0,0,0,0,0,0]"
CSI_DATA,37062,80:af:ca:27:52:2a,-54,11,1,1,1,1,1,0,0,0,0,-97,0,11,2,486207804,0,83,1,128,0,"[0,0,0,0,0,0,0,0,0,0,0,0,7,-5,6,-5,5,-4,5,-3,3,-2,2,-1,1,0,0,1,-1,2,-2,3,-3,4,-4,5,-5,6,-5,6,-5,7,-5,7,-5,6,-4,6,-3,5,-3,5,-2,3,-1,2,-1,0,0,0,0,-2,1,-3,0,0,2,-6,2,-7,2,-8,2,-8,2,-8,2,-8,2,-7,1,-7,1,-6,1,-5,0,-3,0,-1,0,0,-1,1,-1,2,-2,3,-2,4,-2,5,-2,5,-2,6,-3,6,-2,6,-2,5,-2,5,-2,4,-1,3,0,0,0,0,0,0,0,0,0,0]"
CSI_DATA,37063,80:af:ca:27:52:2a,-54,11,0,0,0,0,0,0,0,0,0,-97,0,11,2,486217056,0,83,0,128,0,"[0,0,0,0,0,0,0,0,0,0,0,0,4,1,6,3,8,6,10,6,11,8,11,8,12,9,12,8,10,7,9,7,8,6,7,5,4,3,3,2,0,1,-2,0,-4,-1,-6,-2,-8,-3,-10,-4,-12,-4,-14,-5,-15,-5,-17,-6,-17,-5,-16,-5,0,0,-12,-4,-9,-3,-7,-2,-3,-1,0,0,3,1,5,1,7,2,9,2,10,2,11,3,11,3,12,3,12,3,11,3,10,2,9,2,7,1,5,0,3,-1,0,-1,-2,-2,-5,-3,-7,-4,-8,-5,-9,-5,0,0,0,0,0,0,0,0,0,0]"
CSI_DATA,37064,80:af:ca:27:52:2a,-55,11,1,1,1,1,1,0,0,0,0,-97,0,11,2,486227306,0,83,1,128,0,"[0,0,0,0,0,0,0,0,0,0,0,0,1,2,2,4,2,5,3,7,4,8,4,10,5,10,4,10,4,10,4,9,3,8,2,6,2,5,1,3,0,1,0,0,-1,-2,-2,-4,-3,-5,-4,-7,-5,-8,-5,-9,-5,-9,-5,-10,-5,-9,-5,-8,0,0,-4,-7,-2,-5,-2,-3,-1,-2,0,0,0,1,0,3,1,5,2,6,2,7,2,8,2,8,2,8,2,8,2,7,2,6,2,5,1,4,1,2,0,1,0,0,0,-1,0,-2,0,-3,0,-5,0,-5,0,0,0,0,0,0,0,0,0,0]"
CSI_DATA,37065,80:af:ca:27:52:2a,-54,11,0,0,0,0,0,0,0,0,0,-97,0,11,2,486237702,0,83,0,128,0,"[0,0,0,0,0,0,0,0,0,0,0,0,-6,1,-9,-1,-13,-1,-14,0,-16,-2,-16,-2,-16,-3,-15,-3,-14,-3,-12,-3,-11,-2,-9,-2,-6,-2,-4,-1,-1,-1,1,-1,3,0,6,0,8,1,10,1,12,1,14,2,15,2,18,3,18,2,15,2,0,0,11,1,8,1,5,0,2,-1,-1,-2,-4,-2,-7,-3,-9,-4,-10,-5,-11,-5,-12,-6,-12,-6,-12,-6,-12,-6,-12,-6,-11,-5,-10,-4,-8,-4,-6,-2,-4,-1,-2,1,0,3,2,4,4,6,5,7,6,8,0,0,0,0,0,0,0,0,0,0]"
CSI_DATA,37066,80:af:ca:27:52:2a,-54,11,1,1,1,1,1,0,0,0,0,-97,0,11,2,486246441,0,83,1,128,0,"[0,0,0,0,0,0,0,0,0,0,0,0,0,-11,0,-9,0,-8,1,-7,0,-4,0,-3,0,-1,0,0,0,3,0,4,0,6,0,7,1,9,1,9,1,9,1,9,1,9,1,8,1,7,1,6,0,4,0,3,0,1,0,-1,-1,-2,-1,-4,0,0,-3,-7,-3,-8,-3,-9,-4,-9,-4,-9,-3,-8,-3,-7,-3,-7,-3,-6,-2,-4,-1,-3,-1,-1,0,0,0,1,0,3,1,4,1,5,1,5,1,6,2,6,1,6,1,6,1,5,1,4,1,4,1,3,0,0,0,0,0,0,0,0,0,0]"
CSI_DATA,37067,80:af:ca:27:52:2a,-54,11,1,1,1,1,1,0,0,0,0,-97,0,11,2,486254911,0,83,1,128,0,"[0,0,0,0,0,0,0,0,0,0,0,0,2,-9,2,-8,2,-7,2,-6,1,-4,1,-2,1,-1,0,0,0,2,0,4,0,5,-1,6,-1,7,-1,8,-1,8,-1,8,0,8,0,7,0,6,0,5,0,4,0,2,0,0,0,-1,0,-2,0,-4,0,0,-1,-6,-1,-8,-1,-8,-1,-8,-1,-9,-1,-8,-1,-8,-1,-6,-1,-5,-1,-4,-1,-2,0,-1,0,0,0,1,0,2,0,4,0,5,0,5,0,5,0,5,0,5,0,5,0,5,0,4,0,4,0,2,0,0,0,0,0,0,0,0,0,0]"
CSI_DATA,37068,80:af:ca:27:52:2a,-54,11,1,1,1,1,1,0,0,0,0,-97,0,11,2,486263355,0,83,1,128,0,"[0,0,0,0,0,0,0,0,0,0,0,0,-2,2,-5,2,-6,3,-8,3,-9,4,-10,4,-10,4,-10,4,-10,4,-9,4,-8,3,-7,2,-5,2,-3,0,-1,0,0,-1,1,-2,2,-4,4,-5,5,-6,6,-7,6,-8,7,-8,7,-8,6,-8,5,-8,0,0,4,-5,2,-4,2,-2,0,-1,0,0,-2,2,-3,3,-4,4,-5,5,-5,6,-5,7,-6,7,-6,7,-5,7,-5,6,-4,5,-3,5,-2,3,-2,2,0,1,0,0,1,0,2,-2,2,-2,3,-3,3,-4,0,0,0,0,0,0,0,0,0,0]"
CSI_DATA,37069,80:af:ca:27:52:2a,-54,11,0,0,0,0,0,0,0,0,0,-97,0,11,2,486286616,0,83,0,128,0,"[0,0,0,0,0,0,0,0,0,0,0,0,2,-3,6,-5,9,-6,10,-7,12,-8,12,-8,13,-8,13,-8,11,-7,10,-7,9,-6,8,-5,6,-3,4,-2,1,-1,-1,0,-2,2,-4,3,-6,5,-8,6,-9,8,-11,9,-11,10,-13,11,-13,11,-12,10,0,0,-9,8,-7,5,-5,4,-3,1,0,-1,2,-3,4,-4,6,-6,7,-7,8,-8,9,-8,9,-8,9,-8,9,-9,8,-8,7,-8,6,-7,5,-6,3,-5,1,-3,-1,-2,-3,0,-5,1,-7,2,-8,3,-9,4,0,0,0,0,0,0,0,0,0,0]"
CSI_DATA,37070,80:af:ca:27:52:2a,-55,11,1,1,1,1,1,0,0,0,0,-97,0,11,2,486294522,0,83,1,128,0,"[0,0,0,0,0,0,0,0,0,0,0,0,2,0,4,2,5,3,7,5,7,5,8,6,8,6,8,6,8,6,7,5,6,5,5,4,3,2,2,2,0,0,-1,0,-2,-1,-4,-2,-5,-3,-7,-4,-8,-5,-8,-5,-9,-5,-9,-5,-9,-5,-8,-5,0,0,-6,-3,-5,-2,-3,-2,-2,0,0,0,1,0,2,2,3,2,5,3,5,4,6,4,7,5,6,4,6,4,6,4,5,3,5,2,3,2,2,0,1,0,0,0,0,-1,-1,-2,-2,-3,-2,-3,-2,-4,0,0,0,0,0,0,0,0,0,0]"
CSI_DATA,37071,80:af:ca:27:52:2a,-54,11,0,0,0,0,0,0,0,0,0,-97,0,11,2,486305562,0,83,0,128,0,"[0,0,0,0,0,0,0,0,0,0,0,0,-4,-4,-5,-8,-6,-10,-7,-11,-7,-14,-7,-14,-7,-15,-6,-14,-6,-12,-5,-11,-5,-10,-4,-8,-3,-6,-2,-4,-1,-1,0,1,1,3,3,5,3,7,4,9,5,10,6,13,6,13,7,15,7,14,6,13,0,0,4,10,3,7,2,4,1,1,0,-2,-1,-5,-2,-7,-2,-9,-3,-10,-3,-11,-3,-13,-3,-12,-3,-12,-3,-13,-3,-12,-3,-11,-3,-10,-2,-8,-2,-6,-2,-3,-2,-1,-3,2,-3,5,-3,7,-3,9,-3,9,0,0,0,0,0,0,0,0,0,0]"
CSI_DATA,37072,80:af:ca:27:52:2a,-54,11,0,0,0,0,0,0,0,0,0,-97,0,11,2,486319799,0,83,0,128,0,"[0,0,0,0,0,0,0,0,0,0,0,0,-4,12,-5,12,-5,11,-4,9,-3,7,-3,3,-2,0,-1,-1,0,-3,0,-6,0,-8,1,-10,1,-11,2,-11,1,-11,2,-12,2,-11,1,-11,1,-10,1,-8,0,-7,0,-4,0,-2,0,0,0,4,0,7,0,0,-2,12,-2,15,-2,16,-3,16,-2,15,-2,15,-2,13,-1,11,-1,8,0,6,0,3,0,1,0,0,1,-3,2,-5,3,-7,3,-10,4,-11,4,-12,5,-13,4,-14,4,-14,4,-13,3,-11,3,-10,1,-7,0,0,0,0,0,0,0,0,0,0]"
CSI_DATA,37073,80:af:ca:27:52:2a,-55,11,1,1,1,1,1,0,0,0,0,-97,0,11,2,486332236,0,83,1,128,0,"[0,0,0,0,0,0,0,0,0,0,0,0,-8,-2,-7,-2,-6,-2,-5,-1,-4,-1,-3,-1,-1,-1,0,-1,2,0,3,0,4,0,5,0,6,0,7,0,7,0,7,0,7,0,7,0,6,0,5,0,3,0,2,0,1,0,0,0,-2,0,-3,0,0,0,-6,-1,-6,-1,-7,-1,-7,-1,-8,-1,-7,-1,-7,-1,-6,-1,-5,-1,-4,0,-3,0,-2,0,0,0,0,1,1,1,2,1,3,2,4,2,4,2,4,2,5,2,4,2,4,2,4,2,3,1,3,1,0,0,0,0,0,0,0,0,0,0]"
CSI_DATA,37074,80:af:ca:27:52:2a,-54,11,0,0,0,0,0,0,0,0,0,-97,0,11,2,486352639,0,83,0,128,0,"[0,0,0,0,0,0,0,0,0,0,0,0,3,14,3,14,2,14,2,11,1,8,0,5,-1,2,-2,-1,-3,-3,-4,-6,-5,-8,-6,-10,-6,-11,-7,-11,-7,-11,-8,-12,-7,-11,-7,-10,-6,-10,-6,-9,-5,-7,-4,-6,-2,-3,0,0,3,2,5,5,0,0,10,9,11,10,12,11,12,11,11,11,11,10,10,9,9,7,7,6,5,4,3,3,2,1,0,-1,-2,-3,-4,-5,-6,-6,-8,-8,-9,-9,-10,-10,-11,-10,-12,-10,-11,-10,-11,-10,-10,-9,-8,-7,-7,-5,0,0,0,0,0,0,0,0,0,0]"
CSI_DATA,37075,80:af:ca:27:52:2a,-55,11,1,1,1,1,1,0,0,0,0,-97,0,11,2,486361286,0,83,1,128,0,"[0,0,0,0,0,0,0,0,0,0,0,0,0,2,0,5,0,7,-1,8,-1,9,-2,10,-2,10,-2,10,-2,10,-2,9,-2,8,-2,7,-1,4,-1,2,0,1,0,-1,0,-3,0,-4,0,-7,0,-8,0,-9,0,-10,0,-11,0,-10,0,-10,0,-9,0,0,0,-7,0,-5,0,-4,0,-2,-1,0,-1,2,-2,3,-2,4,-2,6,-2,7,-2,8,-2,8,-2,8,-2,8,-2,7,-2,7,-2,5,-1,4,0,2,0,2,0,0,0,0,1,-1,2,-2,2,-3,2,-4,0,0,0,0,0,0,0,0,0,0]"
CSI_DATA,37076,80:af:ca:27:52:2a,-54,11,0,0,0,0,0,0,0,0,0,-97,0,11,2,486381005,0,83,0,128,0,"[0,0,0,0,0,0,0,0,0,0,0,0,-2,-4,-1,-8,-1,-11,-1,-13,-1,-15,0,-15,0,-16,0,-15,0,-14,0,-13,0,-11,0,-9,0,-7,0,-4,0,-2,0,0,0,2,1,5,1,8,1,9,2,11,2,13,3,14,2,16,3,16,3,15,0,0,2,11,1,8,1,5,0,2,0,-1,-1,-4,-1,-7,-2,-9,-2,-10,-2,-11,-2,-13,-2,-13,-2,-13,-2,-13,-2,-13,-2,-12,-2,-10,-2,-8,-2,-6,-2,-4,-2,-1,-2,2,-2,5,-2,7,-2,9,-2,10,0,0,0,0,0,0,0,0,0,0]"
CSI_DATA,37077,80:af:ca:27:52:2a,-54,11,1,1,1,1,1,0,0,0,0,-97,0,11,2,486387973,0,83,1,128,0,"[0,0,0,0,0,0,0,0,0,0,0,0,-2,-2,-2,-5,-3,-7,-3,-8,-3,-9,-4,-11,-4,-11,-4,-11,-4,-11,-4,-9,-3,-8,-2,-8,-2,-5,-1,-4,0,-2,0,0,2,1,2,2,3,5,5,5,5,6,6,7,7,8,7,8,6,7,6,6,0,0,5,5,3,3,2,2,0,0,0,0,-2,-2,-3,-3,-4,-4,-5,-5,-6,-5,-7,-6,-7,-6,-7,-6,-7,-6,-6,-5,-5,-5,-5,-4,-4,-2,-2,-2,-2,0,0,0,0,0,1,2,2,2,2,3,2,4,0,0,0,0,0,0,0,0,0,0]"
CSI_DATA,37078,80:af:ca:27:52:2a,-54,11,0,0,0,0,0,0,0,0,0,-97,0,11,2,486416535,0,83,0,128,0,"[0,0,0,0,0,0,0,0,0,0,0,0,13,-6,13,-5,12,-4,10,-4,7,-2,5,-1,2,0,0,0,-2,2,-5,3,-7,5,-9,6,-9,6,-10,6,-10,6,-11,7,-11,7,-9,6,-9,6,-7,6,-6,4,-4,3,-2,0,0,0,1,-4,4,-6,0,0,7,-11,9,-12,10,-14,10,-13,10,-13,9,-12,7,-12,6,-10,5,-8,3,-6,2,-5,0,-2,0,0,-2,1,-4,2,-5,5,-6,7,-8,8,-9,9,-10,10,-9,11,-9,11,-8,10,-8,9,-6,7,-5,6,0,0,0,0,0,0,0,0,0,0]"
CSI_DATA,37079,80:af:ca:27:52:2a,-55,11,1,1,1,1,1,0,0,0,0,-97,0,11,2,486425766,0,83,1,128,0,"[0,0,0,0,0,0,0,0,0,0,0,0,0,-9,0,-8,0,-7,0,-5,0,-4,0,-3,0,-1,0,0,0,2,0,3,0,5,0,6,0,6,0,7,1,7,1,7,1,7,1,6,0,6,0,5,0,3,0,2,0,1,0,0,0,-2,-1,-3,0,0,-1,-5,-1,-6,-1,-7,-1,-7,-1,-7,-1,-7,-1,-7,-1,-6,-1,-5,-1,-4,-1,-3,-1,-1,-1,0,0,1,0,2,0,3,0,4,0,4,0,5,0,5,0,5,0,5,0,4,0,4,0,3,0,3,0,0,0,0,0,0,0,0,0,0]"
CSI_DATA,37080,80:af:ca:27:52:2a,-54,11,1,1,1,1,1,0,0,0,0,-97,0,11,2,486437023,0,83,1,128,0,"[0,0,0,0,0,0,0,0,0,0,0,0,-5,0,-7,-1,-9,-2,-11,-2,-12,-3,-12,-3,-13,-4,-12,-4,-12,-4,-11,-3,-9,-3,-8,-2,-5,-2,-3,-1,-1,0,1,0,3,0,5,0,7,0,9,1,10,1,12,1,12,1,12,1,12,1,10,0,0,0,7,0,5,0,3,0,1,0,0,-1,-3,-1,-5,-2,-7,-2,-9,-2,-9,-2,-10,-2,-11,-2,-10,-2,-10,-2,-9,-2,-8,-2,-7,-1,-5,-1,-4,0,-2,0,0,0,0,0,2,1,2,2,4,2,4,3,0,0,0,0,0,0,0,0,0,0]"
CSI_DATA,37081,80:af:ca:27:52:2a,-54,11,0,0,0,0,0,0,0,0,0,-97,0,11,2,486454327,0,83,0,128,0,"[0,0,0,0,0,0,0,0,0,0,0,0,-1,3,-3,6,-5,9,-5,10,-6,12,-7,12,-7,13,-7,12,-7,12,-6,11,-5,10,-5,8,-4,5,-3,3,-2,1,-1,-1,0,-3,0,-6,1,-8,1,-10,1,-12,2,-15,1,-16,2,-19,1,-19,1,-18,0,0,1,-13,1,-10,0,-7,0,-4,-1,0,-1,3,-1,6,-1,8,-1,9,-1,11,-2,12,-2,12,-2,12,-2,13,-2,12,-1,11,-1,10,-1,8,0,5,0,3,0,0,1,-3,1,-5,2,-8,2,-10,2,-10,0,0,0,0,0,0,0,0,0,0]"
CSI_DATA,37082,80:af:ca:27:52:2a,-55,11,1,1,1,1,1,0,0,0,0,-97,0,11,2,486463564,0,83,1,128,0,"[0,0,0,0,0,0,0,0,0,0,0,0,-2,2,-4,2,-5,3,-8,4,-8,5,-10,5,-11,5,-11,5,-10,4,-9,4,-8,4,-7,3,-5,2,-3,1,-2,0,0,-1,1,-2,3,-2,5,-4,6,-5,7,-5,8,-5,8,-6,8,-6,8,-6,8,-6,0,0,5,-5,4,-3,2,-2,1,-2,0,0,-2,0,-4,0,-5,1,-7,2,-8,2,-8,3,-9,3,-9,3,-9,3,-8,2,-8,2,-6,2,-5,2,-3,1,-2,1,0,0,0,0,2,0,3,0,4,0,5,0,0,0,0,0,0,0,0,0,0,0]"
CSI_DATA,37083,80:af:ca:27:52:2a,-54,11,1,1,1,1,1,0,0,0,0,-97,0,11,2,486470577,0,83,1,128,0,"[0,0,0,0,0,0,0,0,0,0,0,0,8,0,8,0,7,0,6,0,4,0,2,0,0,0,-1,0,-2,1,-4,0,-6,1,-7,1,-8,1,-8,1,-8,1,-9,1,-8,1,-8,1,-7,1,-6,1,-4,1,-3,0,-1,0,0,0,1,-1,3,-1,0,0,6,-2,7,-3,7,-3,7,-3,8,-3,7,-3,7,-3,6,-3,4,-2,3,-2,2,-1,1,-1,0,-1,-1,0,-3,0,-4,0,-5,1,-6,1,-6,1,-6,1,-6,2,-6,2,-6,1,-5,1,-4,1,-3,1,0,0,0,0,0,0,0,0,0,0]"
CSI_DATA,37084,80:af:ca:27:52:2a,-55,11,1,1,1,1,1,0,0,0,0,-97,0,11,2,486478288,0,83,1,128,0,"[0,0,0,0,0,0,0,0,0,0,0,0,-2,2,-2,4,-4,5,-5,6,-6,6,-6,7,-6,7,-6,7,-6,7,-6,6,-5,5,-4,4,-3,3,-2,2,-1,0,0,-1,0,-2,2,-4,2,-5,4,-6,4,-7,4,-8,4,-8,4,-8,4,-8,4,-8,0,0,3,-6,2,-4,1,-3,0,-2,-1,0,-2,1,-3,2,-4,3,-4,4,-5,5,-5,6,-6,6,-6,6,-5,6,-5,5,-4,4,-4,4,-2,3,-2,2,0,1,0,0,1,0,2,-1,2,-2,3,-2,4,-2,0,0,0,0,0,0,0,0,0,0]"
CSI_DATA,37085,80:af:ca:27:52:2a,-55,11,1,1,1,1,1,0,0,0,0,-97,0,11,2,486486737,0,83,1,128,0,"[0,0,0,0,0,0,0,0,0,0,0,0,-3,0,-5,0,-8,0,-9,0,-10,0,-11,0,-12,0,-11,0,-11,0,-10,0,-9,0,-8,0,-5,0,-3,0,-1,0,0,0,2,0,4,0,6,0,8,0,8,0,10,0,10,0,10,0,10,0,9,0,0,0,7,0,5,0,3,0,1,0,0,-1,-2,-1,-4,-2,-5,-2,-7,-2,-8,-2,-8,-2,-8,-3,-8,-3,-8,-3,-8,-2,-7,-2,-6,-2,-5,-1,-3,-1,-2,0,-1,0,0,1,0,2,1,2,2,2,2,3,0,0,0,0,0,0,0,0,0,0]"
CSI_DATA,37086,80:af:ca:27:52:2a,-54,11,0,0,0,0,0,0,0,0,0,-97,0,11,2,486497183,0,83,0,128,0,"[0,0,0,0,0,0,0,0,0,0,0,0,-5,2,-8,2,-12,2,-14,2,-16,2,-16,1,-16,1,-16,0,-14,0,-13,0,-11,0,-8,0,-6,-1,-4,-1,-1,0,1,-1,3,-1,5,-1,8,0,10,-1,12,-1,14,-1,15,-1,17,0,17,-1,15,-1,0,0,12,-1,8,-1,5,-1,2,-1,-1,-2,-4,-2,-6,-3,-8,-3,-11,-4,-12,-4,-13,-4,-13,-4,-13,-5,-13,-5,-13,-5,-12,-4,-11,-4,-8,-3,-6,-2,-4,-1,-2,1,0,2,2,4,3,6,5,7,5,7,0,0,0,0,0,0,0,0,0,0]"
CSI_DATA,37087,80:af:ca:27:52:2a,-54,11,0,0,0,0,0,0,0,0,0,-97,0,11,2,486508433,0,83,0,128,0,"[0,0,0,0,0,0,0,0,0,0,0,0,-14,2,-15,2,-13,1,-10,1,-8,0,-5,0,-2,-1,0,-1,3,-3,5,-3,8,-4,9,-4,10,-5,10,-5,10,-6,12,-7,10,-5,9,-6,8,-5,7,-4,5,-4,4,-2,1,0,0,0,-4,3,-6,4,0,0,-11,8,-13,9,-13,10,-14,10,-13,9,-13,9,-11,8,-9,7,-8,5,-5,4,-4,3,-1,1,0,0,2,-1,4,-3,6,-4,8,-6,9,-6,11,-7,12,-8,12,-8,11,-8,11,-8,9,-7,8,-6,5,-4,0,0,0,0,0,0,0,0,0,0]"
CSI_DATA,37088,80:af:ca:27:52:2a,-54,11,0,0,0,0,0,0,0,0,0,-97,0,11,2,486518168,0,83,0,128,0,"[0,0,0,0,0,0,0,0,0,0,0,0,12,-4,13,-4,12,-3,9,-3,7,-1,4,0,2,0,0,1,-3,2,-4,3,-7,4,-9,5,-9,5,-10,5,-10,6,-11,6,-10,6,-9,6,-9,5,-7,4,-6,3,-4,2,-2,0,0,-1,2,-3,4,-5,0,0,8,-9,11,-11,11,-11,11,-11,11,-11,11,-11,9,-10,7,-8,6,-7,4,-5,3,-3,0,-2,0,0,-3,0,-4,2,-7,3,-8,5,-10,6,-11,7,-11,7,-11,8,-11,8,-11,7,-10,7,-8,6,-6,4,0,0,0,0,0,0,0,0,0,0]"
CSI_DATA,37089,80:af:ca:27:52:2a,-54,11,1,1,1,1,1,0,0,0,0,-97,0,11,2,486540591,0,83,1,128,0,"[0,0,0,0,0,0,0,0,0,0,0,0,-9,0,-8,0,-7,0,-6,0,-4,0,-3,0,-1,0,0,-1,1,-1,3,-1,4,-1,5,-1,6,-1,7,-1,7,-1,7,-2,7,-2,7,-2,6,-1,5,-1,4,-1,2,-1,1,0,0,0,-1,0,-3,0,0,0,-5,1,-6,1,-7,1,-7,1,-8,1,-7,1,-7,1,-6,1,-5,1,-4,1,-3,0,-2,0,0,0,1,0,2,0,3,0,4,0,4,0,5,0,5,0,5,0,5,0,5,0,4,0,4,0,3,0,0,0,0,0,0,0,0,0,0,0]"
CSI_DATA,37090,80:af:ca:27:52:2a,-53,11,0,0,0,0,0,0,0,0,0,-97,0,11,2,486561656,0,83,0,128,0,"[0,0,0,0,0,0,0,0,0,0,0,0,-2,-5,-2,-10,-1,-13,-2,-15,-1,-16,-1,-17,0,-17,1,-16,1,-15,0,-12,0,-11,0,-9,0,-6,0,-3,-1,-1,-1,1,-1,3,-2,5,-2,8,-3,10,-3,12,-4,15,-3,15,-5,17,-4,17,-4,16,0,0,-3,11,-2,8,-1,5,0,2,1,-1,3,-3,4,-5,5,-6,6,-9,6,-10,8,-11,8,-10,8,-11,9,-11,8,-10,8,-10,6,-9,5,-8,3,-5,1,-4,-1,-3,-3,-2,-5,0,-9,0,-10,1,-11,1,0,0,0,0,0,0,0,0,0,0]"
CSI_DATA,37091,80:af:ca:27:52:2a,-54,11,0,0,0,0,0,0,0,0,0,-97,0,11,2,486572519,0,83,0,128,0,"[0,0,0,0,0,0,0,0,0,0,0,0,-12,-7,-12,-7,-10,-7,-8,-5,-5,-5,-3,-3,0,-1,1,0,4,0,5,1,8,3,10,4,10,4,10,4,10,3,11,4,10,4,10,3,9,3,8,2,5,1,3,1,0,0,-1,0,-5,-1,-8,-3,0,0,-13,-4,-15,-5,-16,-5,-16,-5,-15,-5,-15,-5,-13,-4,-11,-3,-9,-3,-7,-1,-5,-1,-2,0,0,0,1,1,4,3,6,3,8,5,10,5,11,6,11,6,12,6,11,6,11,6,10,5,8,4,6,3,0,0,0,0,0,0,0,0,0,0]"
CSI_DATA,37092,80:af:ca:27:52:2a,-55,11,1,1,1,1,1,0,0,0,0,-97,0,11,2,486580865,0,83,1,128,0,"[0,0,0,0,0,0,0,0,0,0,0,0,-6,-8,-5,-7,-4,-6,-3,-5,-2,-4,-1,-3,0,-1,0,0,2,1,3,2,4,3,4,4,5,5,6,5,6,6,6,6,6,5,6,4,4,4,4,3,3,2,1,1,0,0,-1,0,-2,-1,-3,-2,0,0,-6,-3,-7,-4,-7,-4,-7,-5,-7,-5,-7,-5,-7,-4,-6,-3,-5,-3,-4,-2,-3,-1,-1,0,0,0,0,1,1,2,2,2,3,3,3,3,4,4,4,4,4,4,4,3,3,3,3,3,3,2,2,2,0,0,0,0,0,0,0,0,0,0]"
CSI_DATA,37093,80:af:ca:27:52:2a,-54,11,0,0,0,0,0,0,0,0,0,-97,0,11,2,486590608,0,83,0,128,0,"[0,0,0,0,0,0,0,0,0,0,0,0,0,12,0,12,-1,11,0,9,-1,6,-1,3,-1,0,-2,-2,-2,-4,-3,-6,-3,-8,-3,-10,-3,-11,-3,-11,-4,-11,-4,-12,-4,-11,-4,-10,-3,-10,-3,-8,-3,-6,-1,-4,0,-2,0,0,3,3,4,6,0,0,7,11,8,12,10,13,9,13,9,13,8,12,7,11,6,9,5,7,3,4,2,3,1,0,0,-1,-1,-3,-3,-5,-4,-7,-6,-9,-6,-11,-7,-12,-7,-13,-8,-13,-8,-13,-7,-11,-7,-11,-6,-8,-5,-6,0,0,0,0,0,0,0,0,0,0]"
CSI_DATA,37094,80:af:ca:27:52:2a,-55,11,0,0,0,0,0,0,0,0,0,-97,0,11,2,486603092,0,83,0,128,0,"[0,0,0,0,0,0,0,0,0,0,0,0,-2,-4,-3,-7,-2,-11,-3,-12,-3,-14,-3,-14,-3,-15,-3,-14,-3,-13,-2,-12,-2,-11,-2,-9,-1,-6,-1,-4,0,-2,0,0,1,2,1,4,2,7,3,9,4,10,4,12,5,13,5,15,5,15,5,14,0,0,4,11,3,8,2,5,1,2,0,-1,-1,-4,-2,-6,-3,-8,-3,-10,-3,-11,-3,-12,-3,-12,-3,-13,-3,-13,-3,-12,-3,-11,-3,-10,-3,-8,-2,-6,-2,-4,-2,-1,-2,2,-2,4,-2,6,-2,8,-2,9,0,0,0,0,0,0,0,0,0,0]"
CSI_DATA,37095,80:af:ca:27:52:2a,-54,11,1,1,1,1,1,0,0,0,0,-97,0,11,2,486611496,0,83,1,128,0,"[0,0,0,0,0,0,0,0,0,0,0,0,2,-2,4,-2,6,-2,8,-3,8,-3,10,-3,11,-3,10,-3,10,-3,9,-2,8,-2,7,-2,5,-2,2,-1,0,0,0,0,-2,0,-4,0,-6,1,-8,2,-9,2,-10,2,-10,2,-11,2,-10,2,-9,2,0,0,-7,1,-5,1,-4,0,-2,0,0,0,2,0,3,0,5,0,6,0,8,0,8,-1,8,0,8,0,8,0,8,0,7,0,5,0,4,0,2,0,1,0,0,-1,-1,-1,-2,-1,-3,-1,-4,-2,-5,-2,0,0,0,0,0,0,0,0,0,0]"
CSI_DATA,37096,80:af:ca:27:52:2a,-54,11,1,1,1,1,1,0,0,0,0,-97,0,11,2,486620339,0,83,1,128,0,"[0,0,0,0,0,0,0,0,0,0,0,0,-6,-7,-5,-6,-5,-5,-4,-5,-3,-4,-2,-3,-1,-1,0,0,1,1,2,2,3,3,4,4,5,5,5,5,5,5,6,5,6,5,5,5,5,4,4,3,3,3,2,2,1,1,0,0,-1,-1,-2,-2,0,0,-4,-4,-5,-5,-5,-5,-6,-5,-6,-6,-6,-6,-5,-5,-5,-4,-4,-4,-3,-3,-2,-2,-1,-1,-1,0,0,1,1,2,1,2,2,3,2,4,2,4,2,4,2,4,2,4,2,4,2,3,2,3,1,2,0,0,0,0,0,0,0,0,0,0]"
CSI_DATA,37097,80:af:ca:27:52:2a,-54,11,1,1,1,1,1,0,0,0,0,-97,0,11,2,486630261,0,83,1,128,0,"[0,0,0,0,0,0,0,0,0,0,0,0,0,-4,2,-5,3,-7,4,-7,5,-8,5,-9,6,-9,6,-9,5,-8,5,-7,4,-7,3,-5,2,-4,1,-2,0,0,0,0,-2,2,-2,4,-4,4,-4,6,-5,7,-5,7,-5,8,-6,8,-5,7,-4,7,0,0,-4,5,-2,4,-2,2,0,0,0,0,1,-2,2,-3,3,-4,4,-5,4,-6,5,-7,5,-7,5,-7,5,-6,4,-6,4,-5,3,-4,2,-3,1,-2,0,-2,0,-1,-2,0,-2,0,-3,0,-4,1,-4,1,0,0,0,0,0,0,0,0,0,0]"
CSI_DATA,37098,80:af:ca:27:52:2a,-54,11,0,0,0,0,0,0,0,0,0,-97,0,11,2,486643496,0,83,0,128,0,"[0,0,0,0,0,0,0,0,0,0,0,0,-8,-11,-8,-12,-7,-11,-6,-9,-4,-7,-2,-4,0,-2,0,0,2,0,4,2,6,4,7,5,8,6,8,6,8,6,10,7,9,6,8,5,8,5,7,4,5,3,3,2,0,0,-1,0,-4,-1,-7,-2,0,0,-13,-5,-15,-6,-16,-6,-16,-6,-15,-6,-15,-6,-13,-5,-11,-4,-9,-3,-7,-2,-4,-1,-2,0,0,0,1,0,4,2,6,2,9,3,10,4,11,5,12,5,13,5,13,5,12,4,11,4,9,2,6,1,0,0,0,0,0,0,0,0,0,0]"
CSI_DATA,37099,80:af:ca:27:52:2a,-54,11,1,1,1,1,1,0,0,0,0,-97,0,11,2,486651786,0,83,1,128,0,"[0,0,0,0,0,0,0,0,0,0,0,0,-3,1,-5,1,-7,1,-9,1,-10,1,-11,1,-12,2,-11,2,-11,1,-10,1,-10,1,-8,0,-6,0,-4,0,-2,0,0,-1,1,-2,3,-3,5,-3,6,-4,8,-5,9,-5,9,-6,10,-6,9,-6,8,-5,0,0,6,-4,4,-3,3,-2,1,-1,0,0,-2,0,-4,1,-6,3,-6,3,-7,3,-8,4,-9,4,-9,4,-8,4,-7,4,-6,3,-6,3,-4,2,-3,1,-1,0,0,0,0,0,2,0,3,-1,4,-1,5,-2,0,0,0,0,0,0,0,0,0,0]"
CSI_DATA,37100,80:af:ca:27:52:2a,-54,11,0,0,0,0,0,0,0,0,0,-97,0,11,2,486675586,0,83,0,128,0,"[0,0,0,0,0,0,0,0,0,0,0,0,0,4,-1,7,-2,11,-2,12,-3,14,-3,14,-3,14,-3,14,-3,13,-3,11,-2,10,-2,8,-2,5,-2,3,-1,1,-1,-2,-1,-4,-1,-6,-1,-9,-1,-11,-2,-12,-2,-15,-2,-15,-2,-19,-2,-18,-2,-16,0,0,-2,-12,-2,-9,-1,-6,-1,-3,-1,0,0,3,0,6,0,8,1,9,1,10,1,12,1,11,1,12,1,12,1,11,1,10,1,9,1,7,1,5,1,2,1,0,1,-3,1,-5,1,-8,1,-9,1,-10,0,0,0,0,0,0,0,0,0,0]"
CSI_DATA,37101,80:af:ca:27:52:2a,-55,11,1,1,1,1,1,0,0,0,0,-97,0,11,2,486686283,0,83,1,128,0,"[0,0,0,0,0,0,0,0,0,0,0,0,5,-6,5,-6,4,-5,4,-4,3,-3,2,-2,1,-1,0,0,-1,2,-2,3,-3,4,-4,5,-4,5,-5,6,-5,6,-5,6,-5,6,-4,5,-4,5,-3,4,-2,3,-2,2,-1,1,0,0,1,-1,1,-3,0,0,3,-5,3,-5,4,-6,4,-6,4,-6,4,-6,4,-6,3,-5,3,-4,2,-3,1,-3,0,-2,0,-1,-1,0,-2,1,-3,2,-4,2,-4,3,-4,3,-4,3,-4,3,-4,3,-4,3,-4,2,-3,2,-3,2,0,0,0,0,0,0,0,0,0,0]"
CSI_DATA,37102,80:af:ca:27:52:2a,-54,11,1,1,1,1,1,0,0,0,0,-97,0,11,2,486695518,0,83,1,128,0,"[0,0,0,0,0,0,0,0,0,0,0,0,-2,3,-3,5,-5,6,-6,7,-8,8,-8,8,-8,8,-8,8,-8,7,-8,7,-6,5,-5,5,-3,3,-2,1,0,0,0,-1,1,-2,2,-4,4,-5,5,-7,5,-8,6,-8,7,-8,6,-8,6,-8,5,-8,0,0,4,-5,2,-5,1,-3,0,-2,-1,0,-2,1,-4,2,-5,3,-6,4,-7,5,-7,5,-8,5,-8,5,-7,5,-6,5,-5,4,-5,3,-3,2,-2,2,-1,1,0,0,1,0,2,0,3,-1,4,-1,5,-1,0,0,0,0,0,0,0,0,0,0]"
CSI_DATA,37103,80:af:ca:27:52:2a,-54,11,0,0,0,0,0,0,0,0,0,-97,0,11,2,486702812,0,83,0,128,0,"[0,0,0,0,0,0,0,0,0,0,0,0,-13,-5,-13,-6,-11,-6,-9,-4,-6,-3,-3,-2,0,-1,1,0,3,0,6,0,8,0,10,1,11,1,11,1,11,1,11,1,11,1,10,0,10,1,8,1,6,0,3,0,0,0,-1,0,-5,0,-8,0,0,0,-13,-1,-15,-1,-17,-1,-17,-1,-16,-2,-15,-2,-13,-1,-11,-1,-10,-1,-7,0,-5,0,-2,0,0,0,2,0,4,1,7,1,10,2,11,3,11,3,12,4,13,3,12,3,11,3,11,2,9,1,7,0,0,0,0,0,0,0,0,0,0,0]"
CSI_DATA,37104,80:af:ca:27:52:2a,-54,11,0,0,0,0,0,0,0,0,0,-97,0,11,2,486714286,0,83,0,128,0,"[0,0,0,0,0,0,0,0,0,0,0,0,3,1,5,4,7,6,9,7,10,9,10,9,10,10,10,10,9,9,8,8,7,7,6,6,4,4,2,3,0,1,-2,-1,-3,-2,-5,-3,-7,-5,-9,-6,-10,-7,-12,-8,-13,-9,-15,-10,-15,-10,-13,-9,0,0,-10,-7,-8,-5,-6,-4,-3,-2,0,0,2,2,4,4,6,5,7,6,8,6,9,7,9,7,9,8,9,8,9,7,8,6,8,5,6,4,4,3,3,1,1,-1,-1,-3,-3,-5,-4,-7,-5,-9,-6,-9,0,0,0,0,0,0,0,0,0,0]"
CSI_DATA,37105,80:af:ca:27:52:2a,-55,11,1,1,1,1,1,0,0,0,0,-97,0,11,2,486721966,0,83,1,128,0,"[0,0,0,0,0,0,0,0,0,0,0,0,-2,2,-4,3,-6,4,-7,4,-8,4,-9,5,-9,5,-9,5,-9,5,-8,4,-7,4,-6,3,-4,2,-3,1,-2,0,0,-1,0,-2,2,-4,3,-5,4,-6,4,-8,5,-8,5,-8,5,-8,5,-8,4,-8,0,0,3,-6,2,-4,1,-3,0,-1,0,0,-2,2,-2,3,-3,4,-4,6,-4,6,-4,8,-4,8,-4,8,-4,8,-4,7,-3,6,-2,5,-2,4,-1,2,0,1,0,0,0,-1,1,-2,2,-3,2,-4,2,-4,0,0,0,0,0,0,0,0,0,0]"
CSI_DATA,37106,80:af:ca:27:52:2a,-54,11,0,0,0,0,0,0,0,0,0,-97,0,11,2,486733915,0,83,0,128,0,"[0,0,0,0,0,0,0,0,0,0,0,0,1,3,1,6,1,9,2,11,1,13,1,13,1,14,1,13,0,12,1,11,1,10,0,8,0,5,0,3,-1,1,-1,-1,-2,-3,-2,-5,-2,-8,-2,-10,-4,-11,-3,-13,-4,-14,-4,-16,-5,-16,-4,-15,0,0,-3,-11,-2,-9,-2,-6,-1,-3,-1,0,0,3,0,5,0,7,0,9,1,10,1,11,1,11,1,11,1,12,0,11,1,10,1,9,1,7,1,5,1,3,1,0,1,-3,1,-5,2,-7,2,-9,2,-10,0,0,0,0,0,0,0,0,0,0]"
CSI_DATA,37107,80:af:ca:27:52:2a,-54,11,1,1,1,1,1,0,0,0,0,-97,0,11,2,486742665,0,83,1,128,0,"[0,0,0,0,0,0,0,0,0,0,0,0,-2,8,-2,8,-2,6,-2,5,-1,3,-1,2,-1,0,0,-1,0,-2,0,-4,0,-5,0,-7,0,-8,0,-8,0,-8,1,-8,1,-8,0,-8,0,-7,0,-6,0,-4,0,-3,0,-1,0,0,0,1,0,3,0,0,0,6,-1,7,0,7,0,7,-1,8,-1,7,-1,7,0,6,0,5,0,3,0,2,0,1,0,0,0,-1,1,-2,1,-3,1,-4,1,-5,1,-5,1,-6,1,-6,1,-5,1,-5,1,-4,1,-4,0,-3,0,0,0,0,0,0,0,0,0,0]"
CSI_DATA,37108,80:af:ca:27:52:2a,-54,11,0,0,0,0,0,0,0,0,0,-97,0,11,2,486752541,0,83,0,128,0,"[0,0,0,0,0,0,0,0,0,0,0,0,-13,3,-13,3,-13,2,-10,1,-7,0,-5,0,-2,0,0,-1,3,-3,5,-3,6,-4,9,-4,10,-4,10,-5,10,-5,11,-6,10,-5,9,-5,9,-4,7,-3,5,-3,3,-2,1,-1,-1,0,-3,2,-6,3,0,0,-11,6,-13,6,-14,7,-14,7,-14,6,-13,6,-12,6,-10,5,-8,4,-6,3,-4,2,-2,1,0,0,2,0,4,-1,6,-2,9,-3,10,-3,11,-3,13,-3,13,-4,13,-4,12,-4,11,-3,9,-3,6,-3,0,0,0,0,0,0,0,0,0,0]"
CSI_DATA,37109,80:af:ca:27:52:2a,-54,11,1,1,1,1,1,0,0,0,0,-97,0,11,2,486762480,0,83,1,128,0,"[0,0,0,0,0,0,0,0,0,0,0,0,-3,1,-6,2,-7,2,-9,2,-10,2,-10,2,-11,2,-11,2,-10,2,-9,2,-8,2,-7,1,-5,0,-3,0,-1,0,0,-1,2,-2,4,-2,5,-2,7,-3,8,-4,9,-4,9,-4,9,-4,9,-4,7,-4,0,0,5,-3,4,-2,2,-2,0,-1,-1,0,-2,0,-4,1,-5,2,-7,2,-7,2,-8,3,-9,3,-8,3,-8,2,-7,2,-7,2,-5,2,-4,2,-2,1,-1,0,0,0,1,0,2,0,3,0,4,0,4,0,0,0,0,0,0,0,0,0,0,0]"
CSI_DATA,37110,80:af:ca:27:52:2a,-54,11,0,0,0,0,0,0,0,0,0,-97,0,11,2,486772808,0,83,0,128,0,"[0,0,0,0,0,0,0,0,0,0,0,0,-5,0,-7,-2,-10,-4,-12,-5,-13,-6,-13,-6,-14,-6,-13,-6,-12,-6,-11,-6,-10,-5,-7,-4,-6,-3,-3,-2,-1,-1,0,0,3,0,5,0,7,1,9,2,11,2,13,2,14,3,16,4,16,3,14,3,0,0,11,2,8,1,5,0,1,0,0,0,-4,-1,-6,-2,-8,-3,-10,-3,-11,-4,-12,-4,-12,-4,-12,-4,-12,-4,-12,-4,-11,-3,-10,-3,-8,-2,-6,-1,-3,0,0,0,1,1,3,3,5,5,7,6,7,6,0,0,0,0,0,0,0,0,0,0]"
CSI_DATA,37111,80:af:ca:27:52:2a,-54,11,1,1,1,1,1,0,0,0,0,-97,0,11,2,486782823,0,83,1,128,0,"[0,0,0,0,0,0,0,0,0,0,0,0,-9,-1,-8,-1,-7,-1,-6,-1,-4,-1,-2,-1,-1,-1,0,-1,2,-1,3,0,5,0,6,0,7,0,8,-1,8,-1,8,-1,8,-1,8,-1,6,-1,5,-1,4,0,2,0,1,0,0,0,-2,0,-4,0,0,0,-6,1,-8,1,-8,1,-8,1,-9,1,-8,1,-8,1,-6,1,-6,1,-4,0,-3,0,-1,0,0,0,1,0,2,0,4,0,5,0,5,0,5,0,6,0,6,0,5,0,5,0,5,0,4,0,3,0,0,0,0,0,0,0,0,0,0,0]"
CSI_DATA,37112,80:af:ca:27:52:2a,-55,11,1,1,1,1,1,0,0,0,0,-97,0,11,2,486789631,0,83,1,128,0,"[0,0,0,0,0,0,0,0,0,0,0,0,0,-3,1,-5,2,-6,3,-7,4,-8,5,-8,5,-9,5,-9,5,-8,5,-8,4,-7,3,-6,2,-5,2,-2,0,-1,0,0,0,2,-2,3,-2,5,-3,6,-4,8,-4,8,-4,8,-4,9,-4,8,-4,8,0,0,-2,6,-2,4,-1,2,0,1,0,0,1,-2,2,-3,2,-5,3,-6,3,-7,4,-8,5,-8,4,-8,4,-8,4,-7,3,-6,2,-5,2,-5,1,-3,0,-2,0,-1,-1,0,-2,0,-3,1,-4,2,-4,2,0,0,0,0,0,0,0,0,0,0]"
CSI_DATA,37113,80:af:ca:27:52:2a,-55,11,1,1,1,1,1,0,0,0,0,-97,0,11,2,486798122,0,83,1,128,0,"[0,0,0,0,0,0,0,0,0,0,0,0,8,1,7,1,6,1,5,1,4,1,2,1,0,0,-1,0,-2,0,-4,0,-5,0,-6,0,-7,0,-8,0,-8,0,-8,0,-8,0,-7,0,-7,0,-5,0,-4,0,-3,0,-1,0,0,0,1,0,3,-1,0,0,5,-1,6,-1,7,-1,7,-1,8,-1,7,-1,7,-1,6,-1,5,-1,4,-1,2,-1,1,-1,0,-1,-1,0,-3,0,-4,0,-5,0,-5,0,-6,0,-6,0,-6,0,-6,0,-5,0,-5,0,-4,0,-3,0,0,0,0,0,0,0,0,0,0,0]"
CSI_DATA,37114,80:af:ca:27:52:2a,-54,11,0,0,0,0,0,0,0,0,0,-97,0,11,2,486806079,0,83,0,128,0,"[0,0,0,0,0,0,0,0,0,0,0,0,0,4,0,7,-1,10,-1,12,-2,13,-2,14,-3,14,-3,13,-3,13,-2,12,-1,10,-2,8,-1,5,-1,3,0,0,0,-1,0,-3,0,-5,0,-8,0,-10,0,-13,0,-14,-1,-15,0,-17,-1,-17,0,-16,0,0,0,-13,0,-9,0,-6,0,-3,0,0,0,3,0,5,0,8,0,9,0,10,0,12,0,12,0,12,0,13,0,12,0,11,0,9,0,8,0,5,0,3,0,0,1,-2,1,-4,2,-7,2,-8,3,-9,0,0,0,0,0,0,0,0,0,0]"
CSI_DATA,37115,80:af:ca:27:52:2a,-54,11,1,1,1,1,1,0,0,0,0,-97,0,11,2,486813676,0,83,1,128,0,"[0,0,0,0,0,0,0,0,0,0,0,0,2,-3,4,-3,6,-4,8,-5,9,-5,10,-5,11,-6,11,-5,10,-5,9,-4,8,-3,7,-3,5,-2,3,-1,0,0,0,0,-3,0,-5,1,-7,1,-8,2,-9,3,-11,3,-11,3,-11,3,-11,3,-10,3,0,0,-7,2,-6,1,-3,1,-2,0,0,0,2,0,3,0,5,0,7,0,8,0,9,0,9,0,9,0,9,0,8,0,7,0,6,0,4,0,3,0,1,0,0,-1,0,-1,-2,-2,-3,-2,-3,-3,-4,-3,0,0,0,0,0,0,0,0,0,0]"
CSI_DATA,37116,80:af:ca:27:52:2a,-54,11,1,1,1,1,1,0,0,0,0,-97,0,11,2,486822292,0,83,1,128,0,"[0,0,0,0,0,0,0,0,0,0,0,0,-4,0,-6,-2,-7,-2,-9,-4,-9,-4,-9,-4,-9,-5,-9,-5,-9,-5,-8,-4,-7,-4,-6,-4,-4,-2,-2,-2,-1,0,0,0,2,1,3,2,4,4,5,4,6,5,7,6,7,7,7,7,7,6,6,6,0,0,4,4,3,3,2,2,1,0,0,-1,0,-2,-1,-4,-2,-6,-2,-7,-2,-7,-2,-8,-2,-9,-2,-9,-2,-9,-2,-8,-2,-7,-2,-6,-2,-4,-1,-3,-1,-2,-1,0,-1,0,-2,1,-2,2,-2,3,-2,4,0,0,0,0,0,0,0,0,0,0]"
CSI_DATA,37117,80:af:ca:27:52:2a,-54,11,0,0,0,0,0,0,0,0,0,-97,0,11,2,486845265,0,83,0,128,0,"[0,0,0,0,0,0,0,0,0,0,0,0,3,0,6,3,8,6,10,6,11,8,11,8,11,8,11,8,10,8,9,7,8,6,7,5,5,3,2,2,0,0,-1,0,-3,0,-5,-2,-8,-3,-9,-4,-12,-4,-14,-6,-15,-6,-16,-7,-17,-6,-16,-7,0,0,-12,-4,-9,-3,-7,-2,-3,-1,0,0,2,0,5,1,7,2,9,3,10,3,11,4,11,4,11,5,12,4,11,4,10,4,9,3,8,2,5,0,3,0,0,0,-1,-2,-4,-4,-6,-5,-8,-6,-8,-7,0,0,0,0,0,0,0,0,0,0]"
CSI_DATA,37118,80:af:ca:27:52:2a,-54,11,0,0,0,0,0,0,0,0,0,-97,0,11,2,486857297,0,83,0,128,0,"[0,0,0,0,0,0,0,0,0,0,0,0,1,-5,3,-7,5,-10,6,-11,7,-12,8,-12,9,-12,9,-11,8,-11,7,-10,6,-9,5,-7,3,-5,2,-3,0,-1,-1,1,-2,2,-4,4,-6,6,-7,7,-7,9,-9,11,-10,11,-12,13,-11,13,-10,11,0,0,-8,9,-6,6,-4,4,-1,2,1,0,3,-2,5,-4,6,-5,8,-6,9,-7,10,-8,10,-7,10,-7,11,-7,10,-7,9,-7,8,-6,6,-5,4,-4,2,-4,-1,-3,-3,-2,-6,-1,-8,-1,-10,0,-11,0,0,0,0,0,0,0,0,0,0,0]"
CSI_DATA,37119,80:af:ca:27:52:2a,-54,11,1,1,1,1,1,0,0,0,0,-97,0,11,2,486883643,0,83,1,128,0,"[0,0,0,0,0,0,0,0,0,0,0,0,0,9,0,9,0,8,0,6,-1,4,-1,2,0,1,-2,0,0,-4,-4,-2,-4,-4,-4,-5,-3,-5,-3,-6,-3,-6,-5,-11,-5,-10,-2,-7,-2,-6,-4,-6,-2,-4,-1,-2,-1,-1,0,0,1,1,2,2,0,0,4,4,5,6,5,6,5,6,5,6,6,5,5,6,5,4,4,4,3,2,1,1,0,0,0,0,-1,-1,-1,-3,-2,-4,-4,-4,-4,-4,-5,-4,-5,-5,-5,-4,-5,-5,-4,-4,-3,-3,-2,-3,-2,-2,0,0,0,0,0,0,0,0,0,0]"
CSI_DATA,37120,80:af:ca:27:52:2a,-54,11,0,0,0,0,0,0,0,0,0,-97,0,11,2,486910908,0,83,0,128,0,"[0,0,0,0,0,0,0,0,0,0,0,0,-4,2,-7,2,-10,2,-12,3,-14,3,-15,3,-15,2,-15,2,-14,2,-13,2,-11,2,-10,1,-7,1,-5,0,-2,-1,0,-2,2,-2,4,-3,7,-4,8,-5,10,-6,12,-7,13,-8,15,-9,15,-9,14,-9,0,0,11,-7,8,-5,6,-4,2,-2,-1,-1,-4,1,-6,2,-8,3,-9,5,-10,5,-12,6,-12,6,-12,6,-12,6,-12,6,-11,5,-9,5,-8,4,-5,3,-3,2,0,1,2,0,4,-1,7,-2,9,-3,10,-3,0,0,0,0,0,0,0,0,0,0]"
CSI_DATA,37121,80:af:ca:27:52:2a,-55,11,1,1,1,1,1,0,0,0,0,-97,0,11,2,486920543,0,83,1,128,0,"[0,0,0,0,0,0,0,0,0,0,0,0,-3,-1,-5,-2,-6,-3,-8,-4,-8,-5,-9,-6,-10,-6,-9,-6,-9,-6,-8,-5,-8,-5,-6,-5,-5,-3,-3,-2,-1,-1,0,0,2,0,3,1,5,2,7,2,8,3,9,3,9,4,9,5,9,4,8,3,0,0,7,2,5,2,3,0,2,0,0,0,-2,-1,-3,-2,-5,-3,-6,-4,-8,-5,-8,-5,-8,-5,-8,-5,-8,-5,-8,-5,-7,-4,-6,-3,-5,-2,-4,-2,-2,0,-1,0,0,1,0,2,1,2,2,3,2,4,0,0,0,0,0,0,0,0,0,0]"
CSI_DATA,37122,80:af:ca:27:52:2a,-54,11,1,1,1,1,1,0,0,0,0,-97,0,11,2,486929853,0,83,1,128,0,"[0,0,0,0,0,0,0,0,0,0,0,0,-9,0,-8,0,-7,0,-6,0,-5,0,-3,0,-1,-1,0,-1,1,-1,3,-2,5,-2,6,-3,7,-3,7,-3,7,-4,8,-4,7,-4,7,-3,6,-3,5,-3,3,-2,2,-1,1,0,0,0,-1,1,-2,2,0,0,-5,3,-6,5,-6,5,-6,5,-7,5,-6,5,-6,5,-5,4,-4,3,-3,2,-2,1,-1,1,0,0,1,-1,2,-2,2,-2,3,-3,3,-3,4,-4,4,-4,4,-4,4,-4,3,-4,3,-3,2,-3,2,-2,0,0,0,0,0,0,0,0,0,0]"
CSI_DATA,37123,80:af:ca:27:52:2a,-54,11,0,0,0,0,0,0,0,0,0,-97,0,11,2,486940854,0,83,0,128,0,"[0,0,0,0,0,0,0,0,0,0,0,0,-7,-13,-7,-13,-6,-13,-5,-10,-4,-8,-2,-5,0,-3,0,0,2,1,4,4,5,5,6,7,7,8,8,8,8,8,8,8,8,8,8,8,7,8,6,6,4,4,3,4,1,1,0,0,-4,-2,-6,-4,0,0,-11,-7,-13,-8,-14,-9,-14,-9,-13,-9,-13,-8,-12,-8,-9,-7,-8,-5,-6,-4,-4,-3,-2,-1,0,0,1,1,3,3,4,4,7,5,8,7,9,8,9,8,10,8,10,8,9,7,8,6,8,4,5,4,0,0,0,0,0,0,0,0,0,0]"
CSI_DATA,37124,80:af:ca:27:52:2a,-54,11,0,0,0,0,0,0,0,0,0,-97,0,11,2,486952412,0,83,0,128,0,"[0,0,0,0,0,0,0,0,0,0,0,0,-6,13,-7,12,-7,10,-5,8,-4,5,-3,2,-1,0,0,-3,1,-4,2,-7,4,-8,4,-10,5,-11,5,-11,5,-11,6,-12,6,-11,5,-10,5,-9,4,-8,2,-6,1,-4,0,-1,-2,0,-4,4,-5,6,0,0,-9,11,-11,12,-12,13,-12,13,-12,12,-11,12,-9,10,-8,8,-6,7,-4,5,-3,4,0,2,0,0,3,0,5,-2,7,-3,9,-4,11,-4,13,-5,13,-5,13,-6,13,-6,13,-5,11,-5,9,-4,7,-4,0,0,0,0,0,0,0,0,0,0]"
CSI_DATA,37125,80:af:ca:27:52:2a,-54,11,0,0,0,0,0,0,0,0,0,-97,0,11,2,486961632,0,83,0,128,0,"[0,0,0,0,0,0,0,0,0,0,0,0,3,2,5,5,7,8,8,9,9,10,9,11,9,11,8,11,8,10,7,9,6,8,5,6,3,4,1,3,0,0,-2,-1,-3,-3,-5,-4,-6,-7,-7,-8,-9,-9,-10,-11,-11,-11,-12,-13,-12,-13,-11,-12,0,0,-9,-9,-7,-7,-5,-5,-2,-2,0,1,1,3,3,5,4,7,5,8,6,9,6,10,6,10,6,10,6,10,6,10,5,9,5,8,4,6,3,4,2,2,1,-1,0,-3,-1,-6,-1,-8,-2,-9,-2,-11,0,0,0,0,0,0,0,0,0,0]"
CSI_DATA,37126,80:af:ca:27:52:2a,-54,11,1,1,1,1,1,0,0,0,0,-97,0,11,2,486970799,0,83,1,128,0,"[0,0,0,0,0,0,0,0,0,0,0,0,2,9,1,8,1,7,1,6,0,4,0,2,0,1,-1,0,-1,-2,-2,-4,-3,-5,-3,-6,-4,-8,-4,-8,-4,-8,-4,-8,-4,-8,-4,-8,-4,-6,-3,-5,-2,-4,-1,-2,0,-1,0,0,1,1,2,2,0,0,4,5,4,6,5,6,5,6,5,7,5,6,4,6,4,5,3,4,2,3,1,1,0,0,0,0,-1,-2,-1,-3,-2,-4,-2,-5,-3,-5,-3,-6,-3,-6,-4,-6,-3,-5,-3,-5,-2,-5,-2,-4,-2,-3,0,0,0,0,0,0,0,0,0,0]"
CSI_DATA,37127,80:af:ca:27:52:2a,-55,11,1,1,1,1,1,0,0,0,0,-97,0,11,2,487000823,0,83,1,128,0,"[0,0,0,0,0,0,0,0,0,0,0,0,1,-3,2,-4,4,-5,5,-6,7,-7,7,-7,8,-8,8,-7,8,-7,7,-6,6,-5,5,-5,3,-3,2,-2,0,0,0,0,-1,1,-2,3,-4,4,-5,5,-5,7,-6,7,-6,8,-6,8,-6,8,-5,7,0,0,-4,5,-3,4,-2,2,-1,0,0,0,1,-2,2,-3,3,-4,4,-5,4,-6,5,-7,5,-7,5,-7,5,-7,5,-6,3,-5,2,-5,2,-4,1,-2,0,-2,0,-1,-1,0,-2,0,-3,1,-4,2,-4,2,0,0,0,0,0,0,0,0,0,0]"
CSI_DATA,37128,80:af:ca:27:52:2a,-54,11,0,0,0,0,0,0,0,0,0,-97,0,11,2,487010185,0,83,0,128,0,"[0,0,0,0,0,0,0,0,0,0,0,0,0,3,-1,7,-2,10,-1,11,-2,14,-2,15,-3,15,-3,15,-3,14,-3,11,-2,10,-2,8,-2,5,-2,3,-1,1,-1,-1,0,-3,0,-6,1,-8,1,-10,0,-13,1,-15,1,-16,2,-18,1,-18,1,-17,0,0,1,-13,1,-9,0,-6,0,-3,-1,0,-2,3,-2,5,-3,7,-3,8,-4,9,-4,10,-4,10,-4,11,-4,11,-4,10,-4,9,-3,9,-3,7,-2,5,-1,3,1,1,2,-1,3,-3,5,-5,5,-6,6,-7,0,0,0,0,0,0,0,0,0,0]"
CSI_DATA,37129,80:af:ca:27:52:2a,-54,11,0,0,0,0,0,0,0,0,0,-97,0,11,2,487033026,0,83,0,128,0,"[0,0,0,0,0,0,0,0,0,0,0,0,4,0,7,2,9,4,11,4,13,5,14,6,13,6,13,6,11,5,10,5,9,4,7,4,5,2,3,2,1,0,-2,0,-4,-1,-6,-2,-8,-3,-10,-3,-13,-3,-15,-4,-16,-3,-18,-5,-18,-4,-17,-4,0,0,-13,-3,-9,-2,-6,-2,-3,-1,0,0,3,0,5,1,7,2,9,2,10,2,11,3,11,3,13,3,13,3,11,3,10,2,9,2,7,1,5,0,3,0,0,-1,-2,-3,-5,-3,-7,-5,-9,-5,-9,-6,0,0,0,0,0,0,0,0,0,0]"
CSI_DATA,37130,80:af:ca:27:52:2a,-54,11,1,1,1,1,1,0,0,0,0,-97,0,11,2,487041930,0,83,1,128,0,"[0,0,0,0,0,0,0,0,0,0,0,0,4,7,4,7,3,6,3,5,2,4,1,3,0,1,-1,0,-2,-1,-3,-2,-4,-3,-5,-4,-6,-5,-6,-5,-7,-5,-7,-5,-7,-5,-7,-4,-6,-4,-5,-3,-4,-3,-2,-2,-1,-1,0,0,1,0,3,1,0,0,5,1,6,2,7,2,7,2,8,2,7,2,7,2,6,1,5,1,4,1,2,0,1,0,0,0,-1,-1,-2,-1,-4,-1,-5,-1,-5,-1,-6,-2,-6,-2,-6,-2,-6,-1,-5,-1,-5,-1,-4,-1,-3,-1,0,0,0,0,0,0,0,0,0,0]"
CSI_DATA,37131,80:af:ca:27:52:2a,-54,11,0,0,0,0,0,0,0,0,0,-97,0,11,2,487062382,0,83,0,128,0,"[0,0,0,0,0,0,0,0,0,0,0,0,-7,11,-8,11,-8,10,-7,8,-5,6,-3,3,-3,1,-1,-1,0,-3,0,-5,1,-7,2,-10,3,-11,3,-11,2,-11,3,-13,3,-12,2,-11,3,-11,2,-9,1,-7,1,-6,0,-3,0,0,0,3,0,6,0,0,0,12,0,14,0,16,0,16,-1,15,0,15,0,14,0,11,0,9,0,7,0,4,0,2,0,0,0,-3,0,-4,0,-7,0,-10,1,-11,0,-13,1,-14,0,-15,0,-15,0,-14,0,-12,0,-11,0,-8,0,0,0,0,0,0,0,0,0,0]"
CSI_DATA,37132,80:af:ca:27:52:2a,-54,11,0,0,0,0,0,0,0,0,0,-97,0,11,2,487073612,0,83,0,128,0,"[0,0,0,0,0,0,0,0,0,0,0,0,-11,-11,-10,-12,-9,-12,-7,-8,-5,-7,-3,-4,0,-2,0,0,3,2,4,4,6,5,8,7,8,8,8,8,8,8,9,9,8,8,8,8,7,8,6,6,4,4,3,3,1,0,0,-1,-4,-3,-6,-5,0,0,-10,-10,-12,-12,-13,-13,-13,-13,-12,-13,-12,-12,-10,-10,-8,-9,-7,-7,-5,-5,-4,-3,-2,-1,-1,0,0,2,1,4,3,6,4,8,4,10,5,11,5,12,6,13,6,12,6,12,5,10,4,8,4,6,0,0,0,0,0,0,0,0,0,0]"
CSI_DATA,37133,80:af:ca:27:52:2a,-54,11,1,1,1,1,1,0,0,0,0,-97,0,11,2,487081664,0,83,1,128,0,"[0,0,0,0,0,0,0,0,0,0,0,0,3,1,5,3,5,5,7,6,7,7,8,8,8,8,7,8,6,8,6,7,5,6,4,5,2,3,1,2,0,0,-1,-1,-2,-2,-3,-4,-5,-5,-5,-7,-6,-8,-6,-8,-7,-9,-7,-9,-7,-8,-6,-8,0,0,-5,-5,-3,-4,-2,-2,-1,-1,0,0,0,2,0,4,1,5,2,7,2,8,2,8,2,8,2,8,2,8,2,7,2,6,2,5,1,3,1,2,1,1,1,0,0,-1,0,-2,0,-4,0,-5,1,-5,0,0,0,0,0,0,0,0,0,0]"
CSI_DATA,37134,80:af:ca:27:52:2a,-54,11,0,0,0,0,0,0,0,0,0,-97,0,11,2,487101249,0,83,0,128,0,"[0,0,0,0,0,0,0,0,0,0,0,0,-1,-14,-1,-14,0,-13,0,-10,0,-8,0,-5,0,-2,0,0,1,2,1,5,2,8,2,9,2,10,2,11,2,10,3,11,2,11,2,10,2,9,2,8,2,5,1,4,0,1,0,-1,-2,-4,-3,-7,0,0,-5,-12,-6,-14,-7,-15,-7,-16,-6,-15,-6,-14,-5,-13,-5,-11,-4,-8,-3,-6,-2,-4,-1,-2,0,0,0,2,0,5,0,7,2,9,2,11,2,12,2,13,3,14,3,14,2,13,2,11,2,9,2,7,0,0,0,0,0,0,0,0,0,0]"
CSI_DATA,37135,80:af:ca:27:52:2a,-54,11,1,1,1,1,1,0,0,0,0,-97,0,11,2,487126882,0,83,1,128,0,"[0,0,0,0,0,0,0,0,0,0,0,0,7,3,7,3,6,3,4,3,3,2,2,1,0,1,0,0,-2,0,-3,-1,-4,-1,-6,-2,-7,-2,-8,-2,-8,-2,-8,-2,-8,-2,-7,-2,-7,-2,-6,-1,-4,-1,-3,-1,-1,0,0,0,1,0,3,0,0,0,5,0,6,1,7,1,7,1,7,1,7,1,7,1,6,0,5,0,4,0,2,0,1,0,0,0,-1,-1,-2,-1,-3,-1,-4,-1,-4,-1,-5,-1,-6,-1,-6,-2,-6,-1,-5,-1,-4,-1,-4,-1,-3,-1,0,0,0,0,0,0,0,0,0,0]"
CSI_DATA,37136,80:af:ca:27:52:2a,-54,11,0,0,0,0,0,0,0,0,0,-97,0,11,2,487136546,0,83,0,128,0,"[0,0,0,0,0,0,0,0,0,0,0,0,-13,-8,-13,-8,-12,-8,-10,-6,-7,-5,-4,-4,-1,-2,0,0,3,0,5,0,8,1,10,2,11,2,12,3,11,2,13,3,12,2,11,2,10,2,8,1,7,1,4,0,2,0,0,0,-4,0,-8,0,0,0,-13,0,-16,0,-17,0,-17,0,-17,-1,-16,-1,-14,0,-13,0,-10,0,-8,0,-5,0,-3,0,0,0,2,0,4,0,7,0,9,0,11,1,13,0,13,1,14,0,13,0,13,0,12,0,9,0,7,0,0,0,0,0,0,0,0,0,0,0]"
CSI_DATA,37137,80:af:ca:27:52:2a,-54,11,0,0,0,0,0,0,0,0,0,-97,0,11,2,487150624,0,83,0,128,0,"[0,0,0,0,0,0,0,0,0,0,0,0,-8,-12,-8,-12,-6,-11,-5,-9,-3,-6,-1,-4,0,-1,0,1,2,3,3,5,5,8,5,10,5,10,5,10,5,10,6,11,5,10,5,10,4,9,4,7,3,5,1,3,0,0,0,-2,-1,-5,-2,-8,0,0,-5,-14,-5,-15,-5,-17,-5,-17,-5,-16,-5,-15,-4,-14,-3,-11,-3,-10,-2,-7,-2,-5,-2,-2,-1,0,-2,2,-2,5,-2,7,-2,10,-3,11,-3,13,-4,14,-4,14,-4,14,-3,14,-3,12,-3,10,-2,7,0,0,0,0,0,0,0,0,0,0]"
CSI_DATA,37138,80:af:ca:27:52:2a,-54,11,1,1,1,1,1,0,0,0,0,-97,0,11,2,487198473,0,83,1,128,0,"[0,0,0,0,0,0,0,0,0,0,0,0,-9,2,-8,1,-7,1,-6,1,-4,0,-3,0,-1,0,0,-1,1,-1,3,-2,4,-2,6,-3,7,-3,7,-3,7,-4,8,-4,7,-3,7,-4,6,-3,5,-3,3,-2,2,-1,1,-1,0,0,-2,1,-3,1,0,0,-6,3,-6,3,-7,3,-7,4,-7,4,-7,4,-6,3,-6,3,-4,3,-3,2,-2,1,-1,1,0,0,1,0,2,-1,3,-1,4,-2,4,-2,5,-2,5,-2,5,-2,5,-2,4,-2,4,-2,3,-2,2,-2,0,0,0,0,0,0,0,0,0,0]"
CSI_DATA,37139,80:af:ca:27:52:2a,-54,11,1,1,1,1,1,0,0,0,0,-97,0,11,2,487206405,0,83,1,128,0,"[0,0,0,0,0,0,0,0,0,0,0,0,7,5,7,5,6,5,5,4,3,3,2,2,0,1,-1,0,-2,-1,-3,-2,-5,-3,-6,-3,-7,-4,-7,-5,-8,-5,-8,-5,-8,-5,-7,-4,-6,-3,-5,-3,-4,-2,-3,-2,-1,-1,0,0,1,0,2,1,0,0,5,2,6,3,7,3,7,3,7,4,7,3,6,3,6,3,5,2,3,2,2,1,1,0,0,0,-1,-1,-2,-2,-2,-2,-3,-3,-4,-3,-5,-4,-5,-4,-5,-4,-5,-4,-4,-4,-4,-3,-3,-3,-3,-2,0,0,0,0,0,0,0,0,0,0]"
CSI_DATA,37140,80:af:ca:27:52:2a,-54,11,0,0,0,0,0,0,0,0,0,-97,0,11,2,487215744,0,83,0,128,0,"[0,0,0,0,0,0,0,0,0,0,0,0,3,3,4,7,4,11,6,12,5,14,5,14,5,14,4,14,4,13,3,11,3,10,2,7,1,5,0,3,0,0,-1,-2,-2,-4,-2,-6,-3,-10,-3,-11,-4,-13,-5,-15,-5,-15,-5,-19,-5,-17,-5,-16,0,0,-4,-12,-3,-10,-3,-6,-2,-3,-2,1,-1,4,-1,6,-1,8,-1,10,-1,11,-1,13,-1,13,-2,13,-1,13,-2,12,-1,11,-1,11,-1,8,0,5,0,3,1,1,2,-2,3,-4,4,-6,5,-8,6,-8,0,0,0,0,0,0,0,0,0,0]"
CSI_DATA,37141,80:af:ca:27:52:2a,-54,11,1,1,1,1,1,0,0,0,0,-97,0,11,2,487224529,0,83,1,128,0,"[0,0,0,0,0,0,0,0,0,0,0,0,-10,1,-9,1,-8,0,-6,0,-5,0,-2,0,-1,0,1,-1,2,-1,4,-1,6,-1,7,-1,8,-2,9,-1,9,-2,9,-2,8,-1,8,-1,6,-1,5,-1,4,-1,2,0,0,0,-1,0,-2,0,-4,0,0,0,-7,0,-8,0,-9,0,-9,0,-9,0,-9,0,-8,0,-7,0,-6,0,-5,0,-3,0,-1,0,0,0,1,0,2,1,4,0,5,1,5,1,6,1,6,1,6,1,6,1,5,1,5,1,4,0,3,0,0,0,0,0,0,0,0,0,0,0]"
CSI_DATA,37142,80:af:ca:27:52:2a,-54,11,1,1,1,1,1,0,0,0,0,-97,0,11,2,487232413,0,83,1,128,0,"[0,0,0,0,0,0,0,0,0,0,0,0,3,-8,2,-8,2,-7,2,-6,1,-4,1,-2,0,-1,0,0,0,2,0,3,0,5,0,6,-1,7,-1,8,-1,8,-1,8,-1,8,0,7,0,6,0,5,0,4,0,2,0,1,0,0,0,-2,-1,-3,0,0,-1,-7,-1,-7,-1,-8,-1,-8,-1,-9,-1,-8,-1,-8,-1,-7,-1,-6,-1,-4,-1,-3,0,-1,0,0,0,1,0,2,0,3,0,5,0,5,0,6,0,6,0,6,0,6,0,5,0,5,0,4,0,3,0,0,0,0,0,0,0,0,0,0]"
CSI_DATA,37143,80:af:ca:27:52:2a,-55,11,1,1,1,1,1,0,0,0,0,-97,0,11,2,487254618,0,83,1,128,0,"[0,0,0,0,0,0,0,0,0,0,0,0,3,0,5,0,8,1,9,2,10,2,11,2,12,2,12,2,11,2,10,2,9,2,8,2,5,1,3,1,1,0,-1,0,-3,0,-5,0,-8,0,-9,0,-10,0,-12,0,-12,0,-13,0,-12,0,-11,0,0,0,-8,0,-7,0,-5,0,-2,0,0,0,2,0,4,0,6,0,8,0,9,0,10,0,10,0,10,0,10,0,9,0,8,0,7,0,5,0,3,0,2,0,0,-1,-1,-1,-2,-2,-4,-2,-5,-2,-6,-2,0,0,0,0,0,0,0,0,0,0]"
CSI_DATA,37144,80:af:ca:27:52:2a,-54,11,0,0,0,0,0,0,0,0,0,-97,0,11,2,487267010,0,83,0,128,0,"[0,0,0,0,0,0,0,0,0,0,0,0,3,-3,7,-3,10,-4,11,-5,14,-5,14,-5,15,-5,14,-5,13,-4,12,-4,10,-4,9,-3,6,-2,4,-1,1,0,-1,1,-3,2,-5,3,-7,3,-9,5,-10,6,-13,7,-14,8,-16,8,-15,9,-14,8,0,0,-11,6,-9,4,-6,3,-3,1,0,0,2,-2,5,-4,6,-5,8,-6,9,-6,10,-7,10,-7,10,-7,11,-7,10,-7,9,-7,8,-6,6,-5,4,-4,2,-3,-1,-2,-3,-1,-5,1,-8,1,-9,2,-10,2,0,0,0,0,0,0,0,0,0,0]"
CSI_DATA,37145,80:af:ca:27:52:2a,-55,11,1,1,1,1,1,0,0,0,0,-97,0,11,2,487274266,0,83,1,128,0,"[0,0,0,0,0,0,0,0,0,0,0,0,2,1,4,2,5,4,6,5,7,6,7,7,8,8,7,8,7,7,6,7,5,5,5,5,3,3,2,2,0,0,-1,0,-2,-2,-4,-2,-5,-4,-7,-5,-8,-5,-8,-6,-8,-6,-9,-6,-8,-6,-8,-5,0,0,-6,-4,-5,-3,-3,-2,-2,-1,0,0,0,1,2,2,3,3,5,4,5,5,6,5,6,5,6,5,6,5,6,4,5,4,5,3,3,2,2,1,1,0,0,0,0,-1,-1,-2,-2,-3,-2,-4,-2,-4,0,0,0,0,0,0,0,0,0,0]"
CSI_DATA,37146,80:af:ca:27:52:2a,-54,11,1,1,1,1,1,0,0,0,0,-97,0,11,2,487282722,0,83,1,128,0,"[0,0,0,0,0,0,0,0,0,0,0,0,3,-1,5,-1,7,0,8,0,9,0,9,0,10,0,10,0,9,0,9,0,7,0,6,0,4,0,2,0,0,0,-1,0,-3,0,-4,0,-7,0,-8,0,-9,0,-9,0,-10,0,-10,0,-9,0,-9,0,0,0,-7,0,-4,0,-3,0,-2,0,0,0,2,0,4,0,5,0,6,0,7,0,8,0,8,0,8,0,7,0,7,0,6,0,5,0,4,0,2,0,1,0,0,-1,-1,-1,-2,-2,-3,-2,-4,-2,-4,-2,0,0,0,0,0,0,0,0,0,0]"
CSI_DATA,37147,80:af:ca:27:52:2a,-54,11,0,0,0,0,0,0,0,0,0,-97,0,11,2,487290993,0,83,0,128,0,"[0,0,0,0,0,0,0,0,0,0,0,0,13,0,13,0,11,0,9,0,6,0,3,0,0,0,-2,0,-4,0,-7,1,-9,1,-11,1,-11,2,-12,2,-11,2,-13,2,-11,2,-11,2,-10,2,-8,1,-6,1,-4,0,-2,0,1,-1,3,-2,7,-3,0,0,11,-6,13,-7,15,-7,15,-7,14,-7,13,-7,11,-6,9,-5,7,-4,5,-3,3,-3,0,-1,-1,0,-3,0,-5,0,-7,2,-10,3,-11,3,-12,3,-14,3,-14,4,-13,4,-12,4,-11,3,-9,3,-7,2,0,0,0,0,0,0,0,0,0,0]"
CSI_DATA,37148,80:af:ca:27:52:2a,-55,11,1,1,1,1,1,0,0,0,0,-97,0,11,2,487314389,0,83,1,128,0,"[0,0,0,0,0,0,0,0,0,0,0,0,-3,0,-5,0,-7,0,-9,0,-9,0,-10,0,-11,0,-10,0,-10,0,-9,0,-8,0,-7,0,-4,0,-3,0,-1,0,0,0,2,0,4,0,6,0,7,0,8,-1,9,-1,9,-1,9,0,9,0,8,-1,0,0,6,-1,4,0,2,0,1,0,0,-1,-2,0,-4,0,-6,0,-7,0,-8,-1,-9,-1,-9,-1,-9,-1,-9,-1,-8,0,-7,0,-6,0,-4,0,-3,0,-2,0,0,0,0,0,1,1,2,2,3,2,4,2,0,0,0,0,0,0,0,0,0,0]"
CSI_DATA,37149,80:af:ca:27:52:2a,-54,11,1,1,1,1,1,0,0,0,0,-97,0,11,2,487321632,0,83,1,128,0,"[0,0,0,0,0,0,0,0,0,0,0,0,-9,0,-8,0,-7,0,-6,0,-4,0,-3,0,-1,0,0,-1,1,-1,3,-1,4,-1,6,-1,7,-1,7,-1,8,-1,8,-1,7,-1,7,-1,6,-1,4,-1,3,-1,2,-1,1,0,0,0,-2,0,-3,0,0,0,-6,1,-7,1,-7,1,-8,1,-8,1,-8,1,-7,1,-6,1,-5,1,-4,1,-3,0,-1,0,0,0,1,0,2,0,3,0,4,0,4,0,5,0,5,0,5,0,5,0,4,0,4,0,3,0,3,0,0,0,0,0,0,0,0,0,0,0]"
CSI_DATA,37150,80:af:ca:27:52:2a,-54,11,0,0,0,0,0,0,0,0,0,-97,0,11,2,487341061,0,83,0,128,0,"[0,0,0,0,0,0,0,0,0,0,0,0,-5,-2,-7,-5,-8,-8,-10,-9,-11,-11,-11,-11,-11,-12,-11,-12,-10,-10,-8,-10,-7,-9,-6,-7,-4,-5,-3,-4,-1,-2,0,0,2,2,3,3,5,5,6,7,8,8,9,10,10,11,11,13,11,12,10,12,0,0,7,8,6,6,4,4,2,1,0,-2,-2,-4,-3,-6,-4,-8,-5,-9,-5,-10,-6,-12,-6,-12,-6,-12,-6,-12,-6,-12,-5,-10,-5,-10,-4,-8,-4,-6,-3,-4,-3,-1,-2,2,-2,4,-2,7,-1,9,-1,9,0,0,0,0,0,0,0,0,0,0]"
CSI_DATA,37151,80:af:ca:27:52:2a,-54,11,0,0,0,0,0,0,0,0,0,-97,0,11,2,487357135,0,83,0,128,0,"[0,0,0,0,0,0,0,0,0,0,0,0,-11,8,-11,8,-10,7,-8,5,-6,4,-4,1,-2,0,0,-2,1,-4,3,-5,4,-7,6,-8,7,-9,7,-9,6,-9,8,-11,7,-10,6,-9,6,-8,4,-8,3,-6,2,-4,0,-2,0,0,-2,4,-4,6,0,0,-7,11,-8,13,-8,14,-8,14,-8,13,-8,13,-7,12,-6,9,-4,8,-4,5,-2,4,0,1,0,0,1,-2,3,-4,4,-6,5,-8,7,-9,8,-10,8,-11,8,-12,8,-12,8,-11,7,-9,5,-8,4,-6,0,0,0,0,0,0,0,0,0,0]"
CSI_DATA,37152,80:af:ca:27:52:2a,-54,11,1,1,1,1,1,0,0,0,0,-97,0,11,2,487366466,0,83,1,128,0,"[0,0,0,0,0,0,0,0,0,0,0,0,1,-3,3,-5,5,-5,6,-6,7,-7,8,-8,8,-8,8,-8,8,-8,8,-6,7,-6,5,-5,3,-3,2,-2,0,0,0,0,-1,2,-2,3,-5,5,-5,6,-6,7,-6,8,-7,8,-7,8,-6,8,-6,8,0,0,-4,5,-3,4,-2,2,-1,1,0,0,1,-2,2,-3,3,-5,4,-6,5,-7,5,-8,5,-8,5,-8,5,-8,5,-7,4,-6,2,-5,2,-4,1,-3,0,-2,0,0,-2,0,-2,1,-3,2,-4,2,-5,2,0,0,0,0,0,0,0,0,0,0]"
CSI_DATA,37153,80:af:ca:27:52:2a,-54,11,0,0,0,0,0,0,0,0,0,-97,0,11,2,487379282,0,83,0,128,0,"[0,0,0,0,0,0,0,0,0,0,0,0,0,13,-1,13,-1,12,-1,9,-1,7,-1,3,-1,0,-1,-1,0,-4,0,-7,0,-8,0,-11,0,-11,0,-11,0,-11,0,-13,0,-12,0,-11,0,-11,0,-9,0,-7,0,-5,0,-2,0,0,0,4,0,7,0,0,0,13,0,15,0,16,-1,16,-1,16,-1,15,0,14,-1,11,0,9,0,7,0,4,0,2,0,0,1,-2,2,-5,3,-7,3,-10,5,-11,5,-12,6,-13,6,-14,6,-14,5,-13,5,-11,4,-10,3,-8,0,0,0,0,0,0,0,0,0,0]"
CSI_DATA,37154,80:af:ca:27:52:2a,-54,11,1,1,1,1,1,0,0,0,0,-97,0,11,2,487388582,0,83,1,128,0,"[0,0,0,0,0,0,0,0,0,0,0,0,0,3,-2,4,-3,6,-4,7,-5,8,-6,9,-6,10,-6,10,-6,9,-5,9,-5,8,-4,6,-3,5,-2,3,-1,0,0,0,0,-3,0,-4,0,-6,1,-8,1,-10,1,-10,1,-11,1,-11,1,-11,0,-10,0,0,0,-8,0,-6,0,-4,0,-2,0,0,0,1,0,3,0,5,0,6,0,7,0,9,0,9,-1,9,0,9,0,8,0,7,0,6,0,4,0,3,0,1,0,0,0,-1,0,-3,0,-3,0,-4,0,-5,0,0,0,0,0,0,0,0,0,0]"
CSI_DATA,37155,80:af:ca:27:52:2a,-54,11,1,1,1,1,1,0,0,0,0,-97,0,11,2,487395813,0,83,1,128,0,"[0,0,0,0,0,0,0,0,0,0,0,0,-2,9,-2,8,-2,7,-2,6,-2,4,-1,2,-1,0,0,-1,0,-2,0,-4,0,-6,0,-7,1,-8,1,-9,1,-9,1,-9,1,-9,0,-9,0,-8,0,-6,0,-5,0,-3,0,-1,0,0,0,1,0,3,0,0,0,6,0,7,0,8,0,8,-1,9,-1,8,0,8,0,6,0,5,0,4,0,2,0,1,0,0,0,-1,0,-2,0,-4,1,-5,1,-5,1,-6,1,-6,1,-6,1,-6,1,-6,1,-5,0,-4,0,-4,0,0,0,0,0,0,0,0,0,0]"
CSI_DATA,37156,80:af:ca:27:52:2a,-54,11,1,1,1,1,1,0,0,0,0,-97,0,11,2,487424153,0,83,1,128,0,"[0,0,0,0,0,0,0,0,0,0,0,0,0,-10,0,-10,0,-8,0,-7,0,-5,0,-3,0,-1,0,0,0,2,0,4,1,5,1,7,1,8,1,8,1,9,2,9,2,8,2,8,1,7,1,5,1,4,0,2,0,1,0,0,-1,-2,-1,-4,0,0,-2,-7,-3,-8,-3,-8,-3,-8,-3,-9,-3,-8,-3,-8,-2,-7,-2,-6,-2,-4,-1,-3,-1,-1,0,0,0,1,0,2,0,4,1,5,1,5,1,6,1,6,1,6,1,6,1,5,1,5,0,4,0,3,0,0,0,0,0,0,0,0,0,0]"
CSI_DATA,37157,80:af:ca:27:52:2a,-54,11,1,1,1,1,1,0,0,0,0,-97,0,11,2,487434299,0,83,1,128,0,"[0,0,0,0,0,0,0,0,0,0,0,0,-3,0,-6,-1,-7,-2,-9,-3,-10,-3,-11,-3,-12,-3,-11,-3,-11,-3,-10,-3,-10,-3,-8,-3,-6,-2,-3,-1,-2,-1,0,0,2,0,3,0,6,0,8,0,9,0,10,0,10,0,11,0,10,0,10,0,0,0,7,0,6,0,3,0,1,0,0,0,-2,0,-4,0,-6,0,-7,0,-9,0,-10,0,-10,0,-10,0,-10,0,-9,0,-8,0,-6,0,-5,0,-3,0,-2,0,0,0,0,0,2,0,3,0,4,0,5,0,0,0,0,0,0,0,0,0,0,0]"
CSI_DATA,37158,80:af:ca:27:52:2a,-54,11,0,0,0,0,0,0,0,0,0,-97,0,11,2,487448341,0,83,0,128,0,"[0,0,0,0,0,0,0,0,0,0,0,0,-11,-7,-11,-7,-10,-7,-7,-5,-5,-4,-3,-3,0,-2,1,0,3,0,6,0,7,1,9,2,10,2,11,2,10,1,11,2,10,2,9,1,8,1,7,1,5,0,3,0,0,0,-1,0,-5,0,-7,0,0,0,-13,0,-15,-1,-17,-1,-17,-1,-16,-1,-15,0,-14,0,-11,0,-9,0,-7,0,-5,0,-2,0,0,0,2,0,4,1,7,1,9,1,11,2,12,2,13,3,14,2,14,2,13,2,11,1,10,0,7,0,0,0,0,0,0,0,0,0,0,0]"
CSI_DATA,37159,80:af:ca:27:52:2a,-54,11,1,1,1,1,1,0,0,0,0,-97,0,11,2,487459455,0,83,1,128,0,"[0,0,0,0,0,0,0,0,0,0,0,0,4,8,4,8,2,6,2,5,1,4,0,2,0,1,-1,0,-2,-2,-3,-3,-4,-5,-5,-6,-5,-6,-6,-7,-6,-8,-6,-7,-6,-7,-6,-6,-5,-6,-4,-5,-3,-4,-2,-2,-1,-1,0,0,1,1,2,2,0,0,5,4,5,5,6,5,6,5,6,5,6,5,5,5,5,4,4,3,3,2,2,1,1,0,0,0,-1,-1,-1,-2,-2,-3,-3,-4,-4,-4,-4,-5,-4,-5,-4,-5,-4,-5,-4,-4,-4,-4,-3,-3,-2,-2,0,0,0,0,0,0,0,0,0,0]"
CSI_DATA,37160,80:af:ca:27:52:2a,-54,11,1,1,1,1,1,0,0,0,0,-97,0,11,2,487467213,0,83,1,128,0,"[0,0,0,0,0,0,0,0,0,0,0,0,-3,-3,-5,-5,-7,-7,-7,-9,-8,-11,-8,-11,-9,-12,-8,-12,-8,-12,-7,-11,-7,-10,-5,-8,-4,-7,-3,-4,-1,-2,0,0,1,2,3,4,3,7,4,8,5,9,6,11,6,11,7,11,6,11,6,10,0,0,4,7,3,6,2,3,1,1,0,0,0,-3,-1,-5,-1,-7,-2,-9,-2,-10,-3,-11,-3,-11,-2,-11,-2,-11,-2,-11,-2,-9,-2,-7,-2,-6,-1,-4,-1,-3,-1,0,-1,0,-1,2,-2,3,-2,4,-3,5,0,0,0,0,0,0,0,0,0,0]"
CSI_DATA,37161,80:af:ca:27:52:2a,-54,11,0,0,0,0,0,0,0,0,0,-97,0,11,2,487517119,0,83,0,128,0,"[0,0,0,0,0,0,0,0,0,0,0,0,2,2,3,6,3,9,4,11,4,13,4,13,4,14,4,13,4,12,3,11,3,10,2,8,1,5,0,3,0,1,-2,-1,-3,-3,-4,-5,-5,-7,-6,-9,-7,-10,-8,-12,-9,-12,-10,-15,-10,-14,-9,-13,0,0,-7,-10,-6,-8,-4,-5,-2,-3,0,0,1,3,3,5,4,6,5,8,6,9,6,10,6,10,6,10,7,10,6,10,6,9,5,8,4,6,3,4,2,2,1,-1,0,-3,-1,-5,-3,-8,-3,-9,-3,-10,0,0,0,0,0,0,0,0,0,0]"
CSI_DATA,37162,80:af:ca:27:52:2a,-54,11,1,1,1,1,1,0,0,0,0,-97,0,11,2,487525159,0,83,1,128,0,"[0,0,0,0,0,0,0,0,0,0,0,0,7,3,7,3,6,3,5,2,3,2,2,1,0,0,-1,0,-2,0,-4,-1,-5,-2,-6,-2,-7,-2,-8,-2,-8,-2,-8,-3,-8,-2,-8,-2,-7,-2,-6,-2,-4,-1,-3,-1,-1,0,0,0,1,0,3,0,0,0,6,1,7,1,7,1,8,1,7,1,7,1,7,1,6,1,5,1,4,0,2,0,1,0,0,0,-1,-1,-2,-1,-3,-2,-5,-2,-5,-2,-5,-2,-5,-2,-6,-2,-5,-2,-5,-2,-5,-2,-4,-1,-3,-1,0,0,0,0,0,0,0,0,0,0]"
CSI_DATA,37163,80:af:ca:27:52:2a,-54,11,1,1,1,1,1,0,0,0,0,-97,0,11,2,487543654,0,83,1,128,0,"[0,0,0,0,0,0,0,0,0,0,0,0,-3,2,-5,2,-8,3,-9,3,-10,3,-10,2,-11,3,-11,2,-10,2,-10,2,-8,2,-7,1,-5,0,-3,0,-1,0,0,0,2,-1,5,-2,6,-2,8,-2,9,-2,10,-2,10,-2,10,-2,10,-2,9,-2,0,0,6,-2,5,-2,2,-1,1,-1,-1,-1,-2,0,-5,0,-6,0,-8,0,-9,0,-9,0,-10,0,-10,0,-9,0,-9,0,-8,0,-6,0,-5,0,-3,0,-2,0,0,0,0,0,2,1,2,2,3,2,4,2,0,0,0,0,0,0,0,0,0,0]"
CSI_DATA,37164,80:af:ca:27:52:2a,-54,11,0,0,0,0,0,0,0,0,0,-97,0,11,2,487555613,0,83,0,128,0,"[0,0,0,0,0,0,0,0,0,0,0,0,-7,11,-7,12,-7,10,-5,8,-4,5,-3,2,-1,0,0,-1,0,-4,0,-6,1,-9,2,-10,2,-11,2,-12,1,-11,2,-13,1,-12,1,-11,1,-10,1,-9,0,-7,0,-5,0,-2,0,0,0,3,0,7,0,0,0,13,0,15,0,16,0,17,-1,16,0,15,0,13,0,11,0,9,0,6,0,4,0,1,0,0,0,-3,0,-5,0,-8,0,-11,1,-12,0,-14,1,-15,0,-15,0,-15,0,-14,0,-13,0,-10,0,-8,0,0,0,0,0,0,0,0,0,0]"
CSI_DATA,37165,80:af:ca:27:52:2a,-54,11,0,0,0,0,0,0,0,0,0,-97,0,11,2,487566924,0,83,0,128,0,"[0,0,0,0,0,0,0,0,0,0,0,0,1,-4,3,-6,6,-8,6,-10,7,-11,8,-11,8,-11,8,-11,7,-10,7,-9,6,-8,5,-7,3,-5,2,-3,1,-1,0,1,-1,2,-2,4,-4,6,-5,8,-5,10,-6,13,-6,14,-7,15,-6,16,-6,14,0,0,-5,10,-4,8,-3,5,-1,2,0,-1,1,-4,2,-6,3,-8,3,-10,4,-10,4,-13,4,-13,4,-13,4,-13,4,-11,4,-10,3,-10,2,-8,1,-6,0,-4,-1,-1,-3,1,-4,3,-5,5,-6,7,-7,7,0,0,0,0,0,0,0,0,0,0]"
CSI_DATA,37166,80:af:ca:27:52:2a,-55,11,0,0,0,0,0,0,0,0,0,-97,0,11,2,487579883,0,83,0,128,0,"[0,0,0,0,0,0,0,0,0,0,0,0,-10,7,-10,6,-10,5,-8,5,-6,2,-4,1,-2,0,0,-2,0,-3,2,-5,4,-6,5,-7,5,-8,6,-8,5,-8,7,-9,6,-8,5,-8,5,-7,4,-7,3,-5,2,-4,0,-2,0,0,-2,2,-3,5,0,0,-6,10,-8,11,-8,13,-8,13,-8,12,-8,12,-7,11,-6,9,-5,8,-4,5,-2,4,-1,2,0,0,1,-1,2,-3,4,-5,6,-7,7,-8,8,-9,9,-10,9,-11,9,-11,8,-11,8,-9,6,-8,5,-6,0,0,0,0,0,0,0,0,0,0]"
CSI_DATA,37167,80:af:ca:27:52:2a,-54,11,0,0,0,0,0,0,0,0,0,-97,0,11,2,487592719,0,83,0,128,0,"[0,0,0,0,0,0,0,0,0,0,0,0,-1,-4,1,-8,1,-11,1,-13,2,-15,2,-15,3,-16,3,-16,2,-14,2,-13,1,-11,1,-10,1,-7,1,-4,0,-2,0,0,0,2,0,5,-1,7,0,9,0,11,0,14,0,15,0,17,1,17,0,16,0,0,0,11,0,9,0,6,0,2,0,-1,0,-4,0,-6,-1,-8,-1,-10,-1,-11,-1,-13,-1,-13,0,-14,0,-14,0,-13,-1,-11,-1,-10,-1,-8,-1,-6,-1,-4,-2,-1,-2,2,-2,4,-3,6,-3,8,-3,9,0,0,0,0,0,0,0,0,0,0]"
CSI_DATA,37168,80:af:ca:27:52:2a,-54,11,0,0,0,0,0,0,0,0,0,-97,0,11,2,487606101,0,83,0,128,0,"[0,0,0,0,0,0,0,0,0,0,0,0,12,5,12,6,10,6,8,4,5,3,2,1,0,0,-1,0,-4,-2,-6,-3,-8,-5,-10,-6,-10,-6,-11,-7,-10,-6,-12,-8,-10,-7,-10,-6,-9,-6,-7,-5,-6,-3,-4,-2,-2,0,0,0,2,3,4,5,0,0,9,9,10,11,11,12,11,12,10,12,9,12,8,10,7,9,5,7,4,4,3,2,1,0,0,-1,0,-3,0,-6,-1,-8,-2,-11,-2,-13,-2,-14,-2,-15,-2,-16,-2,-15,-2,-15,-2,-13,-1,-11,-1,-8,0,0,0,0,0,0,0,0,0,0]"
CSI_DATA,37169,80:af:ca:27:52:2a,-54,11,0,0,0,0,0,0,0,0,0,-97,0,11,2,487617156,0,83,0,128,0,"[0,0,0,0,0,0,0,0,0,0,0,0,-4,-3,-6,-6,-8,-9,-10,-10,-11,-11,-10,-11,-11,-12,-10,-11,-9,-11,-8,-10,-7,-9,-5,-7,-3,-4,-2,-3,0,0,0,0,2,1,4,3,5,5,7,6,9,7,11,9,11,9,12,11,12,11,11,10,0,0,8,7,6,5,3,3,1,0,0,-1,-3,-3,-5,-5,-6,-6,-7,-8,-8,-8,-9,-10,-9,-10,-9,-10,-9,-10,-9,-9,-8,-8,-7,-7,-6,-6,-4,-4,-2,-1,-1,0,0,2,1,4,2,7,3,8,3,9,0,0,0,0,0,0,0,0,0,0]"
CSI_DATA,37170,80:af:ca:27:52:2a,-55,11,1,1,1,1,1,0,0,0,0,-97,0,11,2,487641487,0,83,1,128,0,"[0,0,0,0,0,0,0,0,0,0,0,0,0,3,0,6,-1,7,-2,9,-2,11,-3,11,-3,11,-4,11,-3,11,-3,10,-3,8,-2,7,-2,5,-1,3,0,0,0,-1,0,-3,1,-5,2,-7,2,-8,2,-10,3,-11,3,-11,3,-11,3,-11,2,-11,0,0,2,-8,1,-6,0,-4,0,-2,-2,0,-2,2,-3,3,-4,4,-5,6,-6,7,-6,8,-6,8,-6,8,-6,8,-6,7,-5,6,-4,5,-3,4,-2,3,-1,2,0,0,1,0,2,0,4,-2,4,-2,5,-2,0,0,0,0,0,0,0,0,0,0]"
CSI_DATA,37171,80:af:ca:27:52:2a,-55,11,1,1,1,1,1,0,0,0,0,-97,0,11,2,487651241,0,83,1,128,0,"[0,0,0,0,0,0,0,0,0,0,0,0,2,0,4,0,6,0,8,0,9,1,9,1,10,1,9,1,9,1,9,1,7,1,7,0,4,0,2,0,0,0,0,0,-2,0,-4,0,-6,0,-7,0,-9,0,-9,0,-10,0,-10,0,-10,0,-9,0,0,0,-7,0,-6,0,-4,0,-2,0,0,0,2,0,3,0,4,0,6,0,7,0,8,0,9,0,8,0,8,0,7,0,7,0,5,0,4,0,2,0,1,0,0,0,-1,-1,-2,-1,-3,-1,-4,-2,-4,-2,0,0,0,0,0,0,0,0,0,0]"
CSI_DATA,37172,80:af:ca:27:52:2a,-54,11,0,0,0,0,0,0,0,0,0,-97,0,11,2,487676763,0,83,0,128,0,"[0,0,0,0,0,0,0,0,0,0,0,0,-14,0,-14,0,-13,0,-10,0,-7,0,-4,0,-1,-1,0,-1,3,-2,6,-2,8,-3,10,-3,11,-3,12,-3,10,-3,12,-4,11,-3,10,-4,9,-3,8,-2,6,-2,4,-1,0,0,-1,0,-5,1,-8,2,0,0,-12,4,-15,5,-16,6,-17,6,-16,5,-15,5,-13,5,-12,4,-9,3,-6,2,-5,1,-2,0,0,0,2,0,5,0,7,-1,10,-2,12,-1,12,-2,14,-2,14,-2,14,-2,13,-2,12,-1,10,-2,7,-1,0,0,0,0,0,0,0,0,0,0]"
CSI_DATA,37173,80:af:ca:27:52:2a,-54,11,1,1,1,1,1,0,0,0,0,-97,0,11,2,487686696,0,83,1,128,0,"[0,0,0,0,0,0,0,0,0,0,0,0,0,-3,2,-5,3,-6,4,-7,5,-8,5,-8,6,-9,5,-9,5,-8,5,-8,5,-7,4,-5,2,-4,1,-2,0,-1,0,0,-1,2,-2,3,-3,5,-3,6,-4,8,-4,8,-5,8,-5,8,-4,8,-4,8,0,0,-2,5,-2,4,-1,2,0,1,0,0,0,-2,1,-4,2,-5,2,-6,3,-8,3,-8,3,-8,3,-8,3,-8,3,-8,2,-6,2,-5,1,-4,0,-3,0,-2,0,0,-1,0,-2,1,-2,2,-3,2,-4,3,0,0,0,0,0,0,0,0,0,0]"
CSI_DATA,37174,80:af:ca:27:52:2a,-54,11,0,0,0,0,0,0,0,0,0,-97,0,11,2,487699183,0,83,0,128,0,"[0,0,0,0,0,0,0,0,0,0,0,0,-3,-13,-3,-13,-3,-13,-2,-10,-1,-7,0,-5,0,-2,1,0,2,3,3,5,4,6,4,9,5,9,5,10,5,10,6,11,5,10,5,9,4,9,4,7,3,5,2,3,0,1,-1,-1,-3,-3,-5,-6,0,0,-9,-11,-10,-13,-11,-13,-11,-14,-10,-13,-10,-13,-10,-11,-7,-10,-6,-8,-5,-6,-3,-3,-2,-1,0,0,0,3,2,4,3,6,5,9,5,10,6,12,6,13,7,13,6,13,6,12,6,10,5,9,3,6,0,0,0,0,0,0,0,0,0,0]"
CSI_DATA,37175,80:af:ca:27:52:2a,-55,11,0,0,0,0,0,0,0,0,0,-97,0,11,2,487710332,0,83,0,128,0,"[0,0,0,0,0,0,0,0,0,0,0,0,-4,-3,-5,-6,-6,-9,-7,-10,-8,-12,-8,-12,-8,-13,-7,-13,-7,-12,-6,-11,-5,-9,-4,-8,-3,-6,-2,-4,-1,-2,1,0,2,2,3,4,4,6,6,7,7,8,9,10,9,11,10,13,10,12,9,11,0,0,7,8,6,6,4,4,2,1,0,-1,-2,-4,-4,-6,-5,-7,-6,-9,-7,-9,-7,-11,-7,-11,-7,-11,-8,-11,-8,-11,-7,-10,-7,-9,-6,-7,-5,-5,-3,-3,-2,-1,-1,2,0,5,1,7,2,9,2,10,0,0,0,0,0,0,0,0,0,0]"
CSI_DATA,37176,80:af:ca:27:52:2a,-55,11,1,1,1,1,1,0,0,0,0,-97,0,11,2,487718609,0,83,1,128,0,"[0,0,0,0,0,0,0,0,0,0,0,0,2,0,4,2,5,3,6,5,7,5,8,6,8,6,8,6,8,6,7,5,6,5,5,4,3,2,2,2,0,0,0,0,-2,-1,-4,-2,-5,-3,-7,-4,-8,-5,-8,-5,-8,-5,-9,-5,-8,-5,-8,-5,0,0,-6,-4,-5,-2,-3,-2,-2,0,0,0,1,1,2,2,3,3,5,4,5,5,6,5,6,5,6,5,5,5,5,5,5,4,4,3,3,2,2,1,1,0,0,0,0,-2,-1,-2,-1,-3,-2,-4,-2,-5,0,0,0,0,0,0,0,0,0,0]"
CSI_DATA,37177,80:af:ca:27:52:2a,-54,11,0,0,0,0,0,0,0,0,0,-97,0,11,2,487729612,0,83,0,128,0,"[0,0,0,0,0,0,0,0,0,0,0,0,1,-4,4,-7,6,-9,6,-11,8,-12,8,-12,9,-12,9,-12,8,-11,7,-10,6,-9,5,-8,4,-6,2,-4,1,-2,0,0,-2,2,-3,4,-4,6,-5,8,-5,10,-7,12,-7,13,-9,14,-8,15,-8,14,0,0,-6,10,-5,8,-3,5,-2,2,0,-1,1,-3,2,-5,3,-7,4,-8,5,-9,6,-11,6,-11,6,-11,6,-11,6,-10,5,-10,4,-9,4,-8,2,-6,1,-4,-1,-2,-3,0,-4,2,-6,4,-7,5,-8,6,0,0,0,0,0,0,0,0,0,0]"
CSI_DATA,37178,80:af:ca:27:52:2a,-54,11,1,1,1,1,1,0,0,0,0,-97,0,11,2,487737389,0,83,1,128,0,"[0,0,0,0,0,0,0,0,0,0,0,0,3,2,5,3,5,5,6,6,7,7,7,8,8,8,7,8,6,8,6,7,5,5,4,5,2,3,1,2,0,0,-1,-1,-2,-2,-3,-4,-5,-5,-5,-6,-6,-7,-7,-8,-7,-8,-7,-8,-7,-8,-6,-7,0,0,-5,-5,-4,-4,-2,-2,-2,0,0,0,0,2,1,3,2,5,2,6,3,7,3,8,3,8,3,8,3,8,3,7,2,6,2,5,2,3,1,2,1,1,0,0,0,-1,0,-2,0,-4,0,-5,0,-5,0,0,0,0,0,0,0,0,0,0]"
CSI_DATA,37179,80:af:ca:27:52:2a,-54,11,0,0,0,0,0,0,0,0,0,-97,0,11,2,487751570,0,83,0,128,0,"[0,0,0,0,0,0,0,0,0,0,0,0,-3,-4,-4,-7,-5,-10,-6,-11,-7,-13,-7,-14,-6,-14,-6,-14,-6,-13,-5,-11,-5,-10,-4,-8,-3,-6,-2,-4,-1,-2,0,0,2,2,3,4,4,6,5,8,6,9,7,11,8,12,9,13,9,13,8,12,0,0,6,9,4,6,3,4,1,1,-1,-1,-2,-4,-4,-6,-5,-7,-6,-9,-6,-10,-7,-11,-7,-11,-7,-11,-7,-11,-7,-11,-6,-10,-6,-9,-5,-7,-4,-5,-3,-3,-2,0,-1,3,0,5,1,7,2,9,2,9,0,0,0,0,0,0,0,0,0,0]"
CSI_DATA,37180,80:af:ca:27:52:2a,-55,11,1,1,1,1,1,0,0,0,0,-97,0,11,2,487763496,0,83,1,128,0,"[0,0,0,0,0,0,0,0,0,0,0,0,-3,-1,-5,-2,-6,-3,-7,-4,-8,-4,-8,-5,-9,-5,-9,-5,-8,-5,-8,-4,-7,-4,-6,-4,-4,-2,-3,-2,-1,-1,0,0,2,0,4,0,5,1,6,1,8,2,8,2,9,2,9,2,9,2,8,2,0,0,6,1,4,0,3,0,1,0,0,0,-2,0,-4,-1,-6,-2,-7,-2,-8,-2,-8,-2,-8,-2,-8,-2,-8,-2,-8,-2,-7,-2,-6,-1,-4,-1,-3,0,-2,0,0,0,0,0,1,1,2,1,3,2,4,2,0,0,0,0,0,0,0,0,0,0]"
CSI_DATA,37181,80:af:ca:27:52:2a,-54,11,1,1,1,1,1,0,0,0,0,-97,0,11,2,487771773,0,83,1,128,0,"[0,0,0,0,0,0,0,0,0,0,0,0,-1,2,-3,5,-5,5,-5,7,-7,8,-7,8,-8,8,-8,8,-7,8,-7,7,-6,6,-5,5,-3,3,-2,2,-1,0,0,-1,1,-2,2,-4,4,-5,5,-7,5,-8,5,-8,6,-9,6,-9,6,-8,5,-8,0,0,4,-6,2,-5,1,-3,0,-2,-1,0,-2,1,-4,2,-5,3,-6,5,-7,5,-8,5,-8,5,-8,5,-8,5,-7,5,-6,4,-5,4,-4,3,-2,2,-1,1,0,0,1,0,2,0,3,0,4,-1,5,-1,0,0,0,0,0,0,0,0,0,0]"
CSI_DATA,37182,80:af:ca:27:52:2a,-54,11,1,1,1,1,1,0,0,0,0,-97,0,11,2,487779641,0,83,1,128,0,"[0,0,0,0,0,0,0,0,0,0,0,0,-5,-8,-5,-7,-4,-6,-3,-6,-2,-4,-2,-3,-1,-1,0,0,1,0,2,2,3,2,4,3,6,4,6,4,6,4,7,5,6,4,6,4,5,3,4,3,3,2,2,1,1,0,0,0,-2,-1,-3,-1,0,0,-6,-2,-7,-3,-7,-3,-8,-3,-8,-3,-8,-3,-7,-3,-6,-3,-6,-2,-4,-2,-3,-1,-1,0,0,0,0,0,2,1,3,1,4,2,4,2,4,2,5,2,5,2,5,2,4,2,4,1,3,1,2,1,0,0,0,0,0,0,0,0,0,0]"
CSI_DATA,37183,80:af:ca:27:52:2a,-54,11,1,1,1,1,1,0,0,0,0,-97,0,11,2,487786715,0,83,1,128,0,"[0,0,0,0,0,0,0,0,0,0,0,0,-2,8,-2,8,-2,7,-2,6,-1,4,-1,2,0,0,0,-1,0,-2,0,-4,0,-6,0,-7,1,-8,1,-8,1,-9,1,-9,1,-9,0,-8,1,-7,0,-6,0,-5,0,-3,0,-1,0,0,0,1,-1,3,0,0,-1,6,-1,7,-2,7,-2,8,-2,8,-2,8,-1,7,-1,6,-1,5,-1,4,0,2,0,1,0,0,0,-1,1,-2,1,-3,2,-4,2,-5,2,-5,2,-5,2,-6,2,-5,2,-5,2,-5,2,-4,1,-3,0,0,0,0,0,0,0,0,0,0]"
CSI_DATA,37184,80:af:ca:27:52:2a,-54,11,1,1,1,1,1,0,0,0,0,-97,0,11,2,487799135,0,83,1,128,0,"[0,0,0,0,0,0,0,0,0,0,0,0,-2,3,-3,5,-5,5,-5,7,-6,7,-8,8,-8,8,-8,7,-8,7,-7,6,-6,5,-5,4,-3,2,-2,1,0,0,0,-1,1,-2,2,-3,4,-5,5,-5,5,-6,6,-7,7,-8,7,-8,7,-7,6,-7,0,0,4,-5,2,-4,2,-2,0,-1,-1,0,-2,0,-4,1,-5,2,-7,2,-7,3,-8,3,-8,3,-8,3,-8,3,-7,2,-6,2,-5,2,-4,2,-2,1,-1,1,0,0,1,0,2,0,3,0,4,0,5,0,0,0,0,0,0,0,0,0,0,0]"
CSI_DATA,37185,80:af:ca:27:52:2a,-54,11,1,1,1,1,1,0,0,0,0,-97,0,11,2,487806697,0,83,1,128,0,"[0,0,0,0,0,0,0,0,0,0,0,0,6,-8,5,-7,4,-6,4,-5,3,-3,1,-2,0,0,0,1,-1,3,-3,4,-4,5,-4,6,-5,7,-5,7,-6,8,-6,8,-5,7,-4,7,-4,6,-3,5,-3,3,-1,2,0,0,0,0,1,-2,2,-4,0,0,4,-6,4,-7,4,-8,4,-8,5,-8,5,-7,4,-7,4,-6,3,-6,2,-4,1,-3,0,-1,-1,0,-1,0,-3,1,-4,2,-4,3,-5,3,-5,4,-5,4,-6,4,-5,4,-5,3,-4,3,-4,2,-3,1,0,0,0,0,0,0,0,0,0,0]"
CSI_DATA,37186,80:af:ca:27:52:2a,-54,11,1,1,1,1,1,0,0,0,0,-97,0,11,2,487814702,0,83,1,128,0,"[0,0,0,0,0,0,0,0,0,0,0,0,3,-2,5,-2,8,-2,9,-2,10,-2,10,-2,11,-2,10,-2,10,-2,10,-2,8,-1,7,-1,5,-1,2,0,0,0,0,0,-2,0,-5,1,-6,2,-8,2,-9,3,-10,3,-10,4,-10,3,-10,3,-9,3,0,0,-7,2,-5,2,-3,1,-2,0,0,0,2,-1,3,-2,5,-2,6,-2,7,-3,8,-3,8,-3,8,-3,8,-3,7,-3,6,-2,5,-2,3,-2,2,-2,0,-1,0,0,-2,0,-2,0,-4,0,-5,0,-5,0,0,0,0,0,0,0,0,0,0,0]"
CSI_DATA,37187,80:af:ca:27:52:2a,-54,11,0,0,0,0,0,0,0,0,0,-97,0,11,2,487824073,0,83,0,128,0,"[0,0,0,0,0,0,0,0,0,0,0,0,12,-5,12,-4,11,-3,10,-3,7,-1,4,0,1,0,0,0,-3,2,-5,2,-8,4,-10,4,-10,5,-11,5,-10,6,-11,6,-11,5,-10,5,-9,5,-8,4,-6,3,-4,2,-1,0,0,0,2,-3,5,-5,0,0,10,-9,11,-10,12,-11,12,-11,12,-11,11,-11,11,-10,9,-8,7,-7,5,-5,3,-4,0,-2,0,0,-3,0,-5,1,-7,2,-10,4,-11,4,-12,5,-13,6,-13,7,-13,7,-12,6,-11,5,-10,5,-7,3,0,0,0,0,0,0,0,0,0,0]"
CSI_DATA,37188,80:af:ca:27:52:2a,-54,11,0,0,0,0,0,0,0,0,0,-97,0,11,2,487835276,0,83,0,128,0,"[0,0,0,0,0,0,0,0,0,0,0,0,13,-2,13,-1,12,0,9,0,6,0,4,0,1,0,0,0,-3,0,-6,1,-8,1,-11,1,-11,1,-12,1,-12,2,-12,2,-12,1,-11,1,-10,1,-9,1,-6,0,-5,0,-2,0,0,0,4,0,6,-1,0,0,12,-2,15,-2,16,-3,17,-3,16,-2,15,-2,13,-2,11,-2,9,-2,7,-1,5,-1,2,-1,0,-1,-2,-1,-5,-2,-7,-2,-11,-2,-12,-3,-13,-3,-14,-4,-15,-3,-15,-3,-14,-3,-13,-3,-12,-2,-9,-1,0,0,0,0,0,0,0,0,0,0]"
CSI_DATA,37189,80:af:ca:27:52:2a,-54,11,1,1,1,1,1,0,0,0,0,-97,0,11,2,487844733,0,83,1,128,0,"[0,0,0,0,0,0,0,0,0,0,0,0,-9,3,-9,3,-7,2,-6,2,-5,1,-3,0,-1,0,0,-1,1,-2,3,-2,4,-3,5,-4,6,-4,7,-5,7,-5,7,-5,7,-5,6,-5,6,-4,5,-3,3,-3,2,-2,1,-1,0,0,-2,1,-3,2,0,0,-5,4,-6,4,-6,5,-7,5,-7,5,-7,5,-6,5,-5,4,-5,3,-3,3,-2,2,-1,1,0,0,1,0,2,-1,3,-2,4,-2,4,-3,5,-3,5,-3,5,-3,5,-3,5,-3,4,-3,3,-2,3,-2,0,0,0,0,0,0,0,0,0,0]"
CSI_DATA,37190,80:af:ca:27:52:2a,-54,11,0,0,0,0,0,0,0,0,0,-97,0,11,2,487855172,0,83,0,128,0,"[0,0,0,0,0,0,0,0,0,0,0,0,-2,4,-4,6,-7,9,-8,10,-9,12,-10,12,-10,12,-10,12,-9,11,-8,10,-7,8,-6,7,-5,4,-4,3,-2,0,-1,-2,0,-4,2,-6,3,-8,4,-10,4,-12,5,-14,5,-15,7,-16,6,-16,6,-15,0,0,4,-12,3,-9,2,-6,0,-3,-1,0,-2,3,-3,5,-4,7,-5,9,-5,10,-6,11,-6,11,-6,11,-6,11,-5,11,-5,10,-4,9,-3,7,-2,5,-1,3,0,1,2,-2,3,-4,4,-6,5,-8,6,-8,0,0,0,0,0,0,0,0,0,0]"
CSI_DATA,37191,80:af:ca:27:52:2a,-54,11,0,0,0,0,0,0,0,0,0,-97,0,11,2,487883792,0,83,0,128,0,"[0,0,0,0,0,0,0,0,0,0,0,0,-4,3,-7,4,-11,5,-12,6,-14,6,-14,6,-15,6,-15,5,-13,5,-12,4,-11,4,-9,3,-7,2,-5,0,-2,0,0,-2,2,-3,4,-4,6,-5,8,-7,9,-8,11,-10,12,-10,14,-11,13,-12,12,-11,0,0,9,-8,7,-6,4,-4,2,-2,-1,0,-4,2,-6,3,-8,5,-9,6,-10,7,-11,7,-11,7,-11,7,-11,8,-11,7,-10,7,-9,7,-7,5,-5,4,-3,2,0,1,2,-1,5,-2,7,-3,9,-4,10,-4,0,0,0,0,0,0,0,0,0,0]"
CSI_DATA,37192,80:af:ca:27:52:2a,-54,11,1,1,1,1,1,0,0,0,0,-97,0,11,2,487893014,0,83,1,128,0,"[0,0,0,0,0,0,0,0,0,0,0,0,-2,-2,-2,-5,-2,-7,-2,-8,-2,-9,-2,-11,-2,-11,-2,-11,-2,-11,-2,-10,-2,-8,-1,-7,-1,-5,0,-3,0,-1,0,0,1,2,2,3,2,5,2,6,3,8,3,8,4,8,4,9,4,8,4,8,0,0,2,5,2,4,1,2,0,0,0,0,-1,-2,-2,-4,-2,-5,-3,-7,-4,-8,-4,-8,-4,-8,-4,-8,-4,-8,-4,-8,-3,-7,-3,-5,-2,-4,-2,-2,-1,-1,0,0,0,1,0,2,0,3,0,4,0,5,0,0,0,0,0,0,0,0,0,0]"
CSI_DATA,37193,80:af:ca:27:52:2a,-54,11,1,1,1,1,1,0,0,0,0,-97,0,11,2,487900950,0,83,1,128,0,"[0,0,0,0,0,0,0,0,0,0,0,0,0,8,0,8,0,7,0,6,-1,4,-1,2,-1,1,-1,0,-1,-2,0,-4,0,-6,-1,-7,0,-8,0,-8,0,-9,0,-9,0,-9,-1,-8,0,-7,0,-6,0,-4,0,-3,0,-1,0,0,0,2,0,3,0,0,0,6,0,7,0,8,0,8,0,8,0,8,0,7,0,7,0,6,0,4,0,3,0,1,0,0,1,-1,1,-2,1,-4,1,-4,1,-6,2,-6,2,-6,2,-6,2,-6,1,-6,1,-5,1,-4,1,-3,0,0,0,0,0,0,0,0,0,0]"
CSI_DATA,37194,80:af:ca:27:52:2a,-54,11,0,0,0,0,0,0,0,0,0,-97,0,11,2,487913649,0,83,0,128,0,"[0,0,0,0,0,0,0,0,0,0,0,0,-13,-4,-13,-4,-12,-4,-10,-3,-7,-3,-4,-2,-1,-1,0,0,3,0,6,0,8,0,10,1,11,1,11,2,11,1,12,1,11,2,11,1,10,1,8,1,6,0,4,0,1,0,-1,0,-5,0,-8,-1,0,0,-13,-2,-15,-4,-17,-4,-17,-4,-16,-4,-15,-4,-13,-3,-11,-3,-10,-2,-7,-1,-5,0,-2,0,0,0,1,1,3,2,6,3,8,4,9,6,11,6,11,7,11,7,11,7,11,6,10,6,9,4,6,3,0,0,0,0,0,0,0,0,0,0]"
CSI_DATA,37195,80:af:ca:27:52:2a,-54,11,0,0,0,0,0,0,0,0,0,-97,0,11,2,487925708,0,83,0,128,0,"[0,0,0,0,0,0,0,0,0,0,0,0,-3,-3,-4,-6,-5,-9,-7,-10,-7,-13,-7,-13,-7,-14,-7,-14,-6,-13,-6,-12,-5,-10,-4,-9,-3,-6,-2,-4,-1,-2,0,0,1,2,2,4,3,6,4,8,5,9,6,11,7,12,7,14,8,14,7,13,0,0,5,10,4,8,3,5,1,2,0,-1,-1,-3,-2,-6,-3,-8,-4,-9,-4,-10,-4,-11,-4,-11,-4,-12,-4,-12,-4,-12,-4,-11,-4,-10,-3,-8,-3,-6,-2,-4,-2,-1,-2,1,-1,4,-1,6,-1,8,-1,8,0,0,0,0,0,0,0,0,0,0]"
CSI_DATA,37196,80:af:ca:27:52:2a,-54,11,1,1,1,1,1,0,0,0,0,-97,0,11,2,487934854,0,83,1,128,0,"[0,0,0,0,0,0,0,0,0,0,0,0,0,10,0,9,0,8,0,6,-1,4,0,2,-1,0,-1,-1,0,-3,-1,-5,-1,-7,-1,-8,-1,-10,-1,-10,-1,-10,-1,-10,-1,-10,-1,-9,-1,-8,-1,-6,0,-5,0,-3,0,-1,0,0,0,2,0,4,0,0,0,7,0,8,0,9,0,9,0,10,0,9,0,8,0,7,0,6,0,4,0,3,0,1,0,0,0,-2,0,-3,0,-5,0,-6,0,-6,1,-7,1,-7,1,-7,1,-7,0,-6,0,-6,0,-5,0,-4,0,0,0,0,0,0,0,0,0,0]"
CSI_DATA,37197,80:af:ca:27:52:2a,-55,11,1,1,1,1,1,0,0,0,0,-97,0,11,2,487942463,0,83,1,128,0,"[0,0,0,0,0,0,0,0,0,0,0,0,0,-4,0,-6,1,-7,2,-9,2,-10,2,-11,2,-11,2,-11,2,-10,2,-9,2,-8,1,-6,1,-5,0,-3,0,-1,0,0,0,2,-1,4,-2,6,-2,7,-2,8,-2,9,-2,9,-2,9,-2,9,-2,8,0,0,-1,6,0,4,0,3,0,1,0,0,0,-2,1,-4,1,-5,2,-6,2,-7,2,-8,2,-8,2,-8,2,-8,2,-8,1,-6,1,-6,0,-4,0,-3,0,-2,-1,0,-1,0,-2,1,-2,2,-3,3,-4,3,0,0,0,0,0,0,0,0,0,0]"
CSI_DATA,37198,80:af:ca:27:52:2a,-55,11,1,1,1,1,1,0,0,0,0,-97,0,11,2,487949838,0,83,1,128,0,"[0,0,0,0,0,0,0,0,0,0,0,0,-3,0,-5,0,-7,0,-8,0,-9,0,-10,0,-11,0,-11,0,-10,0,-9,0,-8,0,-7,0,-5,0,-3,0,-1,0,0,-1,2,-1,4,-1,5,-2,6,-2,8,-2,8,-2,8,-3,8,-3,8,-3,8,-2,0,0,6,-2,4,-2,2,-1,1,0,0,0,-2,0,-4,0,-5,1,-6,2,-7,2,-8,2,-8,2,-8,2,-8,2,-7,2,-6,2,-5,2,-4,1,-2,1,-1,0,0,0,1,0,2,0,3,0,4,0,4,0,0,0,0,0,0,0,0,0,0,0]"
CSI_DATA,37199,80:af:ca:27:52:2a,-54,11,1,1,1,1,1,0,0,0,0,-97,0,11,2,487974810,0,83,1,128,0,"[0,0,0,0,0,0,0,0,0,0,0,0,0,-10,0,-9,0,-7,0,-6,0,-5,0,-3,0,-1,0,0,0,2,1,3,1,5,1,6,1,7,2,8,2,8,2,8,2,8,2,7,1,6,1,5,1,4,0,2,0,1,0,0,-1,-2,-1,-3,0,0,-3,-6,-3,-7,-3,-7,-3,-8,-3,-8,-3,-7,-3,-7,-3,-6,-3,-5,-2,-4,-1,-2,-1,-1,0,0,0,1,0,2,1,3,1,4,1,5,1,5,1,5,2,5,1,5,1,5,1,4,1,3,1,2,0,0,0,0,0,0,0,0,0,0]"
CSI_DATA,37200,80:af:ca:27:52:2a,-54,11,0,0,0,0,0,0,0,0,0,-97,0,11,2,487986878,0,83,0,128,0,"[0,0,0,0,0,0,0,0,0,0,0,0,-11,9,-12,9,-11,8,-8,6,-7,4,-4,2,-2,0,0,-1,1,-3,3,-5,5,-7,6,-8,7,-9,7,-10,7,-10,8,-11,7,-10,7,-10,6,-8,5,-7,3,-6,3,-4,0,-2,0,0,-2,3,-4,6,0,0,-7,11,-9,12,-9,14,-10,14,-9,13,-9,12,-7,11,-7,9,-5,7,-4,5,-3,3,0,2,0,0,2,-1,3,-3,4,-5,6,-7,7,-8,8,-9,9,-10,9,-11,9,-10,8,-10,7,-9,6,-7,4,-6,0,0,0,0,0,0,0,0,0,0]"
CSI_DATA,37201,80:af:ca:27:52:2a,-54,11,0,0,0,0,0,0,0,0,0,-97,0,11,2,488013895,0,83,0,128,0,"[0,0,0,0,0,0,0,0,0,0,0,0,-5,-13,-4,-14,-3,-13,-3,-10,-1,-8,0,-4,0,-2,0,0,2,2,2,4,4,6,4,8,5,9,5,9,5,9,6,10,5,9,5,8,4,8,4,6,2,4,1,3,0,0,0,0,-3,-3,-5,-6,0,0,-9,-10,-10,-12,-11,-13,-11,-13,-11,-12,-10,-12,-9,-10,-8,-8,-6,-7,-5,-4,-4,-3,-1,-1,0,0,0,2,1,4,3,6,5,8,5,9,6,10,7,11,8,12,7,12,7,11,6,9,5,7,4,5,0,0,0,0,0,0,0,0,0,0]"
CSI_DATA,37202,80:af:ca:27:52:2a,-54,11,0,0,0,0,0,0,0,0,0,-97,0,11,2,488023722,0,83,0,128,0,"[0,0,0,0,0,0,0,0,0,0,0,0,1,-14,1,-14,2,-13,1,-11,1,-7,0,-5,0,-2,0,0,0,3,0,5,0,7,0,10,0,11,0,11,0,11,0,12,0,11,0,11,0,10,0,8,0,7,0,4,0,1,0,-1,-1,-4,-2,-7,0,0,-3,-13,-3,-15,-3,-17,-3,-18,-3,-17,-3,-16,-3,-14,-2,-12,-2,-10,-2,-7,-1,-5,-1,-3,0,0,0,2,0,4,0,7,0,10,0,11,0,13,0,14,0,15,0,15,0,14,0,12,0,10,0,7,0,0,0,0,0,0,0,0,0,0]"
CSI_DATA,37203,80:af:ca:27:52:2a,-55,11,1,1,1,1,1,0,0,0,0,-97,0,11,2,488101777,0,83,1,128,0,"[0,0,0,0,0,0,0,0,0,0,0,0,1,-3,3,-4,4,-4,6,-5,6,-6,7,-6,8,-6,8,-6,8,-6,7,-5,6,-4,5,-4,4,-3,2,-2,0,0,0,0,-2,2,-3,2,-4,4,-6,5,-6,6,-7,6,-7,6,-7,6,-6,6,-6,6,0,0,-4,4,-4,3,-2,2,-1,1,0,0,1,-1,2,-2,4,-3,5,-4,6,-5,6,-6,6,-6,6,-6,6,-6,6,-5,5,-4,4,-4,3,-4,2,-2,0,-2,0,-1,-2,0,-2,0,-4,0,-4,0,-5,1,0,0,0,0,0,0,0,0,0,0]"
CSI_DATA,37204,80:af:ca:27:52:2a,-54,11,1,1,1,1,1,0,0,0,0,-97,0,11,2,488108600,0,83,1,128,0,"[0,0,0,0,0,0,0,0,0,0,0,0,-4,8,-4,7,-4,6,-3,5,-2,3,-2,2,-1,0,0,-1,0,-2,1,-3,1,-5,2,-7,2,-7,3,-8,3,-8,3,-8,3,-8,2,-8,2,-7,2,-6,1,-4,1,-3,0,-1,0,0,-1,1,-1,3,0,0,-2,6,-3,7,-3,7,-3,8,-3,8,-3,7,-3,7,-2,6,-2,5,-1,4,-1,2,0,1,0,0,1,-1,1,-2,2,-3,2,-4,3,-4,3,-5,3,-5,3,-5,3,-5,3,-4,2,-4,2,-3,1,-3,0,0,0,0,0,0,0,0,0,0]"
CSI_DATA,37205,80:af:ca:27:52:2a,-53,11,1,1,1,1,1,0,0,0,0,-97,0,11,2,488131059,0,83,1,128,0,"[0,0,0,0,0,0,0,0,0,0,0,0,-10,5,-9,4,-8,3,-7,2,-5,1,-3,0,0,0,1,-1,3,-2,4,-3,6,-3,7,-4,8,-5,9,-5,9,-5,9,-5,9,-5,7,-4,7,-4,5,-3,3,-2,2,-1,0,-1,-1,0,-3,0,-5,1,0,0,-7,2,-9,3,-9,3,-9,3,-10,3,-9,3,-9,3,-7,2,-6,2,-5,1,-3,1,-1,1,0,0,1,0,3,0,4,0,5,0,6,0,7,0,7,0,7,0,7,0,6,0,5,0,5,0,3,0,0,0,0,0,0,0,0,0,0,0]"
CSI_DATA,37206,80:af:ca:27:52:2a,-54,11,1,1,1,1,1,0,0,0,0,-97,0,11,2,488139857,0,83,1,128,0,"[0,0,0,0,0,0,0,0,0,0,0,0,3,0,5,1,7,2,8,2,9,3,9,3,10,3,10,3,9,3,8,3,7,2,5,2,4,1,2,1,0,0,-1,0,-3,0,-5,-1,-6,-2,-8,-2,-9,-2,-10,-2,-10,-2,-10,-2,-10,-2,-9,-2,0,0,-7,-1,-5,-1,-3,0,-2,0,0,0,2,0,3,1,5,1,6,2,7,2,8,2,8,2,8,2,8,2,7,2,6,1,5,1,3,0,2,0,1,0,0,0,-1,-1,-2,-2,-2,-2,-3,-3,-4,-3,0,0,0,0,0,0,0,0,0,0]"
CSI_DATA,37207,80:af:ca:27:52:2a,-55,11,1,1,1,1,1,0,0,0,0,-97,0,11,2,488148709,0,83,1,128,0,"[0,0,0,0,0,0,0,0,0,0,0,0,-1,2,-2,4,-4,5,-5,6,-6,7,-6,7,-7,8,-6,7,-6,7,-6,6,-6,6,-4,4,-3,3,-2,2,-1,0,0,-1,0,-3,1,-4,2,-6,3,-7,4,-8,4,-8,4,-8,4,-8,4,-8,3,-8,0,0,2,-6,1,-4,0,-3,0,-1,0,0,-2,2,-2,3,-3,4,-3,5,-4,6,-4,6,-4,7,-4,7,-4,6,-3,6,-3,5,-2,4,-2,3,-1,2,0,1,0,0,1,0,2,-2,2,-2,2,-3,3,-4,0,0,0,0,0,0,0,0,0,0]"
CSI_DATA,37208,80:af:ca:27:52:2a,-54,11,0,0,0,0,0,0,0,0,0,-97,0,11,2,488161579,0,83,0,128,0,"[0,0,0,0,0,0,0,0,0,0,0,0,-12,-6,-12,-6,-11,-6,-9,-5,-6,-4,-4,-3,-2,-2,0,0,3,0,5,0,6,1,9,2,10,2,10,3,10,2,11,3,10,3,10,2,9,3,8,2,6,1,4,1,1,0,-1,0,-4,0,-7,-1,0,0,-13,-3,-14,-3,-16,-3,-16,-3,-16,-3,-15,-3,-13,-3,-11,-3,-10,-2,-7,-1,-5,0,-3,0,0,0,1,1,3,2,6,3,8,4,9,5,10,6,11,6,13,6,13,6,12,5,10,5,10,3,6,3,0,0,0,0,0,0,0,0,0,0]"
CSI_DATA,37209,80:af:ca:27:52:2a,-55,11,1,1,1,1,1,0,0,0,0,-97,0,11,2,488169863,0,83,1,128,0,"[0,0,0,0,0,0,0,0,0,0,0,0,2,0,4,0,6,1,7,2,8,2,8,2,9,2,9,2,8,2,8,2,7,2,6,2,4,1,2,1,0,0,-1,0,-2,0,-4,0,-6,0,-7,0,-8,0,-9,0,-10,0,-10,0,-10,0,-8,0,0,0,-6,0,-5,0,-3,0,-2,0,0,0,2,0,3,0,4,0,6,-1,6,-1,8,-1,8,-1,8,-1,8,-2,6,-2,6,-2,4,-1,3,-1,2,-1,0,-1,0,-1,-1,0,-2,0,-3,0,-4,0,-5,0,0,0,0,0,0,0,0,0,0,0]"
CSI_DATA,37210,80:af:ca:27:52:2a,-54,11,0,0,0,0,0,0,0,0,0,-97,0,11,2,488179644,0,83,0,128,0,"[0,0,0,0,0,0,0,0,0,0,0,0,13,4,13,4,12,5,9,3,6,3,3,1,0,0,0,0,-3,0,-6,0,-8,-1,-10,-2,-11,-2,-12,-2,-12,-1,-14,-2,-12,-2,-12,-1,-11,-2,-9,-1,-7,-1,-5,0,-2,0,0,0,3,0,6,0,0,0,12,0,15,0,16,0,17,0,16,0,15,0,14,0,11,0,9,0,6,0,4,0,1,0,0,0,-2,-1,-5,-1,-7,-1,-10,-2,-11,-3,-13,-3,-14,-3,-15,-3,-14,-3,-14,-2,-12,-2,-11,-1,-8,-1,0,0,0,0,0,0,0,0,0,0]"
CSI_DATA,37211,80:af:ca:27:52:2a,-55,11,1,1,1,1,1,0,0,0,0,-97,0,11,2,488189190,0,83,1,128,0,"[0,0,0,0,0,0,0,0,0,0,0,0,0,-3,2,-5,2,-6,4,-7,4,-8,5,-8,5,-8,5,-8,5,-8,4,-8,4,-6,3,-6,2,-4,2,-2,0,-1,0,0,-1,2,-2,3,-3,4,-3,6,-4,7,-4,8,-4,8,-4,8,-4,8,-4,7,0,0,-2,6,-2,4,-1,2,0,1,0,0,0,-2,2,-3,2,-4,2,-6,3,-6,4,-7,4,-7,4,-7,3,-7,3,-6,2,-6,2,-5,1,-4,0,-3,0,-2,0,-1,-1,0,-2,0,-2,1,-3,2,-4,2,0,0,0,0,0,0,0,0,0,0]"
CSI_DATA,37212,80:af:ca:27:52:2a,-54,11,1,1,1,1,1,0,0,0,0,-97,0,11,2,488198768,0,83,1,128,0,"[0,0,0,0,0,0,0,0,0,0,0,0,-3,-2,-4,-4,-6,-5,-7,-7,-7,-7,-7,-8,-7,-8,-7,-8,-7,-8,-7,-7,-6,-7,-4,-5,-3,-4,-2,-2,0,-1,0,0,2,1,3,2,4,4,5,5,6,5,7,6,7,7,7,7,7,6,7,5,0,0,4,4,3,2,2,1,0,0,0,-1,-2,-2,-2,-4,-4,-4,-4,-6,-5,-7,-5,-7,-6,-7,-5,-7,-5,-7,-5,-6,-4,-5,-4,-4,-3,-3,-2,-2,-2,-1,-1,0,0,1,0,2,0,3,0,4,0,4,0,0,0,0,0,0,0,0,0,0]"
CSI_DATA,37213,80:af:ca:27:52:2a,-54,11,1,1,1,1,1,0,0,0,0,-97,0,11,2,488206575,0,83,1,128,0,"[0,0,0,0,0,0,0,0,0,0,0,0,0,9,0,9,0,7,0,6,-1,4,0,2,0,0,-1,-1,-1,-2,-1,-4,-1,-6,-1,-8,-1,-8,-1,-9,-1,-9,-2,-9,-2,-9,-2,-8,-1,-8,-1,-6,-1,-5,0,-3,0,-1,0,0,0,1,1,3,0,0,1,6,2,7,2,8,2,8,2,8,2,8,2,7,2,6,1,5,1,4,1,2,0,1,0,0,0,-2,0,-3,-1,-4,-1,-5,-1,-6,-1,-6,-1,-6,-1,-6,-1,-6,-1,-5,-1,-5,-1,-4,-1,-4,0,0,0,0,0,0,0,0,0,0]"
CSI_DATA,37214,80:af:ca:27:52:2a,-54,11,0,0,0,0,0,0,0,0,0,-97,0,11,2,488218085,0,83,0,128,0,"[0,0,0,0,0,0,0,0,0,0,0,0,13,0,13,0,13,0,10,0,8,0,4,0,2,0,0,0,-3,1,-5,1,-8,2,-9,2,-11,3,-12,3,-11,3,-13,4,-12,3,-11,4,-10,3,-9,3,-7,2,-5,1,-3,0,0,-1,2,-3,5,-4,0,0,10,-8,12,-8,13,-9,13,-10,13,-9,13,-9,11,-8,9,-7,7,-6,5,-4,4,-4,1,-2,0,0,-2,0,-4,1,-7,3,-9,4,-10,5,-12,6,-13,7,-13,8,-13,8,-12,7,-11,6,-8,5,-7,4,0,0,0,0,0,0,0,0,0,0]"
CSI_DATA,37215,80:af:ca:27:52:2a,-55,11,1,1,1,1,1,0,0,0,0,-97,0,11,2,488227459,0,83,1,128,0,"[0,0,0,0,0,0,0,0,0,0,0,0,2,-1,5,-1,6,0,8,0,9,0,10,0,10,0,10,0,10,0,9,0,8,0,7,0,5,0,3,0,0,0,0,0,-2,0,-5,0,-7,0,-8,0,-9,0,-10,0,-10,0,-10,0,-10,0,-10,0,0,0,-8,0,-5,0,-4,0,-2,0,0,0,2,0,3,0,5,0,7,0,8,0,8,0,9,0,9,0,8,0,8,0,7,0,5,0,5,0,2,0,2,0,0,-1,0,-1,-2,-2,-3,-2,-4,-2,-5,-2,0,0,0,0,0,0,0,0,0,0]"
CSI_DATA,37216,80:af:ca:27:52:2a,-55,11,1,1,1,1,1,0,0,0,0,-97,0,11,2,488236293,0,83,1,128,0,"[0,0,0,0,0,0,0,0,0,0,0,0,2,-2,5,-2,7,-1,8,-1,10,-1,10,-1,11,-1,10,-2,10,-1,10,-1,8,-1,7,-1,5,0,3,0,1,0,0,0,-2,0,-5,1,-6,2,-8,2,-9,3,-10,3,-10,3,-10,3,-10,3,-9,3,0,0,-7,2,-5,2,-3,1,-2,0,0,0,2,-1,3,-2,5,-2,6,-2,8,-3,8,-3,8,-3,8,-3,8,-3,8,-3,6,-3,5,-2,3,-2,2,-2,1,-1,0,-1,-1,0,-2,0,-4,0,-5,0,-5,0,0,0,0,0,0,0,0,0,0,0]"
CSI_DATA,37217,80:af:ca:27:52:2a,-54,11,1,1,1,1,1,0,0,0,0,-97,0,11,2,488245355,0,83,1,128,0,"[0,0,0,0,0,0,0,0,0,0,0,0,-8,-2,-8,-2,-7,-2,-6,-2,-4,-1,-3,-1,-1,-1,0,0,2,0,3,0,4,0,6,0,7,0,7,0,8,0,8,0,8,0,7,0,6,0,5,0,4,0,2,0,1,0,0,0,-2,0,-3,0,0,0,-6,0,-7,0,-8,0,-8,0,-8,0,-8,0,-7,0,-6,0,-5,0,-4,0,-3,0,-1,0,0,0,1,0,2,0,3,0,4,0,4,0,5,0,5,0,5,0,5,0,4,0,4,0,3,0,2,0,0,0,0,0,0,0,0,0,0,0]"
CSI_DATA,37218,80:af:ca:27:52:2a,-55,11,1,1,1,1,1,0,0,0,0,-97,0,11,2,488254292,0,83,1,128,0,"[0,0,0,0,0,0,0,0,0,0,0,0,2,-2,5,-1,7,-1,8,-1,10,-1,10,0,10,0,10,0,10,0,9,0,8,0,7,0,5,0,2,0,0,0,0,0,-2,0,-5,0,-6,1,-8,1,-9,2,-10,2,-10,2,-10,2,-10,2,-9,2,0,0,-7,2,-5,1,-3,0,-2,0,0,0,2,0,3,0,5,-1,6,-2,7,-2,8,-2,8,-2,8,-2,8,-2,7,-2,6,-2,5,-2,4,-2,2,-1,1,-1,0,-1,-1,0,-2,0,-3,0,-5,0,-5,0,0,0,0,0,0,0,0,0,0,0]"
CSI_DATA,37219,80:af:ca:27:52:2a,-54,11,1,1,1,1,1,0,0,0,0,-97,0,11,2,488262563,0,83,1,128,0,"[0,0,0,0,0,0,0,0,0,0,0,0,-8,-5,-7,-5,-6,-5,-5,-4,-3,-3,-2,-2,0,-1,1,0,2,1,4,2,5,2,6,4,7,4,7,4,8,4,8,5,7,4,7,4,5,3,4,2,3,1,2,1,0,0,-1,-1,-2,-1,-4,-2,0,0,-6,-4,-7,-5,-7,-5,-8,-5,-8,-5,-7,-5,-7,-5,-6,-4,-5,-4,-4,-2,-2,-1,-1,0,0,0,0,1,1,2,2,3,2,4,3,4,3,5,3,5,3,5,3,5,2,4,2,4,2,3,1,2,0,0,0,0,0,0,0,0,0,0]"
CSI_DATA,37220,80:af:ca:27:52:2a,-54,11,0,0,0,0,0,0,0,0,0,-97,0,11,2,488271933,0,83,0,128,0,"[0,0,0,0,0,0,0,0,0,0,0,0,0,13,0,13,0,12,0,9,0,6,0,3,-1,0,-1,-1,-1,-4,-1,-6,-2,-9,-2,-11,-2,-11,-2,-12,-2,-12,-2,-13,-2,-12,-2,-11,-2,-10,-2,-9,-1,-7,-1,-4,0,-2,0,0,0,3,2,6,0,0,3,12,4,14,4,16,4,16,4,15,3,14,3,12,2,10,2,8,1,5,0,3,0,1,0,0,0,-3,0,-5,-1,-8,-1,-10,-1,-12,-1,-14,-1,-15,-2,-15,-1,-15,-2,-14,-1,-12,-1,-10,-1,-7,0,0,0,0,0,0,0,0,0,0]"
CSI_DATA,37221,80:af:ca:27:52:2a,-54,11,1,1,1,1,1,0,0,0,0,-97,0,11,2,488280901,0,83,1,128,0,"[0,0,0,0,0,0,0,0,0,0,0,0,2,2,3,3,4,5,5,7,5,8,5,9,5,9,5,9,5,9,5,8,4,7,3,5,2,4,0,2,0,1,-1,0,-2,-2,-4,-3,-5,-5,-6,-5,-7,-7,-8,-7,-8,-8,-8,-8,-8,-7,-8,-6,0,0,-5,-5,-5,-3,-2,-2,-1,-1,0,0,1,1,2,2,4,3,5,5,6,5,7,5,7,5,7,5,6,5,6,5,5,4,5,3,3,2,2,1,1,0,0,0,0,-2,-1,-2,-2,-3,-2,-4,-3,-5,0,0,0,0,0,0,0,0,0,0]"
CSI_DATA,37222,80:af:ca:27:52:2a,-55,11,1,1,1,1,1,0,0,0,0,-97,0,11,2,488289799,0,83,1,128,0,"[0,0,0,0,0,0,0,0,0,0,0,0,-3,0,-5,0,-7,0,-8,-1,-10,-2,-10,-2,-10,-2,-10,-2,-10,-2,-10,-2,-8,-2,-7,-2,-5,-1,-3,-1,-1,-1,0,-1,2,-2,4,-2,5,-2,7,-2,8,-2,8,-3,9,-3,9,-4,9,-4,8,-3,0,0,5,-2,4,-2,2,-1,1,0,0,0,-2,0,-4,2,-5,2,-6,3,-7,4,-8,5,-8,5,-8,5,-7,5,-6,5,-5,4,-5,3,-3,2,-2,2,-1,0,0,0,0,0,2,-1,2,-2,3,-2,4,-3,0,0,0,0,0,0,0,0,0,0]"
CSI_DATA,37223,80:af:ca:27:52:2a,-55,11,0,0,0,0,0,0,0,0,0,-97,0,11,2,488300576,0,83,0,128,0,"[0,0,0,0,0,0,0,0,0,0,0,0,3,0,5,1,8,3,10,3,11,4,11,4,12,5,11,5,10,4,9,4,8,3,6,3,4,1,2,1,0,0,-1,0,-2,0,-5,0,-7,-2,-9,-2,-10,-2,-13,-3,-14,-3,-16,-4,-16,-3,-15,-3,0,0,-11,-3,-8,-2,-5,-1,-2,0,0,0,2,0,4,1,6,1,8,2,9,2,10,3,10,3,10,3,11,3,10,3,9,2,8,2,6,1,4,0,2,0,0,0,-1,-2,-3,-3,-5,-5,-6,-5,-7,-6,0,0,0,0,0,0,0,0,0,0]"
CSI_DATA,37224,80:af:ca:27:52:2a,-54,11,1,1,1,1,1,0,0,0,0,-97,0,11,2,488308445,0,83,1,128,0,"[0,0,0,0,0,0,0,0,0,0,0,0,2,-2,5,-2,7,-2,8,-2,10,-2,10,-2,11,-2,10,-2,10,-2,10,-2,8,-2,7,-2,5,-1,3,0,0,0,0,0,-2,1,-5,1,-6,2,-8,2,-9,3,-10,3,-10,4,-10,4,-10,4,-9,3,0,0,-7,2,-5,2,-3,1,-2,0,0,0,2,0,3,-1,5,-2,6,-2,8,-2,8,-3,8,-3,8,-3,8,-3,8,-3,6,-2,5,-2,4,-2,2,-2,1,-1,0,-1,-2,0,-2,0,-4,0,-5,0,-5,0,0,0,0,0,0,0,0,0,0,0]"
CSI_DATA,37225,80:af:ca:27:52:2a,-54,11,1,1,1,1,1,0,0,0,0,-97,0,11,2,488318337,0,83,1,128,0,"[0,0,0,0,0,0,0,0,0,0,0,0,5,7,5,7,4,6,3,5,2,4,1,2,0,1,-1,0,-2,-1,-3,-2,-4,-4,-5,-4,-6,-6,-6,-6,-7,-6,-7,-6,-7,-6,-6,-6,-6,-4,-4,-4,-3,-3,-2,-2,-1,-1,0,0,1,1,2,1,0,0,4,3,5,4,6,4,6,4,6,4,6,4,6,4,5,3,4,3,3,2,2,1,1,0,0,0,0,-1,-1,-2,-2,-3,-3,-3,-3,-3,-4,-4,-4,-4,-4,-4,-4,-4,-4,-4,-3,-3,-3,-3,-2,-2,0,0,0,0,0,0,0,0,0,0]"
CSI_DATA,37226,80:af:ca:27:52:2a,-55,11,1,1,1,1,1,0,0,0,0,-97,0,11,2,488339228,0,83,1,128,0,"[0,0,0,0,0,0,0,0,0,0,0,0,2,2,2,5,2,6,3,8,4,9,4,10,4,10,4,10,4,10,3,9,3,8,2,7,2,5,0,3,0,1,-1,0,-2,-2,-3,-4,-4,-5,-5,-7,-6,-8,-7,-8,-7,-8,-8,-9,-8,-8,-7,-8,0,0,-5,-5,-4,-5,-2,-2,-1,-1,0,0,1,1,2,2,3,4,5,5,5,5,5,6,6,7,5,7,6,6,5,5,5,5,4,4,3,2,2,2,1,0,0,0,0,-2,-1,-2,-2,-3,-2,-5,-2,-5,0,0,0,0,0,0,0,0,0,0]"
CSI_DATA,37227,80:af:ca:27:52:2a,-54,11,1,1,1,1,1,0,0,0,0,-97,0,11,2,488347030,0,83,1,128,0,"[0,0,0,0,0,0,0,0,0,0,0,0,-7,-4,-7,-4,-6,-4,-5,-3,-3,-3,-2,-2,-1,-1,0,0,2,0,3,0,4,1,6,1,7,2,7,2,8,2,8,2,7,2,7,2,6,1,5,1,3,1,2,0,1,0,-1,0,-2,0,-3,0,0,0,-6,-1,-7,-1,-8,-1,-8,-1,-8,-1,-8,-1,-7,-1,-7,-1,-6,-1,-4,0,-3,0,-1,0,0,0,1,0,2,0,3,1,4,1,4,1,5,1,5,1,6,1,5,1,4,1,4,0,3,0,3,0,0,0,0,0,0,0,0,0,0,0]"
CSI_DATA,37228,80:af:ca:27:52:2a,-55,11,0,0,0,0,0,0,0,0,0,-97,0,11,2,488360613,0,83,0,128,0,"[0,0,0,0,0,0,0,0,0,0,0,0,-13,-2,-13,-2,-12,-2,-10,-2,-6,-2,-4,-2,-1,-1,0,-1,3,0,6,0,7,0,10,0,10,0,10,0,10,0,11,0,10,0,10,0,9,0,7,0,6,0,3,0,1,0,-2,0,-5,0,-8,0,0,0,-13,-1,-15,-1,-16,-1,-16,-2,-16,-2,-15,-1,-13,-1,-11,-1,-9,0,-6,0,-5,0,-2,0,0,0,2,1,4,2,6,3,9,3,10,5,11,5,12,6,13,5,13,6,12,5,10,5,9,3,6,2,0,0,0,0,0,0,0,0,0,0]"
CSI_DATA,37229,80:af:ca:27:52:2a,-55,11,1,1,1,1,1,0,0,0,0,-97,0,11,2,488369283,0,83,1,128,0,"[0,0,0,0,0,0,0,0,0,0,0,0,2,-2,4,-2,6,-2,8,-2,9,-3,10,-3,10,-3,10,-3,10,-2,9,-2,8,-2,7,-2,4,-1,3,-1,1,0,0,0,-2,0,-4,2,-6,2,-7,3,-8,3,-9,4,-9,4,-10,4,-9,4,-9,4,0,0,-7,3,-5,2,-3,1,-2,0,0,0,2,-1,3,-2,4,-2,6,-2,7,-3,8,-3,8,-4,8,-3,8,-4,7,-3,6,-3,5,-2,4,-2,2,-2,1,-1,0,-1,-1,0,-2,0,-4,0,-4,0,-5,0,0,0,0,0,0,0,0,0,0,0]"
CSI_DATA,37230,80:af:ca:27:52:2a,-54,11,1,1,1,1,1,0,0,0,0,-97,0,11,2,488405191,0,83,1,128,0,"[0,0,0,0,0,0,0,0,0,0,0,0,-1,-3,0,-5,0,-8,0,-9,0,-10,0,-11,0,-11,0,-11,0,-11,0,-10,0,-9,0,-8,0,-5,0,-3,0,-1,0,0,0,2,0,4,0,5,0,7,0,8,0,9,0,10,0,10,0,9,1,8,0,0,0,6,0,5,0,2,0,1,0,0,0,-2,0,-4,0,-5,-1,-8,-1,-8,-1,-9,-1,-9,-1,-9,-1,-9,-1,-8,-1,-8,-1,-6,-1,-5,0,-3,0,-2,0,0,0,0,-1,2,-1,3,-1,4,-1,5,0,0,0,0,0,0,0,0,0,0]"
CSI_DATA,37231,80:af:ca:27:52:2a,-54,11,0,0,0,0,0,0,0,0,0,-97,0,11,2,488433694,0,83,0,128,0,"[0,0,0,0,0,0,0,0,0,0,0,0,0,-4,1,-7,3,-10,3,-11,4,-13,5,-14,5,-14,5,-14,5,-13,4,-11,3,-10,3,-9,2,-6,1,-4,0,-1,0,0,0,2,0,5,0,7,0,9,0,11,-1,14,0,15,-1,16,0,16,0,15,0,0,0,11,0,9,0,5,0,2,0,0,0,-4,0,-6,0,-8,0,-10,0,-10,0,-12,0,-12,0,-13,0,-13,0,-12,0,-11,0,-10,0,-8,0,-6,-1,-4,-1,0,-1,1,-1,4,-2,6,-2,8,-2,9,0,0,0,0,0,0,0,0,0,0]"
CSI_DATA,37232,80:af:ca:27:52:2a,-54,11,1,1,1,1,1,0,0,0,0,-97,0,11,2,488442261,0,83,1,128,0,"[0,0,0,0,0,0,0,0,0,0,0,0,7,4,7,4,6,4,4,3,3,2,2,2,0,1,-1,0,-2,0,-3,-1,-5,-2,-6,-3,-7,-3,-8,-3,-8,-3,-8,-4,-8,-3,-8,-3,-7,-3,-6,-2,-4,-2,-3,-1,-1,-1,0,0,1,0,3,0,0,0,6,1,7,2,7,2,8,2,8,2,7,2,7,2,6,2,5,1,4,1,2,0,1,0,0,-1,-1,-1,-2,-1,-3,-2,-4,-2,-4,-2,-5,-3,-5,-3,-6,-3,-5,-3,-5,-2,-4,-2,-4,-2,-3,-1,0,0,0,0,0,0,0,0,0,0]"
CSI_DATA,37233,80:af:ca:27:52:2a,-54,11,0,0,0,0,0,0,0,0,0,-97,0,11,2,488454538,0,83,0,128,0,"[0,0,0,0,0,0,0,0,0,0,0,0,0,13,0,13,-1,12,0,9,-1,6,0,2,0,0,0,-2,0,-5,0,-7,0,-10,0,-12,0,-12,0,-13,0,-12,0,-14,0,-12,0,-11,0,-11,0,-9,0,-7,0,-4,0,-1,-1,0,-1,4,-2,8,0,0,-4,13,-5,15,-6,17,-6,16,-6,15,-5,14,-5,13,-4,10,-3,8,-2,6,0,4,0,1,0,0,2,-1,4,-3,5,-5,7,-7,9,-8,10,-9,11,-10,11,-10,11,-10,10,-10,9,-8,7,-7,5,-6,0,0,0,0,0,0,0,0,0,0]"
CSI_DATA,37234,80:af:ca:27:52:2a,-54,11,1,1,1,1,1,0,0,0,0,-97,0,11,2,488480202,0,83,1,128,0,"[0,0,0,0,0,0,0,0,0,0,0,0,2,0,5,0,7,0,8,0,9,0,10,0,11,0,10,0,10,0,10,0,9,0,8,0,5,0,3,0,1,0,0,0,-2,0,-5,0,-7,0,-8,0,-10,1,-10,0,-11,1,-11,1,-11,1,-10,1,0,0,-8,0,-6,0,-4,0,-2,0,0,0,2,0,3,0,5,0,7,-1,8,-1,9,-1,9,-1,9,-1,9,-1,8,-1,7,-1,6,-1,4,-1,2,-1,1,-1,0,-1,-1,0,-2,0,-4,0,-5,-1,-5,-1,0,0,0,0,0,0,0,0,0,0]"
CSI_DATA,37235,80:af:ca:27:52:2a,-55,11,1,1,1,1,1,0,0,0,0,-97,0,11,2,488487111,0,83,1,128,0,"[0,0,0,0,0,0,0,0,0,0,0,0,-2,-2,-3,-4,-3,-5,-4,-7,-4,-8,-5,-9,-5,-10,-4,-10,-4,-9,-4,-9,-3,-8,-2,-7,-2,-5,-1,-3,0,-2,0,0,1,1,2,2,2,4,4,5,5,6,5,7,5,8,5,8,5,8,5,7,0,0,4,5,2,3,2,2,0,0,0,0,-1,-2,-2,-3,-2,-5,-4,-6,-4,-7,-5,-8,-5,-8,-5,-8,-5,-8,-5,-7,-4,-6,-4,-5,-3,-4,-2,-2,-2,-1,-1,0,0,0,0,2,0,2,0,4,0,4,0,0,0,0,0,0,0,0,0,0]"
CSI_DATA,37236,80:af:ca:27:52:2a,-55,11,1,1,1,1,1,0,0,0,0,-97,0,11,2,488496425,0,83,1,128,0,"[0,0,0,0,0,0,0,0,0,0,0,0,2,0,4,0,6,0,8,0,8,0,9,0,10,0,9,0,9,1,8,0,8,0,6,0,4,0,2,0,0,0,-1,0,-2,0,-4,0,-6,0,-8,0,-8,0,-9,0,-10,0,-10,0,-10,0,-9,1,0,0,-6,0,-5,0,-3,0,-2,0,0,0,2,0,4,0,5,0,6,0,7,-1,8,-1,8,-1,8,-1,8,-1,7,-1,6,-1,5,-1,4,-1,2,-1,1,-1,0,-1,-1,-1,-2,-1,-4,-1,-4,-1,-5,-1,0,0,0,0,0,0,0,0,0,0]"
CSI_DATA,37237,80:af:ca:27:52:2a,-54,11,1,1,1,1,1,0,0,0,0,-97,0,11,2,488515735,0,83,1,128,0,"[0,0,0,0,0,0,0,0,0,0,0,0,3,-8,3,-8,3,-7,2,-6,2,-4,1,-2,0,-1,0,0,0,2,-1,3,-1,5,-2,6,-2,7,-2,8,-2,8,-3,8,-2,8,-2,7,-2,6,-2,5,-1,3,-1,2,0,1,0,0,0,-2,0,-3,0,0,1,-6,1,-7,1,-8,1,-8,1,-8,1,-8,1,-7,1,-7,1,-6,0,-5,0,-3,0,-2,0,0,-1,0,-1,2,-2,2,-2,3,-2,4,-2,5,-2,5,-2,5,-2,5,-2,5,-2,4,-2,3,-1,3,0,0,0,0,0,0,0,0,0,0]"
CSI_DATA,37238,80:af:ca:27:52:2a,-54,11,1,1,1,1,1,0,0,0,0,-97,0,11,2,488537417,0,83,1,128,0,"[0,0,0,0,0,0,0,0,0,0,0,0,0,2,0,5,0,6,-1,8,-2,9,-2,10,-2,10,-2,10,-2,10,-2,9,-2,8,-1,6,-1,5,-1,2,0,0,-1,-1,0,-2,0,-5,0,-6,0,-8,0,-9,0,-10,-1,-10,-1,-10,-1,-10,-1,-9,0,0,-1,-7,0,-5,0,-3,0,-2,0,0,0,2,0,3,0,5,0,6,0,8,0,8,0,8,0,8,0,8,0,8,0,7,0,5,0,4,0,2,0,1,0,0,0,-1,0,-2,0,-4,0,-5,0,-5,0,0,0,0,0,0,0,0,0,0]"
CSI_DATA,37239,80:af:ca:27:52:2a,-54,11,1,1,1,1,1,0,0,0,0,-97,0,11,2,488544412,0,83,1,128,0,"[0,0,0,0,0,0,0,0,0,0,0,0,-8,-2,-8,-2,-6,-2,-6,-2,-4,-1,-3,-1,-1,-1,0,-1,1,-1,3,0,4,0,5,0,6,0,7,0,7,0,8,0,7,-1,7,-1,6,-1,5,-1,4,0,2,0,1,0,0,0,-2,0,-3,0,0,0,-6,1,-6,1,-7,2,-7,2,-8,2,-7,2,-7,2,-6,1,-5,1,-4,1,-3,1,-1,0,0,0,1,0,2,0,3,-1,4,-1,4,-1,5,-1,5,-1,5,-1,5,-1,4,-1,4,-1,3,-1,3,-1,0,0,0,0,0,0,0,0,0,0]"
CSI_DATA,37240,80:af:ca:27:52:2a,-55,11,1,1,1,1,1,0,0,0,0,-97,0,11,2,488553166,0,83,1,128,0,"[0,0,0,0,0,0,0,0,0,0,0,0,2,2,3,4,4,6,5,8,5,10,5,10,5,11,5,11,5,10,5,10,4,9,3,8,2,5,1,3,0,1,-1,0,-2,-2,-3,-4,-5,-6,-5,-8,-7,-8,-7,-10,-8,-10,-8,-10,-8,-10,-8,-9,0,0,-6,-7,-4,-5,-3,-3,-2,-1,0,0,0,2,2,3,2,5,4,7,5,8,5,8,5,9,5,9,5,9,5,8,4,7,4,5,3,4,2,2,1,1,0,0,0,-2,0,-3,0,-4,-1,-5,-1,-6,0,0,0,0,0,0,0,0,0,0]"
CSI_DATA,37241,80:af:ca:27:52:2a,-55,11,1,1,1,1,1,0,0,0,0,-97,0,11,2,488562217,0,83,1,128,0,"[0,0,0,0,0,0,0,0,0,0,0,0,2,-1,4,0,7,0,8,0,9,0,10,0,10,0,10,0,10,0,9,0,8,0,7,0,4,0,2,0,0,0,0,0,-2,0,-4,0,-7,0,-8,0,-9,0,-9,1,-10,1,-11,1,-10,1,-9,1,0,0,-7,0,-5,0,-3,0,-2,0,0,0,2,0,4,0,5,0,7,-1,7,-1,8,-1,9,-1,8,-1,8,-1,7,-1,7,-1,5,-1,4,-1,2,-1,1,-1,0,-1,-1,-1,-2,-1,-4,-1,-4,-1,-5,-1,0,0,0,0,0,0,0,0,0,0]"
CSI_DATA,37242,80:af:ca:27:52:2a,-54,11,0,0,0,0,0,0,0,0,0,-97,0,11,2,488572926,0,83,0,128,0,"[0,0,0,0,0,0,0,0,0,0,0,0,1,-4,4,-6,8,-8,8,-9,10,-10,10,-10,11,-11,11,-10,9,-9,9,-9,8,-8,7,-7,4,-4,3,-2,0,0,0,0,-1,2,-3,4,-4,7,-6,8,-6,10,-8,12,-8,13,-9,15,-8,15,-8,14,0,0,-6,10,-5,8,-3,5,-1,2,0,0,0,-3,2,-6,3,-8,4,-9,4,-10,5,-11,5,-11,5,-12,5,-12,5,-12,4,-10,3,-10,2,-8,1,-6,0,-3,0,-1,-2,0,-4,3,-5,5,-6,7,-6,8,0,0,0,0,0,0,0,0,0,0]"
CSI_DATA,37243,80:af:ca:27:52:2a,-54,11,1,1,1,1,1,0,0,0,0,-97,0,11,2,488583853,0,83,1,128,0,"[0,0,0,0,0,0,0,0,0,0,0,0,2,-11,2,-10,2,-8,1,-7,1,-5,1,-3,0,0,0,1,-1,3,-1,5,-2,7,-3,8,-3,9,-3,10,-4,10,-4,10,-4,10,-3,9,-3,8,-2,6,-1,4,-1,2,0,0,0,-1,1,-3,2,-5,0,0,3,-7,4,-8,5,-9,5,-9,5,-10,5,-9,4,-8,3,-7,3,-6,1,-5,1,-3,0,-2,-1,0,-2,0,-3,1,-5,2,-5,3,-6,3,-6,3,-6,3,-6,4,-6,3,-6,3,-5,3,-5,2,-3,2,0,0,0,0,0,0,0,0,0,0]"
CSI_DATA,37244,80:af:ca:27:52:2a,-54,11,0,0,0,0,0,0,0,0,0,-97,0,11,2,488623205,0,83,0,128,0,"[0,0,0,0,0,0,0,0,0,0,0,0,-8,10,-9,9,-8,8,-7,6,-5,3,-3,1,-2,0,0,-2,0,-4,2,-6,3,-7,4,-9,4,-10,5,-10,4,-10,5,-11,5,-10,4,-9,4,-8,3,-7,2,-5,1,-3,0,-1,-1,0,-2,3,-3,7,0,0,-7,11,-7,12,-8,14,-8,14,-8,13,-7,12,-7,11,-5,9,-4,7,-3,5,-2,3,0,1,0,0,2,-1,3,-3,5,-5,7,-7,8,-8,9,-9,10,-10,10,-10,10,-10,9,-10,8,-8,7,-7,5,-6,0,0,0,0,0,0,0,0,0,0]"
CSI_DATA,37245,80:af:ca:27:52:2a,-54,11,0,0,0,0,0,0,0,0,0,-97,0,11,2,488636597,0,83,0,128,0,"[0,0,0,0,0,0,0,0,0,0,0,0,0,-15,1,-15,1,-14,1,-11,1,-8,0,-5,0,-2,0,0,0,3,0,5,0,8,0,10,0,11,0,12,0,11,0,13,0,12,0,10,0,10,0,9,0,6,0,5,0,1,0,-1,-1,-5,-1,-8,0,0,-2,-14,-2,-15,-2,-18,-2,-17,-2,-17,-2,-16,-2,-15,-2,-12,-2,-10,-1,-7,-1,-5,-1,-3,-1,0,-1,2,-1,5,0,6,-1,10,-1,11,-1,13,-1,14,0,15,-1,14,0,13,-1,12,0,10,0,8,0,0,0,0,0,0,0,0,0,0]"
CSI_DATA,37246,80:af:ca:27:52:2a,-55,11,1,1,1,1,1,0,0,0,0,-97,0,11,2,488646359,0,83,1,128,0,"[0,0,0,0,0,0,0,0,0,0,0,0,0,-4,0,-6,1,-7,2,-9,2,-9,2,-11,2,-11,2,-11,2,-10,2,-9,2,-8,2,-7,1,-5,0,-3,0,-1,0,0,0,2,0,4,-1,6,-1,7,-1,9,-1,9,-1,9,-1,9,-1,9,-1,9,0,0,0,7,0,4,0,3,0,1,0,0,0,-2,0,-4,0,-5,0,-7,0,-8,0,-9,1,-9,1,-9,0,-9,0,-8,0,-7,0,-6,0,-5,0,-3,0,-2,0,0,-1,0,-1,1,-2,2,-2,3,-2,4,0,0,0,0,0,0,0,0,0,0]"
CSI_DATA,37247,80:af:ca:27:52:2a,-54,11,0,0,0,0,0,0,0,0,0,-97,0,11,2,488658641,0,83,0,128,0,"[0,0,0,0,0,0,0,0,0,0,0,0,4,1,7,4,9,6,10,7,11,8,12,9,12,9,11,9,10,8,9,7,7,6,6,5,4,3,2,2,0,1,-2,-1,-4,-2,-6,-3,-8,-5,-10,-7,-11,-7,-13,-8,-14,-8,-15,-10,-15,-9,-14,-9,0,0,-10,-6,-8,-5,-5,-3,-3,-1,0,1,2,2,5,4,6,5,7,6,8,7,9,8,9,8,9,8,10,8,9,7,8,6,8,5,6,4,5,2,3,1,1,-1,-1,-3,-3,-5,-4,-8,-5,-9,-6,-10,0,0,0,0,0,0,0,0,0,0]"
CSI_DATA,37248,80:af:ca:27:52:2a,-54,11,0,0,0,0,0,0,0,0,0,-97,0,11,2,488668639,0,83,0,128,0,"[0,0,0,0,0,0,0,0,0,0,0,0,1,13,1,13,0,13,0,10,0,7,0,4,-1,1,-2,-1,-3,-3,-3,-6,-4,-8,-4,-10,-5,-10,-5,-10,-5,-10,-6,-12,-5,-11,-5,-10,-4,-10,-4,-8,-3,-6,-2,-4,0,-2,0,0,3,3,4,6,0,0,7,10,9,11,10,13,10,13,10,12,9,11,8,10,6,8,6,6,4,4,3,3,1,0,0,0,-1,-3,-3,-5,-4,-6,-6,-9,-6,-10,-7,-11,-8,-13,-9,-13,-9,-12,-8,-11,-7,-10,-6,-8,-5,-6,0,0,0,0,0,0,0,0,0,0]"
CSI_DATA,37249,80:af:ca:27:52:2a,-54,11,0,0,0,0,0,0,0,0,0,-97,0,11,2,488679867,0,83,0,128,0,"[0,0,0,0,0,0,0,0,0,0,0,0,-11,6,-12,5,-11,5,-9,4,-7,2,-5,0,-2,0,0,-2,1,-4,3,-5,5,-6,6,-8,7,-8,7,-9,7,-9,8,-10,7,-9,6,-9,6,-8,5,-6,4,-5,2,-3,0,-1,0,0,-2,4,-4,6,0,0,-7,11,-8,13,-9,14,-9,14,-8,14,-8,13,-6,11,-5,10,-5,8,-3,5,-2,4,0,1,0,0,2,-2,3,-5,4,-6,5,-9,7,-10,7,-11,8,-12,8,-13,8,-12,7,-12,6,-10,5,-9,3,-7,0,0,0,0,0,0,0,0,0,0]"
CSI_DATA,37250,80:af:ca:27:52:2a,-55,11,1,1,1,1,1,0,0,0,0,-97,0,11,2,488689416,0,83,1,128,0,"[0,0,0,0,0,0,0,0,0,0,0,0,-1,-4,0,-6,0,-7,0,-9,0,-10,0,-11,0,-11,0,-11,1,-10,0,-9,0,-9,0,-7,0,-5,0,-3,0,-1,0,0,0,2,0,4,0,7,0,7,0,9,0,9,0,9,0,10,0,9,0,9,0,0,0,7,0,4,0,2,0,0,0,-1,0,-2,0,-4,0,-6,0,-8,0,-9,0,-9,0,-9,0,-9,0,-9,0,-9,0,-8,0,-6,0,-5,0,-3,-1,-2,-1,0,-1,0,-1,2,-2,3,-2,4,-2,4,0,0,0,0,0,0,0,0,0,0]"
CSI_DATA,37251,80:af:ca:27:52:2a,-54,11,1,1,1,1,1,0,0,0,0,-97,0,11,2,488698437,0,83,1,128,0,"[0,0,0,0,0,0,0,0,0,0,0,0,-9,2,-9,1,-8,1,-6,0,-5,0,-3,0,-1,-1,0,-1,2,-2,3,-2,5,-3,6,-4,7,-4,8,-4,8,-4,8,-4,7,-4,6,-4,6,-3,5,-3,4,-2,2,-1,0,0,-1,0,-2,1,-3,2,0,0,-6,3,-6,4,-7,4,-8,4,-8,4,-7,4,-6,4,-6,4,-5,3,-4,2,-2,1,-1,1,0,0,1,0,2,-1,3,-1,4,-2,5,-2,5,-2,5,-3,5,-3,5,-3,5,-2,4,-2,4,-2,2,-2,0,0,0,0,0,0,0,0,0,0]"
CSI_DATA,37252,80:af:ca:27:52:2a,-54,11,1,1,1,1,1,0,0,0,0,-97,0,11,2,488705789,0,83,1,128,0,"[0,0,0,0,0,0,0,0,0,0,0,0,0,-10,0,-9,0,-7,0,-6,0,-5,0,-3,0,-1,0,0,0,2,0,3,1,5,1,6,1,7,1,8,1,8,1,8,1,8,1,7,1,6,1,5,1,4,0,2,0,1,0,0,-1,-2,-1,-3,0,0,-2,-6,-3,-7,-3,-7,-3,-8,-3,-8,-3,-7,-3,-7,-2,-6,-2,-5,-2,-4,-1,-2,-1,-1,0,0,0,1,0,2,0,3,1,4,1,5,1,5,1,5,1,5,1,5,1,5,1,4,1,3,1,2,0,0,0,0,0,0,0,0,0,0]"
CSI_DATA,37253,80:af:ca:27:52:2a,-54,11,0,0,0,0,0,0,0,0,0,-97,0,11,2,488718901,0,83,0,128,0,"[0,0,0,0,0,0,0,0,0,0,0,0,-3,14,-4,13,-4,12,-3,9,-3,6,-2,3,-1,0,0,-3,0,-5,0,-7,0,-10,1,-11,1,-12,2,-12,1,-12,2,-14,2,-12,1,-11,1,-10,0,-9,0,-7,0,-5,0,-1,-1,0,-1,5,-2,8,0,0,-4,13,-5,15,-5,16,-5,16,-5,15,-5,15,-4,13,-3,10,-2,9,-1,6,0,5,0,2,0,0,2,-2,3,-5,4,-6,5,-9,7,-10,8,-11,9,-12,9,-13,9,-12,8,-12,7,-10,5,-9,4,-7,0,0,0,0,0,0,0,0,0,0]"
CSI_DATA,37254,80:af:ca:27:52:2a,-55,11,1,1,1,1,1,0,0,0,0,-97,0,11,2,488726804,0,83,1,128,0,"[0,0,0,0,0,0,0,0,0,0,0,0,-4,0,-6,0,-8,0,-9,0,-10,0,-11,-1,-11,-1,-11,-1,-10,-1,-9,-1,-8,-1,-6,-1,-4,0,-3,0,-1,0,0,0,2,0,4,0,6,0,7,0,8,0,9,0,9,0,9,0,9,0,8,0,0,0,6,0,4,0,2,0,1,0,0,0,-2,-1,-4,-1,-6,-2,-6,-2,-8,-2,-8,-2,-8,-2,-8,-2,-8,-2,-8,-2,-6,-2,-6,-1,-4,-1,-3,0,-2,0,0,0,0,0,1,1,2,2,3,2,3,3,0,0,0,0,0,0,0,0,0,0]"
CSI_DATA,37255,80:af:ca:27:52:2a,-54,11,1,1,1,1,1,0,0,0,0,-97,0,11,2,488735504,0,83,1,128,0,"[0,0,0,0,0,0,0,0,0,0,0,0,3,9,3,8,3,7,2,6,1,5,0,3,0,1,-1,0,-2,-2,-3,-3,-5,-5,-5,-6,-6,-7,-6,-7,-6,-7,-7,-7,-6,-7,-6,-7,-5,-6,-5,-5,-3,-3,-2,-2,-1,-1,0,0,2,1,3,2,0,0,5,3,6,5,7,5,7,5,7,5,7,5,7,4,6,3,5,3,3,2,2,1,1,0,0,-1,-1,-1,-2,-2,-3,-3,-5,-4,-5,-4,-5,-5,-6,-5,-6,-5,-6,-4,-5,-4,-5,-3,-4,-3,-3,-2,0,0,0,0,0,0,0,0,0,0]"
CSI_DATA,37256,80:af:ca:27:52:2a,-55,11,0,0,0,0,0,0,0,0,0,-97,0,11,2,488748718,0,83,0,128,0,"[0,0,0,0,0,0,0,0,0,0,0,0,3,-1,6,0,9,1,11,1,13,2,13,3,13,3,13,3,12,3,11,3,9,2,8,2,5,1,3,1,1,0,-1,0,-3,0,-6,0,-8,-1,-10,-1,-12,-1,-14,-2,-15,-2,-17,-3,-17,-2,-16,-2,0,0,-12,-2,-10,-1,-7,-1,-3,0,0,0,3,1,5,1,7,2,9,2,10,2,11,3,11,3,12,3,12,3,12,3,11,2,10,1,8,1,6,0,4,-1,1,-2,-2,-3,-4,-4,-6,-5,-8,-6,-8,-7,0,0,0,0,0,0,0,0,0,0]"
CSI_DATA,37257,80:af:ca:27:52:2a,-55,11,0,0,0,0,0,0,0,0,0,-97,0,11,2,488762479,0,83,0,128,0,"[0,0,0,0,0,0,0,0,0,0,0,0,0,3,0,6,0,9,0,11,0,13,0,13,0,14,0,13,0,12,0,11,0,9,0,8,0,5,0,2,0,0,0,0,0,-3,0,-5,0,-8,0,-10,0,-12,0,-14,0,-15,0,-17,0,-17,0,-16,0,0,0,-12,0,-9,0,-6,0,-2,0,0,-1,2,-2,4,-2,6,-3,8,-3,9,-4,10,-4,10,-4,11,-5,11,-4,10,-4,9,-3,9,-3,7,-1,5,0,2,0,0,1,0,3,-2,5,-4,6,-5,7,-6,0,0,0,0,0,0,0,0,0,0]"
CSI_DATA,37258,80:af:ca:27:52:2a,-54,11,1,1,1,1,1,0,0,0,0,-97,0,11,2,488771905,0,83,1,128,0,"[0,0,0,0,0,0,0,0,0,0,0,0,-8,-7,-7,-7,-6,-6,-5,-5,-3,-4,-2,-2,0,-1,0,0,2,1,3,2,5,3,6,4,7,5,7,5,7,5,8,5,7,5,7,4,6,4,5,3,4,2,2,1,1,0,0,0,-2,-1,-4,-2,0,0,-6,-4,-7,-4,-8,-5,-8,-5,-8,-5,-8,-5,-7,-4,-6,-4,-5,-3,-4,-2,-3,-1,-1,0,0,0,0,1,1,2,2,2,3,3,4,4,4,4,4,4,4,4,4,4,4,4,3,3,2,2,2,2,0,0,0,0,0,0,0,0,0,0]"
CSI_DATA,37259,80:af:ca:27:52:2a,-55,11,1,1,1,1,1,0,0,0,0,-97,0,11,2,488779664,0,83,1,128,0,"[0,0,0,0,0,0,0,0,0,0,0,0,-3,-2,-4,-4,-6,-5,-6,-6,-6,-7,-6,-8,-7,-8,-7,-8,-6,-8,-6,-7,-5,-6,-4,-5,-3,-4,-2,-2,0,-1,0,0,2,2,3,3,4,4,4,5,5,6,6,6,6,6,6,6,6,6,5,6,0,0,4,4,2,3,2,1,0,0,0,-1,-1,-2,-2,-4,-3,-5,-4,-6,-4,-6,-4,-7,-4,-7,-4,-7,-4,-7,-4,-6,-4,-6,-3,-4,-2,-4,-2,-2,-2,-1,-1,0,0,1,0,2,0,3,0,4,0,4,0,0,0,0,0,0,0,0,0,0]"
CSI_DATA,37260,80:af:ca:27:52:2a,-54,11,0,0,0,0,0,0,0,0,0,-97,0,11,2,488806040,0,83,0,128,0,"[0,0,0,0,0,0,0,0,0,0,0,0,-3,-3,-5,-6,-6,-9,-7,-10,-8,-12,-8,-12,-9,-13,-8,-13,-8,-12,-7,-11,-7,-10,-5,-9,-4,-6,-3,-4,-1,-2,1,-1,2,1,3,3,5,5,7,6,9,7,11,9,11,9,12,11,13,11,12,10,0,0,9,7,7,6,5,4,2,2,-1,-1,-3,-3,-5,-4,-7,-6,-8,-7,-9,-7,-10,-9,-10,-9,-10,-9,-11,-9,-10,-9,-10,-8,-9,-7,-7,-6,-5,-4,-4,-2,-2,0,1,2,2,4,4,6,5,7,6,8,0,0,0,0,0,0,0,0,0,0]"
CSI_DATA,37261,80:af:ca:27:52:2a,-54,11,0,0,0,0,0,0,0,0,0,-97,0,11,2,488817444,0,83,0,128,0,"[0,0,0,0,0,0,0,0,0,0,0,0,2,-4,5,-5,8,-6,9,-8,11,-8,12,-7,12,-7,12,-7,11,-7,10,-6,8,-5,7,-4,5,-3,3,-1,0,0,-1,0,-3,1,-5,3,-8,3,-9,4,-10,5,-13,6,-13,7,-15,7,-15,8,-14,7,0,0,-11,5,-8,4,-5,2,-2,1,1,0,3,-1,6,-1,8,-2,9,-3,10,-3,12,-3,12,-3,12,-3,12,-3,12,-3,11,-3,10,-3,8,-2,5,-2,3,-2,0,-2,-3,-3,-5,-3,-7,-4,-9,-4,-10,-4,0,0,0,0,0,0,0,0,0,0]"
CSI_DATA,37262,80:af:ca:27:52:2a,-54,11,1,1,1,1,1,0,0,0,0,-97,0,11,2,488827298,0,83,1,128,0,"[0,0,0,0,0,0,0,0,0,0,0,0,0,-3,2,-5,4,-5,5,-6,5,-7,6,-8,7,-8,7,-8,7,-8,6,-8,5,-7,5,-5,3,-4,2,-2,0,-1,0,0,-1,2,-2,3,-3,5,-4,5,-5,7,-5,8,-5,8,-5,8,-5,8,-5,8,0,0,-3,5,-2,4,-2,2,-1,1,0,0,0,-1,1,-3,2,-5,3,-5,3,-7,4,-8,5,-8,4,-8,4,-8,4,-7,3,-6,2,-5,2,-4,1,-3,0,-2,0,-1,-1,0,-2,0,-2,1,-3,2,-4,2,0,0,0,0,0,0,0,0,0,0]"
CSI_DATA,37263,80:af:ca:27:52:2a,-54,11,1,1,1,1,1,0,0,0,0,-97,0,11,2,488862647,0,83,1,128,0,"[0,0,0,0,0,0,0,0,0,0,0,0,-2,2,-5,2,-6,3,-8,4,-8,4,-9,5,-10,5,-10,5,-9,5,-8,4,-8,4,-7,3,-5,2,-3,0,-1,0,0,-1,1,-2,2,-3,5,-4,5,-5,6,-5,7,-6,7,-7,8,-7,7,-7,6,-6,0,0,5,-5,3,-3,2,-2,0,-1,0,0,-2,0,-3,2,-5,2,-6,3,-7,4,-7,5,-8,5,-8,5,-8,5,-7,4,-6,3,-5,3,-4,2,-2,1,-1,0,0,0,0,0,2,0,2,-1,4,-1,5,-2,0,0,0,0,0,0,0,0,0,0]"
CSI_DATA,37264,80:af:ca:27:52:2a,-55,11,0,0,0,0,0,0,0,0,0,-97,0,11,2,488890286,0,83,0,128,0,"[0,0,0,0,0,0,0,0,0,0,0,0,0,2,0,6,0,9,0,11,0,13,0,13,0,14,0,13,0,12,0,11,0,9,0,8,0,5,0,3,0,0,0,0,-1,-2,-1,-5,-1,-7,-2,-9,-3,-11,-3,-14,-4,-14,-3,-16,-4,-16,-4,-15,0,0,-3,-11,-2,-8,-1,-5,0,-2,0,0,0,2,0,5,1,6,1,8,2,9,2,11,2,11,2,11,2,11,2,10,2,10,2,8,1,7,1,4,0,2,0,0,0,-2,0,-4,0,-7,0,-9,0,-10,0,0,0,0,0,0,0,0,0,0]"
CSI_DATA,37265,80:af:ca:27:52:2a,-54,11,1,1,1,1,1,0,0,0,0,-97,0,11,2,488898316,0,83,1,128,0,"[0,0,0,0,0,0,0,0,0,0,0,0,2,-1,5,-2,7,-1,9,-1,10,-1,11,-1,11,-1,11,-1,11,-1,10,0,9,-1,8,0,5,0,3,0,1,0,0,0,-2,0,-5,0,-7,0,-8,1,-10,1,-11,2,-11,2,-11,2,-11,2,-10,2,0,0,-8,1,-5,0,-4,0,-2,0,0,0,2,0,3,0,5,0,7,0,8,-1,8,-1,9,-1,9,0,8,0,8,-1,7,0,6,-1,4,0,2,-1,1,0,0,-1,-1,-1,-2,-1,-3,-1,-5,-1,-5,-2,0,0,0,0,0,0,0,0,0,0]"
CSI_DATA,37266,80:af:ca:27:52:2a,-54,11,1,1,1,1,1,0,0,0,0,-97,0,11,2,488905897,0,83,1,128,0,"[0,0,0,0,0,0,0,0,0,0,0,0,2,-8,2,-7,2,-6,2,-5,1,-4,1,-3,0,-1,0,0,0,1,-1,3,-1,4,-1,5,-1,6,-1,7,-1,7,-1,7,-1,7,-1,6,-1,6,-1,5,-1,3,-1,2,0,1,0,0,0,-1,0,-3,0,0,0,-5,0,-6,0,-7,0,-7,0,-7,0,-7,0,-7,0,-6,0,-5,0,-4,0,-3,0,-2,0,0,-1,0,-1,1,-1,2,-1,3,-1,4,-2,4,-2,4,-2,4,-2,4,-1,4,-1,4,-1,3,-1,2,0,0,0,0,0,0,0,0,0,0]"
CSI_DATA,37267,80:af:ca:27:52:2a,-54,11,0,0,0,0,0,0,0,0,0,-97,0,11,2,488937538,0,83,0,128,0,"[0,0,0,0,0,0,0,0,0,0,0,0,-8,10,-9,10,-8,10,-6,8,-5,5,-3,3,-2,0,0,-1,0,-3,1,-6,2,-8,3,-10,3,-10,3,-11,3,-11,3,-13,3,-12,2,-11,3,-10,2,-9,1,-7,0,-5,0,-3,0,0,0,3,0,6,0,0,-1,13,-1,14,-1,16,-1,16,-2,16,-1,15,-1,13,0,11,0,9,0,6,0,4,0,2,0,0,0,-3,0,-5,0,-7,1,-10,2,-12,2,-13,2,-14,1,-15,2,-14,1,-14,1,-13,0,-10,0,-8,0,0,0,0,0,0,0,0,0,0]"
CSI_DATA,37268,80:af:ca:27:52:2a,-54,11,1,1,1,1,1,0,0,0,0,-97,0,11,2,488945546,0,83,1,128,0,"[0,0,0,0,0,0,0,0,0,0,0,0,7,3,6,3,5,3,5,3,3,2,2,1,0,1,0,0,-2,0,-3,-1,-5,-2,-6,-2,-6,-3,-7,-3,-7,-3,-7,-3,-7,-3,-7,-3,-6,-3,-5,-2,-4,-2,-3,-1,-1,0,0,0,1,0,2,1,0,0,5,2,6,2,6,3,7,3,7,3,7,3,6,3,5,2,5,2,4,1,2,1,1,0,0,0,0,-1,-1,-2,-2,-3,-3,-3,-4,-4,-4,-4,-4,-4,-4,-4,-4,-4,-4,-4,-3,-3,-3,-3,-3,-3,0,0,0,0,0,0,0,0,0,0]"
CSI_DATA,37269,80:af:ca:27:52:2a,-55,11,1,1,1,1,1,0,0,0,0,-97,0,11,2,488955970,0,83,1,128,0,"[0,0,0,0,0,0,0,0,0,0,0,0,-3,0,-5,0,-8,-2,-9,-2,-10,-2,-11,-3,-11,-3,-11,-2,-11,-3,-10,-2,-9,-2,-8,-2,-5,-2,-4,-1,-2,-1,0,-1,2,0,4,0,6,0,8,0,8,0,10,0,10,0,10,0,10,0,10,0,0,0,7,0,5,0,3,0,1,0,0,0,-2,0,-4,0,-6,0,-8,0,-8,0,-9,0,-10,0,-10,0,-9,0,-8,0,-8,0,-6,0,-5,0,-3,0,-2,0,0,0,0,0,2,0,2,0,4,0,5,0,0,0,0,0,0,0,0,0,0,0]"
CSI_DATA,37270,80:af:ca:27:52:2a,-55,11,1,1,1,1,1,0,0,0,0,-97,0,11,2,488965124,0,83,1,128,0,"[0,0,0,0,0,0,0,0,0,0,0,0,-3,0,-5,0,-7,-1,-8,-2,-10,-2,-10,-2,-11,-2,-11,-2,-10,-2,-10,-2,-9,-2,-8,-1,-5,-1,-4,-1,-2,0,0,0,1,0,3,0,5,0,7,0,8,0,9,0,10,0,10,0,10,0,9,0,0,0,7,0,5,0,3,0,1,0,0,0,-2,0,-4,0,-5,0,-7,0,-8,0,-8,0,-9,0,-9,0,-9,0,-8,0,-8,0,-6,0,-5,0,-3,0,-2,0,0,0,0,0,1,0,2,0,3,1,4,1,0,0,0,0,0,0,0,0,0,0]"
CSI_DATA,37271,80:af:ca:27:52:2a,-54,11,0,0,0,0,0,0,0,0,0,-97,0,11,2,488995034,0,83,0,128,0,"[0,0,0,0,0,0,0,0,0,0,0,0,7,11,7,11,6,11,5,8,3,6,1,3,0,1,-2,0,-3,-3,-5,-4,-7,-6,-7,-7,-8,-7,-8,-8,-9,-8,-10,-9,-9,-8,-8,-7,-7,-7,-7,-6,-5,-4,-3,-3,-1,-1,0,0,3,2,6,3,0,0,11,7,11,8,14,9,13,9,13,9,12,8,11,7,9,6,7,4,5,3,3,1,1,0,0,-1,-2,-3,-3,-4,-6,-6,-7,-7,-8,-9,-10,-10,-11,-11,-11,-11,-11,-10,-11,-10,-10,-9,-8,-7,-6,-5,0,0,0,0,0,0,0,0,0,0]"
CSI_DATA,37272,80:af:ca:27:52:2a,-55,11,1,1,1,1,1,0,0,0,0,-97,0,11,2,489010097,0,83,1,128,0,"[0,0,0,0,0,0,0,0,0,0,0,0,0,2,0,5,-1,6,-2,8,-2,8,-2,9,-2,10,-2,10,-2,9,-2,8,-2,8,-2,6,-2,5,-1,2,-1,0,-1,-1,-1,-2,0,-5,0,-6,0,-8,0,-9,0,-10,0,-10,-1,-10,-1,-10,-1,-9,0,0,-1,-7,0,-5,0,-3,0,-2,0,0,0,1,0,3,0,5,0,6,0,8,0,8,0,8,0,8,0,8,0,8,0,6,0,5,0,4,0,2,0,1,0,0,0,-1,0,-2,0,-3,0,-5,0,-5,0,0,0,0,0,0,0,0,0,0]"
CSI_DATA,37273,80:af:ca:27:52:2a,-54,11,0,0,0,0,0,0,0,0,0,-97,0,11,2,489022414,0,83,0,128,0,"[0,0,0,0,0,0,0,0,0,0,0,0,3,2,4,5,5,8,7,9,7,11,7,11,8,12,8,12,7,11,6,10,6,9,4,8,3,5,2,3,0,1,-1,0,-3,-2,-5,-3,-6,-5,-8,-7,-10,-7,-12,-9,-13,-9,-14,-11,-15,-11,-14,-10,0,0,-11,-8,-8,-6,-6,-4,-3,-2,0,0,2,1,4,3,6,4,8,5,9,6,10,6,10,6,10,6,10,7,10,7,9,6,9,5,7,4,5,3,3,1,1,-1,-1,-3,-3,-4,-5,-6,-7,-7,-8,-8,0,0,0,0,0,0,0,0,0,0]"
CSI_DATA,37274,80:af:ca:27:52:2a,-54,11,1,1,1,1,1,0,0,0,0,-97,0,11,2,489031573,0,83,1,128,0,"[0,0,0,0,0,0,0,0,0,0,0,0,3,1,4,3,5,4,6,6,7,7,7,8,8,8,8,8,7,8,7,7,6,6,5,6,3,4,2,3,0,1,-1,0,-3,-1,-5,-2,-6,-3,-8,-4,-9,-5,-10,-5,-10,-5,-10,-5,-10,-5,-10,-4,0,0,-7,-3,-6,-3,-3,-2,-2,0,0,0,1,0,3,1,5,2,6,2,7,3,8,3,9,3,8,3,8,3,7,2,6,2,6,1,4,0,3,0,1,0,0,0,-1,-1,-2,-2,-3,-2,-4,-3,-5,-3,0,0,0,0,0,0,0,0,0,0]"
CSI_DATA,37275,80:af:ca:27:52:2a,-54,11,0,0,0,0,0,0,0,0,0,-97,0,11,2,489044272,0,83,0,128,0,"[0,0,0,0,0,0,0,0,0,0,0,0,0,14,0,14,0,13,0,10,-1,6,0,3,0,0,0,-2,0,-5,0,-7,0,-10,0,-11,0,-12,0,-13,0,-12,0,-14,0,-12,0,-11,0,-10,0,-9,0,-7,0,-5,0,-2,-1,0,-2,5,-3,7,0,0,-5,13,-5,15,-5,16,-5,16,-5,15,-5,15,-5,13,-5,10,-4,9,-2,6,-1,5,0,2,0,0,3,-1,5,-3,5,-5,7,-7,9,-8,10,-9,11,-10,11,-10,11,-10,10,-10,10,-9,8,-7,5,-5,0,0,0,0,0,0,0,0,0,0]"
CSI_DATA,37276,80:af:ca:27:52:2a,-54,11,1,1,1,1,1,0,0,0,0,-97,0,11,2,489052433,0,83,1,128,0,"[0,0,0,0,0,0,0,0,0,0,0,0,7,-6,6,-6,6,-5,5,-4,3,-3,2,-1,0,0,0,1,-2,2,-3,3,-4,4,-6,5,-6,6,-7,6,-7,6,-7,7,-7,6,-6,6,-6,5,-4,4,-3,3,-2,1,-1,0,0,-1,1,-2,3,-3,0,0,4,-6,5,-6,6,-7,6,-7,6,-7,6,-7,5,-6,4,-6,4,-4,3,-4,1,-3,0,-1,-1,0,-2,0,-3,1,-4,1,-5,3,-5,3,-6,3,-6,3,-6,3,-6,3,-5,3,-4,2,-4,2,-3,1,0,0,0,0,0,0,0,0,0,0]"
CSI_DATA,37277,80:af:ca:27:52:2a,-54,11,0,0,0,0,0,0,0,0,0,-97,0,11,2,489061056,0,83,0,128,0,"[0,0,0,0,0,0,0,0,0,0,0,0,2,-4,5,-6,7,-8,8,-10,10,-10,11,-10,11,-10,11,-10,10,-9,9,-8,8,-8,7,-6,4,-4,3,-3,1,-1,-1,1,-2,2,-4,4,-6,6,-7,8,-7,10,-9,11,-9,12,-11,14,-10,14,-10,12,0,0,-7,9,-6,7,-4,5,-2,2,0,-1,2,-3,4,-6,5,-7,6,-9,6,-10,7,-11,7,-11,7,-11,8,-11,7,-11,6,-10,5,-9,4,-7,3,-6,1,-4,-1,-2,-3,0,-5,2,-7,4,-8,6,-9,6,0,0,0,0,0,0,0,0,0,0]"
CSI_DATA,37278,80:af:ca:27:52:2a,-54,11,0,0,0,0,0,0,0,0,0,-97,0,11,2,489071936,0,83,0,128,0,"[0,0,0,0,0,0,0,0,0,0,0,0,-2,-5,-2,-8,-2,-11,-2,-13,-2,-15,-1,-15,-1,-16,-1,-15,-1,-14,0,-13,-1,-11,0,-9,0,-6,0,-4,0,-2,1,1,1,3,1,5,1,8,2,10,3,11,3,14,4,14,4,16,5,16,4,15,0,0,3,11,2,8,1,5,0,2,0,-2,-1,-5,-2,-7,-2,-9,-3,-11,-3,-12,-4,-13,-4,-13,-3,-13,-4,-14,-4,-13,-3,-12,-4,-11,-3,-9,-2,-6,-2,-3,-2,-1,-1,2,-1,5,-1,8,-1,10,-1,10,0,0,0,0,0,0,0,0,0,0]"
CSI_DATA,37279,80:af:ca:27:52:2a,-55,11,1,1,1,1,1,0,0,0,0,-97,0,11,2,489079105,0,83,1,128,0,"[0,0,0,0,0,0,0,0,0,0,0,0,1,-3,2,-4,4,-5,5,-6,7,-7,7,-7,7,-7,7,-7,7,-7,7,-6,6,-5,4,-4,3,-3,2,-2,0,0,0,0,-2,2,-3,2,-4,4,-6,4,-7,6,-7,6,-7,7,-7,7,-7,7,-7,6,0,0,-4,4,-3,3,-2,2,-1,0,0,0,2,-1,3,-2,4,-3,5,-4,6,-4,7,-5,7,-5,7,-5,7,-5,6,-4,5,-4,4,-4,3,-3,2,-2,0,-2,0,-1,-2,0,-2,0,-4,0,-4,0,-5,0,0,0,0,0,0,0,0,0,0,0]"
CSI_DATA,37280,80:af:ca:27:52:2a,-54,11,0,0,0,0,0,0,0,0,0,-97,0,11,2,489087793,0,83,0,128,0,"[0,0,0,0,0,0,0,0,0,0,0,0,-4,0,-6,-3,-9,-5,-11,-6,-12,-7,-12,-7,-13,-8,-12,-8,-12,-7,-11,-6,-10,-6,-8,-6,-6,-4,-4,-3,-1,-1,0,0,2,0,4,0,6,2,8,3,10,3,12,4,13,5,16,6,16,5,14,5,0,0,11,4,8,3,6,1,2,0,0,0,-3,-1,-6,-3,-7,-4,-9,-4,-10,-5,-12,-6,-12,-6,-12,-6,-12,-6,-12,-6,-11,-6,-10,-5,-8,-4,-6,-3,-4,-1,-1,0,0,1,2,3,4,5,6,6,6,6,0,0,0,0,0,0,0,0,0,0]"
CSI_DATA,37281,80:af:ca:27:52:2a,-54,11,1,1,1,1,1,0,0,0,0,-97,0,11,2,489097755,0,83,1,128,0,"[0,0,0,0,0,0,0,0,0,0,0,0,-4,-10,-4,-9,-3,-8,-2,-7,-1,-5,-1,-3,0,-1,0,0,1,1,2,2,3,4,4,5,4,7,5,7,5,7,5,7,5,7,5,6,4,5,4,4,2,3,1,2,0,0,0,0,-1,-1,-2,-2,0,0,-5,-4,-6,-5,-7,-5,-7,-6,-7,-6,-7,-6,-6,-5,-5,-5,-5,-4,-4,-3,-2,-2,-1,-1,0,0,0,1,1,1,2,2,3,3,3,4,4,4,4,4,4,4,4,4,4,3,3,3,2,2,2,2,0,0,0,0,0,0,0,0,0,0]"
CSI_DATA,37282,80:af:ca:27:52:2a,-54,11,0,0,0,0,0,0,0,0,0,-97,0,11,2,489109758,0,83,0,128,0,"[0,0,0,0,0,0,0,0,0,0,0,0,13,-5,13,-4,12,-3,9,-2,6,-1,3,0,0,0,-1,0,-4,1,-7,1,-9,2,-11,2,-12,2,-12,2,-11,2,-13,3,-12,2,-11,2,-10,1,-8,1,-6,1,-4,0,-1,0,1,0,4,0,7,-1,0,0,13,-2,16,-2,17,-3,17,-3,16,-2,15,-2,14,-2,11,-2,9,-1,6,-1,4,-1,1,-1,0,-1,-3,-2,-5,-2,-8,-2,-11,-2,-12,-3,-14,-3,-14,-4,-15,-4,-15,-4,-14,-4,-13,-3,-11,-3,-8,-2,0,0,0,0,0,0,0,0,0,0]"
CSI_DATA,37283,80:af:ca:27:52:2a,-54,11,1,1,1,1,1,0,0,0,0,-97,0,11,2,489116548,0,83,1,128,0,"[0,0,0,0,0,0,0,0,0,0,0,0,-4,0,-6,-2,-8,-2,-8,-3,-9,-4,-10,-5,-11,-5,-10,-5,-10,-5,-9,-4,-8,-4,-6,-3,-5,-2,-2,-2,0,-1,0,0,2,0,4,0,6,1,8,1,8,1,9,1,10,1,10,1,9,1,8,1,0,0,6,0,5,0,2,0,1,0,0,0,-2,-1,-4,-1,-5,-1,-7,-2,-8,-2,-8,-2,-9,-2,-9,-2,-8,-2,-8,-1,-7,-1,-6,0,-5,0,-3,0,-2,0,0,0,0,0,2,1,2,1,3,2,4,2,0,0,0,0,0,0,0,0,0,0]"
CSI_DATA,37284,80:af:ca:27:52:2a,-54,11,1,1,1,1,1,0,0,0,0,-97,0,11,2,489123769,0,83,1,128,0,"[0,0,0,0,0,0,0,0,0,0,0,0,-1,2,-2,4,-4,5,-5,6,-6,8,-7,8,-7,8,-7,8,-7,8,-6,7,-5,6,-5,5,-3,3,-2,2,-1,0,0,-1,0,-2,1,-5,2,-5,2,-8,3,-8,3,-9,4,-10,3,-10,3,-10,3,-8,0,0,2,-7,1,-5,0,-3,0,-2,0,0,-1,1,-2,3,-2,5,-3,6,-3,7,-3,8,-4,8,-4,8,-3,7,-3,7,-2,6,-2,5,-2,4,-1,2,0,1,0,0,0,0,1,-2,2,-2,2,-3,2,-4,0,0,0,0,0,0,0,0,0,0]"
CSI_DATA,37285,80:af:ca:27:52:2a,-55,11,1,1,1,1,1,0,0,0,0,-97,0,11,2,489147033,0,83,1,128,0,"[0,0,0,0,0,0,0,0,0,0,0,0,-2,2,-4,3,-6,3,-7,4,-8,4,-9,4,-9,4,-9,4,-9,4,-8,3,-7,3,-6,2,-4,1,-3,0,-1,0,0,-1,2,-2,3,-3,4,-4,5,-5,6,-6,7,-6,7,-7,7,-7,7,-7,6,-6,0,0,4,-4,3,-4,2,-2,0,-1,-1,0,-2,0,-4,2,-4,2,-6,3,-7,4,-7,4,-7,4,-8,4,-7,4,-7,4,-6,4,-4,3,-4,2,-2,2,-1,1,0,0,1,0,2,0,3,0,4,-1,4,-1,0,0,0,0,0,0,0,0,0,0]"
CSI_DATA,37286,80:af:ca:27:52:2a,-54,11,0,0,0,0,0,0,0,0,0,-97,0,11,2,489157575,0,83,0,128,0,"[0,0,0,0,0,0,0,0,0,0,0,0,-15,-2,-15,-3,-13,-3,-11,-2,-8,-2,-5,-1,-1,-1,0,-1,3,-1,5,0,8,0,10,0,11,0,11,0,11,0,13,-1,11,0,11,-1,10,0,8,0,6,0,4,0,1,0,0,0,-4,0,-7,1,0,0,-13,2,-15,2,-17,3,-17,3,-16,2,-16,2,-14,2,-12,1,-10,1,-7,1,-5,0,-2,0,0,0,2,0,4,0,6,0,10,-1,11,0,12,-1,13,-1,14,-1,14,-1,13,-2,11,-1,9,-1,7,-1,0,0,0,0,0,0,0,0,0,0]"
CSI_DATA,37287,80:af:ca:27:52:2a,-54,11,1,1,1,1,1,0,0,0,0,-97,0,11,2,489165853,0,83,1,128,0,"[0,0,0,0,0,0,0,0,0,0,0,0,9,2,8,2,7,2,6,2,4,1,2,1,0,0,-1,0,-2,-1,-4,-1,-6,-2,-7,-3,-8,-4,-8,-4,-9,-4,-9,-4,-8,-4,-8,-4,-7,-3,-6,-2,-4,-2,-3,-1,-1,0,0,0,1,1,2,1,0,0,5,3,6,4,7,4,7,4,7,5,7,5,6,4,5,4,5,3,4,2,2,1,1,0,0,0,0,-1,-1,-2,-2,-4,-2,-4,-3,-5,-3,-5,-3,-5,-3,-6,-3,-5,-3,-5,-2,-5,-2,-4,-2,-3,0,0,0,0,0,0,0,0,0,0]"
CSI_DATA,37288,80:af:ca:27:52:2a,-54,11,0,0,0,0,0,0,0,0,0,-97,0,11,2,489175784,0,83,0,128,0,"[0,0,0,0,0,0,0,0,0,0,0,0,2,-5,5,-7,8,-9,8,-11,10,-11,10,-11,11,-11,10,-10,9,-9,8,-8,7,-7,6,-6,4,-4,2,-2,0,-1,-2,1,-3,2,-5,3,-7,5,-9,6,-10,7,-13,8,-13,9,-16,10,-15,10,-14,9,0,0,-10,7,-7,5,-5,3,-2,2,1,0,4,-1,6,-2,8,-3,9,-4,10,-4,13,-4,11,-4,13,-4,13,-4,11,-4,10,-4,9,-4,7,-3,5,-3,3,-3,0,-2,-3,-2,-5,-3,-8,-3,-9,-3,-10,-4,0,0,0,0,0,0,0,0,0,0]"
CSI_DATA,37289,80:af:ca:27:52:2a,-54,11,0,0,0,0,0,0,0,0,0,-97,0,11,2,489188645,0,83,0,128,0,"[0,0,0,0,0,0,0,0,0,0,0,0,-11,8,-12,8,-11,7,-8,5,-7,3,-4,1,-2,0,0,-2,1,-4,3,-5,4,-7,6,-8,7,-8,7,-8,7,-8,8,-10,7,-9,6,-8,6,-8,4,-7,4,-5,2,-4,0,-1,0,0,-2,3,-4,6,0,0,-7,10,-8,12,-9,13,-9,13,-9,13,-8,13,-8,11,-6,9,-5,8,-4,5,-2,4,-1,1,0,0,1,-2,3,-4,4,-6,6,-8,8,-8,8,-10,8,-10,8,-11,9,-11,8,-10,8,-9,6,-8,4,-6,0,0,0,0,0,0,0,0,0,0]"
CSI_DATA,37290,80:af:ca:27:52:2a,-54,11,1,1,1,1,1,0,0,0,0,-97,0,11,2,489199163,0,83,1,128,0,"[0,0,0,0,0,0,0,0,0,0,0,0,7,-4,7,-4,6,-3,5,-3,4,-2,2,-1,1,0,0,0,-1,1,-2,2,-3,3,-4,4,-5,4,-6,5,-6,6,-6,6,-6,6,-5,6,-4,4,-3,4,-3,3,-2,2,-1,1,0,0,0,-2,1,-3,0,0,2,-5,3,-6,3,-7,3,-7,3,-7,3,-7,3,-7,2,-6,2,-5,1,-4,1,-3,0,-1,0,0,-1,0,-1,2,-2,2,-2,3,-3,4,-3,4,-3,4,-3,4,-3,4,-3,4,-3,3,-2,3,-2,2,0,0,0,0,0,0,0,0,0,0]"
CSI_DATA,37291,80:af:ca:27:52:2a,-54,11,0,0,0,0,0,0,0,0,0,-97,0,11,2,489210563,0,83,0,128,0,"[0,0,0,0,0,0,0,0,0,0,0,0,3,-13,4,-13,4,-12,3,-10,2,-7,1,-3,0,0,0,1,0,3,0,6,-1,8,-2,10,-2,11,-2,11,-2,11,-2,12,-2,11,-2,10,-2,9,-1,8,0,5,0,3,0,0,0,-1,0,-5,0,-9,0,0,1,-14,1,-16,1,-17,2,-18,2,-16,2,-16,1,-14,1,-11,0,-10,0,-7,0,-5,0,-2,-1,0,-2,1,-3,4,-4,6,-5,10,-6,11,-6,11,-7,12,-7,13,-7,12,-6,12,-5,11,-4,10,-3,7,0,0,0,0,0,0,0,0,0,0]"
CSI_DATA,37292,80:af:ca:27:52:2a,-54,11,1,1,1,1,1,0,0,0,0,-97,0,11,2,489218297,0,83,1,128,0,"[0,0,0,0,0,0,0,0,0,0,0,0,0,2,0,4,0,6,0,8,0,10,0,10,0,11,0,11,0,10,0,10,0,9,0,7,0,5,0,3,0,1,-1,0,-1,-3,-1,-4,-2,-6,-3,-8,-3,-9,-3,-10,-3,-10,-3,-10,-3,-10,-3,-10,0,0,-3,-7,-2,-6,-1,-3,0,-2,0,0,0,1,1,3,1,4,2,6,3,6,3,7,3,8,3,8,3,7,3,7,3,6,2,5,2,3,1,2,0,0,0,0,0,-1,0,-3,-1,-3,-1,-4,-1,-5,0,0,0,0,0,0,0,0,0,0]"
CSI_DATA,37293,80:af:ca:27:52:2a,-54,11,0,0,0,0,0,0,0,0,0,-97,0,11,2,489229974,0,83,0,128,0,"[0,0,0,0,0,0,0,0,0,0,0,0,9,-12,9,-11,9,-11,6,-9,5,-6,3,-3,1,0,0,0,-1,4,-3,5,-4,8,-5,9,-6,10,-6,10,-5,10,-7,11,-6,10,-5,10,-5,9,-5,8,-4,6,-2,4,-1,1,0,-1,0,-5,2,-7,0,0,5,-13,5,-15,6,-16,6,-16,6,-15,5,-15,5,-14,4,-11,3,-10,1,-7,0,-5,0,-2,-1,0,-2,1,-4,4,-5,5,-5,8,-7,9,-8,10,-8,11,-8,12,-8,11,-7,11,-6,10,-5,8,-4,6,0,0,0,0,0,0,0,0,0,0]"
CSI_DATA,37294,80:af:ca:27:52:2a,-54,11,1,1,1,1,1,0,0,0,0,-97,0,11,2,489239647,0,83,1,128,0,"[0,0,0,0,0,0,0,0,0,0,0,0,-4,1,-6,1,-8,1,-10,1,-11,0,-11,0,-12,0,-12,0,-11,0,-11,0,-9,0,-8,0,-5,0,-3,0,0,0,1,0,2,0,5,0,7,0,8,0,9,0,10,0,11,0,11,0,10,0,9,0,0,0,7,0,5,0,2,0,1,0,0,-1,-2,-1,-5,-2,-6,-2,-8,-2,-8,-2,-9,-3,-9,-3,-9,-3,-8,-3,-8,-2,-7,-2,-6,-2,-5,-1,-3,0,-2,0,-1,0,0,1,0,2,2,2,2,3,2,4,0,0,0,0,0,0,0,0,0,0]"
CSI_DATA,37295,80:af:ca:27:52:2a,-54,11,1,1,1,1,1,0,0,0,0,-97,0,11,2,489246987,0,83,1,128,0,"[0,0,0,0,0,0,0,0,0,0,0,0,-9,4,-8,3,-7,2,-6,2,-4,1,-2,0,-1,0,0,-1,2,-2,3,-3,5,-4,6,-5,7,-5,7,-5,7,-6,7,-5,7,-5,6,-5,5,-5,4,-4,3,-3,2,-2,0,-1,0,0,-2,1,-3,2,0,0,-5,5,-6,5,-7,6,-7,6,-7,6,-7,5,-6,5,-5,5,-4,4,-3,3,-2,2,-1,1,0,0,1,-1,2,-1,3,-2,4,-3,4,-4,5,-4,5,-4,5,-4,4,-4,4,-4,4,-4,3,-3,2,-2,0,0,0,0,0,0,0,0,0,0]"
CSI_DATA,37296,80:af:ca:27:52:2a,-55,11,1,1,1,1,1,0,0,0,0,-97,0,11,2,489255722,0,83,1,128,0,"[0,0,0,0,0,0,0,0,0,0,0,0,1,2,0,5,0,7,0,8,0,10,0,10,0,10,0,10,0,10,0,10,0,8,0,7,0,5,0,2,0,0,0,-1,-1,-2,-2,-5,-2,-6,-2,-8,-2,-9,-2,-10,-2,-10,-3,-10,-3,-10,-2,-9,0,0,-2,-7,-2,-5,-1,-3,-1,-2,0,0,0,2,0,3,0,5,1,7,1,8,1,8,1,8,1,8,1,8,1,8,1,6,1,5,0,4,0,2,0,1,0,0,0,-1,0,-2,0,-4,0,-5,0,-5,0,0,0,0,0,0,0,0,0,0]"
CSI_DATA,37297,80:af:ca:27:52:2a,-54,11,1,1,1,1,1,0,0,0,0,-97,0,11,2,489263989,0,83,1,128,0,"[0,0,0,0,0,0,0,0,0,0,0,0,3,7,3,7,2,6,2,5,1,4,0,3,0,1,-1,0,-1,-1,-2,-3,-3,-4,-4,-5,-4,-6,-4,-7,-5,-7,-5,-7,-5,-7,-5,-6,-4,-6,-3,-5,-3,-4,-2,-3,-1,-1,0,0,1,1,2,2,0,0,4,4,4,5,5,5,5,5,5,6,5,5,5,5,4,4,3,4,3,3,2,2,1,0,0,0,0,-1,-1,-2,-2,-3,-3,-4,-3,-4,-3,-5,-3,-5,-4,-5,-3,-5,-3,-4,-3,-4,-2,-3,-2,-3,0,0,0,0,0,0,0,0,0,0]"
CSI_DATA,37298,80:af:ca:27:52:2a,-55,11,1,1,1,1,1,0,0,0,0,-97,0,11,2,489272301,0,83,1,128,0,"[0,0,0,0,0,0,0,0,0,0,0,0,-1,-2,-1,-5,0,-6,0,-8,0,-9,0,-10,0,-10,0,-10,0,-10,0,-10,0,-9,0,-8,0,-5,0,-4,0,-2,0,0,0,2,0,3,0,5,1,7,1,8,1,9,1,9,1,10,1,9,1,8,0,0,1,6,0,5,0,2,0,1,0,0,0,-2,0,-4,0,-5,-1,-7,-1,-8,-1,-9,-1,-9,-1,-9,-1,-9,-1,-8,-1,-8,-1,-6,-1,-5,-1,-3,-1,-2,-1,0,-1,0,-1,2,-1,2,-1,4,-1,5,0,0,0,0,0,0,0,0,0,0]"
CSI_DATA,37299,80:af:ca:27:52:2a,-55,11,1,1,1,1,1,0,0,0,0,-97,0,11,2,489281923,0,83,1,128,0,"[0,0,0,0,0,0,0,0,0,0,0,0,0,-9,0,-8,0,-7,0,-6,0,-4,0,-3,0,-1,0,0,0,2,0,3,0,5,1,6,1,7,1,7,1,7,1,8,1,7,1,7,1,6,1,5,0,4,0,2,0,1,0,0,-1,-2,-1,-3,0,0,-2,-6,-2,-7,-2,-7,-2,-8,-2,-8,-2,-7,-2,-7,-2,-6,-2,-5,-2,-4,-1,-2,-1,-1,0,0,0,1,0,2,0,3,0,4,0,5,0,5,0,5,0,5,0,5,0,5,0,4,0,3,0,3,0,0,0,0,0,0,0,0,0,0]"
CSI_DATA,37300,80:af:ca:27:52:2a,-54,11,1,1,1,1,1,0,0,0,0,-97,0,11,2,489300379,0,83,1,128,0,"[0,0,0,0,0,0,0,0,0,0,0,0,-8,2,-7,2,-6,2,-5,1,-4,1,-3,0,-1,0,0,-1,1,-1,3,-2,4,-2,5,-3,6,-3,6,-3,6,-3,7,-3,6,-3,6,-3,5,-3,4,-2,3,-2,2,-1,1,-1,0,0,-2,0,-3,1,0,0,-5,2,-6,2,-6,2,-7,3,-7,3,-7,2,-6,2,-5,2,-5,2,-3,1,-2,1,-1,1,0,0,1,0,2,0,3,0,4,-1,4,-1,5,-1,5,-1,5,-1,5,-1,4,-1,4,-1,3,-1,3,-1,0,0,0,0,0,0,0,0,0,0]"
CSI_DATA,37301,80:af:ca:27:52:2a,-54,11,1,1,1,1,1,0,0,0,0,-97,0,11,2,489318118,0,83,1,128,0,"[0,0,0,0,0,0,0,0,0,0,0,0,-2,2,-4,4,-5,5,-7,5,-8,6,-8,7,-8,7,-8,7,-8,6,-8,5,-7,5,-5,4,-4,2,-2,1,-1,0,0,-1,0,-2,2,-4,3,-5,4,-6,5,-8,5,-8,5,-8,5,-8,5,-8,5,-8,0,0,3,-6,2,-5,1,-3,0,-1,0,0,-2,1,-2,2,-3,4,-4,5,-5,6,-5,7,-5,7,-5,7,-5,6,-5,5,-4,5,-3,4,-2,3,-2,2,0,1,0,0,0,0,1,-2,2,-2,2,-3,3,-3,0,0,0,0,0,0,0,0,0,0]"
CSI_DATA,37302,80:af:ca:27:52:2a,-54,11,0,0,0,0,0,0,0,0,0,-97,0,11,2,489330581,0,83,0,128,0,"[0,0,0,0,0,0,0,0,0,0,0,0,-4,1,-7,2,-11,2,-12,3,-14,3,-14,2,-15,3,-15,2,-14,2,-12,2,-11,2,-9,1,-7,1,-5,0,-2,-1,0,-2,2,-2,4,-3,6,-4,8,-5,10,-6,12,-8,13,-8,15,-9,14,-10,13,-8,0,0,10,-7,8,-5,5,-4,2,-2,-1,0,-3,1,-6,3,-7,4,-9,5,-10,6,-11,6,-11,6,-11,6,-11,6,-11,6,-10,5,-9,6,-7,4,-5,3,-3,2,0,1,2,-1,4,-2,7,-3,8,-4,9,-4,0,0,0,0,0,0,0,0,0,0]"
CSI_DATA,37303,80:af:ca:27:52:2a,-54,11,1,1,1,1,1,0,0,0,0,-97,0,11,2,489339003,0,83,1,128,0,"[0,0,0,0,0,0,0,0,0,0,0,0,2,-2,5,-3,7,-3,9,-4,10,-4,11,-4,12,-5,12,-4,12,-4,11,-3,10,-3,8,-2,5,-2,3,-1,1,0,0,0,-2,1,-5,2,-8,2,-9,2,-11,3,-11,3,-12,4,-12,4,-12,4,-11,4,0,0,-8,2,-6,2,-4,1,-2,0,0,0,2,0,5,0,6,-1,8,-1,9,-2,10,-2,11,-2,11,-2,11,-2,10,-2,8,-2,7,-1,5,-1,3,-1,2,-1,0,-1,-1,-1,-2,-1,-4,-2,-5,-2,-6,-2,0,0,0,0,0,0,0,0,0,0]"
CSI_DATA,37304,80:af:ca:27:52:2a,-54,11,1,1,1,1,1,0,0,0,0,-97,0,11,2,489358805,0,83,1,128,0,"[0,0,0,0,0,0,0,0,0,0,0,0,-10,-4,-9,-4,-8,-4,-7,-3,-5,-2,-3,-2,-1,-1,0,-1,2,0,4,0,5,0,7,0,8,0,8,0,9,0,9,0,9,0,8,0,7,0,6,0,4,0,3,0,1,0,0,0,-2,0,-4,1,0,0,-7,1,-7,2,-8,2,-8,2,-9,2,-8,2,-8,2,-7,2,-5,2,-4,1,-2,1,-1,0,0,0,1,0,2,-1,3,-1,4,-2,5,-2,5,-2,5,-2,5,-2,5,-2,4,-2,4,-2,3,-2,2,-1,0,0,0,0,0,0,0,0,0,0]"
CSI_DATA,37305,80:af:ca:27:52:2a,-54,11,1,1,1,1,1,0,0,0,0,-97,0,11,2,489386374,0,83,1,128,0,"[0,0,0,0,0,0,0,0,0,0,0,0,7,-5,6,-5,6,-4,5,-4,4,-2,2,-1,1,0,0,0,-1,2,-2,2,-4,4,-5,5,-5,5,-5,6,-6,6,-6,6,-5,6,-5,6,-4,5,-4,4,-2,3,-2,2,-1,0,0,0,0,-2,1,-3,0,0,2,-6,3,-6,4,-7,4,-8,4,-8,4,-7,3,-6,2,-6,2,-5,1,-4,1,-2,0,-1,0,0,-1,0,-2,1,-2,2,-3,4,-3,4,-4,5,-4,5,-4,5,-3,4,-3,4,-3,4,-2,3,-2,2,0,0,0,0,0,0,0,0,0,0]"
CSI_DATA,37306,80:af:ca:27:52:2a,-54,11,1,1,1,1,1,0,0,0,0,-97,0,11,2,489393209,0,83,1,128,0,"[0,0,0,0,0,0,0,0,0,0,0,0,2,-3,4,-4,5,-4,8,-5,8,-5,9,-5,10,-6,9,-5,9,-5,8,-5,8,-4,6,-3,4,-2,2,-1,0,0,0,0,-2,1,-4,2,-5,3,-7,5,-8,5,-8,6,-8,6,-8,6,-8,6,-8,5,0,0,-5,4,-4,3,-2,2,-1,0,0,0,2,-1,3,-2,5,-3,5,-4,6,-5,7,-5,8,-5,8,-5,7,-5,6,-5,5,-5,4,-4,2,-3,2,-2,0,-2,0,-1,-2,0,-2,0,-4,0,-5,0,-5,1,0,0,0,0,0,0,0,0,0,0]"
CSI_DATA,37307,80:af:ca:27:52:2a,-55,11,1,1,1,1,1,0,0,0,0,-97,0,11,2,489403266,0,83,1,128,0,"[0,0,0,0,0,0,0,0,0,0,0,0,-1,2,-3,3,-4,4,-6,4,-7,5,-8,5,-9,6,-8,5,-8,5,-8,5,-7,4,-6,4,-4,2,-3,1,-2,0,0,-1,1,-2,2,-3,4,-4,4,-5,5,-6,6,-7,7,-7,7,-7,6,-7,6,-7,0,0,4,-5,3,-4,2,-3,0,-2,0,0,-2,0,-3,2,-4,2,-5,4,-6,4,-7,4,-7,5,-7,5,-7,5,-7,4,-6,4,-4,4,-4,3,-2,2,-1,1,0,0,0,0,2,0,2,-1,4,-1,4,-2,0,0,0,0,0,0,0,0,0,0]"
CSI_DATA,37308,80:af:ca:27:52:2a,-55,11,1,1,1,1,1,0,0,0,0,-97,0,11,2,489413607,0,83,1,128,0,"[0,0,0,0,0,0,0,0,0,0,0,0,0,2,0,4,0,6,0,8,0,9,0,10,0,11,0,10,0,10,0,9,0,8,0,6,0,4,0,3,0,1,-1,0,-1,-2,-2,-4,-2,-6,-2,-8,-2,-8,-2,-9,-2,-10,-3,-10,-3,-9,-3,-8,0,0,-2,-6,-2,-5,-1,-4,0,-2,0,0,0,2,0,3,1,4,1,6,2,7,2,8,2,8,2,8,2,7,2,7,2,6,2,5,1,4,1,2,0,1,0,0,0,-1,0,-2,0,-4,0,-4,0,-5,0,0,0,0,0,0,0,0,0,0]"
CSI_DATA,37309,80:af:ca:27:52:2a,-54,11,0,0,0,0,0,0,0,0,0,-97,0,11,2,489422642,0,83,0,128,0,"[0,0,0,0,0,0,0,0,0,0,0,0,-13,2,-14,2,-13,1,-10,1,-8,0,-5,0,-3,0,0,-1,2,-2,5,-2,6,-3,9,-3,10,-3,10,-3,10,-3,12,-4,11,-3,10,-4,10,-3,8,-3,6,-3,4,-2,2,-1,0,0,-3,1,-6,2,0,0,-12,4,-13,4,-15,5,-16,5,-15,5,-14,5,-13,4,-11,3,-9,3,-6,2,-5,1,-2,0,0,0,2,0,4,0,6,0,9,-1,10,-1,12,-1,13,-1,13,-2,13,-2,13,-1,11,-1,10,-1,7,-1,0,0,0,0,0,0,0,0,0,0]"
CSI_DATA,37310,80:af:ca:27:52:2a,-54,11,1,1,1,1,1,0,0,0,0,-97,0,11,2,489430271,0,83,1,128,0,"[0,0,0,0,0,0,0,0,0,0,0,0,7,-5,7,-4,6,-3,5,-3,4,-2,2,-1,1,0,0,0,-1,1,-3,2,-4,3,-5,4,-6,4,-6,5,-7,6,-7,6,-6,6,-6,5,-5,4,-4,3,-3,2,-2,2,-1,0,0,0,1,-1,2,-2,0,0,3,-4,4,-6,4,-6,4,-6,5,-7,4,-6,4,-6,4,-5,3,-4,2,-3,1,-2,0,-1,0,0,-1,0,-2,1,-3,2,-3,2,-4,3,-4,3,-4,3,-4,3,-4,3,-4,3,-3,3,-3,2,-2,2,0,0,0,0,0,0,0,0,0,0]"
CSI_DATA,37311,80:af:ca:27:52:2a,-54,11,0,0,0,0,0,0,0,0,0,-97,0,11,2,489456174,0,83,0,128,0,"[0,0,0,0,0,0,0,0,0,0,0,0,4,1,6,4,7,7,9,7,10,9,10,10,10,10,10,10,9,9,8,8,7,7,5,6,3,4,2,3,0,1,-2,0,-4,-2,-6,-3,-7,-5,-9,-6,-11,-7,-12,-8,-13,-8,-15,-9,-15,-8,-14,-8,0,0,-10,-6,-8,-5,-5,-3,-2,-1,0,0,3,2,5,3,7,4,8,5,9,5,10,6,10,6,10,6,10,6,10,6,9,5,8,4,7,3,5,2,3,0,0,-1,-2,-3,-4,-5,-5,-7,-7,-7,-7,-8,0,0,0,0,0,0,0,0,0,0]"
CSI_DATA,37312,80:af:ca:27:52:2a,-55,11,1,1,1,1,1,0,0,0,0,-97,0,11,2,489464516,0,83,1,128,0,"[0,0,0,0,0,0,0,0,0,0,0,0,1,-4,3,-4,5,-6,7,-7,8,-7,9,-8,9,-9,9,-8,9,-8,8,-7,7,-7,6,-5,4,-4,2,-2,0,0,0,0,-1,2,-2,4,-4,5,-4,7,-5,9,-6,9,-6,10,-6,10,-6,9,-5,9,0,0,-4,7,-3,5,-2,3,0,1,0,0,1,-2,2,-4,2,-6,3,-7,4,-9,4,-9,4,-9,4,-9,4,-9,3,-9,2,-8,2,-7,1,-5,0,-4,0,-2,0,0,-2,0,-2,2,-2,3,-4,4,-4,4,0,0,0,0,0,0,0,0,0,0]"
CSI_DATA,37313,80:af:ca:27:52:2a,-54,11,1,1,1,1,1,0,0,0,0,-97,0,11,2,489473030,0,83,1,128,0,"[0,0,0,0,0,0,0,0,0,0,0,0,-6,-8,-5,-7,-4,-6,-3,-5,-2,-4,-1,-2,0,-1,1,0,2,1,2,3,4,4,4,5,5,6,5,7,5,7,5,7,5,6,5,6,4,5,3,4,2,2,1,1,0,0,0,-1,-1,-2,-2,-4,0,0,-4,-5,-5,-7,-5,-7,-5,-7,-5,-8,-5,-7,-5,-7,-4,-6,-4,-5,-3,-4,-2,-2,-1,-1,-1,0,0,1,0,2,0,4,1,5,1,5,1,6,1,6,1,6,1,6,1,5,1,5,1,4,1,3,0,0,0,0,0,0,0,0,0,0]"
CSI_DATA,37314,80:af:ca:27:52:2a,-54,11,1,1,1,1,1,0,0,0,0,-97,0,11,2,489481165,0,83,1,128,0,"[0,0,0,0,0,0,0,0,0,0,0,0,5,-7,5,-6,4,-5,4,-5,3,-3,2,-2,1,-1,0,0,-1,1,-2,3,-3,4,-3,5,-4,6,-4,7,-4,7,-4,7,-4,7,-4,6,-3,6,-3,5,-2,4,-2,2,-1,1,0,0,0,-2,1,-3,0,0,2,-5,2,-6,3,-7,3,-7,3,-8,3,-7,3,-7,2,-6,2,-5,1,-4,1,-3,0,-2,0,-1,-1,0,-2,1,-2,2,-3,3,-3,4,-3,4,-3,4,-3,5,-3,4,-3,4,-3,4,-2,3,-2,3,0,0,0,0,0,0,0,0,0,0]"
CSI_DATA,37315,80:af:ca:27:52:2a,-54,11,0,0,0,0,0,0,0,0,0,-97,0,11,2,489490919,0,83,0,128,0,"[0,0,0,0,0,0,0,0,0,0,0,0,-14,4,-14,4,-13,3,-10,2,-8,0,-5,0,-2,0,0,-1,2,-3,5,-4,6,-5,8,-5,9,-6,10,-6,9,-6,10,-7,10,-6,9,-6,8,-5,6,-5,5,-5,3,-3,1,-1,0,0,-3,2,-5,5,0,0,-10,8,-11,10,-12,10,-12,10,-12,10,-11,10,-10,9,-8,7,-7,6,-5,5,-4,3,-1,1,0,0,1,-1,4,-3,5,-5,7,-6,9,-6,10,-8,10,-8,10,-9,10,-9,10,-8,9,-7,7,-6,5,-5,0,0,0,0,0,0,0,0,0,0]"
CSI_DATA,37316,80:af:ca:27:52:2a,-54,11,0,0,0,0,0,0,0,0,0,-97,0,11,2,489504509,0,83,0,128,0,"[0,0,0,0,0,0,0,0,0,0,0,0,-1,-13,0,-13,0,-12,0,-10,0,-6,0,-3,0,-1,0,1,0,4,0,6,0,9,0,10,0,10,0,11,0,11,0,12,0,11,0,10,0,10,0,8,0,6,0,3,0,0,0,-1,0,-5,0,-8,0,0,1,-13,1,-15,1,-16,2,-16,2,-16,2,-15,1,-13,1,-11,0,-10,0,-7,0,-5,0,-3,-1,0,-3,1,-3,3,-5,5,-6,7,-7,9,-7,10,-8,11,-8,11,-9,11,-8,10,-7,10,-6,8,-4,6,0,0,0,0,0,0,0,0,0,0]"
CSI_DATA,37317,80:af:ca:27:52:2a,-54,11,0,0,0,0,0,0,0,0,0,-97,0,11,2,489516875,0,83,0,128,0,"[0,0,0,0,0,0,0,0,0,0,0,0,-1,4,-3,7,-5,10,-5,12,-6,13,-6,13,-7,14,-6,13,-6,12,-6,11,-5,9,-4,8,-3,5,-3,3,-1,0,-1,-2,0,-4,1,-6,2,-9,2,-11,2,-12,3,-15,3,-15,4,-17,3,-17,3,-16,0,0,2,-12,1,-9,0,-6,0,-3,-1,0,-2,3,-3,6,-3,8,-4,9,-4,10,-5,11,-5,11,-5,11,-5,12,-5,11,-4,10,-4,9,-3,7,-2,5,-1,3,1,0,2,-2,3,-4,5,-6,5,-8,6,-9,0,0,0,0,0,0,0,0,0,0]"
CSI_DATA,37318,80:af:ca:27:52:2a,-54,11,1,1,1,1,1,0,0,0,0,-97,0,11,2,489526101,0,83,1,128,0,"[0,0,0,0,0,0,0,0,0,0,0,0,0,2,0,4,0,6,0,8,0,9,0,11,0,11,0,11,0,11,0,10,0,8,0,7,0,5,0,3,0,1,0,0,-1,-2,-1,-5,-1,-6,-1,-8,-2,-9,-2,-10,-2,-11,-2,-11,-2,-11,-2,-10,0,0,-2,-8,-1,-6,-1,-4,0,-2,0,0,0,1,0,3,0,5,0,6,0,8,0,8,0,9,0,9,0,8,0,8,0,7,0,5,0,4,0,2,0,1,0,0,0,-1,0,-2,0,-3,0,-5,0,-5,0,0,0,0,0,0,0,0,0,0]"
CSI_DATA,37319,80:af:ca:27:52:2a,-54,11,1,1,1,1,1,0,0,0,0,-97,0,11,2,489533335,0,83,1,128,0,"[0,0,0,0,0,0,0,0,0,0,0,0,-5,5,-5,5,-5,4,-4,3,-3,2,-2,1,-1,0,0,-1,0,-2,1,-3,1,-5,2,-6,2,-6,3,-7,3,-7,3,-7,2,-7,2,-6,2,-6,1,-5,1,-4,1,-2,0,-1,0,0,0,1,-1,3,0,0,-1,5,-1,6,-1,7,-1,7,-1,7,-1,7,-1,6,-1,6,0,5,0,3,0,2,0,1,0,0,0,-1,0,-2,1,-3,1,-4,1,-5,1,-5,1,-5,1,-6,1,-5,0,-5,0,-5,0,-4,0,-3,0,0,0,0,0,0,0,0,0,0]"
CSI_DATA,37320,80:af:ca:27:52:2a,-55,11,1,1,1,1,1,0,0,0,0,-97,0,11,2,489542918,0,83,1,128,0,"[0,0,0,0,0,0,0,0,0,0,0,0,-6,4,-5,4,-5,3,-4,2,-3,1,-2,0,-1,0,0,0,0,-2,1,-3,2,-4,3,-4,3,-5,4,-5,4,-6,4,-6,4,-6,3,-5,3,-5,2,-4,1,-3,1,-2,0,0,0,0,0,1,-1,2,0,0,-2,4,-3,5,-3,5,-3,6,-3,6,-3,6,-3,5,-2,5,-2,4,-1,3,-1,2,0,1,0,0,0,0,1,-1,1,-2,2,-3,2,-3,2,-4,2,-4,3,-4,2,-4,2,-4,2,-3,2,-3,1,-2,0,0,0,0,0,0,0,0,0,0]"
CSI_DATA,37321,80:af:ca:27:52:2a,-54,11,1,1,1,1,1,0,0,0,0,-97,0,11,2,489553581,0,83,1,128,0,"[0,0,0,0,0,0,0,0,0,0,0,0,-4,8,-3,8,-3,7,-2,5,-2,4,-1,2,-1,0,0,-1,0,-2,0,-4,0,-5,1,-7,1,-8,1,-9,1,-9,1,-9,1,-9,1,-8,1,-7,0,-6,0,-4,0,-3,0,-1,0,0,0,1,0,3,0,0,0,6,0,7,0,8,0,8,0,8,-1,8,0,7,0,6,0,5,0,4,0,2,0,1,0,0,0,-1,0,-2,0,-4,0,-5,0,-5,0,-6,1,-6,0,-6,0,-6,0,-5,0,-5,0,-4,0,-3,0,0,0,0,0,0,0,0,0,0]"
CSI_DATA,37322,80:af:ca:27:52:2a,-55,11,1,1,1,1,1,0,0,0,0,-97,0,11,2,489561553,0,83,1,128,0,"[0,0,0,0,0,0,0,0,0,0,0,0,-5,-8,-4,-8,-4,-7,-3,-6,-2,-5,-1,-3,0,-2,0,0,1,1,2,2,3,4,4,5,4,6,5,6,5,6,5,7,5,6,5,6,4,5,3,4,3,3,1,2,1,1,0,0,-1,-1,-2,-2,0,0,-4,-5,-5,-5,-5,-6,-6,-6,-6,-6,-6,-6,-5,-6,-5,-5,-4,-4,-4,-3,-3,-2,-2,-1,-1,0,0,1,1,2,1,2,2,3,2,4,3,4,3,5,3,5,3,4,3,4,2,4,2,3,2,2,0,0,0,0,0,0,0,0,0,0]"
CSI_DATA,37323,80:af:ca:27:52:2a,-54,11,1,1,1,1,1,0,0,0,0,-97,0,11,2,489582641,0,83,1,128,0,"[0,0,0,0,0,0,0,0,0,0,0,0,-3,0,-5,-2,-8,-2,-8,-3,-10,-4,-11,-4,-11,-5,-11,-5,-10,-4,-9,-4,-8,-3,-7,-2,-5,-2,-3,-2,-1,-1,0,0,2,0,4,0,6,0,8,0,8,1,9,1,10,1,10,1,10,0,9,0,0,0,7,0,5,0,3,0,1,0,0,0,-2,0,-4,-1,-6,-1,-8,-1,-8,-1,-9,-1,-10,-1,-9,-2,-9,-1,-8,-1,-8,-1,-6,0,-5,0,-3,0,-2,0,0,0,0,0,2,0,2,1,4,1,5,2,0,0,0,0,0,0,0,0,0,0]"
CSI_DATA,37324,80:af:ca:27:52:2a,-54,11,0,0,0,0,0,0,0,0,0,-97,0,11,2,489593835,0,83,0,128,0,"[0,0,0,0,0,0,0,0,0,0,0,0,3,13,3,13,2,13,2,9,0,8,0,4,0,1,-2,0,-3,-4,-4,-5,-4,-8,-5,-9,-6,-10,-6,-11,-6,-10,-7,-12,-6,-11,-6,-10,-5,-9,-5,-8,-4,-6,-3,-4,-1,-2,0,0,3,3,4,5,0,0,8,10,10,12,11,13,11,13,10,13,10,12,9,11,8,8,6,7,4,4,3,3,1,0,0,0,-1,-3,-3,-5,-4,-7,-7,-9,-7,-11,-8,-12,-8,-13,-8,-13,-8,-13,-8,-13,-7,-11,-6,-9,-5,-6,0,0,0,0,0,0,0,0,0,0]"
CSI_DATA,37325,80:af:ca:27:52:2a,-55,11,0,0,0,0,0,0,0,0,0,-97,0,11,2,489603296,0,83,0,128,0,"[0,0,0,0,0,0,0,0,0,0,0,0,2,-2,5,-3,8,-4,10,-5,12,-5,12,-5,13,-4,12,-4,11,-3,10,-3,8,-3,7,-2,4,-1,2,0,0,0,-1,0,-3,0,-5,0,-8,0,-10,0,-11,1,-14,1,-15,1,-16,1,-16,2,-15,1,0,0,-11,0,-8,0,-5,0,-2,0,0,0,2,0,5,1,7,1,9,1,10,2,11,2,11,2,11,3,11,3,11,3,10,2,9,2,7,1,5,0,3,0,1,-1,0,-3,-2,-5,-3,-6,-5,-8,-5,-9,0,0,0,0,0,0,0,0,0,0]"
CSI_DATA,37326,80:af:ca:27:52:2a,-54,11,1,1,1,1,1,0,0,0,0,-97,0,11,2,489612655,0,83,1,128,0,"[0,0,0,0,0,0,0,0,0,0,0,0,-8,-2,-8,-2,-7,-2,-6,-2,-4,-2,-2,-1,-1,-1,0,-1,2,0,3,0,4,0,6,0,7,0,7,0,8,0,8,0,8,0,7,0,6,0,5,0,4,0,2,0,1,0,0,0,-2,0,-3,0,0,0,-6,0,-7,1,-8,1,-8,1,-8,1,-8,1,-7,1,-6,1,-6,0,-4,0,-3,0,-1,0,0,0,1,0,2,0,3,0,4,0,4,0,5,0,5,0,6,-1,5,0,4,0,4,0,3,0,3,0,0,0,0,0,0,0,0,0,0,0]"
CSI_DATA,37327,80:af:ca:27:52:2a,-54,11,1,1,1,1,1,0,0,0,0,-97,0,11,2,489621655,0,83,1,128,0,"[0,0,0,0,0,0,0,0,0,0,0,0,8,5,7,5,6,4,5,4,3,2,2,2,0,1,-1,0,-2,0,-4,-1,-6,-1,-7,-2,-8,-2,-9,-2,-9,-2,-10,-2,-9,-2,-8,-2,-8,-2,-6,-2,-4,-1,-3,-1,-1,0,0,0,1,0,3,0,0,0,6,0,7,0,8,0,8,0,8,0,8,0,7,0,7,0,5,0,4,0,2,0,1,0,0,0,-1,0,-3,0,-4,0,-5,0,-5,0,-6,0,-6,0,-7,0,-6,0,-5,0,-5,0,-4,0,-4,0,0,0,0,0,0,0,0,0,0,0]"
CSI_DATA,37328,80:af:ca:27:52:2a,-54,11,1,1,1,1,1,0,0,0,0,-97,0,11,2,489640964,0,83,1,128,0,"[0,0,0,0,0,0,0,0,0,0,0,0,-8,-6,-7,-5,-6,-5,-5,-4,-3,-3,-2,-2,0,-1,1,0,2,0,4,1,5,2,7,2,7,3,8,3,8,3,8,4,8,3,7,2,7,2,5,2,4,1,2,0,0,0,-1,0,-2,-1,-4,-1,0,0,-7,-2,-8,-2,-8,-2,-9,-2,-9,-2,-8,-2,-8,-2,-7,-1,-6,-1,-5,-1,-3,0,-1,0,0,0,1,1,2,1,3,1,4,1,5,2,5,2,5,2,6,2,5,2,5,1,4,1,4,1,3,1,0,0,0,0,0,0,0,0,0,0]"
CSI_DATA,37329,80:af:ca:27:52:2a,-54,11,0,0,0,0,0,0,0,0,0,-97,0,11,2,489653977,0,83,0,128,0,"[0,0,0,0,0,0,0,0,0,0,0,0,-2,4,-4,6,-7,8,-7,10,-8,11,-9,11,-10,11,-10,10,-9,9,-8,8,-7,7,-6,6,-4,3,-3,2,-1,0,0,-2,1,-4,2,-6,4,-7,5,-9,5,-11,7,-12,6,-13,8,-15,7,-14,7,-13,0,0,4,-10,3,-7,2,-5,0,-2,-2,0,-3,3,-4,4,-6,6,-6,7,-7,8,-8,9,-7,9,-8,9,-8,9,-7,9,-6,8,-6,7,-5,6,-3,4,-1,3,1,1,3,-1,4,-3,6,-4,7,-5,8,-6,0,0,0,0,0,0,0,0,0,0]"
CSI_DATA,37330,80:af:ca:27:52:2a,-55,11,1,1,1,1,1,0,0,0,0,-97,0,11,2,489671275,0,83,1,128,0,"[0,0,0,0,0,0,0,0,0,0,0,0,-7,5,-6,5,-6,4,-5,3,-4,2,-2,0,-1,0,0,-1,0,-3,1,-4,2,-6,3,-6,3,-7,3,-8,3,-8,3,-8,3,-8,2,-7,2,-6,2,-5,1,-3,1,-2,0,-1,0,0,0,2,-1,3,0,0,-1,6,-1,7,-1,8,-1,8,-1,8,-1,8,-1,7,-1,6,0,5,0,4,0,2,0,1,0,0,0,-1,0,-3,1,-4,1,-5,1,-6,1,-6,1,-6,1,-7,0,-6,0,-6,0,-5,0,-5,0,-3,0,0,0,0,0,0,0,0,0,0]"
CSI_DATA,37331,80:af:ca:27:52:2a,-54,11,0,0,0,0,0,0,0,0,0,-97,0,11,2,489683955,0,83,0,128,0,"[0,0,0,0,0,0,0,0,0,0,0,0,4,-1,6,1,9,2,11,2,13,3,13,4,13,4,13,4,12,4,11,3,9,3,8,3,5,1,3,1,1,0,-1,0,-3,-1,-6,-1,-8,-2,-10,-3,-11,-3,-14,-3,-15,-3,-16,-4,-16,-4,-15,-4,0,0,-11,-3,-9,-2,-6,-1,-3,-1,0,0,2,1,5,2,6,2,8,3,9,3,10,4,10,4,10,4,11,4,10,4,9,3,9,3,7,2,5,1,3,0,1,-2,-1,-3,-3,-4,-5,-6,-7,-7,-7,-7,0,0,0,0,0,0,0,0,0,0]"
CSI_DATA,37332,80:af:ca:27:52:2a,-54,11,0,0,0,0,0,0,0,0,0,-97,0,11,2,489742579,0,83,0,128,0,"[0,0,0,0,0,0,0,0,0,0,0,0,2,13,2,13,2,13,2,10,0,8,0,5,0,2,-1,0,-2,-2,-3,-5,-4,-7,-5,-8,-5,-9,-5,-10,-6,-10,-6,-11,-6,-10,-6,-9,-5,-9,-5,-8,-4,-6,-2,-5,-1,-2,0,0,2,2,4,4,0,0,8,8,9,10,10,11,10,11,10,11,10,10,9,9,8,8,6,6,5,4,3,2,2,1,0,0,-1,-2,-2,-4,-4,-5,-6,-8,-7,-9,-8,-10,-8,-10,-9,-11,-9,-10,-9,-10,-8,-10,-7,-8,-5,-6,0,0,0,0,0,0,0,0,0,0]"
CSI_DATA,37333,80:af:ca:27:52:2a,-54,11,1,1,1,1,1,0,0,0,0,-97,0,11,2,489750755,0,83,1,128,0,"[0,0,0,0,0,0,0,0,0,0,0,0,-9,-3,-8,-3,-7,-3,-7,-2,-4,-2,-2,-2,-1,0,0,-2,2,1,2,-2,3,-2,5,-2,5,-1,6,-1,6,-1,11,-1,10,-2,6,-1,6,-1,6,-2,4,-1,2,-1,1,0,0,0,-1,0,-3,1,0,0,-5,2,-7,3,-7,5,-7,3,-7,3,-7,5,-6,3,-5,4,-5,3,-3,2,-2,1,-1,0,0,0,0,-1,2,-1,3,-2,3,-3,3,-3,3,-4,4,-5,3,-4,4,-5,2,-3,2,-3,2,-2,2,-2,0,0,0,0,0,0,0,0,0,0]"
CSI_DATA,37334,80:af:ca:27:52:2a,-54,11,1,1,1,1,1,0,0,0,0,-97,0,11,2,489758525,0,83,1,128,0,"[0,0,0,0,0,0,0,0,0,0,0,0,4,8,3,7,2,6,2,6,1,4,1,2,0,1,-1,0,-2,-2,-2,-3,-3,-4,-4,-6,-4,-7,-5,-7,-5,-7,-6,-7,-5,-7,-5,-6,-4,-6,-3,-5,-3,-3,-2,-2,-1,-1,0,0,1,1,2,2,0,0,3,4,4,5,4,5,5,6,5,6,5,6,4,5,4,4,3,3,3,3,2,1,1,0,0,0,0,-1,-1,-2,-2,-3,-2,-4,-3,-4,-3,-5,-3,-5,-3,-5,-3,-5,-3,-4,-3,-4,-2,-3,-2,-3,0,0,0,0,0,0,0,0,0,0]"
CSI_DATA,37335,80:af:ca:27:52:2a,-54,11,1,1,1,1,1,0,0,0,0,-97,0,11,2,489766889,0,83,1,128,0,"[0,0,0,0,0,0,0,0,0,0,0,0,-2,9,-2,8,-2,7,-1,5,-1,3,-1,1,0,0,0,-1,0,-3,0,-5,1,-6,1,-7,1,-9,1,-9,2,-9,1,-9,1,-9,1,-8,1,-7,1,-6,0,-4,0,-3,0,-1,0,0,-1,2,-1,3,0,0,-3,6,-3,7,-3,7,-3,8,-4,8,-3,7,-3,7,-3,6,-2,5,-1,4,-1,3,0,1,0,0,1,-1,2,-2,3,-3,3,-4,4,-4,4,-4,4,-4,4,-4,4,-4,4,-4,3,-4,3,-3,2,-3,0,0,0,0,0,0,0,0,0,0]"
CSI_DATA,37336,80:af:ca:27:52:2a,-54,11,1,1,1,1,1,0,0,0,0,-97,0,11,2,489789149,0,83,1,128,0,"[0,0,0,0,0,0,0,0,0,0,0,0,-7,-6,-7,-6,-6,-5,-5,-4,-3,-3,-2,-2,-1,-1,0,-1,2,0,3,1,4,2,6,2,7,3,7,3,8,3,8,3,8,3,7,2,6,2,5,2,4,1,2,1,1,0,0,0,-2,0,-3,-1,0,0,-7,-1,-8,-1,-8,-2,-9,-2,-9,-2,-8,-2,-8,-1,-7,-1,-6,-1,-4,-1,-3,0,-1,0,0,0,1,0,2,0,3,1,4,1,5,1,6,1,6,1,6,1,6,1,5,1,4,1,4,1,3,0,0,0,0,0,0,0,0,0,0,0]"
CSI_DATA,37337,80:af:ca:27:52:2a,-55,11,1,1,1,1,1,0,0,0,0,-97,0,11,2,489798793,0,83,1,128,0,"[0,0,0,0,0,0,0,0,0,0,0,0,2,1,2,3,3,5,4,6,5,8,5,8,5,9,5,8,4,8,4,8,3,7,2,5,2,4,0,2,0,0,-1,-1,-2,-2,-2,-4,-3,-5,-5,-7,-5,-8,-5,-8,-5,-9,-5,-9,-5,-8,-5,-8,0,0,-4,-5,-3,-5,-2,-2,-2,-1,0,0,0,2,0,3,1,5,2,6,2,8,2,8,2,8,2,8,2,8,2,8,2,6,2,5,1,4,1,2,0,1,0,0,0,-1,0,-2,0,-4,0,-5,0,-5,0,0,0,0,0,0,0,0,0,0]"
CSI_DATA,37338,80:af:ca:27:52:2a,-55,11,1,1,1,1,1,0,0,0,0,-97,0,11,2,489807793,0,83,1,128,0,"[0,0,0,0,0,0,0,0,0,0,0,0,-3,-1,-5,-3,-6,-4,-7,-5,-8,-7,-8,-8,-9,-8,-9,-8,-9,-8,-8,-7,-8,-6,-6,-5,-5,-4,-2,-2,-1,-2,0,0,2,0,4,1,5,2,7,2,8,2,9,3,10,3,10,3,10,3,9,2,0,0,7,2,5,1,3,0,1,0,0,0,-2,0,-4,-1,-5,-2,-7,-2,-8,-2,-9,-2,-9,-2,-9,-2,-9,-2,-8,-2,-8,-2,-7,-1,-5,-1,-3,0,-2,0,0,0,0,0,1,0,2,1,3,2,4,2,0,0,0,0,0,0,0,0,0,0]"
CSI_DATA,37339,80:af:ca:27:52:2a,-54,11,0,0,0,0,0,0,0,0,0,-97,0,11,2,489818138,0,83,0,128,0,"[0,0,0,0,0,0,0,0,0,0,0,0,-1,4,-4,6,-6,9,-6,11,-8,12,-8,12,-9,13,-8,13,-8,11,-7,10,-6,9,-6,7,-4,5,-3,3,-2,0,-1,-1,0,-4,1,-6,2,-8,3,-10,3,-12,4,-14,3,-15,5,-18,4,-18,4,-16,0,0,2,-12,2,-9,1,-6,0,-3,-1,0,-2,3,-2,5,-3,7,-3,9,-4,10,-4,11,-4,11,-4,11,-4,12,-4,11,-3,10,-3,9,-2,7,-1,5,0,3,0,0,2,-2,2,-4,3,-7,4,-8,4,-9,0,0,0,0,0,0,0,0,0,0]"
CSI_DATA,37340,80:af:ca:27:52:2a,-54,11,1,1,1,1,1,0,0,0,0,-97,0,11,2,489827283,0,83,1,128,0,"[0,0,0,0,0,0,0,0,0,0,0,0,2,2,3,5,4,6,4,8,5,9,5,10,5,10,5,10,4,9,3,8,3,8,2,6,1,4,0,2,0,0,-1,-1,-2,-2,-2,-5,-3,-6,-4,-8,-5,-8,-5,-9,-5,-10,-5,-10,-5,-9,-5,-8,0,0,-4,-6,-3,-5,-2,-2,-1,-1,0,0,0,2,0,4,1,5,2,7,2,8,2,8,2,8,2,8,2,8,2,7,2,6,2,5,2,3,1,2,1,0,0,0,0,-1,0,-2,0,-4,0,-5,0,-5,0,0,0,0,0,0,0,0,0,0]"
CSI_DATA,37341,80:af:ca:27:52:2a,-54,11,0,0,0,0,0,0,0,0,0,-97,0,11,2,489835564,0,83,0,128,0,"[0,0,0,0,0,0,0,0,0,0,0,0,-11,-8,-10,-9,-10,-9,-7,-6,-5,-5,-3,-3,0,-1,2,0,3,1,6,3,7,3,9,5,10,5,10,6,10,5,11,6,10,5,10,4,8,4,7,3,5,3,3,1,0,0,-2,-1,-5,-2,-7,-3,0,0,-13,-6,-14,-6,-16,-7,-16,-7,-15,-7,-14,-6,-13,-6,-10,-5,-9,-3,-6,-2,-5,-1,-2,0,0,0,1,1,3,3,6,4,8,6,9,6,10,7,10,8,11,8,11,8,10,7,10,6,8,5,6,3,0,0,0,0,0,0,0,0,0,0]"
CSI_DATA,37342,80:af:ca:27:52:2a,-54,11,1,1,1,1,1,0,0,0,0,-97,0,11,2,489846559,0,83,1,128,0,"[0,0,0,0,0,0,0,0,0,0,0,0,-3,8,-2,8,-2,6,-2,5,-2,3,-1,2,-1,0,-1,-1,0,-2,0,-4,0,-6,0,-7,0,-8,0,-8,0,-9,0,-9,0,-8,0,-8,0,-7,0,-6,0,-5,0,-3,0,-1,0,0,0,2,0,3,0,0,0,6,0,7,0,7,1,8,0,8,0,8,1,7,0,6,0,5,0,3,0,2,0,1,0,0,0,-1,0,-3,0,-4,0,-5,0,-6,0,-6,0,-6,0,-6,0,-6,0,-6,0,-5,0,-5,0,-3,0,0,0,0,0,0,0,0,0,0]"
CSI_DATA,37343,80:af:ca:27:52:2a,-54,11,1,1,1,1,1,0,0,0,0,-97,0,11,2,489855110,0,83,1,128,0,"[0,0,0,0,0,0,0,0,0,0,0,0,2,2,3,3,4,5,5,7,5,8,5,8,6,9,6,8,5,8,5,8,5,7,4,5,2,4,1,2,0,0,-1,0,-2,-2,-4,-3,-5,-4,-6,-5,-8,-6,-8,-7,-9,-7,-9,-7,-8,-7,-8,-6,0,0,-6,-4,-5,-3,-3,-2,-2,-1,0,0,1,1,3,2,4,3,5,4,6,5,7,5,7,5,7,5,7,5,6,5,5,4,5,2,3,2,2,1,1,0,0,0,0,-2,-2,-2,-2,-3,-3,-4,-4,-5,0,0,0,0,0,0,0,0,0,0]"
CSI_DATA,37344,80:af:ca:27:52:2a,-54,11,0,0,0,0,0,0,0,0,0,-97,0,11,2,489882216,0,83,0,128,0,"[0,0,0,0,0,0,0,0,0,0,0,0,0,3,-1,6,-1,10,-1,11,-1,14,-2,15,-2,15,-2,15,-2,14,-2,11,-2,10,-2,8,-2,6,-1,4,-1,1,-1,-1,-1,-3,-1,-5,-1,-8,-1,-10,-2,-13,-2,-15,-3,-16,-2,-18,-3,-18,-3,-17,0,0,-2,-13,-2,-9,-2,-7,-1,-3,-1,0,0,3,0,5,0,7,0,9,1,10,1,11,1,11,1,11,1,13,1,11,1,10,1,9,1,7,1,5,1,3,1,0,1,-2,1,-5,1,-7,1,-9,1,-10,0,0,0,0,0,0,0,0,0,0]"
CSI_DATA,37345,80:af:ca:27:52:2a,-54,11,1,1,1,1,1,0,0,0,0,-97,0,11,2,489908934,0,83,1,128,0,"[0,0,0,0,0,0,0,0,0,0,0,0,-9,3,-8,3,-7,2,-6,1,-4,1,-2,0,-1,0,0,-1,2,-2,3,-2,5,-3,6,-4,6,-4,7,-4,7,-5,8,-5,7,-5,6,-4,6,-4,5,-3,3,-2,2,-1,0,-1,0,0,-2,1,-3,2,0,0,-5,3,-6,4,-7,4,-7,4,-8,4,-7,4,-6,4,-6,3,-5,3,-4,2,-2,1,-1,1,0,0,1,0,2,-1,4,-1,4,-2,5,-2,5,-2,5,-2,5,-2,5,-2,5,-2,4,-2,4,-1,2,-1,0,0,0,0,0,0,0,0,0,0]"
CSI_DATA,37346,80:af:ca:27:52:2a,-54,11,0,0,0,0,0,0,0,0,0,-97,0,11,2,489918462,0,83,0,128,0,"[0,0,0,0,0,0,0,0,0,0,0,0,-2,3,-5,5,-9,6,-10,8,-11,9,-12,9,-12,9,-12,9,-11,8,-10,7,-9,7,-8,5,-6,3,-4,2,-2,0,-1,-2,1,-3,2,-5,4,-7,5,-9,6,-11,7,-13,7,-14,9,-15,8,-16,8,-15,0,0,5,-11,4,-9,3,-6,1,-3,-1,0,-2,3,-4,5,-4,7,-5,9,-5,10,-6,11,-6,11,-6,11,-6,12,-6,11,-6,10,-4,9,-4,7,-2,5,-1,3,0,0,2,-2,3,-4,4,-6,5,-8,6,-9,0,0,0,0,0,0,0,0,0,0]"
CSI_DATA,37347,80:af:ca:27:52:2a,-54,11,1,1,1,1,1,0,0,0,0,-97,0,11,2,489926032,0,83,1,128,0,"[0,0,0,0,0,0,0,0,0,0,0,0,-7,4,-7,3,-6,3,-5,2,-4,1,-3,0,-2,0,0,-1,0,-2,1,-3,2,-5,3,-5,4,-6,4,-6,4,-7,4,-7,4,-7,4,-6,3,-5,3,-4,2,-3,1,-2,0,-1,0,0,0,2,-1,3,0,0,-2,5,-2,6,-2,7,-2,7,-2,8,-2,7,-2,7,-1,6,-1,5,-1,4,0,2,0,1,0,0,0,-1,0,-3,1,-4,1,-5,1,-5,1,-6,1,-6,1,-6,1,-6,0,-5,0,-5,0,-4,0,-3,0,0,0,0,0,0,0,0,0,0]"
CSI_DATA,37348,80:af:ca:27:52:2a,-54,11,0,0,0,0,0,0,0,0,0,-97,0,11,2,489937740,0,83,0,128,0,"[0,0,0,0,0,0,0,0,0,0,0,0,7,12,6,12,5,12,4,8,3,7,0,4,0,2,-2,0,-4,-2,-4,-4,-7,-5,-8,-8,-8,-8,-8,-8,-8,-8,-10,-8,-8,-8,-8,-8,-8,-7,-7,-6,-5,-4,-4,-4,-1,-2,0,0,4,1,6,3,0,0,11,6,13,7,14,8,14,8,13,7,13,7,12,6,9,4,8,4,5,2,4,1,2,0,0,0,-2,-2,-4,-4,-6,-4,-8,-6,-9,-7,-11,-8,-12,-8,-13,-8,-13,-8,-12,-7,-11,-6,-9,-5,-7,-4,0,0,0,0,0,0,0,0,0,0]"
CSI_DATA,37349,80:af:ca:27:52:2a,-54,11,0,0,0,0,0,0,0,0,0,-97,0,11,2,489950707,0,83,0,128,0,"[0,0,0,0,0,0,0,0,0,0,0,0,-2,14,-3,14,-3,13,-2,10,-2,7,-2,4,-1,0,0,-1,0,-5,0,-7,0,-10,0,-11,0,-12,0,-13,0,-12,0,-14,0,-13,0,-11,0,-11,0,-10,0,-7,0,-5,0,-2,0,0,0,4,0,7,0,0,0,13,-1,15,0,16,-1,16,-1,15,-1,15,0,14,-1,11,0,9,0,6,0,5,0,2,0,0,1,-3,1,-5,2,-7,3,-10,3,-11,4,-13,4,-13,4,-14,4,-14,3,-13,3,-11,2,-10,1,-8,0,0,0,0,0,0,0,0,0,0]"
CSI_DATA,37350,80:af:ca:27:52:2a,-54,11,1,1,1,1,1,0,0,0,0,-97,0,11,2,489959239,0,83,1,128,0,"[0,0,0,0,0,0,0,0,0,0,0,0,4,0,6,0,8,0,9,1,10,1,10,2,11,2,10,2,10,2,9,2,8,2,6,1,4,0,2,0,0,0,-2,0,-3,-1,-5,-1,-7,-2,-8,-2,-10,-2,-10,-3,-10,-3,-10,-3,-10,-2,-9,-2,0,0,-7,-2,-5,-1,-3,0,-1,0,0,0,2,1,3,2,5,2,6,3,7,4,8,4,8,4,8,5,7,4,7,4,5,3,5,2,3,1,2,0,1,0,0,-1,0,-2,-1,-2,-2,-4,-2,-5,-2,-5,0,0,0,0,0,0,0,0,0,0]"
CSI_DATA,37351,80:af:ca:27:52:2a,-54,11,0,0,0,0,0,0,0,0,0,-97,0,11,2,489970430,0,83,0,128,0,"[0,0,0,0,0,0,0,0,0,0,0,0,-1,4,-2,7,-4,11,-3,12,-4,13,-5,13,-6,14,-6,13,-5,12,-5,10,-4,9,-4,7,-3,5,-2,2,-1,0,0,-2,1,-4,1,-6,3,-8,3,-10,4,-12,5,-14,5,-14,6,-16,5,-16,5,-15,0,0,4,-11,3,-8,1,-6,0,-3,-2,0,-3,2,-5,4,-6,6,-7,7,-7,8,-8,9,-8,9,-8,9,-9,9,-8,9,-7,8,-6,7,-5,6,-4,4,-2,3,0,1,3,-1,5,-2,6,-3,8,-4,9,-4,0,0,0,0,0,0,0,0,0,0]"
CSI_DATA,37352,80:af:ca:27:52:2a,-55,11,1,1,1,1,1,0,0,0,0,-97,0,11,2,489980446,0,83,1,128,0,"[0,0,0,0,0,0,0,0,0,0,0,0,-3,0,-5,-1,-7,-2,-8,-3,-9,-4,-9,-4,-10,-4,-9,-4,-9,-4,-9,-4,-7,-4,-7,-3,-4,-2,-3,-2,-1,-1,0,0,2,0,4,0,6,0,7,1,8,1,9,1,9,1,9,1,9,1,8,1,0,0,6,0,4,0,2,0,1,0,0,0,-2,-1,-4,-1,-5,-2,-7,-2,-8,-2,-9,-2,-9,-2,-9,-2,-9,-2,-8,-1,-7,-1,-6,0,-4,0,-3,0,-2,0,0,0,0,0,1,1,2,1,3,2,4,2,0,0,0,0,0,0,0,0,0,0]"
CSI_DATA,37353,80:af:ca:27:52:2a,-54,11,0,0,0,0,0,0,0,0,0,-97,0,11,2,489988696,0,83,0,128,0,"[0,0,0,0,0,0,0,0,0,0,0,0,0,-5,1,-7,3,-10,2,-12,3,-14,5,-14,5,-15,5,-14,4,-12,4,-11,3,-10,3,-8,1,-5,1,-4,0,-1,0,0,0,3,0,5,-1,8,-1,10,-1,11,-2,14,-2,15,-3,16,-2,16,-2,15,0,0,-1,11,-1,8,0,5,0,2,0,-1,0,-4,0,-6,1,-9,1,-10,1,-11,2,-13,1,-13,2,-13,2,-14,2,-13,1,-11,1,-10,0,-9,0,-6,0,-4,-1,0,-2,1,-3,4,-5,6,-5,8,-5,9,0,0,0,0,0,0,0,0,0,0]"
CSI_DATA,37354,80:af:ca:27:52:2a,-54,11,1,1,1,1,1,0,0,0,0,-97,0,11,2,489997301,0,83,1,128,0,"[0,0,0,0,0,0,0,0,0,0,0,0,2,2,4,4,4,6,5,7,6,9,6,9,6,10,6,9,5,9,4,9,4,7,3,6,2,4,0,2,0,0,-1,-1,-2,-3,-3,-5,-4,-7,-5,-8,-5,-9,-6,-10,-7,-10,-7,-10,-6,-9,-6,-9,0,0,-4,-7,-3,-4,-2,-3,-2,-1,0,0,0,2,0,4,1,6,2,7,2,9,2,9,2,9,2,9,2,9,2,9,2,7,2,6,2,4,1,3,1,1,1,0,0,-2,0,-3,1,-4,1,-5,1,-6,0,0,0,0,0,0,0,0,0,0]"
CSI_DATA,37355,80:af:ca:27:52:2a,-54,11,1,1,1,1,1,0,0,0,0,-97,0,11,2,490005336,0,83,1,128,0,"[0,0,0,0,0,0,0,0,0,0,0,0,7,3,7,2,6,2,5,2,3,2,2,1,1,1,0,0,-2,0,-3,0,-5,-1,-6,-1,-7,-1,-7,-1,-8,-1,-8,-1,-8,-1,-7,-1,-6,-1,-5,-1,-4,0,-3,0,-1,0,0,0,1,0,3,0,0,0,5,0,6,0,7,0,7,0,7,0,7,0,6,0,6,0,5,0,4,0,2,0,1,0,0,0,-1,0,-2,0,-3,0,-4,0,-5,0,-5,0,-5,0,-6,0,-5,0,-5,0,-5,0,-4,0,-3,0,0,0,0,0,0,0,0,0,0,0]"
CSI_DATA,37356,80:af:ca:27:52:2a,-54,11,0,0,0,0,0,0,0,0,0,-97,0,11,2,490038795,0,83,0,128,0,"[0,0,0,0,0,0,0,0,0,0,0,0,-5,-3,-6,-6,-8,-9,-9,-10,-10,-11,-10,-12,-10,-12,-9,-12,-9,-11,-8,-10,-7,-8,-6,-7,-4,-5,-2,-3,-1,-2,1,0,3,1,4,2,6,4,8,5,9,6,11,7,12,7,13,9,13,8,12,7,0,0,9,5,7,4,4,2,1,0,-1,-1,-4,-2,-6,-4,-7,-4,-9,-5,-10,-6,-11,-7,-10,-6,-11,-7,-11,-7,-11,-6,-10,-5,-9,-5,-7,-4,-5,-3,-3,-1,-1,0,1,2,3,3,5,5,6,5,7,6,0,0,0,0,0,0,0,0,0,0]"
CSI_DATA,37357,80:af:ca:27:52:2a,-55,11,1,1,1,1,1,0,0,0,0,-97,0,11,2,490048680,0,83,1,128,0,"[0,0,0,0,0,0,0,0,0,0,0,0,3,0,4,0,6,0,8,1,8,1,10,2,10,2,10,2,10,2,8,2,8,1,6,1,4,1,2,0,0,0,-1,0,-3,0,-4,0,-6,0,-8,0,-9,0,-10,0,-11,0,-11,0,-11,0,-9,0,0,0,-7,0,-5,0,-4,0,-2,0,0,0,2,0,4,0,5,0,6,0,8,0,8,0,8,0,8,0,8,0,7,0,6,0,5,0,4,0,2,0,1,0,0,-1,-1,-1,-2,-1,-3,-2,-4,-2,-5,-2,0,0,0,0,0,0,0,0,0,0]"
CSI_DATA,37358,80:af:ca:27:52:2a,-54,11,0,0,0,0,0,0,0,0,0,-97,0,11,2,490060948,0,83,0,128,0,"[0,0,0,0,0,0,0,0,0,0,0,0,12,-3,13,-2,11,-1,9,-1,6,0,3,0,1,0,-1,1,-3,1,-6,2,-7,3,-10,3,-10,3,-11,3,-10,3,-12,3,-11,3,-10,3,-10,2,-8,2,-6,1,-4,0,-1,0,1,0,4,-2,6,-3,0,0,12,-4,13,-5,15,-6,15,-6,14,-5,13,-5,12,-4,10,-4,8,-3,6,-3,3,-2,1,-2,0,-1,-3,-1,-6,0,-8,0,-10,0,-12,0,-13,0,-14,0,-15,0,-15,0,-14,0,-13,0,-11,0,-8,0,0,0,0,0,0,0,0,0,0,0]"
CSI_DATA,37359,80:af:ca:27:52:2a,-54,11,0,0,0,0,0,0,0,0,0,-97,0,11,2,490074287,0,83,0,128,0,"[0,0,0,0,0,0,0,0,0,0,0,0,3,2,4,5,6,8,7,9,8,11,7,11,8,12,7,11,7,10,6,9,5,8,4,7,2,4,1,2,0,1,-2,-1,-3,-2,-5,-4,-6,-6,-7,-7,-9,-8,-10,-10,-11,-10,-12,-12,-13,-11,-12,-11,0,0,-9,-8,-7,-6,-5,-4,-2,-2,0,1,2,2,4,4,5,5,6,6,7,7,8,8,8,8,8,8,8,8,8,8,7,7,7,6,5,4,4,3,2,1,1,-1,-1,-3,-2,-5,-4,-7,-5,-8,-5,-9,0,0,0,0,0,0,0,0,0,0]"
CSI_DATA,37360,80:af:ca:27:52:2a,-54,11,1,1,1,1,1,0,0,0,0,-97,0,11,2,490083111,0,83,1,128,0,"[0,0,0,0,0,0,0,0,0,0,0,0,4,9,4,9,3,8,2,6,1,5,0,3,0,1,-1,0,-2,-2,-2,-4,-3,-6,-4,-7,-4,-8,-5,-9,-5,-9,-5,-9,-5,-9,-5,-8,-4,-7,-3,-6,-2,-4,-1,-3,-1,-1,0,0,0,2,1,3,0,0,2,6,3,7,4,8,4,8,4,9,4,8,3,8,3,6,2,5,2,4,1,2,1,1,0,0,0,-2,0,-3,0,-4,-1,-5,-1,-6,-1,-6,-1,-7,-1,-7,-1,-6,-1,-6,-1,-6,-1,-5,0,-4,0,0,0,0,0,0,0,0,0,0]"
CSI_DATA,37361,80:af:ca:27:52:2a,-54,11,1,1,1,1,1,0,0,0,0,-97,0,11,2,490091294,0,83,1,128,0,"[0,0,0,0,0,0,0,0,0,0,0,0,0,-5,2,-6,2,-8,4,-9,5,-10,5,-10,5,-10,5,-10,5,-10,5,-8,5,-7,3,-5,2,-4,1,-2,0,0,0,1,-2,2,-3,4,-4,5,-5,7,-5,8,-6,8,-6,8,-6,8,-6,8,-5,8,0,0,-4,5,-2,4,-2,2,0,1,1,0,2,-1,3,-3,5,-4,5,-5,6,-5,7,-6,7,-6,7,-6,6,-5,6,-5,5,-5,4,-4,2,-3,2,-2,0,-2,0,-1,-2,0,-2,0,-4,0,-5,0,-5,0,0,0,0,0,0,0,0,0,0,0]"
CSI_DATA,37362,80:af:ca:27:52:2a,-54,11,1,1,1,1,1,0,0,0,0,-97,0,11,2,490099648,0,83,1,128,0,"[0,0,0,0,0,0,0,0,0,0,0,0,1,-11,1,-10,1,-9,1,-7,1,-5,0,-3,0,-1,0,1,0,3,0,4,0,7,0,8,0,9,0,10,0,11,0,11,0,10,0,9,0,8,0,6,0,4,0,3,0,0,0,-1,0,-3,0,-5,0,0,-1,-8,-1,-9,-1,-10,-1,-11,-1,-11,-1,-10,-1,-9,-1,-8,-1,-7,-1,-5,-1,-3,-1,-1,-1,0,-1,1,-1,3,0,4,0,6,-1,6,0,7,0,7,0,7,0,7,0,6,0,6,0,4,0,4,0,0,0,0,0,0,0,0,0,0]"
CSI_DATA,37363,80:af:ca:27:52:2a,-54,11,1,1,1,1,1,0,0,0,0,-97,0,11,2,490108452,0,83,1,128,0,"[0,0,0,0,0,0,0,0,0,0,0,0,-5,7,-5,7,-5,6,-3,5,-3,3,-2,1,-1,0,0,-1,0,-2,1,-4,1,-6,1,-7,2,-8,2,-8,2,-8,2,-9,2,-8,1,-8,1,-7,1,-6,1,-4,0,-3,0,-1,0,0,0,2,0,3,0,0,-1,6,-1,7,-1,8,-1,8,-1,8,-1,8,0,7,0,6,0,5,0,4,0,2,0,1,0,0,0,-1,0,-3,0,-4,0,-5,0,-6,0,-6,0,-6,0,-6,0,-6,0,-6,0,-5,0,-5,0,-3,0,0,0,0,0,0,0,0,0,0]"
CSI_DATA,37364,80:af:ca:27:52:2a,-54,11,0,0,0,0,0,0,0,0,0,-97,0,11,2,490121991,0,83,0,128,0,"[0,0,0,0,0,0,0,0,0,0,0,0,0,4,-3,6,-5,9,-5,10,-6,12,-7,11,-7,12,-7,12,-6,10,-6,10,-5,8,-5,6,-4,4,-3,2,-1,0,0,-2,0,-4,0,-6,0,-8,0,-10,0,-12,1,-15,0,-15,2,-17,1,-17,1,-15,0,0,0,-11,0,-9,0,-5,0,-2,0,0,0,3,0,5,0,8,0,10,0,11,0,12,0,12,0,12,0,12,0,12,0,10,0,10,0,7,0,5,0,2,0,0,0,-3,1,-5,1,-8,1,-10,2,-10,0,0,0,0,0,0,0,0,0,0]"
CSI_DATA,37365,80:af:ca:27:52:2a,-55,11,0,0,0,0,0,0,0,0,0,-97,0,11,2,490133161,0,83,0,128,0,"[0,0,0,0,0,0,0,0,0,0,0,0,1,-4,4,-6,7,-7,7,-9,9,-9,10,-9,10,-10,10,-9,9,-9,8,-7,7,-6,6,-6,4,-4,2,-2,0,0,0,0,-2,1,-4,4,-5,6,-6,6,-7,8,-9,10,-9,11,-12,12,-10,12,-10,11,0,0,-6,8,-6,6,-3,4,-1,1,0,0,2,-2,4,-5,5,-6,6,-7,7,-8,8,-9,8,-8,8,-8,8,-9,7,-8,7,-8,6,-7,5,-6,3,-5,0,-3,0,-1,-3,0,-5,0,-7,2,-8,3,-9,3,0,0,0,0,0,0,0,0,0,0]"
CSI_DATA,37366,80:af:ca:27:52:2a,-54,11,1,1,1,1,1,0,0,0,0,-97,0,11,2,490141607,0,83,1,128,0,"[0,0,0,0,0,0,0,0,0,0,0,0,2,8,2,8,1,7,1,6,0,4,0,2,0,1,-1,0,-1,-2,-2,-4,-2,-5,-3,-6,-3,-7,-3,-8,-3,-8,-3,-8,-3,-8,-3,-8,-2,-7,-2,-6,-2,-4,-1,-3,-1,-1,0,0,0,1,1,2,0,0,2,6,2,6,2,7,3,7,2,7,2,7,2,7,2,6,2,4,1,3,1,2,0,1,0,0,0,-1,0,-3,0,-4,0,-5,-1,-5,-1,-6,-1,-6,-1,-6,-1,-6,-1,-6,-1,-5,-1,-4,0,-3,0,0,0,0,0,0,0,0,0,0]"
CSI_DATA,37367,80:af:ca:27:52:2a,-54,11,1,1,1,1,1,0,0,0,0,-97,0,11,2,490148928,0,83,1,128,0,"[0,0,0,0,0,0,0,0,0,0,0,0,0,3,-1,6,-2,8,-3,10,-4,11,-5,12,-5,13,-5,12,-5,12,-5,11,-4,10,-3,8,-2,5,-2,3,-1,1,0,-1,0,-3,1,-5,2,-8,2,-9,3,-11,3,-11,4,-12,4,-13,3,-12,3,-11,0,0,2,-8,1,-6,0,-5,0,-2,-1,0,-2,1,-3,3,-4,5,-5,6,-5,8,-6,8,-6,8,-6,8,-6,8,-5,8,-5,7,-4,6,-2,5,-2,3,0,2,0,0,1,0,2,-1,3,-2,4,-2,5,-3,0,0,0,0,0,0,0,0,0,0]"
CSI_DATA,37368,80:af:ca:27:52:2a,-54,11,1,1,1,1,1,0,0,0,0,-97,0,11,2,490157183,0,83,1,128,0,"[0,0,0,0,0,0,0,0,0,0,0,0,3,-1,5,0,8,0,9,0,10,0,10,0,10,0,10,0,10,1,9,1,8,0,6,0,4,0,2,0,0,0,-2,0,-3,0,-5,-1,-7,-2,-8,-2,-9,-2,-10,-2,-10,-2,-10,-2,-10,-2,-9,-2,0,0,-7,-1,-5,-1,-3,0,-2,0,0,0,1,1,3,2,5,2,5,3,6,4,7,4,7,4,7,4,7,4,6,4,5,3,5,2,3,2,2,0,1,0,0,0,0,-2,0,-2,-1,-3,-2,-5,-2,-5,0,0,0,0,0,0,0,0,0,0]"
CSI_DATA,37369,80:af:ca:27:52:2a,-54,11,0,0,0,0,0,0,0,0,0,-97,0,11,2,490172124,0,83,0,128,0,"[0,0,0,0,0,0,0,0,0,0,0,0,1,-5,4,-6,6,-9,7,-10,9,-11,9,-11,10,-12,10,-11,8,-10,8,-9,6,-8,5,-6,4,-5,2,-2,0,0,0,0,-1,2,-2,5,-4,6,-5,9,-5,10,-6,13,-6,13,-8,15,-7,15,-6,14,0,0,-5,10,-4,7,-2,5,-1,1,0,0,0,-4,1,-6,2,-8,3,-10,4,-10,4,-12,4,-11,4,-12,4,-12,4,-12,3,-10,3,-10,2,-8,0,-5,0,-3,0,0,-2,1,-3,4,-5,5,-5,7,-6,8,0,0,0,0,0,0,0,0,0,0]"
CSI_DATA,37370,80:af:ca:27:52:2a,-54,11,1,1,1,1,1,0,0,0,0,-97,0,11,2,490179712,0,83,1,128,0,"[0,0,0,0,0,0,0,0,0,0,0,0,-2,2,-5,2,-8,2,-9,3,-10,3,-11,3,-11,4,-11,3,-11,3,-10,2,-9,2,-8,2,-5,1,-3,0,-1,0,0,-1,2,-2,3,-3,5,-4,7,-5,8,-5,8,-6,8,-6,8,-7,8,-6,8,-6,0,0,5,-5,4,-3,2,-2,0,-1,-1,0,-2,0,-4,2,-5,2,-7,4,-8,5,-8,5,-8,5,-8,5,-8,5,-7,5,-6,4,-5,3,-4,2,-2,2,-1,1,0,0,1,0,2,0,3,-1,4,-2,5,-2,0,0,0,0,0,0,0,0,0,0]"
CSI_DATA,37371,80:af:ca:27:52:2a,-54,11,1,1,1,1,1,0,0,0,0,-97,0,11,2,490204422,0,83,1,128,0,"[0,0,0,0,0,0,0,0,0,0,0,0,-8,-5,-7,-5,-6,-4,-5,-3,-3,-3,-2,-2,0,-1,0,0,2,1,3,2,5,2,6,3,7,4,7,4,7,4,7,5,7,4,7,3,6,3,5,2,3,2,2,1,1,0,0,0,-2,-1,-3,-2,0,0,-6,-4,-6,-5,-7,-5,-7,-5,-7,-5,-7,-5,-6,-5,-6,-4,-5,-3,-4,-2,-3,-2,-2,-1,-1,0,0,1,1,2,1,3,2,3,3,4,3,5,3,5,3,5,3,5,3,4,2,3,2,3,2,2,0,0,0,0,0,0,0,0,0,0]"
CSI_DATA,37372,80:af:ca:27:52:2a,-54,11,1,1,1,1,1,0,0,0,0,-97,0,11,2,490234867,0,83,1,128,0,"[0,0,0,0,0,0,0,0,0,0,0,0,-4,-10,-3,-9,-3,-7,-2,-6,-1,-4,0,-3,0,-1,1,0,1,2,2,4,3,5,4,6,4,7,4,8,4,8,4,8,4,7,4,7,4,6,3,4,2,3,1,1,0,0,-1,-1,-1,-2,-3,-3,0,0,-4,-6,-5,-7,-6,-7,-6,-7,-6,-7,-6,-7,-5,-6,-5,-6,-4,-4,-3,-3,-2,-2,-1,-1,0,0,0,1,1,3,1,3,2,4,3,5,3,5,3,5,3,6,3,5,3,4,2,4,2,3,1,3,0,0,0,0,0,0,0,0,0,0]"
CSI_DATA,37373,80:af:ca:27:52:2a,-54,11,0,0,0,0,0,0,0,0,0,-97,0,11,2,490245877,0,83,0,128,0,"[0,0,0,0,0,0,0,0,0,0,0,0,-7,-11,-7,-11,-6,-11,-5,-9,-3,-7,-2,-5,0,-2,0,0,2,1,4,3,5,5,6,6,7,7,8,7,8,7,8,8,8,7,8,6,6,6,5,5,5,4,3,2,1,1,-1,0,-3,-2,-5,-4,0,0,-11,-8,-12,-9,-14,-10,-14,-10,-13,-10,-12,-9,-11,-8,-9,-7,-8,-5,-6,-4,-4,-2,-2,-1,0,0,0,2,2,3,4,5,6,6,7,8,8,8,9,9,10,9,9,9,9,8,8,8,7,6,5,4,0,0,0,0,0,0,0,0,0,0]"
CSI_DATA,37374,80:af:ca:27:52:2a,-54,11,0,0,0,0,0,0,0,0,0,-97,0,11,2,490256295,0,83,0,128,0,"[0,0,0,0,0,0,0,0,0,0,0,0,13,0,13,0,12,0,9,0,6,0,4,0,1,0,0,0,-4,0,-6,0,-8,0,-10,0,-10,0,-11,0,-11,1,-12,1,-11,0,-10,1,-10,0,-9,0,-7,0,-5,0,-2,0,0,0,4,-1,6,-1,0,0,12,-3,14,-3,15,-3,15,-3,15,-3,15,-3,13,-2,10,-2,9,-2,6,-2,5,-2,2,-1,0,-1,-2,-1,-5,-1,-7,-1,-10,-1,-11,-1,-13,-1,-15,-2,-15,-1,-15,-1,-14,-1,-13,-1,-11,0,-9,0,0,0,0,0,0,0,0,0,0,0]"
CSI_DATA,37375,80:af:ca:27:52:2a,-54,11,0,0,0,0,0,0,0,0,0,-97,0,11,2,490265958,0,83,0,128,0,"[0,0,0,0,0,0,0,0,0,0,0,0,-13,-6,-13,-6,-12,-7,-9,-5,-7,-4,-4,-3,-1,-1,0,0,2,0,5,0,8,0,9,1,10,1,10,1,10,1,12,1,11,1,10,1,9,1,8,1,7,0,4,0,1,0,0,0,-4,0,-8,0,0,0,-13,-1,-15,-1,-16,-1,-16,-1,-16,-1,-16,-1,-14,-1,-12,-1,-10,0,-8,0,-6,0,-3,0,0,0,1,0,4,1,7,1,8,2,10,3,12,2,13,3,14,3,13,3,12,2,11,2,9,1,7,0,0,0,0,0,0,0,0,0,0,0]"
CSI_DATA,37376,80:af:ca:27:52:2a,-55,11,1,1,1,1,1,0,0,0,0,-97,0,11,2,490275260,0,83,1,128,0,"[0,0,0,0,0,0,0,0,0,0,0,0,-2,-2,-3,-5,-4,-6,-4,-8,-5,-9,-5,-10,-5,-10,-5,-10,-5,-10,-4,-9,-4,-8,-3,-7,-2,-5,-1,-3,0,-1,0,0,1,1,2,3,2,5,4,5,5,7,5,8,5,8,5,8,5,8,5,7,0,0,4,5,2,4,2,2,0,0,0,0,-1,-2,-2,-3,-3,-5,-4,-6,-5,-7,-5,-8,-5,-8,-5,-8,-5,-8,-5,-7,-4,-6,-3,-5,-3,-4,-2,-2,-1,-1,-1,0,0,0,0,2,0,2,0,4,0,4,0,0,0,0,0,0,0,0,0,0]"
CSI_DATA,37377,80:af:ca:27:52:2a,-55,11,1,1,1,1,1,0,0,0,0,-97,0,11,2,490284651,0,83,1,128,0,"[0,0,0,0,0,0,0,0,0,0,0,0,2,-2,4,-3,6,-3,8,-4,9,-4,9,-4,10,-3,9,-3,9,-3,9,-2,7,-2,6,-2,4,-1,2,-1,0,0,0,0,-2,0,-4,1,-6,1,-7,2,-9,2,-9,2,-9,2,-10,2,-9,2,-9,2,0,0,-7,2,-5,1,-3,1,-2,0,0,0,2,0,3,0,5,0,6,0,7,-1,8,-1,8,-1,8,-1,8,0,7,0,7,0,5,-1,4,-1,2,0,1,-1,0,-1,-1,-1,-2,-1,-3,-2,-4,-2,-4,-2,0,0,0,0,0,0,0,0,0,0]"
CSI_DATA,37378,80:af:ca:27:52:2a,-54,11,1,1,1,1,1,0,0,0,0,-97,0,11,2,490293760,0,83,1,128,0,"[0,0,0,0,0,0,0,0,0,0,0,0,-2,2,-4,4,-6,4,-8,5,-9,5,-9,5,-9,6,-9,5,-9,5,-8,4,-7,4,-6,3,-4,2,-2,1,0,0,0,-1,2,-2,3,-3,5,-4,6,-5,7,-6,7,-6,7,-7,8,-7,7,-7,7,-6,0,0,4,-4,3,-3,2,-2,0,-1,-1,0,-2,0,-4,1,-5,2,-7,3,-7,4,-8,4,-8,4,-8,4,-8,4,-7,4,-7,3,-5,2,-4,2,-2,1,-1,0,0,0,1,0,2,0,3,0,4,0,4,0,0,0,0,0,0,0,0,0,0,0]"
CSI_DATA,37379,80:af:ca:27:52:2a,-55,11,1,1,1,1,1,0,0,0,0,-97,0,11,2,490302914,0,83,1,128,0,"[0,0,0,0,0,0,0,0,0,0,0,0,0,-3,2,-5,3,-6,4,-8,5,-8,5,-8,6,-9,5,-9,6,-8,5,-8,5,-7,4,-5,2,-4,2,-2,0,0,0,0,-1,2,-2,3,-3,5,-4,6,-5,8,-5,8,-5,8,-5,8,-5,8,-4,8,0,0,-3,5,-2,4,-1,2,0,1,0,0,1,-2,2,-3,2,-5,3,-6,4,-7,4,-8,5,-8,4,-8,4,-7,4,-7,3,-6,2,-5,2,-4,1,-3,0,-2,0,0,-1,0,-2,0,-3,2,-4,2,-4,2,0,0,0,0,0,0,0,0,0,0]"
CSI_DATA,37380,80:af:ca:27:52:2a,-54,11,1,1,1,1,1,0,0,0,0,-97,0,11,2,490312245,0,83,1,128,0,"[0,0,0,0,0,0,0,0,0,0,0,0,8,3,8,2,7,2,6,2,4,2,2,1,1,1,-1,0,-2,0,-4,0,-6,0,-7,0,-8,0,-9,0,-9,0,-9,0,-9,0,-8,0,-7,0,-6,0,-5,0,-3,0,-1,0,0,0,1,-1,3,-1,0,0,6,-1,7,-2,7,-2,8,-2,8,-2,8,-2,7,-2,6,-2,5,-2,4,-1,2,-1,1,-1,0,0,-1,0,-3,0,-4,0,-5,1,-6,1,-6,1,-6,1,-6,1,-6,1,-6,1,-5,1,-5,1,-3,0,0,0,0,0,0,0,0,0,0,0]"
CSI_DATA,37381,80:af:ca:27:52:2a,-55,11,0,0,0,0,0,0,0,0,0,-97,0,11,2,490324903,0,83,0,128,0,"[0,0,0,0,0,0,0,0,0,0,0,0,3,2,4,6,4,9,5,10,5,12,5,12,5,13,4,13,4,11,3,10,3,9,2,7,1,4,0,3,-1,0,-1,-2,-2,-4,-3,-6,-3,-8,-4,-10,-4,-12,-5,-13,-5,-14,-5,-16,-6,-16,-5,-15,0,0,-4,-11,-3,-8,-3,-5,-2,-2,-2,1,-1,4,-1,6,-1,8,-1,10,-1,10,-1,12,-1,12,-1,12,-1,12,-1,11,-1,11,0,10,-1,8,0,5,1,3,1,1,2,-2,3,-4,5,-6,5,-8,6,-9,0,0,0,0,0,0,0,0,0,0]"
CSI_DATA,37382,80:af:ca:27:52:2a,-54,11,0,0,0,0,0,0,0,0,0,-97,0,11,2,490339415,0,83,0,128,0,"[0,0,0,0,0,0,0,0,0,0,0,0,12,6,12,7,11,7,9,5,6,4,3,2,0,0,-1,0,-4,0,-6,-2,-8,-2,-10,-4,-12,-4,-12,-4,-12,-4,-13,-4,-12,-4,-11,-3,-11,-4,-9,-3,-7,-2,-5,-1,-2,0,0,0,3,0,6,1,0,0,13,2,15,3,16,3,16,4,16,4,15,3,14,3,11,2,9,1,6,0,4,0,2,0,0,0,-2,-2,-4,-3,-6,-3,-9,-5,-11,-6,-12,-6,-13,-7,-14,-7,-13,-7,-13,-6,-12,-6,-10,-4,-8,-3,0,0,0,0,0,0,0,0,0,0]"
CSI_DATA,37383,80:af:ca:27:52:2a,-54,11,1,1,1,1,1,0,0,0,0,-97,0,11,2,490347306,0,83,1,128,0,"[0,0,0,0,0,0,0,0,0,0,0,0,-7,4,-7,4,-6,3,-5,3,-4,2,-3,1,-1,0,0,-1,1,-2,2,-3,3,-4,4,-4,4,-5,5,-6,5,-6,5,-6,5,-6,4,-5,4,-5,3,-4,3,-3,2,-2,0,-1,0,0,-1,1,-2,2,0,0,-3,4,-4,5,-4,5,-5,5,-5,5,-5,5,-4,5,-4,4,-3,4,-2,3,-2,2,-1,1,0,0,0,0,1,-1,2,-2,2,-3,3,-3,3,-3,3,-4,3,-4,3,-4,3,-3,3,-3,2,-3,2,-2,0,0,0,0,0,0,0,0,0,0]"
CSI_DATA,37384,80:af:ca:27:52:2a,-54,11,0,0,0,0,0,0,0,0,0,-97,0,11,2,490372538,0,83,0,128,0,"[0,0,0,0,0,0,0,0,0,0,0,0,-5,0,-8,-3,-10,-5,-12,-5,-13,-7,-14,-8,-14,-8,-13,-8,-12,-7,-10,-7,-9,-6,-8,-5,-5,-3,-3,-2,-1,-1,0,0,2,0,5,0,7,2,9,2,11,3,13,4,14,4,16,6,16,4,15,4,0,0,10,3,8,2,5,0,1,0,0,0,-4,-2,-6,-3,-8,-4,-10,-4,-11,-5,-12,-5,-12,-5,-12,-5,-13,-6,-12,-5,-11,-4,-10,-4,-8,-3,-6,-2,-3,0,-1,0,0,1,3,3,5,5,7,6,8,7,0,0,0,0,0,0,0,0,0,0]"
CSI_DATA,37385,80:af:ca:27:52:2a,-55,11,1,1,1,1,1,0,0,0,0,-97,0,11,2,490394578,0,83,1,128,0,"[0,0,0,0,0,0,0,0,0,0,0,0,2,1,4,2,5,4,6,5,6,6,7,7,7,7,7,7,7,7,6,7,5,5,4,4,3,3,2,2,0,0,-1,0,-2,-1,-4,-2,-6,-4,-7,-4,-8,-4,-9,-5,-9,-5,-9,-5,-9,-5,-9,-4,0,0,-7,-3,-5,-2,-3,-2,-2,0,0,0,1,0,3,2,4,2,6,3,7,3,7,4,8,4,7,4,7,4,7,3,7,3,5,2,4,1,2,0,1,0,0,0,0,-1,-2,-2,-2,-2,-3,-3,-4,-4,0,0,0,0,0,0,0,0,0,0]"
CSI_DATA,37386,80:af:ca:27:52:2a,-54,11,0,0,0,0,0,0,0,0,0,-97,0,11,2,490404676,0,83,0,128,0,"[0,0,0,0,0,0,0,0,0,0,0,0,0,4,-1,7,-2,10,-2,12,-3,13,-4,14,-4,14,-4,14,-4,13,-4,11,-3,10,-3,8,-2,5,-2,3,-1,1,-1,-2,0,-3,0,-6,1,-8,1,-11,1,-12,1,-15,1,-16,2,-18,1,-17,1,-16,0,0,1,-13,0,-10,0,-7,-1,-3,-1,0,-2,3,-2,5,-2,7,-3,9,-3,10,-3,11,-3,11,-4,12,-4,12,-3,11,-3,10,-2,9,-2,8,-1,5,0,3,1,1,2,-2,3,-4,4,-6,5,-8,5,-8,0,0,0,0,0,0,0,0,0,0]"
CSI_DATA,37387,80:af:ca:27:52:2a,-54,11,1,1,1,1,1,0,0,0,0,-97,0,11,2,490412583,0,83,1,128,0,"[0,0,0,0,0,0,0,0,0,0,0,0,0,-3,2,-5,3,-6,5,-8,5,-8,6,-9,6,-9,6,-9,6,-8,5,-8,5,-8,4,-6,2,-5,2,-2,0,-1,0,0,-1,2,-2,3,-3,5,-4,6,-4,8,-5,8,-5,8,-5,9,-4,8,-4,8,0,0,-2,6,-2,5,-1,2,0,1,0,0,1,-2,1,-3,2,-5,2,-6,3,-7,3,-8,3,-8,3,-8,3,-8,3,-7,2,-6,2,-5,1,-4,0,-3,0,-2,0,0,-1,0,-2,0,-2,2,-3,2,-3,2,0,0,0,0,0,0,0,0,0,0]"
CSI_DATA,37388,80:af:ca:27:52:2a,-54,11,0,0,0,0,0,0,0,0,0,-97,0,11,2,490428079,0,83,0,128,0,"[0,0,0,0,0,0,0,0,0,0,0,0,-2,-13,-2,-13,-1,-12,-1,-10,0,-6,0,-4,0,-1,0,1,1,3,1,6,2,7,2,9,3,10,3,10,3,10,3,11,3,10,3,10,2,9,2,7,1,6,0,3,0,1,0,-1,-1,-4,-3,-7,0,0,-4,-13,-4,-14,-5,-16,-5,-16,-5,-16,-4,-14,-4,-13,-3,-11,-3,-9,-3,-6,-2,-4,-2,-2,-1,0,0,2,0,4,0,7,0,9,0,11,0,12,0,13,0,13,0,13,0,13,0,11,0,10,0,7,0,0,0,0,0,0,0,0,0,0]"
CSI_DATA,37389,80:af:ca:27:52:2a,-54,11,1,1,1,1,1,0,0,0,0,-97,0,11,2,490436842,0,83,1,128,0,"[0,0,0,0,0,0,0,0,0,0,0,0,2,-2,5,-2,6,-2,8,-2,9,-3,10,-3,10,-3,10,-3,10,-3,8,-2,8,-2,6,-2,4,-1,2,0,0,0,0,0,-2,1,-4,2,-5,2,-7,4,-8,4,-8,5,-9,5,-9,5,-8,5,-8,5,0,0,-6,3,-4,2,-2,1,-1,0,0,0,1,-1,2,-2,4,-3,5,-4,6,-5,7,-5,7,-5,7,-5,6,-5,6,-5,5,-5,4,-4,2,-3,2,-2,0,-1,0,0,-1,0,-2,0,-3,0,-5,1,-5,1,0,0,0,0,0,0,0,0,0,0]"
CSI_DATA,37390,80:af:ca:27:52:2a,-54,11,1,1,1,1,1,0,0,0,0,-97,0,11,2,490444034,0,83,1,128,0,"[0,0,0,0,0,0,0,0,0,0,0,0,-5,-7,-5,-6,-4,-6,-4,-5,-2,-4,-2,-3,0,-2,0,0,1,0,3,1,4,3,5,3,5,4,6,4,6,4,6,5,6,4,6,4,5,3,4,3,3,2,2,1,1,0,0,0,-2,-1,-3,-1,0,0,-5,-3,-6,-3,-7,-3,-7,-4,-7,-4,-7,-4,-7,-3,-6,-3,-5,-2,-4,-2,-3,-1,-2,0,0,0,0,0,2,1,2,1,3,2,4,2,4,3,5,3,5,3,4,3,4,2,4,2,3,2,2,1,0,0,0,0,0,0,0,0,0,0]"
CSI_DATA,37391,80:af:ca:27:52:2a,-55,11,1,1,1,1,1,0,0,0,0,-97,0,11,2,490452399,0,83,1,128,0,"[0,0,0,0,0,0,0,0,0,0,0,0,-2,-2,-3,-4,-4,-5,-5,-7,-5,-8,-5,-9,-5,-9,-5,-9,-5,-9,-5,-8,-4,-8,-3,-6,-2,-5,-1,-3,0,-2,0,0,1,1,2,2,3,4,4,5,5,6,5,7,6,7,6,7,6,7,5,6,0,0,4,4,3,3,2,2,1,0,0,0,-1,-2,-2,-3,-3,-5,-4,-5,-5,-6,-5,-7,-5,-7,-5,-7,-5,-7,-5,-6,-5,-5,-4,-5,-3,-3,-2,-2,-2,-1,-1,0,0,0,0,2,0,2,0,3,1,4,0,0,0,0,0,0,0,0,0,0]"
CSI_DATA,37392,80:af:ca:27:52:2a,-55,11,1,1,1,1,1,0,0,0,0,-97,0,11,2,490461216,0,83,1,128,0,"[0,0,0,0,0,0,0,0,0,0,0,0,-1,2,-2,4,-4,5,-5,6,-6,6,-6,7,-6,8,-6,7,-6,7,-6,6,-5,6,-4,4,-3,3,-2,2,-1,0,0,-1,0,-2,1,-4,2,-6,2,-7,2,-8,3,-8,3,-9,3,-9,3,-9,2,-8,0,0,2,-6,1,-4,0,-3,0,-2,0,0,-1,1,-2,3,-2,4,-3,6,-3,6,-3,7,-4,7,-4,7,-3,7,-3,6,-2,6,-2,4,-2,4,-1,2,0,1,0,0,0,0,1,-2,2,-2,2,-3,2,-4,0,0,0,0,0,0,0,0,0,0]"
CSI_DATA,37393,80:af:ca:27:52:2a,-54,11,1,1,1,1,1,0,0,0,0,-97,0,11,2,490469140,0,83,1,128,0,"[0,0,0,0,0,0,0,0,0,0,0,0,2,-1,5,0,7,0,8,0,10,0,10,0,10,0,10,0,10,0,10,0,8,0,7,0,5,0,2,0,0,0,0,0,-2,0,-5,0,-6,1,-8,1,-9,2,-10,2,-10,2,-10,2,-10,2,-9,2,0,0,-7,2,-5,1,-3,0,-2,0,0,0,2,0,3,-1,5,-2,6,-2,7,-2,8,-2,8,-2,8,-2,8,-2,7,-3,6,-2,5,-2,3,-2,2,-2,1,-1,0,-1,-1,0,-2,0,-4,0,-5,0,-5,0,0,0,0,0,0,0,0,0,0,0]"
CSI_DATA,37394,80:af:ca:27:52:2a,-54,11,0,0,0,0,0,0,0,0,0,-97,0,11,2,490480562,0,83,0,128,0,"[0,0,0,0,0,0,0,0,0,0,0,0,2,3,2,7,2,10,2,11,2,13,1,14,1,15,1,14,1,13,0,11,1,10,0,8,0,5,-1,3,-1,1,-1,-1,-2,-3,-2,-6,-2,-8,-3,-10,-3,-12,-4,-14,-4,-15,-4,-17,-5,-17,-4,-15,0,0,-3,-12,-3,-9,-2,-6,-2,-3,-1,0,-1,3,0,5,0,7,0,9,0,10,1,12,1,11,0,11,1,12,1,11,1,11,1,10,0,8,1,6,1,3,1,1,1,-2,1,-5,2,-7,2,-9,2,-10,0,0,0,0,0,0,0,0,0,0]"
CSI_DATA,37395,80:af:ca:27:52:2a,-54,11,0,0,0,0,0,0,0,0,0,-97,0,11,2,490491126,0,83,0,128,0,"[0,0,0,0,0,0,0,0,0,0,0,0,-5,-4,-7,-7,-8,-10,-10,-10,-10,-13,-10,-13,-10,-13,-9,-13,-9,-12,-8,-10,-6,-9,-5,-8,-4,-5,-2,-3,-1,-1,1,1,2,3,4,5,5,7,6,8,8,9,9,11,10,12,10,14,11,13,9,12,0,0,7,9,5,7,3,4,1,1,0,-2,-2,-5,-3,-7,-4,-8,-5,-10,-6,-11,-6,-12,-6,-12,-6,-12,-6,-12,-6,-12,-5,-11,-5,-10,-4,-8,-3,-5,-3,-3,-2,0,-2,3,-1,5,-1,8,0,9,-1,10,0,0,0,0,0,0,0,0,0,0]"
CSI_DATA,37396,80:af:ca:27:52:2a,-55,11,0,0,0,0,0,0,0,0,0,-97,0,11,2,490531993,0,83,0,128,0,"[0,0,0,0,0,0,0,0,0,0,0,0,10,5,10,6,9,6,7,5,4,3,2,2,0,0,-2,0,-4,-1,-5,-2,-8,-3,-9,-5,-9,-5,-10,-5,-10,-5,-11,-5,-10,-5,-9,-5,-8,-5,-8,-4,-5,-2,-4,-2,-2,0,0,0,3,1,5,2,0,0,11,5,12,6,14,7,14,6,13,7,12,6,11,5,9,5,8,3,5,2,4,1,2,0,0,-1,-1,-2,-2,-4,-5,-5,-7,-7,-8,-8,-8,-9,-9,-10,-10,-10,-9,-10,-9,-9,-8,-8,-7,-7,-5,-5,0,0,0,0,0,0,0,0,0,0]"
CSI_DATA,37397,80:af:ca:27:52:2a,-54,11,1,1,1,1,1,0,0,0,0,-97,0,11,2,490541897,0,83,1,128,0,"[0,0,0,0,0,0,0,0,0,0,0,0,1,-9,1,-9,1,-8,1,-6,1,-5,0,-3,0,-1,0,0,0,2,0,4,-1,5,-1,6,-1,8,-1,8,-1,9,-1,9,-1,8,-1,8,-1,7,-1,5,-1,4,0,2,0,1,0,0,0,-2,0,-4,0,0,1,-6,1,-8,1,-8,1,-8,2,-9,2,-8,1,-8,1,-6,1,-6,0,-5,0,-3,0,-2,-1,0,-1,0,-2,1,-2,2,-3,3,-3,4,-4,4,-4,4,-4,5,-4,4,-4,4,-3,4,-2,3,-2,2,0,0,0,0,0,0,0,0,0,0]"
CSI_DATA,37398,80:af:ca:27:52:2a,-54,11,0,0,0,0,0,0,0,0,0,-97,0,11,2,490564888,0,83,0,128,0,"[0,0,0,0,0,0,0,0,0,0,0,0,0,4,0,7,-1,10,-1,11,-2,14,-2,14,-2,15,-2,14,-2,13,-2,11,-1,9,-2,8,-1,5,-1,3,-1,1,-1,-2,-1,-3,-1,-6,0,-8,-1,-10,-1,-13,-1,-15,-1,-16,-1,-18,-1,-18,-1,-16,0,0,-1,-13,-1,-9,-1,-6,-1,-3,-1,0,-1,3,-1,5,-1,7,-1,9,-1,10,-1,11,-2,11,-2,13,-2,13,-2,11,-1,10,-1,9,-1,7,-1,5,0,3,0,0,1,-2,2,-5,3,-7,3,-9,4,-9,0,0,0,0,0,0,0,0,0,0]"
CSI_DATA,37399,80:af:ca:27:52:2a,-54,11,0,0,0,0,0,0,0,0,0,-97,0,11,2,490575262,0,83,0,128,0,"[0,0,0,0,0,0,0,0,0,0,0,0,-4,0,-8,-2,-10,-3,-12,-4,-14,-5,-15,-6,-15,-6,-15,-6,-14,-5,-12,-5,-11,-4,-9,-4,-7,-2,-4,-2,-1,-1,0,0,2,0,5,0,8,0,9,0,12,0,15,0,15,0,17,0,17,0,16,0,0,0,12,0,9,0,7,0,2,0,0,0,-4,0,-7,0,-8,0,-11,0,-12,0,-14,0,-14,0,-14,0,-14,0,-13,0,-12,0,-11,0,-9,0,-7,0,-4,0,0,0,1,0,4,1,7,1,9,1,9,2,0,0,0,0,0,0,0,0,0,0]"
CSI_DATA,37400,80:af:ca:27:52:2a,-54,11,0,0,0,0,0,0,0,0,0,-97,0,11,2,490584386,0,83,0,128,0,"[0,0,0,0,0,0,0,0,0,0,0,0,2,3,2,6,2,9,2,11,2,13,2,14,1,14,1,14,1,13,1,12,1,10,0,9,0,6,0,4,-1,1,-1,-1,-2,-3,-2,-6,-2,-8,-3,-10,-3,-12,-4,-14,-4,-15,-4,-18,-4,-17,-4,-16,0,0,-3,-12,-3,-10,-2,-7,-2,-4,-1,0,-1,3,-1,6,-1,7,0,9,-1,11,-1,12,-1,12,-1,12,0,13,-1,12,0,11,0,11,0,9,0,6,1,4,1,1,2,-2,2,-4,3,-7,4,-9,4,-10,0,0,0,0,0,0,0,0,0,0]"
CSI_DATA,37401,80:af:ca:27:52:2a,-54,11,0,0,0,0,0,0,0,0,0,-97,0,11,2,490598001,0,83,0,128,0,"[0,0,0,0,0,0,0,0,0,0,0,0,-13,3,-14,2,-12,1,-10,1,-7,0,-5,0,-1,0,0,-1,3,-2,5,-2,7,-3,9,-4,10,-4,10,-4,10,-4,11,-5,10,-4,10,-4,9,-3,7,-3,5,-2,4,-2,1,-1,-1,0,-5,0,-7,2,0,0,-12,4,-14,4,-15,5,-16,5,-15,5,-15,4,-13,4,-10,3,-9,2,-6,2,-5,1,-2,0,0,0,2,0,5,0,7,0,10,0,10,0,12,0,13,0,14,0,14,0,13,0,11,0,10,0,7,0,0,0,0,0,0,0,0,0,0,0]"
CSI_DATA,37402,80:af:ca:27:52:2a,-54,11,1,1,1,1,1,0,0,0,0,-97,0,11,2,490608670,0,83,1,128,0,"[0,0,0,0,0,0,0,0,0,0,0,0,-8,5,-8,4,-7,4,-6,2,-5,2,-3,1,-1,0,0,-1,1,-1,3,-2,4,-3,5,-4,6,-4,7,-5,8,-5,8,-5,7,-5,7,-5,6,-4,5,-4,4,-2,2,-2,0,-1,0,0,-2,0,-3,1,0,0,-6,2,-7,3,-8,3,-8,3,-8,3,-8,3,-7,3,-6,2,-5,2,-4,2,-3,1,-1,1,0,0,1,0,2,0,3,0,4,0,5,-1,5,-1,5,-1,6,-1,5,-1,5,0,5,0,4,0,3,0,0,0,0,0,0,0,0,0,0,0]"
CSI_DATA,37403,80:af:ca:27:52:2a,-53,11,1,1,1,1,1,0,0,0,0,-97,0,11,2,490616240,0,83,1,128,0,"[0,0,0,0,0,0,0,0,0,0,0,0,10,6,9,6,7,5,6,4,4,3,2,2,0,0,-2,-1,-4,-2,-5,-4,-7,-6,-8,-7,-9,-8,-10,-8,-10,-9,-10,-9,-9,-8,-8,-8,-7,-6,-6,-5,-4,-4,-3,-2,-1,0,0,1,1,2,3,4,0,0,5,7,6,8,6,9,6,10,6,10,6,10,5,8,4,8,4,6,3,4,2,2,2,0,1,0,0,-2,0,-4,0,-6,0,-8,0,-8,0,-9,0,-9,0,-9,0,-8,0,-8,0,-7,0,-6,0,-5,0,0,0,0,0,0,0,0,0,0]"
CSI_DATA,37404,80:af:ca:27:52:2a,-55,11,0,0,0,0,0,0,0,0,0,-97,0,11,2,490630525,0,83,0,128,0,"[0,0,0,0,0,0,0,0,0,0,0,0,10,7,10,7,8,7,6,5,5,4,2,2,0,1,-2,0,-4,-1,-6,-2,-8,-3,-9,-4,-9,-4,-10,-5,-10,-4,-11,-5,-10,-4,-10,-3,-9,-4,-8,-2,-6,-2,-4,-2,-2,0,0,0,3,0,6,1,0,0,11,2,13,2,14,2,15,2,14,2,13,2,12,2,10,1,8,1,5,0,4,0,2,0,0,0,-2,-1,-5,-2,-7,-2,-9,-2,-10,-4,-12,-4,-13,-4,-13,-4,-13,-4,-12,-4,-11,-3,-9,-2,-7,-2,0,0,0,0,0,0,0,0,0,0]"
CSI_DATA,37405,80:af:ca:27:52:2a,-54,11,1,1,1,1,1,0,0,0,0,-97,0,11,2,490639576,0,83,1,128,0,"[0,0,0,0,0,0,0,0,0,0,0,0,-7,-6,-7,-6,-6,-5,-5,-5,-3,-3,-2,-2,0,-1,0,-1,2,0,3,1,5,1,6,2,7,2,7,3,8,3,8,3,8,2,7,2,6,2,5,1,4,1,2,0,1,0,0,0,-2,0,-3,0,0,0,-7,-1,-8,-1,-8,-1,-9,-1,-9,-1,-9,-1,-8,-1,-7,-1,-6,0,-5,0,-3,0,-2,0,0,0,1,0,2,0,3,0,5,0,5,0,6,0,6,0,6,0,6,0,5,0,5,0,4,0,3,0,0,0,0,0,0,0,0,0,0,0]"
CSI_DATA,37406,80:af:ca:27:52:2a,-55,11,1,1,1,1,1,0,0,0,0,-97,0,11,2,490658988,0,83,1,128,0,"[0,0,0,0,0,0,0,0,0,0,0,0,2,-2,4,-3,6,-4,8,-4,8,-4,10,-5,10,-5,10,-5,10,-4,8,-4,8,-4,6,-3,5,-2,2,-1,0,0,0,0,-2,1,-4,2,-5,3,-7,4,-8,5,-8,5,-8,6,-8,6,-8,6,-8,5,0,0,-5,4,-5,2,-3,2,-1,0,0,0,1,-1,2,-2,5,-3,5,-4,6,-5,7,-5,7,-6,7,-5,7,-5,6,-5,5,-5,4,-4,3,-3,2,-2,0,-1,0,0,-2,0,-2,0,-3,0,-5,1,-5,1,0,0,0,0,0,0,0,0,0,0]"
CSI_DATA,37407,80:af:ca:27:52:2a,-54,11,0,0,0,0,0,0,0,0,0,-97,0,11,2,490670066,0,83,0,128,0,"[0,0,0,0,0,0,0,0,0,0,0,0,-5,1,-8,0,-12,-1,-13,-1,-15,-1,-15,-2,-16,-2,-16,-2,-15,-2,-13,-2,-12,-1,-10,-2,-7,-1,-5,-1,-2,-1,0,-1,2,-2,5,-2,7,-2,9,-2,11,-3,14,-4,15,-4,17,-4,16,-5,15,-4,0,0,11,-3,9,-3,6,-2,2,-1,-1,-1,-3,1,-6,1,-8,1,-10,2,-11,2,-12,3,-12,3,-12,3,-13,3,-12,3,-11,3,-10,3,-8,2,-6,2,-3,1,-1,1,2,0,4,-1,6,-1,8,-1,9,-1,0,0,0,0,0,0,0,0,0,0]"
CSI_DATA,37408,80:af:ca:27:52:2a,-54,11,0,0,0,0,0,0,0,0,0,-97,0,11,2,490681963,0,83,0,128,0,"[0,0,0,0,0,0,0,0,0,0,0,0,-1,14,-2,14,-2,12,-2,9,-2,6,-1,3,-1,0,0,-2,0,-5,0,-7,0,-10,0,-11,0,-12,1,-13,0,-12,1,-14,1,-12,0,-11,1,-10,0,-9,0,-6,0,-5,0,-1,-1,0,-1,5,-3,8,0,0,-4,13,-5,15,-5,16,-5,16,-5,15,-5,15,-5,13,-4,10,-3,9,-2,6,-1,5,0,2,0,0,2,-2,4,-4,5,-5,7,-8,8,-9,9,-10,10,-10,10,-11,10,-11,10,-10,9,-10,7,-8,5,-6,0,0,0,0,0,0,0,0,0,0]"
CSI_DATA,37409,80:af:ca:27:52:2a,-54,11,0,0,0,0,0,0,0,0,0,-97,0,11,2,490710795,0,83,0,128,0,"[0,0,0,0,0,0,0,0,0,0,0,0,7,-11,7,-11,7,-10,5,-8,4,-5,3,-3,1,0,0,1,0,3,-2,6,-2,8,-3,10,-3,10,-3,10,-3,10,-3,12,-3,10,-2,10,-3,9,-2,8,-1,6,-1,3,0,1,0,-2,0,-5,0,-8,0,0,0,-13,0,-16,0,-17,0,-17,0,-16,0,-16,0,-14,0,-12,0,-10,0,-7,0,-5,-1,-2,0,0,0,2,0,5,0,7,0,10,0,12,0,13,0,14,0,14,0,14,0,13,0,12,0,10,0,7,0,0,0,0,0,0,0,0,0,0]"
CSI_DATA,37410,80:af:ca:27:52:2a,-55,11,0,0,0,0,0,0,0,0,0,-97,0,11,2,490722814,0,83,0,128,0,"[0,0,0,0,0,0,0,0,0,0,0,0,10,-6,11,-6,10,-5,8,-4,5,-2,3,-2,1,0,0,1,-2,2,-4,3,-5,4,-8,5,-8,5,-8,5,-8,6,-9,6,-9,6,-8,5,-8,5,-6,4,-5,3,-4,2,-2,0,0,0,2,-2,4,-4,0,0,8,-8,10,-9,11,-10,11,-10,11,-10,11,-9,9,-8,8,-7,6,-6,4,-5,2,-4,1,-2,0,-1,-2,0,-5,0,-6,2,-8,3,-11,3,-11,4,-13,4,-13,5,-13,5,-12,5,-11,4,-10,4,-8,2,0,0,0,0,0,0,0,0,0,0]"
CSI_DATA,37411,80:af:ca:27:52:2a,-54,11,0,0,0,0,0,0,0,0,0,-97,0,11,2,490736104,0,83,0,128,0,"[0,0,0,0,0,0,0,0,0,0,0,0,-14,-3,-15,-3,-13,-3,-11,-3,-7,-3,-5,-2,-2,-2,0,-1,3,-1,6,0,8,-1,10,0,11,-1,11,0,11,-1,12,-1,11,-1,11,-1,10,-1,8,-1,7,-1,4,0,2,0,-1,0,-4,1,-7,2,0,0,-12,3,-15,4,-16,5,-16,5,-15,4,-15,4,-13,4,-11,3,-9,3,-7,2,-4,1,-2,0,0,0,2,0,4,-1,6,-2,8,-3,10,-3,11,-3,12,-4,12,-4,12,-5,11,-4,10,-4,8,-3,6,-3,0,0,0,0,0,0,0,0,0,0]"
CSI_DATA,37412,80:af:ca:27:52:2a,-54,11,0,0,0,0,0,0,0,0,0,-97,0,11,2,490747402,0,83,0,128,0,"[0,0,0,0,0,0,0,0,0,0,0,0,-4,-5,-4,-8,-5,-12,-6,-13,-6,-15,-5,-15,-5,-15,-4,-15,-4,-14,-3,-12,-2,-11,-2,-9,-1,-6,-1,-4,-1,-1,-1,1,0,3,0,6,-1,8,0,10,0,12,0,14,0,15,-1,18,-1,18,-1,15,0,0,-1,11,0,9,0,5,1,2,2,-1,2,-4,3,-6,4,-8,5,-10,5,-11,6,-11,6,-11,6,-11,7,-12,6,-11,6,-10,5,-10,4,-8,2,-6,1,-4,-2,-3,-4,-1,-6,0,-8,1,-10,2,-11,2,0,0,0,0,0,0,0,0,0,0]"
CSI_DATA,37413,80:af:ca:27:52:2a,-54,11,1,1,1,1,1,0,0,0,0,-97,0,11,2,490756952,0,83,1,128,0,"[0,0,0,0,0,0,0,0,0,0,0,0,-7,-7,-6,-7,-5,-6,-4,-5,-3,-4,-1,-3,0,-1,1,0,2,1,3,3,4,4,6,4,6,6,7,6,7,6,7,6,7,6,6,5,5,4,4,3,3,3,1,1,0,0,0,-1,-2,-2,-3,-3,0,0,-6,-5,-6,-6,-7,-6,-7,-6,-7,-7,-7,-6,-6,-6,-6,-5,-4,-4,-4,-3,-3,-2,-1,-1,0,0,0,1,1,2,1,3,2,4,3,4,3,5,3,5,3,6,3,5,3,4,2,4,2,4,1,3,0,0,0,0,0,0,0,0,0,0]"
CSI_DATA,37414,80:af:ca:27:52:2a,-54,11,1,1,1,1,1,0,0,0,0,-97,0,11,2,490765280,0,83,1,128,0,"[0,0,0,0,0,0,0,0,0,0,0,0,-8,-5,-7,-4,-6,-4,-5,-3,-4,-3,-2,-2,-1,-1,0,0,2,0,3,1,5,1,6,2,7,2,8,2,8,2,8,2,8,2,7,2,6,1,5,1,3,1,2,0,1,0,-1,0,-2,0,-3,-1,0,0,-6,-1,-8,-1,-8,-1,-9,-2,-8,-2,-8,-2,-8,-1,-7,-1,-6,-1,-5,-1,-3,0,-1,0,0,0,1,0,2,1,3,1,5,1,5,1,5,1,6,2,6,2,6,2,5,1,5,1,3,1,3,0,0,0,0,0,0,0,0,0,0,0]"
CSI_DATA,37415,80:af:ca:27:52:2a,-54,11,0,0,0,0,0,0,0,0,0,-97,0,11,2,490777128,0,83,0,128,0,"[0,0,0,0,0,0,0,0,0,0,0,0,-6,-12,-6,-13,-4,-11,-3,-9,-2,-7,0,-4,0,-2,2,0,3,2,4,3,6,5,7,7,7,7,7,7,7,7,8,8,7,7,7,7,7,7,6,5,4,3,3,3,0,0,-2,0,-4,-2,-7,-4,0,0,-12,-7,-13,-8,-15,-9,-15,-8,-15,-8,-14,-7,-12,-7,-11,-6,-8,-4,-6,-3,-4,-2,-2,0,0,0,2,1,3,3,6,4,8,5,10,7,11,7,11,7,12,7,12,7,11,7,10,6,8,5,7,3,0,0,0,0,0,0,0,0,0,0]"
CSI_DATA,37416,80:af:ca:27:52:2a,-54,11,1,1,1,1,1,0,0,0,0,-97,0,11,2,490802856,0,83,1,128,0,"[0,0,0,0,0,0,0,0,0,0,0,0,6,7,6,6,5,6,3,5,2,3,1,2,0,1,-1,0,-2,-1,-3,-2,-5,-3,-6,-5,-7,-5,-7,-6,-7,-6,-7,-6,-7,-6,-7,-5,-6,-5,-5,-3,-4,-3,-2,-2,-1,-1,0,0,1,1,3,1,0,0,5,3,6,3,7,4,7,4,7,4,7,4,6,3,6,3,5,2,3,2,2,1,1,0,0,0,-1,-1,-2,-2,-3,-2,-3,-3,-4,-3,-5,-4,-5,-4,-5,-4,-5,-3,-5,-3,-4,-3,-3,-3,-3,-2,0,0,0,0,0,0,0,0,0,0]"
CSI_DATA,37417,80:af:ca:27:52:2a,-54,11,0,0,0,0,0,0,0,0,0,-97,0,11,2,490816202,0,83,0,128,0,"[0,0,0,0,0,0,0,0,0,0,0,0,4,-4,7,-4,11,-5,12,-5,14,-5,14,-4,15,-5,14,-4,13,-4,12,-3,10,-3,7,-2,5,-2,2,-1,0,0,-2,0,-4,0,-6,1,-8,1,-12,2,-13,3,-15,3,-16,3,-19,3,-17,3,-16,3,0,0,-12,3,-8,2,-5,1,-2,1,1,1,3,0,6,0,8,0,10,0,11,0,13,0,12,0,13,0,13,0,12,0,11,0,10,0,7,0,5,-1,3,-1,0,-2,-2,-3,-4,-4,-6,-5,-8,-5,-10,-6,0,0,0,0,0,0,0,0,0,0]"
CSI_DATA,37418,80:af:ca:27:52:2a,-55,11,1,1,1,1,1,0,0,0,0,-97,0,11,2,490825196,0,83,1,128,0,"[0,0,0,0,0,0,0,0,0,0,0,0,-1,3,-2,4,-4,5,-5,6,-6,7,-6,7,-6,8,-6,8,-6,7,-6,6,-5,6,-4,4,-3,3,-2,2,-1,0,0,-1,0,-2,1,-4,2,-6,2,-7,3,-8,3,-8,3,-9,3,-9,2,-8,2,-8,0,0,2,-6,1,-4,0,-3,0,-2,0,0,-1,2,-2,3,-2,4,-2,6,-3,6,-3,7,-3,7,-3,7,-3,6,-2,6,-2,5,-2,4,-1,3,-1,2,0,1,0,0,0,-1,1,-2,2,-2,2,-4,2,-4,0,0,0,0,0,0,0,0,0,0]"
CSI_DATA,37419,80:af:ca:27:52:2a,-55,11,0,0,0,0,0,0,0,0,0,-97,0,11,2,490853977,0,83,0,128,0,"[0,0,0,0,0,0,0,0,0,0,0,0,-1,2,-3,5,-5,7,-5,8,-7,9,-8,10,-8,10,-8,9,-8,8,-7,7,-6,6,-5,5,-3,3,-2,1,-1,0,0,0,0,-2,1,-4,3,-6,4,-8,5,-9,6,-11,6,-12,8,-13,7,-13,7,-12,0,0,5,-9,4,-7,2,-5,0,-2,0,0,-2,1,-4,3,-5,4,-6,5,-7,6,-8,7,-8,7,-9,7,-9,7,-8,7,-8,6,-7,6,-6,4,-4,3,-2,2,0,0,1,0,3,-1,5,-1,7,-2,8,-3,0,0,0,0,0,0,0,0,0,0]"
CSI_DATA,37420,80:af:ca:27:52:2a,-54,11,1,1,1,1,1,0,0,0,0,-97,0,11,2,490862059,0,83,1,128,0,"[0,0,0,0,0,0,0,0,0,0,0,0,6,6,6,5,5,5,4,4,2,3,1,2,0,1,-1,0,-2,-1,-4,-2,-5,-2,-6,-4,-8,-4,-8,-4,-8,-4,-8,-5,-8,-4,-8,-4,-6,-3,-5,-2,-4,-2,-2,-1,-1,0,0,0,1,0,3,1,0,0,6,1,7,2,7,2,8,2,8,2,8,2,7,2,6,2,5,1,4,0,2,0,1,0,0,0,-1,-1,-2,-1,-4,-2,-5,-2,-5,-2,-6,-2,-6,-2,-6,-2,-5,-2,-5,-2,-5,-2,-4,-2,-3,-1,0,0,0,0,0,0,0,0,0,0]"
CSI_DATA,37421,80:af:ca:27:52:2a,-54,11,1,1,1,1,1,0,0,0,0,-97,0,11,2,490871176,0,83,1,128,0,"[0,0,0,0,0,0,0,0,0,0,0,0,-10,1,-9,1,-8,1,-6,0,-5,0,-3,0,-1,0,0,-1,2,-1,4,-1,5,-1,6,-1,8,-1,8,-2,9,-2,9,-2,8,-2,8,-2,6,-1,5,-1,4,-1,2,-1,1,-1,0,0,-2,0,-4,0,0,0,-6,0,-8,0,-8,1,-9,1,-9,0,-9,1,-8,0,-7,0,-6,0,-5,0,-3,0,-2,0,0,0,1,0,2,0,3,0,4,0,5,0,5,1,5,1,6,1,5,1,5,1,4,1,4,1,3,0,0,0,0,0,0,0,0,0,0,0]"
CSI_DATA,37422,80:af:ca:27:52:2a,-55,11,0,0,0,0,0,0,0,0,0,-97,0,11,2,490910857,0,83,0,128,0,"[0,0,0,0,0,0,0,0,0,0,0,0,-3,0,-7,0,-10,-1,-12,-1,-13,-2,-14,-2,-14,-3,-13,-3,-13,-2,-11,-2,-10,-2,-8,-2,-6,-1,-4,-1,-1,-1,0,0,2,0,4,0,6,0,9,0,10,-1,13,-1,13,-1,16,0,16,-1,14,-1,0,0,11,-1,8,-1,5,0,1,0,0,0,-3,0,-6,0,-8,0,-10,0,-11,0,-12,0,-12,0,-13,0,-13,0,-12,0,-11,0,-11,0,-8,0,-6,0,-3,0,-1,0,0,0,3,0,6,1,8,1,8,1,0,0,0,0,0,0,0,0,0,0]"
CSI_DATA,37423,80:af:ca:27:52:2a,-54,11,0,0,0,0,0,0,0,0,0,-97,0,11,2,490931318,0,83,0,128,0,"[0,0,0,0,0,0,0,0,0,0,0,0,13,0,14,0,13,1,10,0,8,0,4,0,1,0,-1,0,-4,0,-6,1,-8,1,-10,1,-11,1,-12,2,-12,2,-13,3,-12,2,-11,2,-10,2,-9,2,-7,1,-5,0,-2,0,0,0,3,-2,6,-3,0,0,11,-6,13,-7,14,-8,15,-8,14,-8,13,-7,12,-7,10,-5,8,-5,5,-4,4,-3,1,-1,0,0,-3,0,-5,0,-7,2,-10,4,-11,4,-13,4,-13,4,-13,5,-13,5,-13,5,-12,4,-9,4,-7,3,0,0,0,0,0,0,0,0,0,0]"
CSI_DATA,37424,80:af:ca:27:52:2a,-54,11,0,0,0,0,0,0,0,0,0,-97,0,11,2,490944008,0,83,0,128,0,"[0,0,0,0,0,0,0,0,0,0,0,0,11,-8,11,-7,10,-6,8,-5,5,-3,3,-1,0,0,-1,1,-4,2,-6,3,-8,5,-10,5,-10,5,-11,5,-10,5,-12,5,-11,5,-10,5,-10,4,-8,4,-5,3,-4,2,-1,0,1,0,5,-2,7,-3,0,0,13,-5,15,-5,16,-6,16,-5,15,-5,15,-5,13,-5,10,-4,9,-4,6,-3,4,-2,1,-2,0,-2,-3,-2,-5,-1,-8,-1,-11,-1,-13,-2,-14,-2,-15,-3,-15,-2,-15,-2,-15,-2,-13,-2,-11,-1,-9,-1,0,0,0,0,0,0,0,0,0,0]"
CSI_DATA,37425,80:af:ca:27:52:2a,-54,11,0,0,0,0,0,0,0,0,0,-97,0,11,2,490957004,0,83,0,128,0,"[0,0,0,0,0,0,0,0,0,0,0,0,2,-15,2,-15,2,-14,2,-11,1,-8,1,-5,1,-2,1,2,1,4,1,6,1,9,1,11,1,12,0,12,1,12,1,13,1,12,1,11,0,10,1,9,1,6,0,4,0,1,-1,-2,-2,-5,-3,-9,0,0,-4,-14,-5,-16,-5,-18,-5,-18,-5,-17,-5,-16,-5,-14,-4,-12,-3,-10,-3,-7,-2,-5,-2,-3,-1,0,-1,3,0,5,0,8,1,10,1,12,2,13,1,14,2,15,2,14,2,13,1,12,1,10,1,7,0,0,0,0,0,0,0,0,0,0]"
CSI_DATA,37426,80:af:ca:27:52:2a,-54,11,0,0,0,0,0,0,0,0,0,-97,0,11,2,490979100,0,83,0,128,0,"[0,0,0,0,0,0,0,0,0,0,0,0,-3,13,-3,13,-3,12,-3,9,-3,7,-2,3,-1,0,-1,-1,0,-4,0,-7,0,-9,0,-11,0,-11,0,-12,0,-11,0,-13,0,-12,0,-11,0,-11,0,-9,0,-7,0,-5,0,-2,0,0,0,4,0,7,0,0,-1,13,-1,15,-1,17,-2,17,-2,16,-1,15,-1,14,-1,11,0,9,0,7,0,4,0,2,0,0,1,-2,2,-4,3,-7,3,-10,4,-11,5,-13,5,-14,5,-15,5,-14,5,-13,4,-12,3,-11,3,-8,0,0,0,0,0,0,0,0,0,0]"
CSI_DATA,37427,80:af:ca:27:52:2a,-55,11,0,0,0,0,0,0,0,0,0,-97,0,11,2,490988706,0,83,0,128,0,"[0,0,0,0,0,0,0,0,0,0,0,0,3,0,6,2,8,4,10,5,12,6,12,6,12,7,12,7,11,7,10,6,9,5,7,4,5,3,3,2,1,1,-1,0,-3,-1,-5,-2,-8,-3,-10,-4,-12,-4,-14,-5,-15,-5,-17,-6,-17,-5,-16,-5,0,0,-12,-4,-10,-4,-7,-3,-4,-1,-1,0,2,1,5,2,7,3,8,3,9,3,11,4,11,4,11,4,12,5,11,4,10,4,9,3,7,3,5,2,3,0,1,-1,-2,-2,-4,-4,-6,-5,-7,-6,-8,-7,0,0,0,0,0,0,0,0,0,0]"
CSI_DATA,37428,80:af:ca:27:52:2a,-54,11,0,0,0,0,0,0,0,0,0,-97,0,11,2,490999141,0,83,0,128,0,"[0,0,0,0,0,0,0,0,0,0,0,0,2,3,2,6,2,10,3,11,3,14,3,14,3,14,3,14,3,13,2,11,2,10,1,8,0,5,0,3,-1,1,-1,-1,-2,-3,-3,-5,-4,-8,-5,-10,-6,-11,-7,-13,-7,-14,-8,-16,-8,-15,-8,-14,0,0,-6,-11,-5,-8,-4,-5,-2,-3,-1,0,1,3,2,5,3,7,4,8,4,9,5,10,5,10,5,10,5,10,5,10,4,9,5,8,3,6,3,4,2,2,1,0,0,-3,-1,-5,-1,-7,-2,-9,-2,-10,0,0,0,0,0,0,0,0,0,0]"
CSI_DATA,37429,80:af:ca:27:52:2a,-54,11,0,0,0,0,0,0,0,0,0,-97,0,11,2,491022451,0,83,0,128,0,"[0,0,0,0,0,0,0,0,0,0,0,0,-13,-5,-13,-5,-12,-5,-10,-3,-6,-3,-4,-2,-1,-1,1,0,3,0,6,0,8,0,10,1,10,0,11,1,11,0,12,0,11,0,10,0,10,0,8,0,6,0,4,0,1,0,-1,0,-5,0,-8,0,0,0,-13,0,-15,0,-17,0,-16,0,-16,0,-15,0,-13,0,-11,0,-10,0,-7,0,-5,0,-2,0,0,0,2,0,4,0,7,0,10,0,11,1,12,0,13,0,14,0,13,0,13,0,11,0,9,0,6,0,0,0,0,0,0,0,0,0,0,0]"
CSI_DATA,37430,80:af:ca:27:52:2a,-54,11,1,1,1,1,1,0,0,0,0,-97,0,11,2,491031215,0,83,1,128,0,"[0,0,0,0,0,0,0,0,0,0,0,0,9,0,8,1,6,1,5,1,4,0,2,0,0,0,-1,0,-3,0,-4,0,-6,0,-7,0,-8,0,-9,0,-9,0,-9,0,-9,0,-8,0,-7,0,-5,0,-4,0,-2,0,-1,0,0,0,2,0,4,0,0,0,6,-1,7,-1,8,-1,8,-1,8,-1,8,-1,7,-1,6,-1,5,-1,4,-1,2,-1,1,-1,0,-1,-1,-1,-3,-1,-4,0,-5,0,-6,0,-6,-1,-6,0,-6,0,-6,0,-6,0,-5,0,-4,0,-4,0,0,0,0,0,0,0,0,0,0,0]"
CSI_DATA,37431,80:af:ca:27:52:2a,-54,11,1,1,1,1,1,0,0,0,0,-97,0,11,2,491055959,0,83,1,128,0,"[0,0,0,0,0,0,0,0,0,0,0,0,8,4,8,4,6,4,5,3,4,2,2,1,0,1,-1,0,-2,-1,-4,-1,-6,-2,-7,-2,-8,-3,-9,-3,-9,-4,-9,-4,-9,-3,-8,-3,-7,-2,-6,-2,-4,-1,-3,-1,-1,0,0,0,1,0,3,0,0,0,6,1,7,2,8,2,8,2,8,2,8,2,8,2,6,1,5,1,4,1,3,0,1,0,0,0,-1,-1,-2,-2,-4,-2,-5,-2,-5,-3,-6,-3,-6,-3,-6,-4,-6,-3,-5,-3,-5,-3,-4,-2,-4,-2,0,0,0,0,0,0,0,0,0,0]"
CSI_DATA,37432,80:af:ca:27:52:2a,-54,11,1,1,1,1,1,0,0,0,0,-97,0,11,2,491063472,0,83,1,128,0,"[0,0,0,0,0,0,0,0,0,0,0,0,-9,-5,-8,-5,-6,-4,-6,-4,-4,-3,-2,-2,-1,-1,0,-1,2,0,4,0,5,1,6,1,8,2,8,2,8,2,9,2,8,2,8,1,7,1,5,1,4,1,2,0,1,0,0,0,-2,0,-4,0,0,0,-6,0,-8,-1,-8,-1,-9,0,-9,-1,-9,-1,-8,0,-7,0,-6,0,-5,0,-3,0,-1,0,0,0,1,0,2,0,3,0,4,0,5,0,5,0,5,0,6,0,5,0,5,0,5,0,4,0,3,0,0,0,0,0,0,0,0,0,0,0]"
CSI_DATA,37433,80:af:ca:27:52:2a,-54,11,0,0,0,0,0,0,0,0,0,-97,0,11,2,491094838,0,83,0,128,0,"[0,0,0,0,0,0,0,0,0,0,0,0,-3,3,-7,4,-9,5,-11,7,-12,7,-13,7,-13,7,-13,6,-12,6,-11,5,-9,5,-8,3,-6,2,-4,1,-2,0,0,-2,2,-3,3,-4,6,-6,7,-7,8,-8,10,-10,10,-11,12,-12,12,-12,11,-11,0,0,7,-9,6,-6,3,-4,1,-2,-1,0,-4,2,-5,3,-7,5,-8,6,-9,7,-10,7,-10,7,-10,7,-10,8,-10,7,-9,7,-8,6,-6,5,-4,4,-2,2,0,1,3,-1,5,-2,7,-3,8,-4,9,-5,0,0,0,0,0,0,0,0,0,0]"
CSI_DATA,37434,80:af:ca:27:52:2a,-54,11,1,1,1,1,1,0,0,0,0,-97,0,11,2,491104137,0,83,1,128,0,"[0,0,0,0,0,0,0,0,0,0,0,0,6,-6,6,-5,5,-5,4,-3,3,-2,2,-1,1,0,0,1,-1,2,-2,3,-3,5,-4,6,-5,6,-5,7,-5,7,-5,7,-5,7,-4,6,-3,6,-3,5,-2,3,-1,2,-1,0,0,-1,0,-2,1,-4,0,0,1,-6,2,-7,2,-8,2,-8,2,-8,2,-8,2,-8,1,-7,1,-6,0,-5,0,-3,0,-1,0,0,-1,1,-1,2,-1,3,-2,5,-2,5,-2,5,-2,6,-2,6,-2,6,-2,5,-1,5,-1,4,-1,3,0,0,0,0,0,0,0,0,0,0]"
CSI_DATA,37435,80:af:ca:27:52:2a,-55,11,0,0,0,0,0,0,0,0,0,-97,0,11,2,491116356,0,83,0,128,0,"[0,0,0,0,0,0,0,0,0,0,0,0,-10,6,-10,6,-10,5,-8,5,-6,3,-4,1,-2,0,0,-1,1,-3,3,-5,5,-5,6,-7,6,-7,7,-8,6,-8,8,-9,7,-7,6,-8,6,-7,5,-5,4,-5,3,-3,0,-1,-1,0,-3,2,-5,5,0,0,-9,8,-10,10,-11,10,-11,11,-11,10,-10,10,-10,9,-8,7,-6,6,-5,5,-3,4,-1,1,0,0,2,0,4,-2,5,-4,8,-5,9,-5,10,-6,11,-7,11,-8,11,-7,11,-7,10,-6,8,-5,6,-5,0,0,0,0,0,0,0,0,0,0]"
CSI_DATA,37436,80:af:ca:27:52:2a,-54,11,0,0,0,0,0,0,0,0,0,-97,0,11,2,491143695,0,83,0,128,0,"[0,0,0,0,0,0,0,0,0,0,0,0,0,-14,0,-14,0,-13,0,-10,0,-7,0,-4,0,0,0,1,0,4,0,6,0,8,0,10,0,11,0,12,0,11,0,13,0,11,0,10,0,9,0,8,0,6,0,4,0,0,0,-2,0,-5,0,-8,0,0,1,-13,2,-16,2,-17,2,-17,2,-16,2,-16,1,-14,1,-12,0,-10,0,-8,0,-5,0,-3,-1,0,-3,1,-4,3,-4,5,-6,8,-7,9,-8,10,-8,11,-8,12,-8,12,-8,11,-8,10,-6,8,-4,6,0,0,0,0,0,0,0,0,0,0]"
CSI_DATA,37437,80:af:ca:27:52:2a,-55,11,1,1,1,1,1,0,0,0,0,-97,0,11,2,491153612,0,83,1,128,0,"[0,0,0,0,0,0,0,0,0,0,0,0,0,-4,2,-5,3,-7,4,-7,4,-8,5,-9,5,-9,5,-9,5,-8,4,-7,4,-7,3,-5,2,-4,1,-2,0,0,0,0,-1,2,-2,4,-3,5,-3,7,-4,7,-4,8,-4,8,-4,8,-4,8,-3,7,0,0,-2,5,-2,4,-1,2,0,0,0,0,0,-2,2,-4,2,-4,2,-6,3,-7,3,-7,3,-7,3,-7,3,-7,2,-7,2,-6,2,-5,1,-4,0,-2,0,-2,0,0,-2,0,-2,1,-2,2,-3,2,-4,2,0,0,0,0,0,0,0,0,0,0]"
CSI_DATA,37438,80:af:ca:27:52:2a,-54,11,0,0,0,0,0,0,0,0,0,-97,0,11,2,491174604,0,83,0,128,0,"[0,0,0,0,0,0,0,0,0,0,0,0,-7,-12,-7,-13,-5,-12,-4,-9,-3,-7,-2,-4,0,-2,0,0,2,2,3,4,4,5,5,7,6,8,7,8,7,8,7,9,7,8,6,8,5,8,4,7,4,4,2,3,0,1,0,0,-3,-3,-5,-5,0,0,-8,-10,-9,-12,-11,-13,-11,-13,-10,-13,-10,-13,-9,-11,-8,-9,-7,-8,-5,-5,-4,-4,-3,-1,-1,0,0,2,0,4,2,6,3,8,4,10,4,12,4,13,5,13,5,13,5,13,4,11,4,9,3,7,0,0,0,0,0,0,0,0,0,0]"
CSI_DATA,37439,80:af:ca:27:52:2a,-54,11,1,1,1,1,1,0,0,0,0,-97,0,11,2,491207151,0,83,1,128,0,"[0,0,0,0,0,0,0,0,0,0,0,0,3,-10,3,-10,3,-8,3,-6,1,-5,1,-3,0,0,0,1,-1,3,-3,5,-4,6,-5,7,-5,8,-6,8,-6,9,-6,9,-6,8,-5,8,-5,6,-4,5,-3,3,-1,2,0,1,0,0,2,-1,3,-3,0,0,6,-5,6,-6,7,-6,8,-6,8,-6,8,-6,7,-6,6,-5,5,-5,3,-3,2,-3,0,-2,0,-1,-2,-1,-4,0,-5,0,-6,0,-7,0,-8,0,-8,0,-8,0,-8,0,-7,0,-6,0,-5,0,-5,0,0,0,0,0,0,0,0,0,0,0]"
CSI_DATA,37440,80:af:ca:27:52:2a,-55,11,1,1,1,1,1,0,0,0,0,-97,0,11,2,491217235,0,83,1,128,0,"[0,0,0,0,0,0,0,0,0,0,0,0,0,3,0,5,0,6,0,8,-1,9,-1,10,-1,10,-1,10,-2,9,-1,8,-1,7,-1,6,0,4,0,2,0,0,0,-1,0,-3,0,-5,0,-6,0,-8,0,-8,0,-9,0,-10,0,-10,0,-9,0,-8,0,0,0,-6,0,-5,0,-3,0,-1,-1,0,-1,2,-1,3,-2,4,-2,6,-2,7,-2,7,-2,8,-2,8,-2,7,-2,7,-2,6,-1,4,0,4,0,2,0,1,0,0,0,-1,1,-2,2,-3,2,-4,2,-4,0,0,0,0,0,0,0,0,0,0]"
CSI_DATA,37441,80:af:ca:27:52:2a,-55,11,0,0,0,0,0,0,0,0,0,-97,0,11,2,491227764,0,83,0,128,0,"[0,0,0,0,0,0,0,0,0,0,0,0,-1,12,-2,12,-2,12,-1,9,-2,6,-1,3,-1,0,-1,-1,-1,-4,0,-6,-1,-9,0,-10,0,-11,0,-12,-1,-11,-1,-12,-1,-11,-1,-11,0,-10,0,-9,0,-6,0,-5,0,-1,0,0,0,4,0,6,0,0,1,12,2,14,2,15,2,16,1,14,2,14,2,12,1,10,1,8,0,6,0,4,0,1,0,0,0,-3,0,-6,0,-7,0,-11,0,-12,0,-13,0,-14,0,-14,0,-14,0,-13,0,-12,0,-10,0,-7,0,0,0,0,0,0,0,0,0,0]"
CSI_DATA,37442,80:af:ca:27:52:2a,-54,11,0,0,0,0,0,0,0,0,0,-97,0,11,2,491253535,0,83,0,128,0,"[0,0,0,0,0,0,0,0,0,0,0,0,-13,0,-13,0,-13,0,-9,0,-7,-1,-4,0,-1,0,0,0,3,-1,5,-1,8,-1,9,-1,10,-1,11,-1,10,-1,12,-1,11,-1,10,-1,9,-1,8,-1,6,0,4,0,1,0,-1,0,-4,0,-8,0,0,0,-13,1,-15,1,-17,1,-17,1,-16,1,-15,0,-13,0,-12,0,-9,0,-7,0,-4,0,-2,0,0,0,2,0,4,0,7,0,9,0,11,1,12,1,13,2,13,1,13,1,13,1,11,1,9,0,7,0,0,0,0,0,0,0,0,0,0,0]"
CSI_DATA,37443,80:af:ca:27:52:2a,-54,11,1,1,1,1,1,0,0,0,0,-97,0,11,2,491282475,0,83,1,128,0,"[0,0,0,0,0,0,0,0,0,0,0,0,3,0,5,0,7,0,8,0,9,0,10,1,10,1,10,1,10,1,8,1,8,0,6,0,4,0,2,0,0,0,-1,0,-3,0,-5,0,-7,-1,-8,-1,-9,-1,-10,-2,-10,-1,-10,-1,-10,-1,-9,-1,0,0,-7,0,-5,0,-3,0,-2,0,0,0,2,0,3,1,5,1,6,2,7,2,8,2,8,2,8,2,8,2,7,2,6,2,5,1,4,0,2,0,1,0,0,0,0,-1,-2,-2,-2,-2,-3,-3,-3,-4,0,0,0,0,0,0,0,0,0,0]"
CSI_DATA,37444,80:af:ca:27:52:2a,-54,11,1,1,1,1,1,0,0,0,0,-97,0,11,2,491301791,0,83,1,128,0,"[0,0,0,0,0,0,0,0,0,0,0,0,0,-4,0,-6,1,-7,2,-8,2,-10,2,-10,2,-10,2,-10,2,-10,2,-9,2,-8,2,-7,1,-5,0,-2,0,-1,0,0,0,2,0,4,0,6,0,8,0,8,0,9,0,10,0,10,0,10,0,9,0,0,0,6,0,5,0,2,0,1,0,-1,0,-2,0,-5,0,-6,-1,-8,-1,-8,-1,-9,-1,-10,-1,-9,-1,-9,-1,-8,-1,-8,-1,-6,-1,-5,-1,-3,-1,-1,0,0,0,0,0,2,0,3,0,4,0,5,0,0,0,0,0,0,0,0,0,0]"
CSI_DATA,37445,80:af:ca:27:52:2a,-55,11,1,1,1,1,1,0,0,0,0,-97,0,11,2,491308675,0,83,1,128,0,"[0,0,0,0,0,0,0,0,0,0,0,0,-1,3,-3,5,-4,7,-6,8,-7,9,-8,9,-8,10,-8,9,-8,8,-7,8,-6,6,-5,5,-4,4,-2,2,-1,0,0,-1,2,-3,3,-4,4,-6,6,-7,6,-8,7,-8,8,-9,8,-9,7,-8,7,-8,0,0,5,-6,3,-4,2,-3,0,-2,-2,0,-3,0,-5,2,-6,2,-8,4,-8,4,-9,4,-10,4,-10,4,-10,4,-9,4,-8,3,-6,3,-5,2,-3,2,-2,1,0,0,1,0,2,0,4,0,5,0,6,0,0,0,0,0,0,0,0,0,0,0]"
CSI_DATA,37446,80:af:ca:27:52:2a,-54,11,1,1,1,1,1,0,0,0,0,-97,0,11,2,491316541,0,83,1,128,0,"[0,0,0,0,0,0,0,0,0,0,0,0,-8,-5,-7,-4,-6,-4,-6,-3,-4,-3,-2,-2,-1,-1,0,-1,2,0,3,1,4,1,6,2,7,2,7,2,8,2,8,2,8,2,7,2,6,1,5,1,4,1,2,0,1,0,0,0,-2,0,-3,0,0,0,-6,-1,-7,-1,-8,-1,-8,-1,-8,-2,-8,-2,-8,-1,-7,-1,-6,-1,-4,-1,-3,0,-2,0,0,0,1,0,2,0,3,1,4,1,4,1,5,1,6,1,6,1,5,1,4,1,4,1,3,1,3,0,0,0,0,0,0,0,0,0,0,0]"
CSI_DATA,37447,80:af:ca:27:52:2a,-54,11,0,0,0,0,0,0,0,0,0,-97,0,11,2,491328180,0,83,0,128,0,"[0,0,0,0,0,0,0,0,0,0,0,0,1,14,0,14,0,14,0,10,0,7,0,4,0,0,0,-1,-1,-4,-1,-6,-1,-9,-1,-11,-2,-12,-2,-13,-2,-12,-2,-14,-2,-13,-2,-12,-1,-11,-1,-9,-1,-7,-1,-5,0,-2,0,0,0,3,0,7,0,0,1,13,1,15,1,16,1,16,1,16,1,16,1,14,0,11,0,9,0,6,0,4,0,1,0,0,0,-2,0,-5,0,-7,0,-10,1,-12,1,-13,2,-14,1,-15,1,-15,1,-14,1,-13,1,-10,0,-8,0,0,0,0,0,0,0,0,0,0]"
CSI_DATA,37448,80:af:ca:27:52:2a,-54,11,1,1,1,1,1,0,0,0,0,-97,0,11,2,491336702,0,83,1,128,0,"[0,0,0,0,0,0,0,0,0,0,0,0,-2,10,-2,10,-2,8,-2,6,-2,4,-1,2,0,0,0,-2,0,-4,0,-6,1,-8,2,-10,2,-10,2,-11,2,-11,2,-11,2,-10,2,-10,2,-8,1,-6,1,-5,0,-3,0,-1,-1,0,-2,2,-2,4,0,0,-3,7,-4,8,-4,9,-4,10,-4,10,-4,8,-4,8,-3,7,-2,6,-2,4,0,3,0,1,1,0,2,-1,2,-2,4,-4,4,-4,4,-5,5,-5,5,-6,5,-5,5,-5,4,-5,4,-4,3,-4,2,-3,0,0,0,0,0,0,0,0,0,0]"
CSI_DATA,37449,80:af:ca:27:52:2a,-55,11,1,1,1,1,1,0,0,0,0,-97,0,11,2,491347790,0,83,1,128,0,"[0,0,0,0,0,0,0,0,0,0,0,0,0,-4,2,-6,2,-8,4,-10,4,-11,5,-12,5,-12,5,-12,5,-11,4,-10,4,-9,3,-7,2,-6,1,-3,0,-1,0,0,-2,2,-2,4,-4,6,-4,8,-5,9,-5,10,-6,10,-6,10,-5,10,-5,9,0,0,-4,7,-2,5,-2,3,0,1,0,0,2,-2,3,-4,4,-5,5,-6,5,-7,6,-8,6,-8,6,-8,6,-8,6,-7,5,-6,4,-6,2,-4,2,-3,0,-2,0,-1,-2,0,-3,0,-4,1,-5,2,-6,2,0,0,0,0,0,0,0,0,0,0]"
CSI_DATA,37450,80:af:ca:27:52:2a,-54,11,1,1,1,1,1,0,0,0,0,-97,0,11,2,491355992,0,83,1,128,0,"[0,0,0,0,0,0,0,0,0,0,0,0,-4,-2,-5,-4,-7,-5,-8,-8,-8,-8,-9,-9,-9,-10,-9,-10,-8,-9,-8,-8,-7,-8,-5,-6,-4,-5,-2,-3,0,-1,0,0,2,0,4,2,6,3,8,5,8,5,9,5,10,6,10,5,10,5,9,5,0,0,7,3,5,2,2,1,1,0,0,-1,-2,-2,-5,-2,-6,-4,-8,-5,-8,-5,-9,-5,-10,-5,-10,-6,-9,-5,-8,-5,-8,-4,-7,-3,-5,-2,-3,-1,-2,0,0,0,0,1,1,2,2,2,3,3,4,4,0,0,0,0,0,0,0,0,0,0]"
CSI_DATA,37451,80:af:ca:27:52:2a,-55,11,0,0,0,0,0,0,0,0,0,-97,0,11,2,491383236,0,83,0,128,0,"[0,0,0,0,0,0,0,0,0,0,0,0,2,2,4,5,5,8,6,9,6,11,6,11,7,12,6,12,6,11,5,10,5,9,4,8,2,5,1,3,0,1,-1,0,-3,-2,-4,-4,-6,-6,-7,-7,-9,-8,-10,-10,-11,-10,-12,-12,-13,-12,-12,-11,0,0,-9,-8,-8,-7,-5,-5,-3,-3,-1,0,2,2,4,3,5,5,7,6,8,7,8,8,8,8,9,8,9,8,9,7,8,7,8,6,6,5,5,3,3,1,1,-1,-1,-3,-3,-5,-4,-6,-5,-8,-6,-8,0,0,0,0,0,0,0,0,0,0]"
CSI_DATA,37452,80:af:ca:27:52:2a,-54,11,1,1,1,1,1,0,0,0,0,-97,0,11,2,491390799,0,83,1,128,0,"[0,0,0,0,0,0,0,0,0,0,0,0,8,-4,7,-3,6,-3,6,-2,4,-2,2,-1,1,0,0,0,-1,1,-3,2,-5,3,-5,3,-6,4,-7,5,-7,5,-7,5,-6,5,-6,5,-6,4,-5,3,-3,2,-2,1,-1,0,0,0,1,-2,2,-3,0,0,3,-5,4,-6,5,-6,5,-6,5,-6,5,-6,5,-6,3,-5,3,-5,2,-3,1,-2,0,-1,0,0,-1,0,-2,1,-3,2,-3,3,-3,3,-4,3,-4,3,-4,3,-4,3,-4,3,-3,3,-3,2,-2,2,0,0,0,0,0,0,0,0,0,0]"
CSI_DATA,37453,80:af:ca:27:52:2a,-55,11,1,1,1,1,1,0,0,0,0,-97,0,11,2,491397687,0,83,1,128,0,"[0,0,0,0,0,0,0,0,0,0,0,0,1,-2,3,-3,5,-5,7,-5,8,-5,8,-6,9,-6,9,-6,8,-6,8,-5,7,-5,5,-4,4,-3,2,-2,0,0,0,0,-2,1,-3,2,-5,3,-5,5,-6,5,-7,6,-8,7,-8,7,-7,6,-7,6,0,0,-5,5,-4,3,-2,2,-1,1,0,0,1,-1,2,-2,3,-4,5,-5,5,-5,5,-6,5,-6,5,-6,5,-6,5,-5,5,-5,3,-5,2,-3,1,-2,0,-2,0,-1,-1,0,-2,0,-3,0,-4,1,-5,2,0,0,0,0,0,0,0,0,0,0]"
CSI_DATA,37454,80:af:ca:27:52:2a,-54,11,1,1,1,1,1,0,0,0,0,-97,0,11,2,491417848,0,83,1,128,0,"[0,0,0,0,0,0,0,0,0,0,0,0,-3,9,-3,8,-3,7,-2,6,-2,4,-1,2,-1,0,0,-1,0,-3,0,-4,0,-6,0,-7,0,-9,0,-9,0,-10,0,-10,0,-9,0,-9,0,-7,0,-6,0,-4,0,-3,0,-1,0,0,0,2,0,3,0,0,0,6,1,7,1,8,1,9,1,9,1,8,1,7,0,7,0,6,0,4,0,3,0,1,0,0,0,-1,0,-3,0,-4,0,-6,0,-6,0,-6,0,-7,0,-7,0,-6,0,-6,0,-5,0,-4,0,-3,0,0,0,0,0,0,0,0,0,0]"
CSI_DATA,37455,80:af:ca:27:52:2a,-54,11,1,1,1,1,1,0,0,0,0,-97,0,11,2,491426810,0,83,1,128,0,"[0,0,0,0,0,0,0,0,0,0,0,0,8,4,7,3,6,3,5,3,3,2,2,1,0,1,-1,0,-2,0,-4,-1,-6,-1,-7,-1,-8,-2,-9,-2,-9,-2,-9,-2,-9,-2,-8,-1,-7,-1,-6,-1,-4,-1,-3,-1,-1,0,0,0,2,0,3,0,0,0,6,0,7,0,8,0,8,0,9,0,8,0,8,0,7,0,6,0,4,0,3,0,1,0,0,0,-1,-1,-3,-1,-4,-1,-5,-1,-6,-1,-6,-1,-6,-1,-7,-1,-6,-1,-6,-1,-5,0,-4,0,-3,0,0,0,0,0,0,0,0,0,0,0]"
CSI_DATA,37456,80:af:ca:27:52:2a,-54,11,1,1,1,1,1,0,0,0,0,-97,0,11,2,491435934,0,83,1,128,0,"[0,0,0,0,0,0,0,0,0,0,0,0,1,8,0,7,0,6,0,5,0,4,0,3,0,1,-1,0,-1,-2,-1,-3,-2,-5,-2,-6,-2,-7,-2,-7,-3,-8,-3,-8,-3,-7,-3,-7,-2,-6,-2,-5,-1,-4,-1,-3,0,-1,0,0,0,1,1,3,0,0,2,5,3,6,3,6,3,7,3,7,3,7,3,6,2,5,2,4,2,3,1,2,1,1,0,0,0,-1,0,-3,-1,-4,-1,-5,-1,-5,-1,-6,-2,-6,-2,-6,-2,-6,-1,-5,-1,-5,-1,-4,-1,-3,0,0,0,0,0,0,0,0,0,0]"
CSI_DATA,37457,80:af:ca:27:52:2a,-54,11,1,1,1,1,1,0,0,0,0,-97,0,11,2,491461874,0,83,1,128,0,"[0,0,0,0,0,0,0,0,0,0,0,0,2,9,2,8,1,7,1,6,0,5,0,3,0,1,0,0,-1,-2,-1,-3,-2,-6,-2,-7,-2,-8,-3,-8,-3,-8,-3,-9,-3,-8,-3,-8,-2,-7,-2,-6,-1,-5,-1,-3,-1,-1,0,0,0,1,0,3,0,0,1,6,1,7,2,7,2,8,2,8,2,7,2,7,1,6,1,5,1,4,1,2,0,1,0,0,0,-1,0,-2,0,-3,0,-5,0,-5,0,-6,0,-6,0,-6,0,-6,0,-6,0,-5,0,-5,0,-3,0,0,0,0,0,0,0,0,0,0]"
CSI_DATA,37458,80:af:ca:27:52:2a,-54,11,1,1,1,1,1,0,0,0,0,-97,0,11,2,491470111,0,83,1,128,0,"[0,0,0,0,0,0,0,0,0,0,0,0,-2,2,-5,3,-6,4,-8,5,-8,5,-9,5,-10,5,-9,5,-9,4,-8,4,-8,3,-6,2,-4,2,-2,0,0,0,0,0,2,-1,4,-2,6,-2,7,-2,8,-3,9,-3,9,-3,9,-3,9,-3,8,-3,0,0,6,-2,4,-2,2,-2,0,-1,-1,-1,-2,-1,-5,-1,-6,-1,-8,-1,-8,-1,-9,-1,-9,-1,-9,-1,-9,-1,-8,-1,-8,-1,-6,0,-5,0,-3,0,-2,0,-1,0,0,1,1,1,2,2,2,2,2,3,0,0,0,0,0,0,0,0,0,0]"
CSI_DATA,37459,80:af:ca:27:52:2a,-55,11,1,1,1,1,1,0,0,0,0,-97,0,11,2,491479606,0,83,1,128,0,"[0,0,0,0,0,0,0,0,0,0,0,0,3,-3,5,-4,7,-4,8,-5,9,-6,11,-6,11,-6,11,-5,10,-5,9,-4,8,-4,6,-3,4,-2,2,-1,0,0,-1,0,-3,2,-5,2,-6,3,-8,4,-9,4,-10,5,-11,5,-10,5,-10,5,-8,4,0,0,-6,4,-4,2,-3,2,-1,0,0,0,2,-1,4,-2,6,-2,7,-3,8,-4,8,-4,9,-4,8,-4,8,-4,8,-4,6,-3,5,-2,4,-2,2,-2,1,-1,0,-1,-2,-1,-3,0,-4,0,-5,0,-6,0,0,0,0,0,0,0,0,0,0,0]"
CSI_DATA,37460,80:af:ca:27:52:2a,-55,11,1,1,1,1,1,0,0,0,0,-97,0,11,2,491488738,0,83,1,128,0,"[0,0,0,0,0,0,0,0,0,0,0,0,1,-2,2,-4,4,-4,6,-5,7,-6,7,-7,8,-7,7,-7,7,-7,7,-6,7,-5,5,-4,4,-3,2,-2,0,0,0,0,-1,2,-2,3,-4,4,-4,6,-5,7,-6,7,-6,7,-6,7,-6,7,-5,7,0,0,-4,5,-2,4,-2,2,0,0,0,0,1,-2,2,-3,2,-4,3,-6,4,-7,4,-7,4,-7,4,-7,4,-7,3,-7,3,-6,2,-5,1,-4,0,-3,0,-2,0,0,-2,0,-2,1,-3,2,-3,2,-4,3,0,0,0,0,0,0,0,0,0,0]"
CSI_DATA,37461,80:af:ca:27:52:2a,-54,11,1,1,1,1,1,0,0,0,0,-97,0,11,2,491520837,0,83,1,128,0,"[0,0,0,0,0,0,0,0,0,0,0,0,3,8,2,8,2,7,1,6,1,4,0,3,0,1,-1,0,-1,-2,-2,-3,-3,-5,-3,-6,-4,-7,-4,-7,-4,-8,-4,-8,-4,-8,-4,-7,-3,-6,-3,-5,-2,-4,-1,-2,-1,-1,0,0,1,1,1,2,0,0,3,5,3,6,4,6,4,7,4,7,4,7,3,6,3,5,3,4,2,3,1,2,1,1,0,0,0,-1,-1,-2,-1,-3,-2,-5,-2,-5,-2,-6,-2,-6,-2,-6,-2,-6,-2,-5,-2,-5,-1,-4,-1,-3,0,0,0,0,0,0,0,0,0,0]"
CSI_DATA,37462,80:af:ca:27:52:2a,-54,11,1,1,1,1,1,0,0,0,0,-97,0,11,2,491545345,0,83,1,128,0,"[0,0,0,0,0,0,0,0,0,0,0,0,-9,-5,-8,-5,-7,-4,-6,-4,-4,-3,-2,-2,0,-1,1,0,3,0,4,1,6,2,7,3,8,3,9,3,9,4,9,4,8,3,8,3,7,3,5,2,4,1,2,0,0,0,-1,0,-2,-1,-4,-2,0,0,-7,-3,-8,-3,-9,-4,-9,-4,-9,-4,-9,-4,-8,-4,-7,-3,-6,-3,-4,-1,-3,-1,-2,0,0,0,0,1,2,2,3,2,4,3,4,3,5,4,5,4,5,4,5,4,4,3,4,3,3,3,3,1,0,0,0,0,0,0,0,0,0,0]"
CSI_DATA,37463,80:af:ca:27:52:2a,-54,11,0,0,0,0,0,0,0,0,0,-97,0,11,2,491558316,0,83,0,128,0,"[0,0,0,0,0,0,0,0,0,0,0,0,0,3,-2,7,-3,9,-3,12,-4,13,-5,14,-5,14,-4,14,-4,12,-4,11,-3,10,-3,8,-3,6,-2,3,-2,1,-1,-1,-1,-4,-1,-6,0,-9,-1,-11,-1,-13,-1,-15,-1,-16,0,-18,-1,-18,-1,-17,0,0,-1,-13,-1,-10,-1,-7,-1,-3,0,0,0,3,0,6,0,8,0,10,0,11,0,12,0,12,0,12,0,13,0,12,0,11,1,10,0,8,1,5,1,3,1,0,1,-3,0,-6,1,-8,1,-10,1,-11,0,0,0,0,0,0,0,0,0,0]"
CSI_DATA,37464,80:af:ca:27:52:2a,-55,11,1,1,1,1,1,0,0,0,0,-97,0,11,2,491567416,0,83,1,128,0,"[0,0,0,0,0,0,0,0,0,0,0,0,-2,7,-2,7,-2,5,-2,5,-1,3,-1,2,0,0,0,0,0,-2,0,-3,0,-4,0,-6,0,-7,0,-7,0,-8,0,-8,0,-8,0,-7,0,-6,0,-5,0,-4,0,-2,0,-1,0,0,0,1,0,2,0,0,0,5,0,6,0,7,0,7,0,7,0,7,0,6,0,6,0,5,0,3,0,2,0,1,0,0,0,-1,0,-2,0,-3,0,-4,0,-5,0,-5,0,-5,0,-5,0,-5,0,-5,0,-4,0,-4,0,-3,0,0,0,0,0,0,0,0,0,0]"
CSI_DATA,37465,80:af:ca:27:52:2a,-55,11,1,1,1,1,1,0,0,0,0,-97,0,11,2,491576306,0,83,1,128,0,"[0,0,0,0,0,0,0,0,0,0,0,0,-3,0,-5,-2,-6,-2,-8,-3,-8,-4,-9,-4,-9,-4,-9,-4,-9,-4,-8,-4,-7,-4,-6,-3,-4,-2,-3,-2,-1,-1,0,0,2,0,4,0,5,1,6,2,8,2,8,2,8,2,9,2,8,2,8,2,0,0,6,1,4,1,3,0,1,0,0,0,-2,-1,-4,-2,-5,-2,-6,-3,-7,-3,-8,-3,-8,-4,-8,-4,-8,-4,-7,-3,-6,-3,-6,-2,-4,-2,-3,-1,-2,0,0,0,0,1,1,1,2,2,2,2,3,3,0,0,0,0,0,0,0,0,0,0]"
CSI_DATA,37466,80:af:ca:27:52:2a,-54,11,1,1,1,1,1,0,0,0,0,-97,0,11,2,491583535,0,83,1,128,0,"[0,0,0,0,0,0,0,0,0,0,0,0,-2,-3,-2,-5,-2,-7,-2,-9,-2,-10,-2,-11,-3,-11,-2,-11,-2,-11,-2,-10,-2,-9,-2,-8,-1,-5,0,-4,0,-1,0,0,1,2,2,3,2,5,3,7,4,8,4,8,5,9,5,9,5,8,4,8,0,0,3,5,2,4,1,2,0,0,0,0,-1,-2,-2,-4,-2,-5,-3,-7,-4,-8,-5,-8,-5,-8,-5,-8,-5,-8,-4,-7,-4,-6,-3,-5,-2,-4,-2,-2,-1,-1,-1,0,0,1,0,2,0,3,0,4,0,5,0,0,0,0,0,0,0,0,0,0]"
CSI_DATA,37467,80:af:ca:27:52:2a,-54,11,0,0,0,0,0,0,0,0,0,-97,0,11,2,491607006,0,83,0,128,0,"[0,0,0,0,0,0,0,0,0,0,0,0,-2,4,-5,7,-7,9,-7,11,-9,12,-9,11,-10,12,-10,11,-9,10,-8,9,-7,8,-6,6,-4,4,-3,2,-1,0,0,-2,1,-4,3,-6,4,-8,5,-9,6,-11,7,-13,8,-14,9,-15,9,-15,8,-14,0,0,6,-11,4,-8,2,-6,0,-3,-2,0,-3,3,-5,5,-6,6,-7,7,-8,8,-9,9,-9,9,-9,9,-9,9,-9,9,-8,8,-7,8,-5,6,-4,4,-2,3,0,1,2,-1,5,-2,7,-3,8,-5,9,-5,0,0,0,0,0,0,0,0,0,0]"
CSI_DATA,37468,80:af:ca:27:52:2a,-54,11,0,0,0,0,0,0,0,0,0,-97,0,11,2,491617046,0,83,0,128,0,"[0,0,0,0,0,0,0,0,0,0,0,0,-3,13,-4,13,-4,12,-3,9,-3,6,-2,3,-1,0,-1,-1,0,-4,0,-7,0,-9,0,-11,0,-12,0,-12,0,-12,0,-14,0,-12,0,-12,0,-11,0,-9,0,-7,0,-5,0,-1,0,0,0,3,1,7,0,0,2,12,3,15,4,16,4,16,3,15,3,14,3,13,2,10,2,8,1,6,0,3,0,1,0,0,0,-3,0,-5,-1,-8,-2,-11,-2,-12,-3,-14,-2,-15,-3,-15,-3,-15,-4,-14,-3,-13,-3,-10,-2,-7,0,0,0,0,0,0,0,0,0,0]"
CSI_DATA,37469,80:af:ca:27:52:2a,-54,11,1,1,1,1,1,0,0,0,0,-97,0,11,2,491626719,0,83,1,128,0,"[0,0,0,0,0,0,0,0,0,0,0,0,0,-4,0,-6,1,-7,2,-9,2,-10,2,-12,2,-12,2,-12,2,-12,2,-10,2,-9,2,-8,1,-6,0,-4,0,-1,0,0,0,2,0,4,0,7,0,8,0,9,0,10,0,11,0,11,0,11,0,10,0,0,0,7,0,5,0,3,0,1,0,0,0,-2,0,-4,0,-7,0,-8,0,-9,0,-10,0,-10,0,-10,0,-10,0,-9,0,-8,0,-7,0,-5,0,-4,0,-2,0,0,-1,0,-1,2,-2,3,-2,4,-2,5,0,0,0,0,0,0,0,0,0,0]"
CSI_DATA,37470,80:af:ca:27:52:2a,-54,11,1,1,1,1,1,0,0,0,0,-97,0,11,2,491647046,0,83,1,128,0,"[0,0,0,0,0,0,0,0,0,0,0,0,-3,-9,-3,-8,-2,-7,-2,-6,-1,-4,-1,-3,0,-1,0,0,1,2,1,3,2,5,2,6,3,7,3,7,3,8,3,8,3,7,3,7,2,6,2,5,1,3,1,2,0,1,0,-1,-1,-2,-1,-3,0,0,-2,-6,-3,-7,-3,-8,-3,-8,-3,-8,-3,-8,-3,-7,-3,-7,-2,-6,-2,-4,-2,-3,-1,-1,-1,0,0,1,0,2,0,3,0,4,0,5,0,6,0,6,0,6,0,6,0,5,0,4,0,4,0,3,0,0,0,0,0,0,0,0,0,0]"
CSI_DATA,37471,80:af:ca:27:52:2a,-54,11,0,0,0,0,0,0,0,0,0,-97,0,11,2,491696887,0,83,0,128,0,"[0,0,0,0,0,0,0,0,0,0,0,0,3,12,2,12,2,12,1,9,0,6,0,4,-1,1,-2,0,-3,-2,-5,-4,-6,-6,-7,-7,-8,-8,-8,-8,-8,-8,-9,-9,-8,-8,-8,-7,-7,-7,-6,-6,-5,-4,-3,-3,-1,-1,0,0,4,0,6,2,0,0,12,4,13,5,15,5,15,5,14,5,14,4,12,3,10,3,8,2,5,1,3,0,1,0,0,0,-2,-1,-5,-2,-7,-2,-10,-3,-12,-4,-13,-4,-14,-5,-15,-4,-15,-4,-14,-3,-12,-3,-11,-2,-8,-1,0,0,0,0,0,0,0,0,0,0]"
CSI_DATA,37472,80:af:ca:27:52:2a,-55,11,1,1,1,1,1,0,0,0,0,-97,0,11,2,491704789,0,83,1,128,0,"[0,0,0,0,0,0,0,0,0,0,0,0,0,-4,1,-5,2,-6,4,-7,4,-8,5,-8,5,-8,5,-8,5,-8,4,-7,4,-6,3,-6,2,-4,1,-2,0,-1,0,0,-1,2,-2,4,-2,5,-3,6,-3,7,-4,8,-4,8,-4,8,-4,8,-3,8,0,0,-2,6,-2,4,-1,2,0,1,0,0,1,-2,2,-4,2,-4,3,-6,3,-7,3,-8,4,-8,4,-8,3,-8,3,-7,2,-6,2,-6,1,-4,0,-3,0,-2,0,-1,-1,0,-2,0,-3,2,-4,2,-4,2,0,0,0,0,0,0,0,0,0,0]"
CSI_DATA,37473,80:af:ca:27:52:2a,-54,11,0,0,0,0,0,0,0,0,0,-97,0,11,2,491718326,0,83,0,128,0,"[0,0,0,0,0,0,0,0,0,0,0,0,8,-12,9,-11,9,-10,7,-8,5,-6,4,-4,1,-1,0,0,-1,3,-3,5,-4,7,-5,8,-5,10,-6,10,-5,10,-6,12,-5,10,-4,10,-5,9,-4,8,-3,6,-2,4,-1,1,0,0,0,-4,1,-8,0,0,3,-13,4,-15,4,-17,4,-17,4,-16,4,-15,3,-14,2,-12,1,-9,1,-7,0,-5,0,-3,0,0,-1,2,-2,4,-3,6,-4,9,-4,10,-5,12,-5,13,-5,13,-5,13,-4,13,-4,11,-4,9,-2,7,0,0,0,0,0,0,0,0,0,0]"
CSI_DATA,37474,80:af:ca:27:52:2a,-54,11,1,1,1,1,1,0,0,0,0,-97,0,11,2,491728231,0,83,1,128,0,"[0,0,0,0,0,0,0,0,0,0,0,0,-5,-8,-5,-8,-4,-6,-3,-6,-2,-4,-1,-2,0,-1,0,0,1,1,2,3,4,4,4,5,5,6,5,6,5,7,5,7,5,6,5,6,4,5,3,4,2,3,1,2,0,0,0,-1,-1,-2,-2,-3,0,0,-4,-5,-5,-6,-5,-7,-5,-7,-5,-8,-5,-7,-5,-6,-4,-5,-4,-5,-3,-4,-2,-2,-1,-1,-1,0,0,1,0,2,1,3,1,4,1,5,1,5,1,5,1,5,1,5,1,5,1,4,1,4,1,3,0,0,0,0,0,0,0,0,0,0]"
CSI_DATA,37475,80:af:ca:27:52:2a,-54,11,0,0,0,0,0,0,0,0,0,-97,0,11,2,491741439,0,83,0,128,0,"[0,0,0,0,0,0,0,0,0,0,0,0,1,4,1,8,0,11,1,13,1,14,0,14,0,15,0,14,0,13,0,11,0,9,0,8,0,5,0,3,0,0,0,-1,0,-4,-1,-6,-1,-8,-1,-11,-1,-13,-2,-15,-2,-15,-1,-17,-2,-17,-2,-16,0,0,-1,-12,-1,-8,-1,-5,-1,-2,-1,0,0,3,0,6,0,8,-1,9,-1,10,-1,12,-1,12,-1,12,-1,12,-1,11,-1,10,0,9,0,8,0,5,0,3,0,0,2,-2,2,-4,4,-6,4,-8,4,-8,0,0,0,0,0,0,0,0,0,0]"
CSI_DATA,37476,80:af:ca:27:52:2a,-54,11,1,1,1,1,1,0,0,0,0,-97,0,11,2,491750231,0,83,1,128,0,"[0,0,0,0,0,0,0,0,0,0,0,0,0,8,0,8,0,7,0,6,0,4,0,2,-1,1,-1,0,-1,-2,-1,-4,-2,-6,-2,-7,-2,-8,-3,-8,-3,-8,-3,-8,-3,-8,-3,-7,-2,-7,-2,-6,-1,-4,-1,-3,0,-1,0,0,1,1,1,3,0,0,2,6,3,6,3,7,3,7,3,7,3,7,3,6,3,6,2,4,2,3,1,2,1,0,0,0,0,-2,-1,-3,-1,-4,-2,-5,-2,-5,-2,-6,-2,-6,-2,-6,-2,-6,-2,-6,-2,-5,-2,-4,-1,-3,0,0,0,0,0,0,0,0,0,0]"
CSI_DATA,37477,80:af:ca:27:52:2a,-55,11,1,1,1,1,1,0,0,0,0,-97,0,11,2,491771758,0,83,1,128,0,"[0,0,0,0,0,0,0,0,0,0,0,0,0,8,0,7,0,6,0,5,-1,4,-1,2,-1,0,-1,-1,-1,-2,-1,-3,-2,-5,-2,-6,-2,-7,-2,-7,-2,-7,-2,-8,-2,-7,-2,-7,-2,-6,-2,-5,-1,-4,-1,-2,0,-1,0,0,0,1,1,2,0,0,2,5,3,5,3,6,3,6,3,7,3,6,3,6,3,5,2,4,2,3,1,2,1,1,0,0,0,-1,-1,-2,-1,-3,-2,-4,-2,-5,-2,-5,-3,-5,-3,-5,-3,-5,-2,-5,-2,-4,-2,-4,-2,-3,0,0,0,0,0,0,0,0,0,0]"
CSI_DATA,37478,80:af:ca:27:52:2a,-54,11,1,1,1,1,1,0,0,0,0,-97,0,11,2,491781332,0,83,1,128,0,"[0,0,0,0,0,0,0,0,0,0,0,0,-5,8,-5,7,-5,6,-4,5,-3,3,-2,1,-1,0,0,-1,0,-2,0,-4,1,-6,1,-7,1,-8,2,-9,2,-9,2,-9,1,-9,1,-8,1,-8,1,-6,0,-5,0,-3,0,-1,0,0,0,1,0,3,0,0,0,6,0,8,0,8,0,8,0,9,0,8,0,8,0,6,0,5,0,4,0,2,0,1,0,0,0,-1,0,-3,0,-4,0,-5,0,-6,0,-6,0,-6,0,-6,0,-6,0,-6,0,-5,0,-4,0,-4,0,0,0,0,0,0,0,0,0,0]"
CSI_DATA,37479,80:af:ca:27:52:2a,-54,11,1,1,1,1,1,0,0,0,0,-97,0,11,2,491790207,0,83,1,128,0,"[0,0,0,0,0,0,0,0,0,0,0,0,-1,10,-1,8,-1,7,-1,6,-1,3,-2,2,0,1,-2,0,1,-3,-2,-3,-2,-4,-2,-5,-2,-6,-2,-6,-1,-7,-2,-11,-2,-10,-1,-7,-1,-7,-2,-6,-1,-5,-1,-3,0,-1,0,0,0,1,1,2,0,0,2,5,3,6,3,7,3,7,3,7,4,7,3,6,3,5,3,5,2,2,1,1,0,0,0,0,-1,-1,0,-3,-1,-4,-2,-3,-2,-4,-3,-5,-3,-5,-3,-5,-4,-5,-2,-4,-2,-3,-1,-3,-1,-3,0,0,0,0,0,0,0,0,0,0]"
CSI_DATA,37480,80:af:ca:27:52:2a,-54,11,0,0,0,0,0,0,0,0,0,-97,0,11,2,491804703,0,83,0,128,0,"[0,0,0,0,0,0,0,0,0,0,0,0,-3,-5,-3,-8,-3,-11,-4,-12,-4,-14,-3,-14,-3,-15,-3,-15,-3,-13,-3,-12,-2,-11,-2,-9,-1,-6,-1,-4,0,-2,1,1,1,3,2,5,2,7,3,9,4,11,5,13,5,13,5,15,6,15,5,14,0,0,4,10,3,7,2,4,1,2,0,-2,-1,-4,-2,-6,-3,-8,-3,-10,-4,-11,-4,-12,-4,-12,-4,-12,-4,-12,-4,-12,-4,-10,-4,-10,-3,-8,-3,-5,-2,-3,-2,-1,-1,2,-1,5,-1,7,0,9,-1,9,0,0,0,0,0,0,0,0,0,0]"
CSI_DATA,37481,80:af:ca:27:52:2a,-54,11,1,1,1,1,1,0,0,0,0,-97,0,11,2,491814136,0,83,1,128,0,"[0,0,0,0,0,0,0,0,0,0,0,0,-7,6,-6,5,-6,5,-5,3,-4,2,-2,1,-1,0,0,-1,0,-2,1,-3,2,-5,3,-6,3,-7,4,-7,4,-8,4,-8,4,-8,3,-7,3,-6,2,-5,2,-4,1,-2,0,-1,0,0,-1,2,-1,3,0,0,-2,6,-2,7,-2,7,-2,8,-3,8,-2,7,-2,7,-2,6,-1,5,-1,3,-1,2,0,1,0,0,0,-1,1,-3,1,-4,1,-5,1,-6,2,-6,1,-6,1,-6,1,-6,1,-5,1,-5,1,-4,0,-3,0,0,0,0,0,0,0,0,0,0]"
CSI_DATA,37482,80:af:ca:27:52:2a,-54,11,1,1,1,1,1,0,0,0,0,-97,0,11,2,491822784,0,83,1,128,0,"[0,0,0,0,0,0,0,0,0,0,0,0,1,2,2,4,2,6,2,8,2,8,2,9,2,10,2,10,2,9,2,9,2,8,1,6,1,5,0,2,0,1,-1,0,-2,-2,-2,-4,-3,-5,-4,-7,-5,-8,-5,-8,-5,-9,-5,-10,-5,-9,-5,-8,0,0,-4,-6,-3,-5,-2,-3,-1,-2,0,0,0,1,1,3,2,5,2,5,3,7,4,8,4,8,4,8,4,7,3,7,3,5,2,5,2,3,1,2,0,0,0,0,0,-1,0,-2,0,-4,-1,-5,-1,-5,0,0,0,0,0,0,0,0,0,0]"
CSI_DATA,37483,80:af:ca:27:52:2a,-54,11,1,1,1,1,1,0,0,0,0,-97,0,11,2,491887552,0,83,1,128,0,"[0,0,0,0,0,0,0,0,0,0,0,0,3,8,2,7,2,7,1,6,1,4,0,3,0,1,-1,0,-2,-1,-2,-3,-3,-5,-4,-6,-5,-6,-5,-7,-6,-7,-6,-7,-6,-7,-6,-6,-5,-6,-4,-5,-3,-3,-2,-2,-1,-1,0,0,1,1,2,2,0,0,5,3,6,4,6,5,6,5,6,5,6,5,6,5,5,4,5,3,3,2,2,1,1,0,0,0,-1,-1,-2,-2,-3,-2,-4,-3,-4,-3,-5,-4,-5,-4,-5,-5,-5,-4,-5,-4,-4,-3,-3,-3,-3,-2,0,0,0,0,0,0,0,0,0,0]"
CSI_DATA,37484,80:af:ca:27:52:2a,-54,11,1,1,1,1,1,0,0,0,0,-97,0,11,2,491896227,0,83,1,128,0,"[0,0,0,0,0,0,0,0,0,0,0,0,0,3,0,5,-1,6,-2,8,-3,10,-3,10,-3,10,-3,10,-3,10,-3,9,-3,8,-3,6,-2,4,-1,3,0,0,0,-1,0,-3,0,-5,0,-6,0,-8,1,-10,1,-10,1,-11,1,-11,1,-11,0,-10,0,0,0,-7,0,-6,0,-4,0,-2,-1,0,-1,1,-2,3,-2,5,-3,6,-3,7,-3,8,-3,9,-3,9,-3,8,-3,8,-2,6,-1,6,-1,4,0,3,0,1,0,0,0,0,1,-2,2,-3,3,-3,3,-4,0,0,0,0,0,0,0,0,0,0]"
CSI_DATA,37485,80:af:ca:27:52:2a,-55,11,0,0,0,0,0,0,0,0,0,-97,0,11,2,491908616,0,83,0,128,0,"[0,0,0,0,0,0,0,0,0,0,0,0,-4,2,-7,3,-10,4,-11,5,-13,5,-13,5,-14,5,-14,4,-13,4,-12,4,-10,3,-9,2,-6,1,-4,1,-2,0,0,-1,2,-2,4,-3,6,-4,8,-5,10,-6,12,-7,13,-7,15,-8,14,-8,13,-7,0,0,10,-6,8,-4,5,-3,2,-2,-1,-1,-4,0,-6,1,-8,2,-10,2,-11,3,-12,3,-12,3,-13,3,-13,3,-12,3,-11,3,-10,3,-8,2,-6,2,-4,2,-1,1,2,1,4,1,6,1,8,1,9,1,0,0,0,0,0,0,0,0,0,0]"
CSI_DATA,37486,80:af:ca:27:52:2a,-54,11,1,1,1,1,1,0,0,0,0,-97,0,11,2,491916474,0,83,1,128,0,"[0,0,0,0,0,0,0,0,0,0,0,0,0,-4,0,-7,1,-10,1,-11,2,-13,2,-13,3,-14,3,-14,3,-13,2,-13,2,-11,1,-10,1,-6,0,-4,0,-2,0,0,0,3,0,5,0,7,0,10,0,11,0,12,0,13,0,13,0,12,0,11,0,0,0,8,0,6,0,3,0,1,0,0,0,-3,0,-5,0,-7,-1,-9,-1,-10,-1,-10,-1,-11,-1,-11,-1,-10,-2,-10,-1,-9,-2,-7,-1,-6,-1,-3,-1,-2,-1,0,0,1,0,2,0,3,0,5,0,6,0,0,0,0,0,0,0,0,0,0]"
CSI_DATA,37487,80:af:ca:27:52:2a,-54,11,0,0,0,0,0,0,0,0,0,-97,0,11,2,491926319,0,83,0,128,0,"[0,0,0,0,0,0,0,0,0,0,0,0,1,-14,2,-14,2,-13,1,-10,1,-7,1,-4,0,0,0,1,0,4,0,6,-1,9,-2,11,-2,11,-2,11,-2,11,-2,13,-2,12,-2,10,-2,9,-2,8,-1,6,-1,4,0,0,0,-2,0,-5,1,-8,0,0,3,-13,4,-16,4,-17,4,-17,4,-16,4,-15,4,-13,3,-11,2,-9,0,-7,0,-4,0,-2,-2,0,-3,1,-4,3,-5,5,-7,8,-8,8,-9,9,-10,9,-9,11,-9,10,-9,9,-8,8,-7,8,-5,6,0,0,0,0,0,0,0,0,0,0]"
CSI_DATA,37488,80:af:ca:27:52:2a,-54,11,0,0,0,0,0,0,0,0,0,-97,0,11,2,491938265,0,83,0,128,0,"[0,0,0,0,0,0,0,0,0,0,0,0,-1,4,-2,8,-4,11,-4,12,-5,14,-5,13,-6,14,-6,13,-6,12,-5,10,-4,9,-4,7,-3,4,-2,2,-1,0,0,-2,1,-4,2,-6,3,-8,3,-10,4,-12,5,-14,5,-15,6,-16,6,-16,6,-15,0,0,4,-11,3,-8,1,-6,0,-3,-2,0,-3,3,-5,5,-6,6,-7,8,-7,8,-8,9,-8,9,-8,9,-9,10,-8,9,-7,8,-6,8,-5,6,-3,4,-2,3,0,1,3,-1,5,-2,7,-3,8,-4,9,-5,0,0,0,0,0,0,0,0,0,0]"
CSI_DATA,37489,80:af:ca:27:52:2a,-55,11,1,1,1,1,1,0,0,0,0,-97,0,11,2,491963600,0,83,1,128,0,"[0,0,0,0,0,0,0,0,0,0,0,0,2,-2,4,-2,6,-2,7,-2,8,-2,9,-2,9,-2,9,-2,8,-2,8,-1,7,-1,6,-1,4,0,2,0,0,0,-1,0,-2,0,-4,0,-6,1,-7,1,-8,2,-9,2,-9,2,-9,2,-9,2,-8,2,0,0,-6,1,-4,1,-3,0,-1,0,0,0,2,0,4,0,5,0,6,0,7,0,8,-1,8,0,8,0,8,0,7,0,6,0,5,-1,4,-1,2,-1,1,-1,0,-1,-1,-1,-2,-2,-3,-2,-4,-2,-4,-2,0,0,0,0,0,0,0,0,0,0]"
CSI_DATA,37490,80:af:ca:27:52:2a,-54,11,1,1,1,1,1,0,0,0,0,-97,0,11,2,491971935,0,83,1,128,0,"[0,0,0,0,0,0,0,0,0,0,0,0,-8,-2,-8,-2,-7,-2,-6,-2,-4,-1,-3,-1,-1,-1,0,-1,1,-1,3,0,4,0,6,0,7,0,7,0,8,-1,8,-1,8,-1,7,-1,6,-1,5,-1,4,0,2,0,1,0,0,0,-1,0,-3,1,0,0,-6,1,-6,2,-7,2,-7,2,-7,2,-7,2,-7,2,-6,2,-5,1,-4,1,-2,1,-1,0,0,0,1,0,2,-1,3,-1,3,-1,4,-2,4,-2,4,-2,4,-2,4,-2,4,-2,3,-2,3,-2,2,-1,0,0,0,0,0,0,0,0,0,0]"
CSI_DATA,37491,80:af:ca:27:52:2a,-55,11,1,1,1,1,1,0,0,0,0,-97,0,11,2,491979581,0,83,1,128,0,"[0,0,0,0,0,0,0,0,0,0,0,0,2,-2,4,-2,6,-3,8,-3,9,-3,10,-4,10,-4,10,-4,10,-4,9,-3,8,-2,6,-2,5,-2,2,-1,0,0,0,0,-2,0,-4,1,-6,2,-8,2,-8,3,-9,4,-10,4,-10,4,-9,4,-9,3,0,0,-6,2,-5,2,-3,1,-2,0,0,0,2,0,3,-1,5,-2,6,-2,7,-2,8,-2,8,-2,8,-2,8,-2,7,-2,6,-2,5,-2,3,-2,2,-2,1,-1,0,-1,-1,0,-2,0,-4,0,-5,0,-5,0,0,0,0,0,0,0,0,0,0,0]"
CSI_DATA,37492,80:af:ca:27:52:2a,-55,11,1,1,1,1,1,0,0,0,0,-97,0,11,2,491988432,0,83,1,128,0,"[0,0,0,0,0,0,0,0,0,0,0,0,1,2,1,4,1,6,1,7,1,8,1,9,1,10,1,9,1,9,1,8,0,8,0,6,0,4,0,3,0,1,0,0,-1,-2,-2,-4,-2,-6,-2,-7,-3,-8,-3,-8,-4,-9,-4,-9,-4,-9,-4,-8,0,0,-2,-6,-2,-5,-2,-3,-1,-2,0,0,0,1,0,3,0,4,1,6,2,6,2,7,2,7,2,7,2,7,2,6,2,6,2,5,1,4,1,2,0,1,0,0,0,-1,0,-2,0,-3,0,-4,0,-4,0,0,0,0,0,0,0,0,0,0]"
CSI_DATA,37493,80:af:ca:27:52:2a,-54,11,1,1,1,1,1,0,0,0,0,-97,0,11,2,491997005,0,83,1,128,0,"[0,0,0,0,0,0,0,0,0,0,0,0,-7,-8,-6,-8,-5,-6,-4,-5,-2,-4,-1,-3,0,-1,1,0,2,1,3,3,5,4,6,5,6,5,7,6,7,6,7,6,7,6,6,5,6,4,5,3,3,2,1,1,0,0,-1,-1,-2,-1,-4,-3,0,0,-6,-5,-7,-5,-8,-6,-8,-6,-8,-6,-8,-6,-7,-5,-6,-5,-5,-3,-4,-3,-3,-1,-1,0,0,0,0,1,1,2,3,3,3,4,4,4,4,5,5,5,5,5,4,5,3,4,3,3,3,3,2,2,0,0,0,0,0,0,0,0,0,0]"
CSI_DATA,37494,80:af:ca:27:52:2a,-55,11,0,0,0,0,0,0,0,0,0,-97,0,11,2,492005398,0,83,0,128,0,"[0,0,0,0,0,0,0,0,0,0,0,0,3,2,5,6,6,8,7,10,8,11,7,11,7,12,7,12,6,11,6,9,5,8,4,7,2,4,1,3,0,1,-2,-1,-3,-3,-4,-4,-6,-7,-7,-8,-9,-9,-10,-11,-11,-11,-11,-13,-12,-12,-11,-12,0,0,-8,-9,-6,-7,-4,-5,-2,-2,0,0,2,3,3,4,5,6,6,7,6,8,7,9,7,9,7,9,7,9,7,9,6,8,5,7,4,5,3,3,2,1,0,-1,-1,-3,-2,-6,-3,-8,-4,-9,-4,-10,0,0,0,0,0,0,0,0,0,0]"
CSI_DATA,37495,80:af:ca:27:52:2a,-55,11,1,1,1,1,1,0,0,0,0,-97,0,11,2,492028564,0,83,1,128,0,"[0,0,0,0,0,0,0,0,0,0,0,0,0,-3,2,-4,4,-5,5,-6,6,-6,6,-6,6,-7,6,-6,6,-6,6,-6,6,-5,4,-4,3,-3,2,-2,0,-1,0,0,-2,1,-3,2,-4,4,-6,4,-6,5,-7,6,-7,6,-7,6,-7,6,-6,6,0,0,-4,4,-4,3,-2,2,-1,1,0,0,2,-1,3,-2,4,-2,5,-3,6,-4,7,-4,7,-4,7,-4,7,-4,6,-4,6,-3,4,-3,3,-2,2,-2,0,-2,0,-1,-1,-1,-2,0,-4,0,-4,0,-5,0,0,0,0,0,0,0,0,0,0,0]"
CSI_DATA,37496,80:af:ca:27:52:2a,-54,11,1,1,1,1,1,0,0,0,0,-97,0,11,2,492036281,0,83,1,128,0,"[0,0,0,0,0,0,0,0,0,0,0,0,-6,6,-6,6,-5,5,-4,4,-3,3,-2,1,-1,0,0,-1,0,-2,1,-3,2,-5,2,-6,3,-7,3,-8,3,-8,3,-8,3,-8,2,-7,2,-7,2,-5,1,-4,1,-2,0,-1,0,0,0,1,-1,3,0,0,-2,6,-2,7,-2,7,-2,8,-2,8,-2,8,-2,7,-1,6,-1,5,-1,3,0,2,0,1,0,0,0,-1,1,-2,1,-4,1,-4,1,-6,1,-6,1,-6,1,-6,1,-6,1,-5,1,-5,1,-4,0,-3,0,0,0,0,0,0,0,0,0,0]"
CSI_DATA,37497,80:af:ca:27:52:2a,-54,11,1,1,1,1,1,0,0,0,0,-97,0,11,2,492047942,0,83,1,128,0,"[0,0,0,0,0,0,0,0,0,0,0,0,-2,2,-4,3,-6,4,-7,5,-9,6,-10,7,-10,7,-10,7,-10,6,-9,6,-8,5,-7,4,-5,3,-3,1,-1,0,0,0,1,-2,2,-3,4,-5,5,-7,6,-7,6,-8,7,-8,7,-9,7,-9,6,-8,0,0,4,-6,3,-5,2,-3,0,-2,0,0,-1,0,-3,3,-4,3,-5,5,-5,6,-6,7,-6,7,-6,7,-6,7,-5,6,-5,5,-3,4,-3,3,-2,2,0,1,0,0,0,0,1,-1,2,-2,3,-3,3,-3,0,0,0,0,0,0,0,0,0,0]"
CSI_DATA,37498,80:af:ca:27:52:2a,-54,11,1,1,1,1,1,0,0,0,0,-97,0,11,2,492054671,0,83,1,128,0,"[0,0,0,0,0,0,0,0,0,0,0,0,7,6,6,5,5,5,4,4,2,3,1,2,0,1,-1,0,-2,-1,-3,-2,-5,-3,-6,-4,-6,-5,-7,-5,-7,-5,-7,-6,-7,-5,-7,-5,-6,-4,-5,-3,-3,-2,-2,-2,-1,-1,0,0,1,1,2,1,0,0,5,3,5,4,6,5,6,5,6,5,6,5,6,5,5,3,5,3,3,2,2,1,1,0,0,0,0,-1,-1,-2,-2,-3,-3,-4,-3,-5,-3,-5,-3,-5,-3,-5,-3,-5,-3,-5,-3,-4,-2,-4,-2,-3,0,0,0,0,0,0,0,0,0,0]"
CSI_DATA,37499,80:af:ca:27:52:2a,-54,11,0,0,0,0,0,0,0,0,0,-97,0,11,2,492085303,0,83,0,128,0,"[0,0,0,0,0,0,0,0,0,0,0,0,0,13,0,13,0,12,0,9,0,7,-1,4,-1,1,-1,-1,-2,-3,-2,-5,-2,-8,-2,-10,-3,-11,-3,-11,-4,-11,-4,-12,-4,-11,-4,-11,-3,-10,-3,-8,-2,-6,-2,-5,0,-2,0,0,2,2,3,5,0,0,6,11,7,12,8,14,8,14,8,14,8,13,7,11,5,9,5,8,3,5,2,3,1,1,0,0,-1,-2,-2,-5,-3,-7,-5,-9,-5,-11,-6,-12,-6,-13,-7,-14,-7,-13,-7,-12,-6,-11,-5,-9,-4,-7,0,0,0,0,0,0,0,0,0,0]"
CSI_DATA,37500,80:af:ca:27:52:2a,-54,11,1,1,1,1,1,0,0,0,0,-97,0,11,2,492093981,0,83,1,128,0,"[0,0,0,0,0,0,0,0,0,0,0,0,-7,5,-6,5,-6,4,-5,3,-4,2,-2,1,-1,0,0,-1,1,-2,2,-4,3,-5,4,-6,5,-6,5,-7,5,-7,5,-8,5,-7,4,-7,4,-6,3,-5,2,-4,1,-2,0,-1,0,0,-1,1,-2,2,0,0,-4,5,-4,6,-5,6,-5,7,-5,7,-5,6,-4,6,-4,5,-3,5,-2,4,-1,2,0,1,0,0,1,-1,2,-2,2,-2,4,-4,4,-4,4,-4,4,-5,4,-5,4,-5,4,-4,4,-4,3,-3,2,-2,0,0,0,0,0,0,0,0,0,0]"
CSI_DATA,37501,80:af:ca:27:52:2a,-55,11,1,1,1,1,1,0,0,0,0,-97,0,11,2,492101455,0,83,1,128,0,"[0,0,0,0,0,0,0,0,0,0,0,0,-2,2,-4,2,-6,3,-7,3,-9,4,-9,4,-10,4,-9,4,-9,4,-9,3,-8,3,-7,2,-4,1,-3,0,-1,0,0,-1,1,-2,2,-3,4,-3,5,-4,6,-5,7,-6,7,-6,7,-6,7,-6,7,-6,0,0,4,-4,3,-3,2,-2,0,-1,0,0,-2,0,-3,2,-4,2,-6,3,-7,4,-7,4,-7,4,-7,4,-7,4,-7,4,-6,3,-4,3,-4,2,-2,1,-1,1,0,0,0,0,2,0,3,-1,4,-1,4,-1,0,0,0,0,0,0,0,0,0,0]"
CSI_DATA,37502,80:af:ca:27:52:2a,-54,11,1,1,1,1,1,0,0,0,0,-97,0,11,2,492108951,0,83,1,128,0,"[0,0,0,0,0,0,0,0,0,0,0,0,-9,1,-8,1,-7,1,-6,0,-5,0,-3,0,-1,0,0,-1,2,-1,3,-2,5,-3,6,-3,7,-3,7,-4,7,-4,8,-4,7,-4,7,-4,6,-3,5,-3,3,-2,2,-1,1,-1,0,0,-2,1,-3,2,0,0,-5,3,-6,4,-7,4,-7,5,-7,5,-7,4,-6,4,-6,3,-5,3,-3,2,-2,1,-1,1,0,0,1,0,2,-1,3,-2,4,-2,5,-3,5,-3,5,-3,5,-3,5,-3,5,-3,4,-2,3,-2,2,-2,0,0,0,0,0,0,0,0,0,0]"
CSI_DATA,37503,80:af:ca:27:52:2a,-54,11,1,1,1,1,1,0,0,0,0,-97,0,11,2,492131484,0,83,1,128,0,"[0,0,0,0,0,0,0,0,0,0,0,0,-4,-1,-5,-2,-7,-4,-7,-4,-9,-5,-9,-6,-9,-7,-9,-7,-9,-6,-7,-6,-7,-4,-5,-4,-4,-3,-2,-2,0,-1,0,0,2,0,4,2,5,2,7,3,7,4,8,4,9,4,9,4,9,4,7,3,0,0,5,2,4,2,2,0,0,0,0,-1,-2,-2,-4,-2,-4,-3,-6,-4,-7,-4,-7,-4,-8,-4,-7,-5,-7,-4,-7,-4,-6,-4,-5,-3,-4,-2,-2,-1,-2,0,0,0,0,0,1,1,2,2,2,3,2,3,0,0,0,0,0,0,0,0,0,0]"
CSI_DATA,37504,80:af:ca:27:52:2a,-55,11,0,0,0,0,0,0,0,0,0,-97,0,11,2,492143790,0,83,0,128,0,"[0,0,0,0,0,0,0,0,0,0,0,0,-4,0,-8,0,-10,-1,-12,-1,-13,-2,-14,-3,-14,-3,-13,-4,-13,-3,-11,-3,-10,-2,-8,-2,-6,-1,-4,-1,-1,-1,0,-1,3,0,4,0,7,0,8,0,11,0,13,0,14,-1,16,0,16,-1,14,0,0,0,10,0,8,0,5,0,2,0,0,0,-4,0,-6,0,-8,0,-10,0,-11,0,-12,0,-13,0,-13,0,-13,0,-12,0,-11,0,-10,0,-8,0,-6,0,-4,0,0,0,1,0,4,1,7,1,8,1,9,2,0,0,0,0,0,0,0,0,0,0]"
CSI_DATA,37505,80:af:ca:27:52:2a,-54,11,0,0,0,0,0,0,0,0,0,-97,0,11,2,492163946,0,83,0,128,0,"[0,0,0,0,0,0,0,0,0,0,0,0,6,-12,6,-11,6,-10,4,-8,3,-6,3,-3,1,0,0,1,0,3,-1,6,-2,7,-3,10,-3,10,-3,10,-3,10,-3,11,-3,10,-2,10,-3,9,-2,7,-1,6,-1,3,0,1,0,-1,0,-5,0,-8,0,0,0,-13,1,-15,1,-16,1,-16,1,-16,1,-16,0,-14,0,-12,0,-10,0,-7,0,-5,0,-3,-1,0,-2,2,-2,4,-3,6,-3,10,-4,10,-4,12,-5,13,-4,14,-4,13,-4,13,-3,12,-3,10,-2,7,0,0,0,0,0,0,0,0,0,0]"
CSI_DATA,37506,80:af:ca:27:52:2a,-55,11,1,1,1,1,1,0,0,0,0,-97,0,11,2,492171419,0,83,1,128,0,"[0,0,0,0,0,0,0,0,0,0,0,0,2,-2,4,-2,7,-2,8,-2,9,-2,9,-1,10,-2,9,-1,9,-1,9,-1,8,-1,6,0,4,0,2,0,0,0,-1,0,-2,0,-4,0,-6,0,-8,0,-9,0,-9,0,-10,0,-10,0,-10,0,-9,0,0,0,-7,0,-5,0,-3,0,-2,0,0,0,1,0,3,0,4,0,6,0,7,0,8,0,8,0,8,1,8,0,7,0,6,0,5,0,4,0,3,0,1,0,0,-1,0,-1,-2,-2,-2,-2,-4,-2,-4,-3,0,0,0,0,0,0,0,0,0,0]"
CSI_DATA,37507,80:af:ca:27:52:2a,-54,11,1,1,1,1,1,0,0,0,0,-97,0,11,2,492203891,0,83,1,128,0,"[0,0,0,0,0,0,0,0,0,0,0,0,3,9,2,8,2,7,1,6,1,4,0,2,0,0,-1,0,-2,-2,-2,-4,-4,-5,-4,-7,-5,-7,-5,-8,-5,-8,-5,-8,-5,-8,-5,-7,-4,-6,-4,-5,-2,-4,-1,-2,-1,-1,0,0,1,1,2,2,0,0,4,4,5,5,5,6,5,6,6,6,5,6,5,5,4,5,4,4,2,2,2,1,1,0,0,0,-1,-1,-1,-2,-2,-4,-3,-4,-4,-5,-4,-5,-4,-5,-4,-5,-4,-5,-4,-5,-3,-4,-2,-4,-2,-3,0,0,0,0,0,0,0,0,0,0]"
CSI_DATA,37508,80:af:ca:27:52:2a,-54,11,1,1,1,1,1,0,0,0,0,-97,0,11,2,492212727,0,83,1,128,0,"[0,0,0,0,0,0,0,0,0,0,0,0,-5,7,-5,7,-4,6,-3,5,-3,3,-2,1,-1,0,0,-1,0,-3,0,-4,1,-6,1,-7,2,-8,2,-8,2,-8,2,-9,1,-8,1,-8,1,-7,1,-6,0,-4,0,-3,0,-1,0,0,0,2,0,3,0,0,0,6,0,7,0,8,0,8,0,8,0,8,0,7,0,6,0,5,0,3,0,2,0,1,0,0,0,-2,0,-3,0,-4,0,-5,0,-6,0,-6,0,-6,0,-7,0,-6,0,-6,0,-5,0,-5,0,-3,0,0,0,0,0,0,0,0,0,0]"
CSI_DATA,37509,80:af:ca:27:52:2a,-55,11,1,1,1,1,1,0,0,0,0,-97,0,11,2,492230713,0,83,1,128,0,"[0,0,0,0,0,0,0,0,0,0,0,0,2,0,4,1,5,2,6,3,7,4,8,4,8,4,8,4,8,5,7,4,6,4,5,3,4,2,2,1,0,0,-1,0,-2,-1,-4,-2,-6,-2,-7,-3,-8,-4,-8,-4,-9,-4,-9,-4,-9,-4,-8,-4,0,0,-6,-2,-5,-2,-3,-1,-2,0,0,0,1,1,2,2,4,2,5,3,6,4,7,4,7,4,7,4,7,4,6,4,6,4,5,2,4,2,2,1,2,0,0,0,0,-1,-1,-2,-2,-3,-2,-4,-3,-4,0,0,0,0,0,0,0,0,0,0]"
CSI_DATA,37510,80:af:ca:27:52:2a,-54,11,0,0,0,0,0,0,0,0,0,-97,0,11,2,492248574,0,83,0,128,0,"[0,0,0,0,0,0,0,0,0,0,0,0,13,-4,13,-4,13,-3,10,-3,7,-2,4,-1,2,0,0,0,-3,1,-5,2,-7,3,-9,3,-10,3,-11,3,-11,4,-12,4,-11,3,-11,3,-10,3,-8,3,-7,2,-5,1,-3,0,0,0,3,-2,5,-3,0,0,11,-5,13,-6,14,-7,15,-7,14,-6,13,-6,11,-5,10,-4,8,-3,6,-3,3,-3,1,-2,0,-1,-3,0,-5,0,-7,0,-10,0,-11,0,-12,0,-14,0,-15,1,-14,1,-13,1,-12,1,-11,1,-7,0,0,0,0,0,0,0,0,0,0,0]"
CSI_DATA,37511,80:af:ca:27:52:2a,-54,11,1,1,1,1,1,0,0,0,0,-97,0,11,2,492257113,0,83,1,128,0,"[0,0,0,0,0,0,0,0,0,0,0,0,-4,-1,-6,-2,-7,-2,-9,-3,-9,-4,-9,-4,-10,-4,-9,-4,-9,-4,-8,-4,-7,-4,-6,-3,-4,-2,-2,-1,0,0,0,0,2,1,4,2,4,3,6,4,7,4,7,5,8,5,7,5,7,5,7,4,0,0,4,3,4,2,2,0,1,0,0,-1,-1,-2,-2,-4,-3,-4,-4,-6,-4,-7,-4,-7,-4,-8,-4,-7,-4,-7,-4,-7,-4,-6,-3,-5,-2,-4,-2,-2,-2,-1,-1,0,-1,1,-1,2,0,3,0,4,0,4,0,0,0,0,0,0,0,0,0,0]"
CSI_DATA,37512,80:af:ca:27:52:2a,-55,11,1,1,1,1,1,0,0,0,0,-97,0,11,2,492264460,0,83,1,128,0,"[0,0,0,0,0,0,0,0,0,0,0,0,2,1,4,2,4,4,6,5,7,6,7,7,7,7,7,7,7,7,6,6,5,5,4,4,2,3,1,2,0,0,-1,0,-2,-2,-4,-3,-5,-4,-6,-4,-7,-5,-7,-6,-8,-7,-8,-7,-7,-7,-7,-6,0,0,-5,-4,-4,-3,-2,-2,-2,0,0,0,1,1,2,2,3,3,4,4,4,5,5,5,5,6,5,6,5,5,4,5,4,4,4,3,2,2,2,1,1,0,0,0,0,-1,0,-2,-1,-3,-2,-4,-2,-4,0,0,0,0,0,0,0,0,0,0]"
CSI_DATA,37513,80:af:ca:27:52:2a,-54,11,0,0,0,0,0,0,0,0,0,-97,0,11,2,492275350,0,83,0,128,0,"[0,0,0,0,0,0,0,0,0,0,0,0,-3,-4,-3,-7,-3,-10,-4,-12,-4,-14,-4,-14,-4,-14,-3,-14,-3,-13,-3,-12,-3,-10,-2,-9,-1,-6,-1,-4,0,-2,1,1,1,2,2,4,2,7,2,9,3,10,4,12,4,13,4,15,5,15,4,13,0,0,3,10,2,7,2,4,0,1,0,-2,-1,-4,-1,-7,-2,-9,-2,-10,-2,-11,-3,-12,-2,-12,-2,-13,-3,-13,-2,-12,-2,-11,-2,-10,-2,-8,-2,-6,-2,-4,-2,-1,-2,2,-2,4,-3,7,-3,9,-3,9,0,0,0,0,0,0,0,0,0,0]"
CSI_DATA,37514,80:af:ca:27:52:2a,-54,11,1,1,1,1,1,0,0,0,0,-97,0,11,2,492284547,0,83,1,128,0,"[0,0,0,0,0,0,0,0,0,0,0,0,0,3,0,5,-1,7,-1,8,-2,10,-2,10,-2,10,-2,10,-2,10,-2,9,-2,8,-2,6,-1,5,-1,2,-1,0,-1,-1,-1,-3,-1,-5,0,-7,-1,-8,-1,-10,-1,-10,-2,-11,-2,-11,-2,-10,-2,-10,0,0,-1,-8,-1,-5,-1,-3,0,-2,0,0,0,2,0,4,0,5,1,7,1,8,1,9,1,9,1,9,1,8,1,8,1,7,1,5,1,4,0,2,0,1,0,0,0,-1,0,-2,0,-4,0,-5,0,-6,0,0,0,0,0,0,0,0,0,0]"
CSI_DATA,37515,80:af:ca:27:52:2a,-54,11,0,0,0,0,0,0,0,0,0,-97,0,11,2,492298794,0,83,0,128,0,"[0,0,0,0,0,0,0,0,0,0,0,0,-10,-10,-9,-11,-8,-10,-7,-8,-5,-7,-3,-4,0,-2,0,0,3,0,4,2,7,4,8,4,8,5,9,5,9,5,11,6,9,5,9,4,8,4,7,4,5,3,4,2,1,0,-1,0,-4,-1,-7,-2,0,0,-13,-4,-14,-5,-16,-6,-16,-6,-15,-6,-15,-5,-13,-4,-11,-4,-9,-3,-7,-2,-4,-1,-2,0,0,0,1,1,4,2,6,3,8,4,9,4,11,5,12,6,13,5,12,5,12,4,11,4,9,3,7,2,0,0,0,0,0,0,0,0,0,0]"
CSI_DATA,37516,80:af:ca:27:52:2a,-54,11,1,1,1,1,1,0,0,0,0,-97,0,11,2,492316828,0,83,1,128,0,"[0,0,0,0,0,0,0,0,0,0,0,0,8,-2,7,-1,6,-1,6,-1,4,0,2,0,0,0,-1,0,-2,1,-3,1,-5,1,-6,1,-7,2,-8,2,-8,2,-8,2,-8,2,-7,2,-7,1,-5,1,-4,1,-3,0,-1,0,0,0,1,-1,3,-1,0,0,5,-2,6,-2,7,-2,7,-2,7,-2,7,-2,6,-2,6,-2,4,-2,3,-1,2,-1,1,-1,0,-1,-1,0,-2,0,-3,0,-4,0,-5,0,-6,0,-6,0,-6,0,-6,0,-5,0,-4,0,-4,0,-3,0,0,0,0,0,0,0,0,0,0,0]"
CSI_DATA,37517,80:af:ca:27:52:2a,-54,11,1,1,1,1,1,0,0,0,0,-97,0,11,2,492326074,0,83,1,128,0,"[0,0,0,0,0,0,0,0,0,0,0,0,3,-2,5,-2,8,-2,8,-2,10,-2,10,-2,10,-2,10,-2,10,-2,10,-1,8,-1,6,-1,4,0,2,0,0,0,-1,0,-3,0,-5,0,-7,0,-8,1,-10,1,-10,1,-11,1,-10,1,-10,1,-10,1,0,0,-7,0,-5,0,-3,0,-2,0,0,0,2,0,4,0,5,0,7,0,8,0,8,0,9,0,8,0,8,0,8,0,7,0,5,0,4,0,2,0,1,0,0,-1,-1,-1,-2,-2,-3,-2,-4,-2,-5,-3,0,0,0,0,0,0,0,0,0,0]"
CSI_DATA,37518,80:af:ca:27:52:2a,-54,11,1,1,1,1,1,0,0,0,0,-97,0,11,2,492332807,0,83,1,128,0,"[0,0,0,0,0,0,0,0,0,0,0,0,3,0,5,2,7,3,7,4,8,4,9,5,9,5,9,4,8,4,7,4,7,4,5,3,4,2,2,1,0,0,-1,0,-3,-1,-5,-2,-7,-2,-8,-3,-9,-3,-9,-3,-10,-3,-10,-3,-9,-3,-9,-3,0,0,-7,-2,-4,-2,-3,-1,-1,0,0,0,2,0,4,1,4,2,7,2,7,2,8,2,8,2,8,2,7,2,7,2,6,2,5,1,4,0,2,0,1,0,0,-1,-1,-2,-2,-2,-3,-2,-4,-3,-4,-3,0,0,0,0,0,0,0,0,0,0]"
CSI_DATA,37519,80:af:ca:27:52:2a,-54,11,0,0,0,0,0,0,0,0,0,-97,0,11,2,492344560,0,83,0,128,0,"[0,0,0,0,0,0,0,0,0,0,0,0,-3,3,-6,4,-9,5,-10,6,-12,7,-13,7,-13,7,-13,7,-12,6,-11,6,-10,5,-8,4,-6,2,-4,1,-2,0,0,-2,2,-3,3,-4,6,-6,7,-7,8,-9,10,-10,11,-11,13,-12,12,-13,11,-12,0,0,8,-9,6,-7,4,-5,1,-2,-1,0,-3,2,-5,3,-7,5,-8,6,-9,7,-10,8,-10,8,-10,7,-11,8,-10,7,-9,7,-8,6,-7,5,-5,4,-3,2,0,1,2,-1,5,-2,7,-3,8,-4,9,-4,0,0,0,0,0,0,0,0,0,0]"
CSI_DATA,37520,80:af:ca:27:52:2a,-55,11,0,0,0,0,0,0,0,0,0,-97,0,11,2,492353078,0,83,0,128,0,"[0,0,0,0,0,0,0,0,0,0,0,0,6,-11,7,-11,7,-10,5,-8,4,-6,2,-3,1,-1,0,0,0,3,0,5,-1,7,-2,9,-2,10,-2,10,-1,10,-2,11,-2,11,-1,10,-1,9,-1,8,0,6,0,4,0,0,0,-1,-1,-4,-1,-8,0,0,-1,-13,-1,-15,-2,-16,-2,-17,-1,-16,-2,-15,-2,-13,-1,-11,-1,-10,-1,-7,-1,-5,-1,-2,0,0,0,2,0,4,0,7,0,10,0,11,0,12,0,13,0,14,1,13,1,12,0,11,0,10,0,7,0,0,0,0,0,0,0,0,0,0]"
CSI_DATA,37521,80:af:ca:27:52:2a,-55,11,0,0,0,0,0,0,0,0,0,-97,0,11,2,492363719,0,83,0,128,0,"[0,0,0,0,0,0,0,0,0,0,0,0,-12,4,-12,3,-11,3,-9,3,-7,1,-4,0,-2,0,0,-1,1,-3,4,-3,6,-4,7,-5,8,-6,8,-6,8,-6,10,-7,9,-6,8,-6,7,-5,7,-4,4,-3,3,-3,1,-1,-1,0,-3,2,-6,3,0,0,-10,7,-12,7,-13,8,-13,9,-13,7,-12,7,-11,7,-9,6,-7,4,-6,3,-3,2,-1,1,0,0,2,0,4,-1,6,-2,8,-3,10,-3,11,-4,12,-4,12,-5,12,-5,11,-5,11,-4,8,-4,7,-3,0,0,0,0,0,0,0,0,0,0]"
CSI_DATA,37522,80:af:ca:27:52:2a,-54,11,1,1,1,1,1,0,0,0,0,-97,0,11,2,492372874,0,83,1,128,0,"[0,0,0,0,0,0,0,0,0,0,0,0,-2,2,-5,2,-7,2,-9,3,-10,4,-10,4,-11,4,-11,4,-10,4,-10,3,-9,2,-8,2,-5,1,-3,0,-1,0,0,0,2,-2,4,-2,5,-2,7,-4,8,-5,9,-5,10,-5,10,-5,9,-5,8,-5,0,0,6,-3,5,-2,2,-2,1,-1,0,0,-2,0,-5,0,-6,1,-8,1,-8,2,-9,2,-10,2,-10,1,-9,2,-8,2,-8,1,-6,1,-5,1,-3,0,-2,0,0,0,0,0,2,0,3,0,4,0,5,0,0,0,0,0,0,0,0,0,0,0]"
CSI_DATA,37523,80:af:ca:27:52:2a,-54,11,1,1,1,1,1,0,0,0,0,-97,0,11,2,492381788,0,83,1,128,0,"[0,0,0,0,0,0,0,0,0,0,0,0,-3,8,-3,7,-3,6,-3,5,-2,3,-1,2,-1,0,0,-1,0,-2,0,-3,1,-6,1,-7,1,-7,2,-8,2,-8,2,-8,2,-8,1,-8,1,-7,1,-6,1,-4,0,-3,0,-1,0,0,0,1,-1,3,0,0,-1,6,-2,6,-2,7,-2,7,-2,8,-2,7,-2,7,-1,6,-1,5,-1,4,0,2,0,1,0,0,0,-1,1,-2,1,-3,1,-4,2,-4,2,-5,2,-5,2,-6,2,-5,2,-4,1,-4,1,-4,1,-3,0,0,0,0,0,0,0,0,0,0]"
CSI_DATA,37524,80:af:ca:27:52:2a,-55,11,1,1,1,1,1,0,0,0,0,-97,0,11,2,492391312,0,83,1,128,0,"[0,0,0,0,0,0,0,0,0,0,0,0,3,-2,5,-2,6,-2,8,-2,9,-2,10,-2,10,-2,10,-2,10,-2,8,-2,8,-2,6,-1,4,-1,2,0,0,0,-1,0,-3,0,-4,1,-6,2,-8,2,-9,2,-10,2,-10,2,-10,2,-10,2,-9,2,0,0,-6,2,-5,1,-3,0,-1,0,0,0,2,0,4,0,5,-1,6,-1,7,-2,8,-2,8,-2,8,-1,8,-2,7,-1,6,-1,5,-1,4,-1,2,-1,1,-1,0,-1,-1,-1,-2,-1,-4,-1,-4,-1,-5,-1,0,0,0,0,0,0,0,0,0,0]"
CSI_DATA,37525,80:af:ca:27:52:2a,-54,11,1,1,1,1,1,0,0,0,0,-97,0,11,2,492410829,0,83,1,128,0,"[0,0,0,0,0,0,0,0,0,0,0,0,-6,-7,-5,-6,-5,-5,-4,-5,-3,-4,-2,-3,0,-2,0,-1,2,0,3,1,4,2,5,2,6,3,7,3,7,3,7,3,7,3,7,2,6,2,5,2,4,1,2,1,1,0,0,0,-2,0,-3,0,0,0,-6,-1,-7,-1,-8,-1,-9,-1,-9,-1,-8,-1,-7,-1,-7,0,-6,0,-4,0,-3,0,-1,0,0,0,1,0,2,0,3,0,4,0,5,0,5,0,5,0,6,0,5,0,5,0,4,0,4,0,3,0,0,0,0,0,0,0,0,0,0,0]"
CSI_DATA,37526,80:af:ca:27:52:2a,-54,11,0,0,0,0,0,0,0,0,0,-97,0,11,2,492436199,0,83,0,128,0,"[0,0,0,0,0,0,0,0,0,0,0,0,6,12,6,12,5,11,4,8,2,6,0,4,0,1,-2,0,-4,-3,-5,-4,-6,-6,-7,-8,-8,-8,-8,-9,-8,-8,-9,-9,-8,-9,-8,-7,-7,-8,-6,-6,-6,-5,-4,-4,-1,-1,0,0,3,2,6,4,0,0,10,7,12,8,13,9,13,10,12,9,12,8,11,7,9,6,7,5,5,3,3,1,1,0,0,0,-1,-3,-4,-4,-6,-6,-7,-7,-8,-9,-10,-9,-10,-10,-11,-10,-11,-10,-11,-9,-9,-8,-8,-6,-6,-5,0,0,0,0,0,0,0,0,0,0]"
CSI_DATA,37527,80:af:ca:27:52:2a,-54,11,1,1,1,1,1,0,0,0,0,-97,0,11,2,492445664,0,83,1,128,0,"[0,0,0,0,0,0,0,0,0,0,0,0,-9,0,-8,0,-8,0,-6,0,-5,0,-3,0,-1,0,0,-1,1,-1,3,-1,4,-1,6,-2,7,-2,8,-2,8,-2,8,-2,8,-2,7,-2,6,-2,5,-2,4,-1,2,-1,1,-1,0,0,-2,0,-3,1,0,0,-6,1,-7,2,-7,2,-8,2,-8,2,-8,2,-7,2,-6,2,-6,1,-4,1,-3,1,-1,0,0,0,1,0,2,0,3,0,4,-1,4,-1,5,-1,5,-1,5,-1,5,-1,4,-1,4,-1,3,0,3,-1,0,0,0,0,0,0,0,0,0,0]"
CSI_DATA,37528,80:af:ca:27:52:2a,-54,11,1,1,1,1,1,0,0,0,0,-97,0,11,2,492454821,0,83,1,128,0,"[0,0,0,0,0,0,0,0,0,0,0,0,4,9,3,9,3,7,1,6,0,4,0,2,0,0,-1,-1,-2,-3,-3,-5,-3,-7,-4,-8,-4,-9,-4,-10,-4,-10,-4,-10,-4,-9,-4,-8,-3,-7,-3,-6,-2,-4,-1,-3,-1,-1,0,1,0,3,1,4,0,0,2,7,3,8,3,9,3,9,3,9,3,9,3,8,2,7,2,6,1,4,1,3,1,1,0,0,0,-2,0,-4,0,-5,0,-6,0,-7,0,-7,0,-7,0,-7,0,-7,0,-7,0,-6,0,-6,0,-4,0,0,0,0,0,0,0,0,0,0]"
CSI_DATA,37529,80:af:ca:27:52:2a,-55,11,1,1,1,1,1,0,0,0,0,-97,0,11,2,492462633,0,83,1,128,0,"[0,0,0,0,0,0,0,0,0,0,0,0,3,1,4,2,6,4,6,4,7,5,8,6,8,6,7,6,7,6,6,5,5,4,4,4,3,2,1,2,0,0,-1,0,-2,-2,-4,-3,-5,-4,-6,-4,-7,-5,-8,-6,-8,-6,-8,-6,-8,-6,-7,-5,0,0,-6,-4,-4,-2,-3,-2,-2,0,0,0,1,2,2,2,3,4,4,4,4,5,5,6,5,6,5,6,5,6,4,5,4,4,3,4,2,2,2,1,1,0,0,0,0,-2,0,-2,-1,-4,-1,-4,-1,-5,0,0,0,0,0,0,0,0,0,0]"
CSI_DATA,37530,80:af:ca:27:52:2a,-54,11,0,0,0,0,0,0,0,0,0,-97,0,11,2,492477269,0,83,0,128,0,"[0,0,0,0,0,0,0,0,0,0,0,0,13,-1,13,-1,13,0,10,0,7,0,4,0,1,0,0,0,-3,1,-5,2,-8,2,-9,3,-10,3,-11,4,-11,4,-12,4,-11,4,-10,4,-10,3,-8,3,-7,2,-4,1,-2,0,0,0,3,-3,5,-4,0,0,10,-8,12,-8,13,-9,13,-9,13,-8,13,-8,11,-8,9,-7,8,-6,5,-4,4,-4,1,-2,0,0,-3,0,-5,1,-7,3,-9,4,-11,4,-12,5,-13,5,-13,6,-13,6,-13,6,-11,5,-9,4,-7,4,0,0,0,0,0,0,0,0,0,0]"
CSI_DATA,37531,80:af:ca:27:52:2a,-55,11,1,1,1,1,1,0,0,0,0,-97,0,11,2,492484564,0,83,1,128,0,"[0,0,0,0,0,0,0,0,0,0,0,0,2,0,4,1,5,2,6,3,7,4,8,5,8,5,8,5,8,5,8,5,7,4,5,3,4,2,2,2,0,0,-1,0,-2,0,-5,-1,-6,-2,-8,-2,-8,-2,-9,-2,-10,-2,-10,-2,-10,-2,-9,-2,0,0,-7,-2,-5,-1,-4,0,-2,0,0,0,1,0,3,0,5,1,6,1,8,1,8,1,8,1,8,2,8,1,8,1,7,0,5,0,4,0,2,0,1,0,0,-1,0,-1,-2,-1,-3,-2,-4,-2,-5,-2,0,0,0,0,0,0,0,0,0,0]"
CSI_DATA,37532,80:af:ca:27:52:2a,-55,11,0,0,0,0,0,0,0,0,0,-97,0,11,2,492494032,0,83,0,128,0,"[0,0,0,0,0,0,0,0,0,0,0,0,-2,-3,-2,-7,-2,-10,-2,-11,-2,-13,-2,-14,-2,-14,-1,-14,-1,-13,-1,-11,-1,-10,-1,-8,0,-5,0,-3,0,-1,0,0,0,1,1,3,1,6,2,8,3,9,4,12,5,12,5,14,5,14,5,13,0,0,3,9,2,7,1,4,0,1,0,0,-1,-3,-2,-6,-2,-7,-3,-9,-3,-10,-4,-12,-4,-11,-4,-12,-4,-12,-4,-11,-4,-10,-4,-9,-3,-7,-2,-5,-2,-2,-1,0,0,1,0,4,0,6,0,8,0,9,0,0,0,0,0,0,0,0,0,0]"
CSI_DATA,37533,80:af:ca:27:52:2a,-54,11,1,1,1,1,1,0,0,0,0,-97,0,11,2,492502791,0,83,1,128,0,"[0,0,0,0,0,0,0,0,0,0,0,0,-1,8,-1,8,-1,7,-1,6,-1,4,-1,2,-1,0,-1,-1,-1,-2,0,-4,0,-6,0,-7,0,-8,-1,-8,-1,-9,-1,-9,-1,-9,-1,-8,-1,-7,-1,-6,0,-5,0,-3,0,-1,0,0,0,1,0,3,0,0,1,6,1,7,1,7,1,7,1,8,1,7,1,7,1,6,1,5,1,3,1,2,0,1,0,0,0,-1,0,-3,0,-3,0,-5,-1,-5,-1,-6,-1,-6,-1,-6,-1,-6,-1,-6,-1,-5,-1,-4,-1,-3,0,0,0,0,0,0,0,0,0,0]"
CSI_DATA,37534,80:af:ca:27:52:2a,-54,11,0,0,0,0,0,0,0,0,0,-97,0,11,2,492511316,0,83,0,128,0,"[0,0,0,0,0,0,0,0,0,0,0,0,10,8,10,9,9,9,7,6,5,5,3,3,0,1,-1,0,-3,-1,-5,-3,-6,-4,-8,-6,-10,-6,-10,-6,-10,-6,-11,-7,-10,-6,-10,-6,-9,-6,-8,-5,-6,-4,-4,-3,-3,-1,0,0,3,1,5,3,0,0,10,6,12,6,13,7,13,7,13,7,12,7,11,6,9,5,8,4,6,3,4,2,2,0,0,0,-1,-2,-3,-3,-5,-5,-6,-6,-7,-8,-9,-9,-10,-10,-10,-10,-10,-10,-10,-9,-9,-8,-7,-6,-6,-5,0,0,0,0,0,0,0,0,0,0]"
CSI_DATA,37535,80:af:ca:27:52:2a,-54,11,0,0,0,0,0,0,0,0,0,-97,0,11,2,492535493,0,83,0,128,0,"[0,0,0,0,0,0,0,0,0,0,0,0,-6,-13,-5,-13,-4,-13,-4,-9,-2,-8,-1,-4,0,-2,0,0,2,2,4,4,4,6,5,8,6,8,6,9,6,8,7,9,7,8,6,8,5,8,4,6,4,4,2,3,0,1,-1,0,-4,-3,-5,-5,0,0,-9,-10,-11,-11,-13,-13,-12,-13,-12,-12,-11,-12,-10,-10,-8,-8,-7,-7,-5,-4,-4,-3,-2,-1,0,0,0,2,2,4,4,6,5,8,6,9,7,10,7,12,8,12,8,12,8,11,7,9,6,8,4,5,0,0,0,0,0,0,0,0,0,0]"
CSI_DATA,37536,80:af:ca:27:52:2a,-54,11,1,1,1,1,1,0,0,0,0,-97,0,11,2,492543750,0,83,1,128,0,"[0,0,0,0,0,0,0,0,0,0,0,0,6,6,5,6,4,5,3,5,2,3,1,2,0,1,-1,0,-2,-1,-3,-2,-5,-3,-6,-4,-7,-5,-7,-5,-7,-5,-8,-5,-8,-5,-7,-4,-6,-4,-5,-3,-4,-2,-2,-2,-1,-1,0,0,1,0,3,1,0,0,6,2,7,2,7,2,8,2,8,3,8,3,7,2,6,2,5,2,4,1,2,0,1,0,0,0,-1,-1,-2,-1,-3,-2,-5,-2,-5,-2,-6,-3,-6,-3,-6,-3,-6,-2,-5,-2,-5,-2,-4,-2,-3,-1,0,0,0,0,0,0,0,0,0,0]"
CSI_DATA,37537,80:af:ca:27:52:2a,-54,11,1,1,1,1,1,0,0,0,0,-97,0,11,2,492553096,0,83,1,128,0,"[0,0,0,0,0,0,0,0,0,0,0,0,-7,5,-7,4,-6,3,-5,3,-4,2,-2,1,-1,0,0,-1,1,-2,2,-3,4,-4,5,-4,6,-5,6,-6,7,-6,6,-6,6,-6,6,-5,5,-4,4,-3,3,-2,2,-2,0,-1,-1,0,-2,1,-3,2,0,0,-6,3,-6,4,-7,4,-7,4,-8,4,-7,4,-7,4,-6,3,-4,3,-3,2,-2,2,-1,1,0,0,1,0,2,0,4,-1,4,-1,5,-1,6,-1,6,-1,6,-1,6,-1,5,-1,4,-1,4,-1,3,-1,0,0,0,0,0,0,0,0,0,0]"
CSI_DATA,37538,80:af:ca:27:52:2a,-55,11,1,1,1,1,1,0,0,0,0,-97,0,11,2,492562696,0,83,1,128,0,"[0,0,0,0,0,0,0,0,0,0,0,0,-1,2,-2,3,-4,4,-5,5,-6,7,-7,7,-7,7,-7,7,-7,7,-6,7,-6,6,-5,5,-4,3,-2,2,-2,0,0,0,0,-2,1,-4,2,-5,2,-7,3,-8,3,-9,3,-9,3,-9,3,-9,3,-9,0,0,2,-7,1,-5,0,-3,0,-2,0,0,-1,1,-2,3,-2,4,-2,6,-2,7,-3,7,-3,7,-3,7,-3,7,-2,7,-2,6,-2,5,-1,4,0,2,0,1,0,0,0,0,1,-2,1,-2,2,-4,2,-4,0,0,0,0,0,0,0,0,0,0]"
CSI_DATA,37539,80:af:ca:27:52:2a,-54,11,1,1,1,1,1,0,0,0,0,-97,0,11,2,492571807,0,83,1,128,0,"[0,0,0,0,0,0,0,0,0,0,0,0,0,9,0,8,0,7,0,6,0,5,0,2,0,1,-1,0,-1,-2,-1,-3,-2,-6,-2,-7,-3,-7,-3,-8,-3,-8,-3,-8,-3,-8,-3,-8,-3,-7,-2,-6,-2,-4,-1,-3,0,-1,0,0,1,1,2,2,0,0,3,5,4,6,4,6,5,6,5,6,4,6,4,6,3,5,3,4,2,3,1,1,0,0,0,0,-1,-1,-1,-2,-2,-3,-3,-4,-3,-5,-3,-5,-3,-5,-3,-5,-3,-5,-3,-5,-3,-4,-3,-3,-2,-2,0,0,0,0,0,0,0,0,0,0]"
CSI_DATA,37540,80:af:ca:27:52:2a,-54,11,0,0,0,0,0,0,0,0,0,-97,0,11,2,492582985,0,83,0,128,0,"[0,0,0,0,0,0,0,0,0,0,0,0,1,4,1,7,1,12,2,13,1,15,0,15,0,15,0,15,0,13,-1,12,0,10,-1,7,-1,5,-1,2,-1,0,-1,-2,-1,-4,-1,-6,0,-10,0,-12,0,-13,0,-16,0,-16,1,-19,0,-17,0,-16,0,0,0,-12,0,-10,-1,-6,-1,-2,-2,1,-3,3,-3,6,-4,7,-4,10,-4,11,-5,12,-5,11,-5,11,-5,12,-5,11,-5,10,-4,8,-3,7,-2,5,0,3,1,1,3,-1,4,-3,6,-4,7,-5,8,-6,0,0,0,0,0,0,0,0,0,0]"
CSI_DATA,37541,80:af:ca:27:52:2a,-54,11,0,0,0,0,0,0,0,0,0,-97,0,11,2,492593769,0,83,0,128,0,"[0,0,0,0,0,0,0,0,0,0,0,0,0,4,-2,7,-3,10,-3,13,-4,14,-5,14,-5,14,-5,13,-5,11,-4,10,-4,9,-3,7,-2,4,-2,2,-1,0,0,-2,0,-4,1,-6,2,-8,2,-10,2,-13,3,-15,3,-15,4,-17,3,-17,3,-16,0,0,2,-11,2,-8,1,-6,0,-3,-1,0,-3,3,-3,5,-4,7,-5,8,-5,9,-6,10,-6,10,-6,10,-6,10,-6,9,-6,9,-5,8,-4,6,-2,4,-1,2,0,0,2,-2,4,-3,6,-5,7,-6,7,-6,0,0,0,0,0,0,0,0,0,0]"
CSI_DATA,37542,80:af:ca:27:52:2a,-54,11,1,1,1,1,1,0,0,0,0,-97,0,11,2,492602165,0,83,1,128,0,"[0,0,0,0,0,0,0,0,0,0,0,0,-5,7,-5,6,-4,6,-3,5,-3,3,-2,2,-1,0,0,-1,0,-2,0,-4,1,-6,1,-7,1,-7,1,-8,1,-8,1,-8,1,-8,1,-8,1,-7,0,-6,0,-5,0,-3,0,-1,0,0,0,1,0,3,0,0,0,6,0,7,0,8,0,8,0,8,0,8,0,7,0,6,0,5,0,4,0,2,0,1,0,0,0,-1,0,-3,0,-4,0,-5,0,-6,0,-6,0,-6,0,-6,0,-6,0,-6,0,-5,0,-5,0,-3,0,0,0,0,0,0,0,0,0,0]"
CSI_DATA,37543,80:af:ca:27:52:2a,-54,11,0,0,0,0,0,0,0,0,0,-97,0,11,2,492612723,0,83,0,128,0,"[0,0,0,0,0,0,0,0,0,0,0,0,-4,-3,-5,-6,-6,-9,-7,-10,-7,-12,-7,-12,-7,-13,-7,-12,-7,-11,-6,-10,-5,-9,-4,-8,-3,-5,-2,-4,-1,-2,1,0,2,1,4,3,5,5,7,6,8,7,10,9,11,9,12,10,12,10,11,9,0,0,8,7,6,5,4,3,1,1,-1,-1,-4,-3,-6,-4,-7,-6,-8,-7,-9,-8,-10,-8,-10,-8,-10,-8,-11,-8,-10,-8,-9,-7,-9,-6,-7,-5,-5,-3,-3,-1,-1,0,1,2,3,4,4,6,6,7,6,8,0,0,0,0,0,0,0,0,0,0]"
CSI_DATA,37544,80:af:ca:27:52:2a,-54,11,1,1,1,1,1,0,0,0,0,-97,0,11,2,492635065,0,83,1,128,0,"[0,0,0,0,0,0,0,0,0,0,0,0,-2,-3,-2,-5,-2,-7,-2,-9,-2,-10,-2,-11,-2,-11,-2,-11,-2,-11,-2,-10,-2,-8,-1,-7,-1,-5,0,-3,0,-1,0,0,0,2,1,4,1,5,2,7,2,8,2,8,2,9,2,10,2,9,2,8,0,0,2,6,1,5,0,2,0,1,0,0,0,-2,0,-4,-1,-5,-1,-7,-2,-8,-2,-9,-2,-9,-2,-9,-2,-9,-2,-8,-1,-8,-1,-6,-1,-5,-1,-3,-1,-2,0,0,-1,0,0,2,-1,3,-1,4,-1,5,0,0,0,0,0,0,0,0,0,0]"
CSI_DATA,37545,80:af:ca:27:52:2a,-55,11,0,0,0,0,0,0,0,0,0,-97,0,11,2,492643779,0,83,0,128,0,"[0,0,0,0,0,0,0,0,0,0,0,0,-4,-3,-6,-6,-7,-8,-9,-9,-9,-11,-9,-12,-9,-13,-9,-12,-8,-11,-8,-10,-7,-9,-6,-8,-4,-6,-3,-4,-1,-2,0,0,2,1,3,3,4,5,6,7,7,8,9,10,10,10,11,12,11,11,10,11,0,0,8,8,6,6,4,4,2,2,0,-1,-2,-3,-3,-5,-5,-7,-6,-8,-6,-9,-7,-10,-7,-10,-7,-11,-7,-11,-7,-11,-6,-10,-6,-9,-5,-8,-4,-6,-3,-4,-2,-1,-1,1,0,4,0,6,1,8,1,9,0,0,0,0,0,0,0,0,0,0]"
CSI_DATA,37546,80:af:ca:27:52:2a,-54,11,0,0,0,0,0,0,0,0,0,-97,0,11,2,492655219,0,83,0,128,0,"[0,0,0,0,0,0,0,0,0,0,0,0,5,-1,8,0,11,0,13,0,14,1,14,1,15,2,14,2,12,1,11,1,9,1,8,1,5,0,3,0,0,0,-2,0,-4,-1,-7,-1,-9,-1,-11,-1,-13,-1,-15,-1,-16,-1,-19,-2,-18,-1,-16,-1,0,0,-12,-1,-9,-1,-6,0,-3,0,0,1,3,1,6,2,8,2,9,2,11,2,12,3,11,3,12,3,12,3,11,3,10,2,9,2,7,2,5,1,3,-1,0,-2,-2,-3,-4,-4,-6,-6,-8,-7,-8,-7,0,0,0,0,0,0,0,0,0,0]"
CSI_DATA,37547,80:af:ca:27:52:2a,-54,11,1,1,1,1,1,0,0,0,0,-97,0,11,2,492662514,0,83,1,128,0,"[0,0,0,0,0,0,0,0,0,0,0,0,-9,-3,-8,-3,-7,-2,-5,-2,-4,-2,-2,-1,-1,-1,0,0,2,0,4,0,5,0,7,1,7,1,8,1,8,1,8,1,8,1,8,1,7,0,5,0,4,0,2,0,1,0,0,0,-2,0,-4,0,0,0,-7,0,-8,0,-8,0,-8,0,-9,-1,-8,-1,-8,0,-7,0,-6,0,-4,0,-3,0,-1,0,0,0,1,0,2,0,3,0,4,1,5,1,5,1,5,1,5,1,5,1,5,1,4,1,4,1,2,0,0,0,0,0,0,0,0,0,0,0]"
CSI_DATA,37548,80:af:ca:27:52:2a,-55,11,0,0,0,0,0,0,0,0,0,-97,0,11,2,492690877,0,83,0,128,0,"[0,0,0,0,0,0,0,0,0,0,0,0,1,3,0,6,0,9,0,10,0,12,0,13,0,13,0,13,0,11,0,10,0,9,0,7,0,4,0,3,0,0,0,-1,-1,-3,-1,-5,-1,-8,-1,-9,-1,-10,-1,-13,-2,-13,-1,-16,-2,-15,-1,-14,0,0,-1,-11,-1,-8,-1,-5,0,-2,0,0,0,3,0,5,0,6,0,9,0,10,0,10,0,10,0,11,0,11,0,10,0,10,0,9,0,7,0,5,0,3,0,0,1,-2,2,-3,3,-6,3,-8,3,-8,0,0,0,0,0,0,0,0,0,0]"
CSI_DATA,37549,80:af:ca:27:52:2a,-54,11,1,1,1,1,1,0,0,0,0,-97,0,11,2,492725387,0,83,1,128,0,"[0,0,0,0,0,0,0,0,0,0,0,0,3,0,5,2,6,3,8,5,8,5,8,6,8,6,8,6,8,6,7,5,6,5,5,4,3,2,2,1,0,0,-1,0,-2,-2,-4,-3,-5,-4,-7,-5,-8,-5,-8,-6,-9,-6,-8,-6,-8,-6,-8,-5,0,0,-6,-4,-4,-2,-3,-2,-2,0,0,0,0,2,2,2,3,4,4,5,5,5,5,6,5,6,5,6,5,6,5,5,4,5,3,3,2,2,2,1,1,0,0,0,0,-2,0,-2,-1,-4,-1,-5,-1,-5,0,0,0,0,0,0,0,0,0,0]"
CSI_DATA,37550,80:af:ca:27:52:2a,-54,11,0,0,0,0,0,0,0,0,0,-97,0,11,2,492736251,0,83,0,128,0,"[0,0,0,0,0,0,0,0,0,0,0,0,-9,10,-10,10,-9,9,-7,7,-6,4,-4,2,-2,0,0,-2,0,-4,2,-7,3,-8,4,-10,4,-11,5,-11,4,-11,5,-12,4,-11,3,-10,3,-9,3,-8,2,-6,1,-4,0,-1,0,1,-1,4,-2,7,0,0,-4,12,-5,15,-5,15,-5,15,-5,15,-4,14,-3,12,-3,10,-2,8,-1,6,0,3,0,1,0,0,1,-3,3,-5,3,-7,3,-10,5,-11,5,-12,6,-13,5,-14,5,-13,4,-13,4,-11,3,-10,2,-7,0,0,0,0,0,0,0,0,0,0]"
CSI_DATA,37551,80:af:ca:27:52:2a,-55,11,1,1,1,1,1,0,0,0,0,-97,0,11,2,492743707,0,83,1,128,0,"[0,0,0,0,0,0,0,0,0,0,0,0,0,3,0,4,-2,6,-2,7,-2,8,-3,9,-3,9,-3,9,-3,9,-2,8,-2,7,-2,6,-2,4,-1,2,-1,0,-1,-1,0,-3,0,-4,0,-6,0,-8,0,-9,0,-9,0,-10,0,-10,-1,-10,-1,-9,0,0,-1,-6,0,-5,0,-3,0,-1,0,0,0,2,0,4,0,5,0,6,0,7,0,8,0,8,0,8,0,8,0,7,0,6,0,5,0,4,0,2,0,1,0,0,0,-2,0,-2,0,-4,0,-4,0,-5,0,0,0,0,0,0,0,0,0,0]"
CSI_DATA,37552,80:af:ca:27:52:2a,-55,11,0,0,0,0,0,0,0,0,0,-97,0,11,2,492752082,0,83,0,128,0,"[0,0,0,0,0,0,0,0,0,0,0,0,-2,3,-5,4,-7,6,-8,7,-10,8,-10,8,-11,8,-11,7,-10,7,-9,6,-7,5,-6,3,-4,1,-2,0,-1,0,0,-1,1,-2,3,-4,5,-5,6,-7,7,-8,9,-9,10,-10,11,-10,11,-11,10,-9,0,0,7,-7,5,-5,2,-3,0,-1,-1,0,-4,0,-6,1,-7,3,-9,3,-9,4,-11,4,-11,4,-11,4,-11,4,-10,4,-9,4,-8,4,-7,3,-4,2,-2,1,0,1,1,0,4,0,6,0,8,0,9,0,0,0,0,0,0,0,0,0,0,0]"
CSI_DATA,37553,80:af:ca:27:52:2a,-54,11,1,1,1,1,1,0,0,0,0,-97,0,11,2,492759725,0,83,1,128,0,"[0,0,0,0,0,0,0,0,0,0,0,0,0,-9,0,-9,0,-7,0,-7,0,-5,0,-3,0,-2,0,0,1,1,1,3,1,4,1,6,1,7,2,8,2,8,2,8,2,8,2,7,2,7,1,5,1,4,0,2,0,1,0,0,-1,-1,-2,-3,0,0,-3,-5,-4,-6,-5,-7,-5,-7,-5,-7,-5,-7,-4,-6,-4,-6,-3,-4,-3,-3,-2,-2,-1,-1,0,0,0,1,1,2,2,2,2,3,3,4,3,4,3,4,3,4,3,4,3,4,3,3,2,3,2,2,0,0,0,0,0,0,0,0,0,0]"
CSI_DATA,37554,80:af:ca:27:52:2a,-54,11,1,1,1,1,1,0,0,0,0,-97,0,11,2,492767567,0,83,1,128,0,"[0,0,0,0,0,0,0,0,0,0,0,0,-1,8,-1,8,-1,7,-1,6,-1,4,-1,2,-1,1,0,0,-1,-2,-1,-3,-1,-5,-1,-6,-1,-7,-1,-8,-1,-8,-1,-8,-1,-8,-1,-8,-1,-7,-1,-6,0,-4,0,-3,0,-1,0,0,0,1,0,2,0,0,1,5,1,6,1,7,1,7,1,7,1,7,1,6,1,6,1,4,1,3,1,2,0,1,0,0,0,-1,0,-2,0,-3,0,-4,-1,-5,-1,-6,-1,-6,-1,-6,-1,-6,-1,-5,-1,-4,-1,-4,0,-3,0,0,0,0,0,0,0,0,0,0]"
CSI_DATA,37555,80:af:ca:27:52:2a,-54,11,1,1,1,1,1,0,0,0,0,-97,0,11,2,492776964,0,83,1,128,0,"[0,0,0,0,0,0,0,0,0,0,0,0,4,-8,4,-7,4,-7,3,-5,2,-4,1,-2,0,0,0,1,-1,2,-1,4,-2,5,-2,7,-3,7,-4,8,-4,8,-4,8,-3,8,-3,7,-2,7,-2,5,-2,4,-1,2,0,0,0,-1,0,-2,0,-4,0,0,1,-7,2,-8,2,-8,2,-8,2,-9,2,-8,2,-8,1,-7,1,-5,0,-4,0,-3,0,-1,-1,0,-1,0,-2,2,-2,2,-2,4,-2,4,-3,5,-3,5,-3,5,-3,5,-2,5,-2,4,-2,4,-1,2,0,0,0,0,0,0,0,0,0,0]"
CSI_DATA,37556,80:af:ca:27:52:2a,-54,11,1,1,1,1,1,0,0,0,0,-97,0,11,2,492786085,0,83,1,128,0,"[0,0,0,0,0,0,0,0,0,0,0,0,-3,-2,-4,-4,-5,-5,-7,-7,-7,-7,-7,-8,-7,-8,-7,-8,-7,-8,-7,-7,-6,-6,-4,-5,-3,-4,-2,-2,0,-1,0,0,2,1,3,2,4,3,5,4,7,4,7,5,7,5,7,5,7,5,7,4,0,0,5,3,4,2,2,1,1,0,0,0,-2,-2,-3,-3,-4,-4,-5,-4,-6,-5,-7,-6,-7,-6,-7,-6,-7,-6,-6,-5,-5,-4,-4,-4,-4,-2,-2,-2,-2,-1,-1,0,0,1,0,2,1,2,2,3,2,4,0,0,0,0,0,0,0,0,0,0]"
CSI_DATA,37557,80:af:ca:27:52:2a,-54,11,0,0,0,0,0,0,0,0,0,-97,0,11,2,492796139,0,83,0,128,0,"[0,0,0,0,0,0,0,0,0,0,0,0,-12,-9,-11,-9,-10,-9,-8,-7,-5,-6,-4,-4,-1,-2,0,0,3,0,5,1,8,3,9,4,10,4,10,4,10,4,12,4,10,4,10,4,9,4,8,3,6,2,4,1,1,0,-1,0,-4,0,-8,-1,0,0,-13,-3,-16,-3,-17,-3,-17,-3,-17,-4,-16,-3,-14,-3,-12,-2,-9,-1,-7,0,-5,0,-2,0,0,0,2,0,4,1,7,1,10,2,11,3,13,4,13,4,14,3,13,3,13,3,12,2,9,1,7,0,0,0,0,0,0,0,0,0,0,0]"
CSI_DATA,37558,80:af:ca:27:52:2a,-54,11,1,1,1,1,1,0,0,0,0,-97,0,11,2,492805265,0,83,1,128,0,"[0,0,0,0,0,0,0,0,0,0,0,0,-1,2,-3,4,-4,5,-6,6,-7,7,-7,8,-8,8,-8,8,-8,8,-7,8,-6,7,-6,6,-4,4,-3,3,-2,0,0,0,0,-3,1,-4,2,-6,3,-8,3,-9,4,-10,4,-10,4,-11,4,-10,3,-10,0,0,3,-7,2,-6,1,-4,0,-2,0,0,-1,1,-2,3,-3,5,-3,6,-3,7,-4,8,-4,9,-4,9,-4,9,-3,8,-3,6,-3,6,-2,4,-1,3,0,1,0,0,0,0,1,-2,2,-3,3,-4,3,-5,0,0,0,0,0,0,0,0,0,0]"
CSI_DATA,37559,80:af:ca:27:52:2a,-54,11,0,0,0,0,0,0,0,0,0,-97,0,11,2,492833624,0,83,0,128,0,"[0,0,0,0,0,0,0,0,0,0,0,0,-4,-3,-5,-6,-6,-9,-7,-10,-8,-13,-8,-14,-8,-14,-8,-14,-7,-13,-7,-11,-6,-10,-5,-8,-4,-6,-2,-4,-1,-2,1,-1,2,1,4,3,5,5,6,6,8,7,9,9,10,9,11,11,13,11,11,10,0,0,8,7,6,6,4,4,1,2,-1,-1,-3,-3,-5,-5,-6,-6,-7,-7,-8,-7,-9,-8,-9,-8,-9,-9,-10,-9,-9,-8,-8,-8,-8,-7,-6,-6,-5,-4,-3,-2,-2,0,0,2,2,4,3,5,4,6,5,7,0,0,0,0,0,0,0,0,0,0]"
CSI_DATA,37560,80:af:ca:27:52:2a,-54,11,1,1,1,1,1,0,0,0,0,-97,0,11,2,492840920,0,83,1,128,0,"[0,0,0,0,0,0,0,0,0,0,0,0,5,-6,5,-6,5,-5,4,-4,3,-3,1,-2,0,0,0,0,-1,1,-2,2,-3,4,-3,5,-4,6,-4,6,-4,6,-5,7,-4,6,-4,6,-3,5,-3,4,-2,3,-1,2,-1,1,0,0,0,-2,1,-3,0,0,2,-5,2,-6,2,-7,2,-7,3,-7,3,-7,2,-7,2,-6,1,-5,1,-4,0,-3,0,-1,0,0,-1,0,-1,1,-2,2,-2,3,-3,3,-3,4,-3,4,-3,4,-3,4,-3,4,-2,3,-2,3,-2,2,0,0,0,0,0,0,0,0,0,0]"
CSI_DATA,37561,80:af:ca:27:52:2a,-54,11,1,1,1,1,1,0,0,0,0,-97,0,11,2,492878232,0,83,1,128,0,"[0,0,0,0,0,0,0,0,0,0,0,0,4,-6,4,-6,4,-5,3,-4,2,-3,1,-2,1,-1,0,0,-1,1,-1,3,-2,4,-2,5,-3,5,-3,6,-3,6,-3,6,-3,6,-3,6,-2,5,-2,4,-1,3,-1,2,0,1,0,0,0,-2,0,-3,0,0,1,-5,1,-6,1,-7,1,-7,1,-7,1,-7,1,-6,1,-6,1,-5,0,-4,0,-3,0,-2,0,0,-1,0,-1,2,-2,2,-2,3,-2,4,-2,4,-2,5,-2,5,-2,4,-2,4,-2,4,-1,3,-1,3,0,0,0,0,0,0,0,0,0,0]"
CSI_DATA,37562,80:af:ca:27:52:2a,-55,11,0,0,0,0,0,0,0,0,0,-97,0,11,2,492891510,0,83,0,128,0,"[0,0,0,0,0,0,0,0,0,0,0,0,-2,-3,-2,-7,-2,-10,-3,-12,-2,-13,-2,-14,-2,-14,-2,-14,-2,-13,-1,-12,-2,-10,-1,-9,0,-6,0,-4,0,-1,0,0,0,1,0,4,0,6,1,8,2,10,2,12,3,13,3,16,3,15,3,15,0,0,2,11,1,8,0,5,0,2,0,0,0,-3,0,-6,0,-8,-1,-10,-1,-11,-1,-12,0,-12,0,-12,0,-13,0,-12,0,-11,-1,-10,0,-8,0,-6,-1,-3,-1,-1,-1,0,-2,3,-3,5,-3,7,-3,8,0,0,0,0,0,0,0,0,0,0]"
CSI_DATA,37563,80:af:ca:27:52:2a,-55,11,0,0,0,0,0,0,0,0,0,-97,0,11,2,492905837,0,83,0,128,0,"[0,0,0,0,0,0,0,0,0,0,0,0,-2,-4,-2,-7,-2,-10,-4,-12,-3,-13,-3,-14,-3,-14,-3,-14,-3,-13,-2,-12,-2,-11,-1,-9,-1,-6,0,-4,0,-2,0,0,0,1,1,4,1,6,2,8,3,10,4,12,4,13,4,15,4,15,4,14,0,0,3,10,2,8,1,5,0,2,0,0,0,-3,-1,-5,-1,-7,-2,-8,-2,-10,-2,-11,-2,-11,-2,-12,-3,-13,-2,-12,-2,-11,-2,-9,-2,-8,-1,-6,-1,-4,-1,-1,-1,1,-1,3,-1,5,-1,7,-1,8,0,0,0,0,0,0,0,0,0,0]"
CSI_DATA,37564,80:af:ca:27:52:2a,-54,11,1,1,1,1,1,0,0,0,0,-97,0,11,2,492914486,0,83,1,128,0,"[0,0,0,0,0,0,0,0,0,0,0,0,5,-8,4,-7,4,-6,3,-5,3,-3,1,-1,0,0,0,1,-1,3,-2,4,-3,6,-4,7,-4,7,-4,8,-4,8,-4,8,-4,8,-4,7,-3,6,-3,5,-2,3,-1,2,0,0,0,-1,0,-3,1,-4,0,0,3,-7,3,-8,3,-9,3,-9,3,-9,3,-9,3,-7,3,-7,1,-6,1,-4,0,-3,0,-1,-1,0,-1,1,-2,2,-3,3,-3,4,-4,4,-4,5,-4,5,-4,5,-4,5,-4,4,-3,4,-3,3,-2,3,0,0,0,0,0,0,0,0,0,0]"
CSI_DATA,37565,80:af:ca:27:52:2a,-54,11,1,1,1,1,1,0,0,0,0,-97,0,11,2,492926534,0,83,1,128,0,"[0,0,0,0,0,0,0,0,0,0,0,0,2,-9,2,-8,2,-7,1,-6,1,-4,1,-2,0,-1,0,0,0,2,0,3,0,5,0,7,0,7,0,8,0,8,0,8,0,8,0,7,0,7,0,5,0,4,0,2,0,1,0,0,0,-2,0,-3,0,0,-1,-6,-1,-7,-1,-8,-1,-8,-1,-9,-1,-8,-1,-8,-1,-7,-1,-6,-1,-5,-1,-3,-1,-1,0,0,0,1,0,2,0,3,0,5,0,5,0,6,0,6,0,6,0,6,0,5,0,5,0,4,0,3,0,0,0,0,0,0,0,0,0,0]"
CSI_DATA,37566,80:af:ca:27:52:2a,-55,11,0,0,0,0,0,0,0,0,0,-97,0,11,2,492948956,0,83,0,128,0,"[0,0,0,0,0,0,0,0,0,0,0,0,-6,-11,-6,-11,-5,-11,-4,-8,-2,-6,-1,-3,0,-1,1,0,3,2,3,4,5,6,6,7,6,7,6,8,6,8,6,9,6,8,6,7,5,7,4,6,3,4,2,3,0,0,-1,-1,-3,-3,-5,-6,0,0,-9,-10,-10,-11,-10,-13,-10,-13,-10,-12,-10,-12,-9,-10,-7,-9,-6,-7,-4,-5,-3,-3,-2,-1,-1,0,0,3,0,4,2,6,3,9,3,10,4,11,4,13,5,13,5,13,4,12,4,10,3,9,3,6,0,0,0,0,0,0,0,0,0,0]"
CSI_DATA,37567,80:af:ca:27:52:2a,-54,11,0,0,0,0,0,0,0,0,0,-97,0,11,2,492958127,0,83,0,128,0,"[0,0,0,0,0,0,0,0,0,0,0,0,11,6,11,6,9,6,7,5,5,4,2,2,0,0,-1,0,-3,-1,-6,-3,-7,-4,-9,-6,-10,-6,-10,-6,-10,-6,-11,-6,-10,-6,-10,-6,-8,-6,-8,-5,-6,-3,-4,-2,-2,0,0,0,3,1,6,3,0,0,10,6,12,7,12,8,12,9,12,9,12,8,10,7,8,6,7,5,5,3,4,1,1,0,0,-1,0,-3,-2,-5,-4,-6,-6,-8,-6,-10,-7,-11,-7,-12,-8,-12,-7,-12,-7,-12,-6,-10,-6,-9,-5,-6,0,0,0,0,0,0,0,0,0,0]"
CSI_DATA,37568,80:af:ca:27:52:2a,-54,11,1,1,1,1,1,0,0,0,0,-97,0,11,2,492965333,0,83,1,128,0,"[0,0,0,0,0,0,0,0,0,0,0,0,8,-3,7,-3,6,-3,5,-2,4,-1,2,-1,1,0,0,0,-1,1,-3,2,-4,3,-5,4,-6,4,-6,5,-6,5,-6,5,-6,5,-6,5,-4,4,-4,3,-3,3,-2,1,-1,0,0,0,0,-2,1,-3,0,0,2,-5,3,-6,3,-7,3,-7,3,-7,3,-7,3,-6,2,-6,2,-4,1,-3,1,-2,0,-1,0,0,-1,0,-1,1,-2,2,-2,3,-2,4,-3,4,-2,4,-3,4,-2,4,-2,4,-2,3,-2,3,-1,2,0,0,0,0,0,0,0,0,0,0]"
CSI_DATA,37569,80:af:ca:27:52:2a,-54,11,0,0,0,0,0,0,0,0,0,-97,0,11,2,492978021,0,83,0,128,0,"[0,0,0,0,0,0,0,0,0,0,0,0,3,3,5,6,6,9,7,10,7,13,7,13,6,14,6,14,5,11,4,10,4,9,3,7,2,4,1,2,0,0,-1,-2,-2,-4,-3,-6,-3,-9,-4,-10,-5,-13,-6,-15,-6,-15,-6,-17,-7,-17,-6,-16,0,0,-5,-11,-4,-8,-3,-6,-2,-2,-2,1,-1,4,-1,6,-1,8,-1,10,-1,11,0,13,-1,13,-1,13,-1,13,-1,13,-1,11,0,10,0,8,0,5,1,3,1,1,2,-2,3,-4,4,-6,5,-8,6,-9,0,0,0,0,0,0,0,0,0,0]"
CSI_DATA,37570,80:af:ca:27:52:2a,-54,11,0,0,0,0,0,0,0,0,0,-97,0,11,2,493001154,0,83,0,128,0,"[0,0,0,0,0,0,0,0,0,0,0,0,-1,3,-3,6,-5,8,-6,10,-7,11,-8,11,-8,13,-8,13,-7,11,-7,10,-6,9,-6,7,-4,5,-3,3,-2,1,-1,-1,0,-3,1,-6,2,-8,2,-10,3,-13,3,-15,4,-16,5,-18,4,-18,4,-17,0,0,3,-13,2,-10,1,-7,1,-3,0,0,-1,3,-2,5,-3,7,-3,9,-4,10,-4,13,-4,13,-4,13,-4,13,-4,11,-4,10,-3,10,-3,8,-2,5,-1,3,0,1,1,-2,2,-5,4,-7,4,-8,5,-9,0,0,0,0,0,0,0,0,0,0]"
CSI_DATA,37571,80:af:ca:27:52:2a,-55,11,1,1,1,1,1,0,0,0,0,-97,0,11,2,493009277,0,83,1,128,0,"[0,0,0,0,0,0,0,0,0,0,0,0,0,-2,2,-3,4,-4,5,-4,7,-5,7,-6,8,-6,7,-6,7,-6,7,-5,6,-5,5,-4,4,-3,2,-2,1,0,0,0,-1,2,-2,2,-4,4,-4,5,-5,6,-6,7,-6,7,-6,7,-6,7,-5,7,0,0,-4,5,-3,4,-2,2,-1,1,0,0,0,-2,2,-3,2,-4,4,-5,4,-6,4,-7,4,-7,4,-7,4,-7,4,-7,3,-6,2,-5,2,-4,1,-3,0,-2,0,-1,-1,0,-2,0,-3,1,-4,2,-4,2,0,0,0,0,0,0,0,0,0,0]"
CSI_DATA,37572,80:af:ca:27:52:2a,-55,11,1,1,1,1,1,0,0,0,0,-97,0,11,2,493029080,0,83,1,128,0,"[0,0,0,0,0,0,0,0,0,0,0,0,2,0,5,0,7,0,8,0,9,0,10,1,10,1,10,1,10,1,10,1,8,0,7,0,5,0,3,0,1,0,0,0,-2,0,-5,0,-6,0,-8,0,-9,0,-10,0,-10,0,-10,0,-10,0,-10,0,0,0,-8,0,-5,0,-4,0,-2,0,0,0,2,0,3,0,5,0,6,0,8,0,8,0,8,0,8,0,8,-1,8,0,7,0,5,-1,4,-1,2,-1,1,0,0,0,-1,-1,-2,-1,-3,-1,-5,-1,-5,-1,0,0,0,0,0,0,0,0,0,0]"
CSI_DATA,37573,80:af:ca:27:52:2a,-54,11,0,0,0,0,0,0,0,0,0,-97,0,11,2,493039473,0,83,0,128,0,"[0,0,0,0,0,0,0,0,0,0,0,0,3,3,4,6,6,9,7,10,7,12,7,12,7,13,6,13,6,12,5,10,4,9,3,7,2,5,1,3,0,1,-2,-1,-3,-3,-4,-5,-5,-7,-6,-9,-7,-10,-9,-12,-10,-13,-10,-15,-11,-14,-9,-13,0,0,-7,-10,-6,-8,-4,-5,-2,-2,-1,1,1,3,2,5,3,7,4,9,5,10,5,11,5,10,5,11,5,11,5,11,4,9,5,8,4,6,3,4,2,2,1,0,1,-3,0,-6,0,-8,-1,-10,-1,-10,0,0,0,0,0,0,0,0,0,0]"
CSI_DATA,37574,80:af:ca:27:52:2a,-54,11,0,0,0,0,0,0,0,0,0,-97,0,11,2,493048980,0,83,0,128,0,"[0,0,0,0,0,0,0,0,0,0,0,0,-1,-5,0,-9,1,-12,0,-13,1,-15,2,-15,2,-16,2,-15,1,-14,2,-12,1,-11,1,-9,1,-6,0,-4,0,-1,0,1,0,3,0,5,-1,8,0,10,0,12,0,14,0,15,-1,17,0,16,0,15,0,0,0,11,0,8,0,5,0,2,0,-2,0,-5,0,-7,0,-9,0,-11,0,-12,1,-13,1,-13,1,-13,1,-13,0,-13,0,-12,0,-11,0,-8,-1,-6,-1,-4,-2,-1,-2,2,-3,4,-4,6,-4,8,-5,9,0,0,0,0,0,0,0,0,0,0]"
CSI_DATA,37575,80:af:ca:27:52:2a,-54,11,1,1,1,1,1,0,0,0,0,-97,0,11,2,493058899,0,83,1,128,0,"[0,0,0,0,0,0,0,0,0,0,0,0,8,1,7,1,6,1,5,1,3,1,2,1,0,0,-1,0,-2,0,-4,0,-5,0,-7,0,-7,0,-8,0,-8,0,-8,0,-8,0,-7,0,-7,0,-5,0,-4,0,-2,0,-1,0,0,0,1,-1,3,-1,0,0,6,-1,6,-2,7,-2,7,-2,7,-2,7,-2,7,-2,6,-2,5,-1,3,-1,2,-1,1,-1,0,0,-1,0,-3,0,-4,0,-5,0,-5,0,-6,0,-6,1,-6,1,-6,1,-5,0,-5,0,-4,0,-3,0,0,0,0,0,0,0,0,0,0,0]"
CSI_DATA,37576,80:af:ca:27:52:2a,-54,11,1,1,1,1,1,0,0,0,0,-97,0,11,2,493065918,0,83,1,128,0,"[0,0,0,0,0,0,0,0,0,0,0,0,0,8,0,7,0,7,0,5,0,4,0,3,0,1,-1,0,-1,-2,-2,-3,-2,-5,-3,-6,-3,-7,-4,-7,-4,-7,-4,-8,-4,-7,-4,-7,-3,-6,-3,-5,-2,-4,-1,-3,-1,-1,0,0,1,1,2,2,0,0,4,4,4,5,5,5,5,5,5,5,5,5,5,5,4,4,4,3,3,2,2,1,1,0,0,0,-1,-1,-2,-2,-3,-3,-3,-3,-4,-4,-4,-4,-4,-4,-4,-4,-4,-4,-4,-4,-4,-3,-3,-3,-2,-2,0,0,0,0,0,0,0,0,0,0]"
CSI_DATA,37577,80:af:ca:27:52:2a,-55,11,0,0,0,0,0,0,0,0,0,-97,0,11,2,493074731,0,83,0,128,0,"[0,0,0,0,0,0,0,0,0,0,0,0,2,-2,5,-2,8,-1,10,-2,11,-2,12,-1,13,-1,12,-1,11,-1,11,-1,9,-1,7,0,5,0,3,0,1,0,0,0,-3,0,-4,1,-7,1,-8,2,-10,3,-12,3,-13,4,-15,4,-15,5,-14,4,0,0,-11,3,-8,2,-6,1,-3,0,0,0,2,0,4,-1,7,-2,8,-3,9,-3,11,-3,11,-3,11,-3,11,-3,11,-3,10,-3,9,-3,7,-3,5,-3,3,-2,0,-1,-2,-1,-4,-1,-7,-1,-9,0,-10,0,0,0,0,0,0,0,0,0,0,0]"
CSI_DATA,37578,80:af:ca:27:52:2a,-55,11,1,1,1,1,1,0,0,0,0,-97,0,11,2,493084256,0,83,1,128,0,"[0,0,0,0,0,0,0,0,0,0,0,0,5,-5,5,-5,5,-4,4,-3,3,-2,2,-1,1,0,0,0,-1,1,-2,2,-3,3,-4,4,-4,5,-5,5,-5,5,-5,5,-5,5,-4,5,-4,4,-3,3,-2,3,-2,1,-1,0,0,0,0,-2,1,-3,0,0,3,-5,3,-5,4,-6,4,-6,4,-6,4,-6,3,-6,3,-5,2,-4,1,-3,1,-2,0,-1,0,0,-1,0,-2,1,-3,2,-3,2,-4,3,-4,3,-4,3,-4,3,-4,3,-4,3,-3,3,-3,2,-2,2,0,0,0,0,0,0,0,0,0,0]"
CSI_DATA,37579,80:af:ca:27:52:2a,-54,11,0,0,0,0,0,0,0,0,0,-97,0,11,2,493094115,0,83,0,128,0,"[0,0,0,0,0,0,0,0,0,0,0,0,1,13,0,13,0,13,0,10,0,7,0,4,0,1,-1,0,-1,-3,-2,-5,-3,-8,-3,-10,-3,-11,-4,-11,-4,-11,-4,-13,-4,-11,-4,-11,-3,-10,-3,-9,-3,-7,-2,-5,0,-2,0,0,1,2,2,5,0,0,5,11,6,13,7,14,7,15,6,14,6,13,6,12,4,10,4,8,3,5,1,3,0,0,0,0,0,-2,-1,-5,-2,-7,-3,-10,-3,-11,-4,-13,-4,-14,-5,-14,-5,-14,-5,-13,-4,-12,-4,-10,-3,-7,0,0,0,0,0,0,0,0,0,0]"
CSI_DATA,37580,80:af:ca:27:52:2a,-54,11,1,1,1,1,1,0,0,0,0,-97,0,11,2,493103236,0,83,1,128,0,"[0,0,0,0,0,0,0,0,0,0,0,0,7,1,7,1,6,1,5,1,3,1,2,1,0,0,-1,0,-2,0,-3,0,-5,0,-6,0,-7,0,-7,0,-8,0,-8,0,-8,0,-7,0,-6,0,-5,0,-4,0,-3,0,-1,0,0,0,1,0,2,-1,0,0,5,-1,6,-1,6,-2,7,-2,7,-2,7,-2,6,-2,5,-2,5,-2,4,-1,2,-1,1,-1,0,0,-1,0,-2,0,-3,0,-4,0,-5,0,-5,0,-5,1,-5,0,-5,0,-5,0,-4,0,-4,0,-3,0,0,0,0,0,0,0,0,0,0,0]"
CSI_DATA,37581,80:af:ca:27:52:2a,-54,11,0,0,0,0,0,0,0,0,0,-97,0,11,2,493117803,0,83,0,128,0,"[0,0,0,0,0,0,0,0,0,0,0,0,1,-13,2,-13,2,-12,1,-10,1,-7,0,-4,0,0,0,1,0,4,0,6,-1,9,-1,10,-1,11,-1,11,-1,11,-1,12,-1,11,-1,11,-1,10,-1,8,0,6,0,4,0,0,0,-1,0,-5,0,-8,0,0,1,-13,1,-15,1,-17,2,-17,2,-16,2,-15,1,-14,1,-11,0,-10,0,-7,0,-5,0,-2,-1,0,-2,1,-3,3,-4,6,-5,9,-6,10,-7,11,-7,11,-7,12,-8,12,-7,11,-6,10,-5,9,-4,6,0,0,0,0,0,0,0,0,0,0]"
CSI_DATA,37582,80:af:ca:27:52:2a,-55,11,1,1,1,1,1,0,0,0,0,-97,0,11,2,493126050,0,83,1,128,0,"[0,0,0,0,0,0,0,0,0,0,0,0,2,0,4,2,5,4,6,4,7,6,7,6,7,7,7,7,7,7,7,6,6,5,4,4,3,3,2,2,0,0,-1,0,-2,-1,-4,-2,-5,-3,-7,-4,-7,-4,-9,-5,-9,-5,-9,-5,-9,-5,-8,-4,0,0,-6,-3,-5,-3,-3,-2,-2,0,0,0,1,0,2,2,4,2,5,4,6,4,7,4,7,5,7,5,7,4,7,4,5,4,4,2,4,2,2,1,1,0,0,0,0,-1,-1,-2,-2,-3,-2,-4,-3,-4,0,0,0,0,0,0,0,0,0,0]"
CSI_DATA,37583,80:af:ca:27:52:2a,-54,11,0,0,0,0,0,0,0,0,0,-97,0,11,2,493135062,0,83,0,128,0,"[0,0,0,0,0,0,0,0,0,0,0,0,-8,10,-9,10,-8,8,-7,7,-5,4,-3,2,-2,0,0,-2,0,-4,1,-6,2,-8,3,-10,3,-11,3,-11,3,-11,3,-12,3,-11,2,-11,3,-10,2,-8,1,-7,1,-4,0,-2,0,0,0,3,0,7,0,0,-1,13,-2,15,-2,16,-1,16,-2,16,-2,15,-1,13,-1,11,-1,9,0,7,0,4,0,2,0,0,0,-3,0,-5,0,-8,1,-11,2,-12,2,-14,2,-15,2,-15,2,-15,1,-14,1,-12,0,-11,0,-8,0,0,0,0,0,0,0,0,0,0]"
CSI_DATA,37584,80:af:ca:27:52:2a,-55,11,1,1,1,1,1,0,0,0,0,-97,0,11,2,493142447,0,83,1,128,0,"[0,0,0,0,0,0,0,0,0,0,0,0,-3,-1,-5,-3,-6,-4,-8,-5,-8,-7,-9,-8,-9,-8,-9,-8,-8,-8,-8,-7,-7,-6,-5,-5,-4,-4,-2,-2,-1,-1,0,0,2,0,4,2,5,3,6,4,8,5,8,5,9,5,9,5,9,5,8,5,0,0,6,3,5,2,3,1,1,0,0,0,-2,-2,-3,-3,-5,-4,-6,-5,-7,-5,-8,-6,-8,-7,-8,-7,-8,-6,-8,-6,-7,-5,-5,-4,-5,-3,-3,-2,-2,-1,-1,0,0,1,0,2,1,2,2,4,2,5,0,0,0,0,0,0,0,0,0,0]"
CSI_DATA,37585,80:af:ca:27:52:2a,-55,11,1,1,1,1,1,0,0,0,0,-97,0,11,2,493149255,0,83,1,128,0,"[0,0,0,0,0,0,0,0,0,0,0,0,-7,3,-7,3,-6,2,-5,1,-4,1,-2,0,-1,0,0,0,1,-1,2,-2,3,-3,4,-3,5,-4,5,-4,6,-4,6,-5,5,-4,5,-4,4,-4,3,-3,2,-2,1,-1,0,0,0,0,-1,0,-2,1,0,0,-4,3,-5,4,-5,4,-6,4,-6,4,-6,4,-5,4,-5,3,-4,3,-3,2,-2,1,-1,0,0,0,0,0,2,0,2,-1,3,-1,4,-2,4,-2,5,-2,5,-2,5,-2,4,-2,4,-2,3,-1,2,-1,0,0,0,0,0,0,0,0,0,0]"
CSI_DATA,37586,80:af:ca:27:52:2a,-54,11,1,1,1,1,1,0,0,0,0,-97,0,11,2,493158929,0,83,1,128,0,"[0,0,0,0,0,0,0,0,0,0,0,0,-6,-8,-5,-7,-4,-6,-3,-5,-2,-4,-1,-3,0,-1,0,0,1,1,2,2,3,3,5,5,5,5,6,6,6,6,6,6,6,6,5,5,5,5,4,3,2,2,2,1,0,0,0,0,-2,-1,-3,-2,0,0,-5,-4,-6,-5,-6,-5,-7,-6,-7,-6,-6,-6,-6,-5,-5,-5,-5,-3,-3,-2,-2,-2,-1,-1,0,0,0,1,1,2,2,2,2,3,3,3,3,4,3,4,3,4,3,4,3,3,3,3,2,3,2,2,0,0,0,0,0,0,0,0,0,0]"
CSI_DATA,37587,80:af:ca:27:52:2a,-55,11,1,1,1,1,1,0,0,0,0,-97,0,11,2,493169201,0,83,1,128,0,"[0,0,0,0,0,0,0,0,0,0,0,0,8,3,7,3,6,2,5,2,3,2,2,1,0,1,-1,0,-3,0,-4,-1,-5,-1,-6,-1,-7,-2,-8,-2,-8,-2,-9,-2,-8,-2,-7,-1,-6,-1,-5,-1,-4,-1,-3,-1,-1,0,0,0,1,0,3,0,0,0,5,0,6,0,7,1,7,1,7,1,7,1,7,1,6,0,5,0,4,0,3,0,1,0,0,0,-1,-1,-2,-1,-3,-1,-4,-2,-5,-2,-5,-2,-5,-2,-6,-2,-5,-2,-5,-2,-4,-2,-4,-1,-3,-1,0,0,0,0,0,0,0,0,0,0]"
CSI_DATA,37588,80:af:ca:27:52:2a,-54,11,1,1,1,1,1,0,0,0,0,-97,0,11,2,493190644,0,83,1,128,0,"[0,0,0,0,0,0,0,0,0,0,0,0,7,4,7,3,6,3,4,3,3,2,2,1,0,0,-1,0,-2,0,-4,-1,-5,-1,-7,-2,-7,-2,-8,-2,-8,-2,-8,-3,-8,-2,-8,-2,-7,-2,-6,-1,-4,-1,-3,-1,-1,0,0,0,1,0,3,0,0,0,6,0,7,1,7,1,8,1,8,1,8,1,7,1,6,0,5,0,4,0,2,0,1,0,0,0,-1,-1,-3,-1,-4,-1,-4,-1,-6,-2,-6,-2,-6,-2,-6,-2,-6,-2,-6,-2,-5,-1,-4,-1,-3,-1,0,0,0,0,0,0,0,0,0,0]"
CSI_DATA,37589,80:af:ca:27:52:2a,-54,11,1,1,1,1,1,0,0,0,0,-97,0,11,2,493197510,0,83,1,128,0,"[0,0,0,0,0,0,0,0,0,0,0,0,-3,8,-3,7,-2,6,-2,6,-2,4,-1,2,-1,1,-1,-1,0,-2,0,-4,0,-6,0,-7,0,-8,0,-8,0,-9,0,-9,0,-9,0,-8,0,-7,0,-6,0,-5,0,-3,0,-1,0,0,0,1,0,3,0,0,0,6,0,7,0,8,0,8,0,8,0,8,0,7,0,7,0,6,0,4,0,3,0,1,0,0,0,-1,0,-3,0,-4,0,-5,0,-6,0,-6,0,-6,0,-7,0,-6,0,-6,0,-5,0,-5,0,-3,0,0,0,0,0,0,0,0,0,0]"
CSI_DATA,37590,80:af:ca:27:52:2a,-54,11,1,1,1,1,1,0,0,0,0,-97,0,11,2,493204461,0,83,1,128,0,"[0,0,0,0,0,0,0,0,0,0,0,0,7,-4,7,-4,6,-3,6,-2,4,-2,2,-1,1,0,0,1,-1,2,-2,3,-3,4,-4,5,-4,6,-5,7,-5,7,-5,7,-4,7,-4,6,-3,6,-3,4,-2,3,-2,2,-1,0,0,-1,0,-2,0,-4,0,0,1,-7,1,-8,1,-8,1,-9,1,-9,1,-8,0,-8,0,-7,0,-6,0,-4,0,-3,0,-1,0,0,0,1,-1,2,0,3,0,4,0,6,0,6,0,6,0,6,0,6,0,5,0,5,0,4,0,3,0,0,0,0,0,0,0,0,0,0]"
CSI_DATA,37591,80:af:ca:27:52:2a,-55,11,0,0,0,0,0,0,0,0,0,-97,0,11,2,493213868,0,83,0,128,0,"[0,0,0,0,0,0,0,0,0,0,0,0,-9,8,-9,7,-9,6,-6,6,-6,3,-4,1,-2,0,0,-1,0,-3,2,-5,3,-6,4,-8,5,-8,5,-9,5,-9,6,-10,5,-9,4,-9,5,-8,3,-7,2,-6,1,-4,0,-2,0,0,-1,3,-3,6,0,0,-5,11,-6,12,-6,13,-6,13,-6,13,-6,12,-5,12,-5,9,-4,8,-2,6,-1,4,0,2,0,0,1,-1,2,-4,3,-6,5,-8,6,-9,6,-11,7,-11,7,-12,7,-12,6,-12,6,-11,5,-9,4,-7,0,0,0,0,0,0,0,0,0,0]"
CSI_DATA,37592,80:af:ca:27:52:2a,-54,11,0,0,0,0,0,0,0,0,0,-97,0,11,2,493223179,0,83,0,128,0,"[0,0,0,0,0,0,0,0,0,0,0,0,-1,4,-4,6,-7,8,-7,10,-8,11,-9,11,-10,11,-9,11,-8,10,-8,9,-7,8,-6,7,-4,4,-3,2,-1,0,0,-1,0,-3,1,-6,3,-8,3,-9,4,-11,5,-14,5,-15,7,-16,6,-16,6,-15,0,0,3,-11,3,-8,1,-6,0,-2,0,0,-1,2,-3,5,-4,7,-5,8,-5,9,-5,11,-6,11,-6,11,-6,11,-6,11,-5,9,-4,9,-3,7,-1,5,0,3,0,0,1,-1,3,-3,5,-5,6,-8,6,-8,0,0,0,0,0,0,0,0,0,0]"
CSI_DATA,37593,80:af:ca:27:52:2a,-54,11,0,0,0,0,0,0,0,0,0,-97,0,11,2,493250982,0,83,0,128,0,"[0,0,0,0,0,0,0,0,0,0,0,0,-13,-2,-13,-3,-12,-3,-10,-2,-7,-2,-4,-1,-1,-1,1,-1,3,-1,6,0,8,-1,10,0,10,0,11,0,10,-1,12,-1,11,-1,10,-1,10,0,8,-1,6,-1,3,0,1,0,-1,0,-5,0,-7,1,0,0,-13,3,-14,3,-16,3,-16,3,-16,3,-15,3,-13,3,-11,2,-9,2,-6,1,-4,1,-2,0,0,0,2,0,4,0,6,-1,10,-1,11,-1,12,-2,13,-2,13,-2,13,-2,12,-2,11,-1,9,-2,6,-1,0,0,0,0,0,0,0,0,0,0]"
CSI_DATA,37594,80:af:ca:27:52:2a,-54,11,0,0,0,0,0,0,0,0,0,-97,0,11,2,493264341,0,83,0,128,0,"[0,0,0,0,0,0,0,0,0,0,0,0,-11,-8,-12,-9,-10,-8,-9,-6,-6,-6,-4,-3,-1,-2,0,0,3,0,5,1,7,2,9,3,10,3,10,3,10,3,11,3,11,3,10,3,10,3,8,3,6,2,4,1,1,0,-1,0,-4,0,-7,-1,0,0,-13,-3,-15,-3,-17,-3,-16,-3,-16,-3,-16,-3,-14,-3,-12,-3,-10,-2,-7,-1,-5,0,-3,0,0,0,2,0,4,1,6,2,9,3,11,3,12,3,13,4,14,4,13,4,13,3,12,3,10,2,7,1,0,0,0,0,0,0,0,0,0,0]"
CSI_DATA,37595,80:af:ca:27:52:2a,-55,11,1,1,1,1,1,0,0,0,0,-97,0,11,2,493272704,0,83,1,128,0,"[0,0,0,0,0,0,0,0,0,0,0,0,0,3,-2,5,-3,7,-5,9,-5,10,-6,10,-7,11,-7,11,-7,10,-6,10,-5,9,-5,8,-3,5,-2,3,-1,0,0,-1,0,-3,2,-5,2,-7,3,-9,4,-10,5,-11,5,-12,5,-12,5,-11,5,-10,0,0,3,-8,2,-6,1,-5,0,-2,-1,0,-2,1,-4,3,-5,5,-5,6,-6,8,-7,8,-8,8,-8,8,-7,8,-7,8,-6,7,-5,6,-4,5,-2,3,-1,2,0,1,1,0,2,0,4,-2,5,-2,5,-2,0,0,0,0,0,0,0,0,0,0]"
CSI_DATA,37596,80:af:ca:27:52:2a,-54,11,0,0,0,0,0,0,0,0,0,-97,0,11,2,493285150,0,83,0,128,0,"[0,0,0,0,0,0,0,0,0,0,0,0,13,0,13,0,12,0,9,0,7,0,4,0,1,0,0,0,-4,0,-6,0,-8,0,-10,0,-11,0,-11,0,-11,0,-13,0,-12,0,-11,0,-10,0,-9,0,-7,0,-5,0,-2,0,0,0,3,0,6,0,0,0,12,0,13,0,16,0,16,0,15,0,14,0,13,0,11,0,8,0,6,0,4,0,2,0,0,-1,-2,-1,-4,-2,-7,-2,-9,-3,-11,-4,-13,-4,-13,-4,-14,-4,-13,-4,-13,-4,-12,-4,-10,-3,-8,-2,0,0,0,0,0,0,0,0,0,0]"
CSI_DATA,37597,80:af:ca:27:52:2a,-54,11,1,1,1,1,1,0,0,0,0,-97,0,11,2,493295508,0,83,1,128,0,"[0,0,0,0,0,0,0,0,0,0,0,0,9,-4,8,-3,7,-3,6,-2,4,-1,2,-1,1,0,-1,0,-3,1,-4,1,-6,2,-7,2,-8,2,-9,3,-9,3,-9,3,-9,3,-8,3,-7,2,-6,1,-4,1,-3,0,-1,0,0,0,1,-1,3,-1,0,0,6,-2,7,-2,7,-2,8,-3,8,-3,8,-2,7,-2,6,-2,5,-1,4,-1,2,-1,1,-1,0,-1,-1,0,-3,0,-4,0,-5,0,-6,0,-6,0,-6,0,-6,0,-6,0,-6,0,-5,0,-4,0,-4,0,0,0,0,0,0,0,0,0,0,0]"
CSI_DATA,37598,80:af:ca:27:52:2a,-54,11,0,0,0,0,0,0,0,0,0,-97,0,11,2,493305615,0,83,0,128,0,"[0,0,0,0,0,0,0,0,0,0,0,0,5,13,4,12,3,12,2,9,1,6,0,3,0,0,-1,-2,-1,-5,-2,-7,-3,-9,-3,-11,-4,-11,-3,-12,-4,-11,-4,-13,-3,-12,-3,-11,-2,-10,-2,-9,-2,-6,-1,-5,-1,-1,0,1,0,5,0,7,0,0,0,13,0,15,0,16,0,17,0,15,0,15,0,14,0,11,0,10,0,6,0,5,0,2,0,0,1,-2,2,-5,2,-7,4,-10,5,-11,5,-13,5,-14,5,-14,5,-14,5,-14,5,-12,4,-10,3,-8,0,0,0,0,0,0,0,0,0,0]"
CSI_DATA,37599,80:af:ca:27:52:2a,-54,11,0,0,0,0,0,0,0,0,0,-97,0,11,2,493319886,0,83,0,128,0,"[0,0,0,0,0,0,0,0,0,0,0,0,6,11,6,11,5,11,4,8,2,6,1,3,0,1,-2,0,-3,-3,-5,-4,-6,-6,-7,-7,-8,-8,-8,-8,-8,-8,-10,-9,-8,-8,-8,-7,-7,-7,-6,-6,-5,-5,-3,-3,-1,-1,0,0,3,1,6,3,0,0,10,6,13,6,13,7,14,8,13,7,13,6,11,6,10,5,7,3,5,3,3,1,1,0,0,0,-3,-2,-4,-3,-6,-4,-9,-6,-10,-6,-11,-7,-12,-8,-13,-8,-13,-8,-12,-7,-10,-6,-9,-5,-6,-4,0,0,0,0,0,0,0,0,0,0]"
CSI_DATA,37600,80:af:ca:27:52:2a,-54,11,0,0,0,0,0,0,0,0,0,-97,0,11,2,493330191,0,83,0,128,0,"[0,0,0,0,0,0,0,0,0,0,0,0,12,4,12,4,11,5,9,3,6,3,4,2,1,1,-1,0,-3,0,-6,0,-8,-1,-10,-2,-10,-2,-12,-2,-11,-1,-13,-1,-12,-1,-11,-1,-11,-1,-10,-1,-7,0,-5,0,-3,0,0,0,3,0,6,0,0,0,13,0,14,0,16,-1,16,0,16,0,15,0,13,-1,11,0,10,0,6,0,4,0,2,0,0,0,-3,-1,-5,-1,-7,-1,-10,-1,-12,-2,-13,-1,-14,-2,-15,-1,-15,-1,-14,-1,-13,-1,-10,0,-8,0,0,0,0,0,0,0,0,0,0,0]"
CSI_DATA,37601,80:af:ca:27:52:2a,-55,11,1,1,1,1,1,0,0,0,0,-97,0,11,2,493339449,0,83,1,128,0,"[0,0,0,0,0,0,0,0,0,0,0,0,2,-3,3,-4,5,-4,7,-5,7,-6,8,-6,9,-6,9,-6,8,-6,8,-5,7,-4,5,-4,4,-2,2,-2,0,0,0,0,-2,1,-4,2,-5,3,-7,4,-8,4,-9,5,-9,5,-9,5,-9,5,-8,4,0,0,-6,3,-4,2,-2,2,-1,0,0,0,2,0,4,-1,5,-2,7,-2,7,-2,8,-3,9,-3,8,-3,8,-3,7,-3,7,-2,5,-2,4,-2,2,-2,1,-2,0,-1,-1,-1,-2,-1,-4,-1,-4,-1,-5,-1,0,0,0,0,0,0,0,0,0,0]"
CSI_DATA,37602,80:af:ca:27:52:2a,-54,11,0,0,0,0,0,0,0,0,0,-97,0,11,2,493349141,0,83,0,128,0,"[0,0,0,0,0,0,0,0,0,0,0,0,13,0,13,0,13,0,10,0,8,0,4,0,2,0,0,0,-3,0,-5,1,-8,1,-9,1,-10,2,-11,2,-11,2,-13,3,-12,2,-11,2,-11,2,-9,2,-7,1,-5,0,-3,0,0,0,2,-2,5,-4,0,0,10,-6,13,-7,14,-8,14,-8,13,-7,13,-7,12,-6,9,-5,8,-4,6,-4,4,-3,1,-2,0,0,-3,0,-4,0,-7,2,-9,3,-11,3,-12,4,-13,4,-13,5,-13,5,-13,4,-12,4,-10,4,-8,3,0,0,0,0,0,0,0,0,0,0]"
CSI_DATA,37603,80:af:ca:27:52:2a,-54,11,1,1,1,1,1,0,0,0,0,-97,0,11,2,493356711,0,83,1,128,0,"[0,0,0,0,0,0,0,0,0,0,0,0,6,-7,6,-6,5,-5,4,-4,3,-3,2,-2,1,0,0,0,-1,2,-2,3,-3,5,-4,5,-5,6,-5,6,-5,7,-5,7,-5,7,-5,6,-4,6,-3,5,-2,3,-2,2,-1,1,0,0,0,-2,1,-3,0,0,2,-6,3,-7,3,-7,3,-7,3,-7,3,-7,3,-7,2,-6,2,-5,1,-4,1,-3,0,-1,0,0,-1,0,-2,1,-2,2,-3,3,-3,4,-3,4,-3,5,-3,5,-3,5,-3,4,-3,3,-2,3,-2,2,0,0,0,0,0,0,0,0,0,0]"
CSI_DATA,37604,80:af:ca:27:52:2a,-55,11,1,1,1,1,1,0,0,0,0,-97,0,11,2,493364960,0,83,1,128,0,"[0,0,0,0,0,0,0,0,0,0,0,0,-8,3,-7,2,-7,2,-6,1,-4,1,-3,0,-1,0,0,-1,1,-1,3,-2,4,-2,5,-3,6,-3,6,-4,7,-4,7,-4,7,-4,6,-4,5,-3,4,-3,3,-2,2,-1,1,-1,0,0,-2,0,-3,1,0,0,-5,2,-6,3,-6,3,-7,3,-7,3,-7,3,-6,3,-6,2,-5,2,-4,2,-2,1,-1,1,0,0,1,0,2,0,3,-1,4,-1,4,-1,5,-1,5,-1,5,-1,5,-1,4,-1,4,-1,3,-1,3,-1,0,0,0,0,0,0,0,0,0,0]"
CSI_DATA,37605,80:af:ca:27:52:2a,-54,11,1,1,1,1,1,0,0,0,0,-97,0,11,2,493373466,0,83,1,128,0,"[0,0,0,0,0,0,0,0,0,0,0,0,3,-2,4,-2,7,-2,8,-2,9,-2,9,-2,10,-2,9,-2,9,-2,9,-2,7,-1,6,-1,4,-1,2,0,0,0,-1,0,-3,0,-4,0,-7,0,-8,1,-9,1,-9,1,-10,2,-10,1,-9,1,-9,1,0,0,-7,1,-4,0,-3,0,-1,0,0,0,2,0,4,0,5,0,7,0,7,0,8,0,8,0,8,0,8,0,7,0,6,0,5,0,4,0,2,0,1,0,0,-1,-1,-1,-2,-2,-3,-2,-4,-2,-4,-2,0,0,0,0,0,0,0,0,0,0]"
CSI_DATA,37606,80:af:ca:27:52:2a,-54,11,1,1,1,1,1,0,0,0,0,-97,0,11,2,493384961,0,83,1,128,0,"[0,0,0,0,0,0,0,0,0,0,0,0,7,5,7,5,5,4,5,4,3,2,1,1,0,1,-1,0,-2,-1,-4,-2,-5,-2,-7,-3,-8,-4,-8,-4,-8,-4,-9,-4,-8,-3,-8,-3,-7,-2,-6,-2,-4,-1,-2,-1,-1,0,0,0,1,0,3,0,0,0,6,1,7,1,8,1,8,1,8,1,8,1,8,1,7,1,5,1,4,0,2,0,1,0,0,0,-1,-1,-3,-1,-4,-1,-5,-1,-5,-2,-6,-2,-7,-2,-7,-2,-6,-2,-6,-2,-5,-1,-4,-1,-4,-1,0,0,0,0,0,0,0,0,0,0]"
CSI_DATA,37607,80:af:ca:27:52:2a,-54,11,0,0,0,0,0,0,0,0,0,-97,0,11,2,493392495,0,83,0,128,0,"[0,0,0,0,0,0,0,0,0,0,0,0,13,0,13,0,12,0,9,0,7,0,4,0,1,0,-1,1,-3,1,-6,2,-8,2,-10,3,-11,3,-11,3,-11,3,-12,3,-11,3,-10,3,-10,3,-8,3,-6,2,-4,1,-2,0,0,-1,3,-3,6,-4,0,0,10,-7,12,-8,13,-9,14,-9,13,-8,12,-8,11,-7,8,-7,7,-5,5,-4,3,-3,0,-1,0,0,-3,0,-5,1,-7,3,-9,4,-11,4,-11,6,-12,6,-13,7,-12,7,-11,7,-11,5,-9,4,-6,3,0,0,0,0,0,0,0,0,0,0]"
CSI_DATA,37608,80:af:ca:27:52:2a,-54,11,1,1,1,1,1,0,0,0,0,-97,0,11,2,493401771,0,83,1,128,0,"[0,0,0,0,0,0,0,0,0,0,0,0,3,-8,2,-7,2,-6,2,-5,2,-4,1,-2,1,-1,0,0,0,2,0,3,0,5,0,6,0,7,0,7,0,8,0,8,0,7,0,7,0,6,0,5,0,4,0,2,0,1,0,0,-1,-2,-1,-3,0,0,-2,-6,-2,-7,-2,-7,-2,-7,-2,-8,-2,-7,-2,-7,-2,-6,-2,-5,-2,-4,-1,-2,-1,-1,0,0,0,1,0,2,0,3,1,4,1,5,1,5,1,5,1,5,1,5,1,4,1,4,1,3,1,3,0,0,0,0,0,0,0,0,0,0]"
CSI_DATA,37609,80:af:ca:27:52:2a,-55,11,1,1,1,1,1,0,0,0,0,-97,0,11,2,493410509,0,83,1,128,0,"[0,0,0,0,0,0,0,0,0,0,0,0,7,3,6,3,5,2,4,2,3,2,2,1,0,1,-1,0,-2,0,-4,-1,-5,-1,-6,-1,-7,-2,-7,-2,-8,-2,-8,-2,-8,-2,-7,-1,-6,-1,-5,-1,-4,-1,-3,-1,-1,0,0,0,1,0,3,0,0,0,5,0,6,1,7,1,7,1,7,1,7,1,7,1,6,0,5,0,4,0,2,0,1,0,0,-1,-1,-1,-2,-1,-3,-1,-4,-2,-5,-2,-5,-2,-5,-2,-6,-2,-5,-2,-5,-2,-5,-2,-4,-1,-3,-1,0,0,0,0,0,0,0,0,0,0]"
CSI_DATA,37610,80:af:ca:27:52:2a,-54,11,1,1,1,1,1,0,0,0,0,-97,0,11,2,493418891,0,83,1,128,0,"[0,0,0,0,0,0,0,0,0,0,0,0,4,7,3,7,3,6,2,5,1,3,0,2,0,1,-1,0,-2,-2,-3,-3,-4,-5,-5,-5,-5,-6,-6,-7,-6,-7,-6,-7,-6,-7,-6,-6,-5,-5,-4,-4,-3,-3,-2,-2,-1,-1,0,0,1,1,2,2,0,0,4,4,5,5,6,5,6,5,6,6,6,5,5,5,5,4,3,3,3,2,2,1,1,0,0,0,-1,-1,-1,-2,-2,-3,-3,-4,-3,-5,-3,-5,-3,-5,-4,-5,-3,-5,-3,-4,-3,-3,-3,-3,-2,-2,0,0,0,0,0,0,0,0,0,0]"
CSI_DATA,37611,80:af:ca:27:52:2a,-54,11,0,0,0,0,0,0,0,0,0,-97,0,11,2,493429280,0,83,0,128,0,"[0,0,0,0,0,0,0,0,0,0,0,0,3,-1,6,0,10,0,12,0,13,0,14,0,14,0,14,1,13,1,12,1,10,0,8,0,6,0,4,0,1,0,0,0,-3,0,-6,0,-8,0,-10,0,-12,0,-14,0,-15,0,-18,-1,-18,0,-16,-1,0,0,-12,0,-10,0,-6,0,-3,0,0,0,2,0,5,0,6,1,8,1,9,1,11,2,11,2,11,2,12,2,11,2,10,1,9,1,7,1,6,0,3,0,0,-1,0,-2,-3,-3,-5,-5,-6,-6,-7,-6,0,0,0,0,0,0,0,0,0,0]"
CSI_DATA,37612,80:af:ca:27:52:2a,-55,11,1,1,1,1,1,0,0,0,0,-97,0,11,2,493454486,0,83,1,128,0,"[0,0,0,0,0,0,0,0,0,0,0,0,0,2,0,5,0,7,0,8,0,9,0,10,0,10,0,10,0,10,0,9,0,8,0,7,0,5,0,2,0,0,0,-1,-1,-2,-1,-5,-1,-7,-2,-8,-2,-9,-2,-10,-2,-10,-2,-10,-2,-10,-2,-9,0,0,-2,-7,-2,-5,-1,-3,0,-2,0,0,0,2,0,4,0,5,0,7,1,8,1,8,1,9,1,8,1,8,1,8,1,7,1,5,0,4,0,2,0,1,0,0,0,-1,0,-2,0,-4,0,-5,0,-5,0,0,0,0,0,0,0,0,0,0]"
CSI_DATA,37613,80:af:ca:27:52:2a,-55,11,1,1,1,1,1,0,0,0,0,-97,0,11,2,493471870,0,83,1,128,0,"[0,0,0,0,0,0,0,0,0,0,0,0,-3,-2,-5,-3,-6,-4,-6,-6,-7,-6,-7,-7,-8,-7,-7,-7,-7,-7,-6,-6,-6,-6,-4,-5,-3,-4,-2,-2,0,-1,0,0,2,1,4,2,4,4,5,4,6,5,6,5,7,6,7,6,7,5,6,4,0,0,4,3,4,2,2,1,0,0,0,-1,-2,-2,-3,-4,-4,-4,-5,-5,-6,-6,-6,-6,-6,-7,-6,-6,-6,-6,-6,-6,-5,-5,-4,-4,-4,-3,-2,-2,-2,-1,-1,0,0,1,0,2,0,3,0,4,1,4,0,0,0,0,0,0,0,0,0,0]"
CSI_DATA,37614,80:af:ca:27:52:2a,-55,11,1,1,1,1,1,0,0,0,0,-97,0,11,2,493481559,0,83,1,128,0,"[0,0,0,0,0,0,0,0,0,0,0,0,2,0,4,0,6,2,7,2,9,2,9,3,9,3,9,3,9,3,8,3,7,2,6,2,4,2,2,1,0,0,-1,0,-2,0,-4,-1,-6,-2,-7,-2,-9,-2,-9,-2,-10,-2,-10,-2,-10,-2,-9,-2,0,0,-7,-1,-5,-1,-3,0,-2,0,0,0,1,0,3,1,4,1,6,2,7,2,7,2,8,2,8,2,7,2,7,2,6,2,5,1,4,0,2,0,1,0,0,0,0,-1,-2,-2,-2,-2,-3,-3,-4,-3,0,0,0,0,0,0,0,0,0,0]"
CSI_DATA,37615,80:af:ca:27:52:2a,-55,11,1,1,1,1,1,0,0,0,0,-97,0,11,2,493490848,0,83,1,128,0,"[0,0,0,0,0,0,0,0,0,0,0,0,-1,2,-2,5,-3,6,-5,7,-5,8,-6,9,-6,9,-6,9,-6,8,-5,8,-5,7,-4,5,-3,4,-2,2,-1,0,0,-1,0,-2,1,-5,2,-6,2,-8,3,-8,3,-9,3,-10,3,-10,3,-10,2,-9,0,0,2,-7,1,-5,0,-3,0,-2,0,0,-1,1,-2,2,-2,5,-3,5,-3,6,-4,7,-4,8,-4,8,-4,7,-3,6,-3,5,-2,5,-2,3,-1,2,0,1,0,0,0,0,1,-1,2,-2,2,-3,2,-3,0,0,0,0,0,0,0,0,0,0]"
CSI_DATA,37616,80:af:ca:27:52:2a,-54,11,0,0,0,0,0,0,0,0,0,-97,0,11,2,493531737,0,83,0,128,0,"[0,0,0,0,0,0,0,0,0,0,0,0,-4,12,-5,12,-5,11,-3,8,-3,6,-2,2,-2,0,-1,-1,-1,-4,0,-6,0,-9,0,-11,0,-11,0,-12,0,-11,0,-13,0,-12,0,-11,0,-10,0,-9,0,-7,0,-5,0,-2,0,0,1,4,1,7,0,0,3,12,3,15,4,16,4,16,4,15,4,14,4,13,3,10,2,8,1,5,1,3,0,0,0,0,0,-3,0,-6,-1,-8,-2,-11,-2,-12,-3,-14,-3,-15,-4,-15,-4,-15,-4,-14,-4,-12,-3,-10,-3,-7,0,0,0,0,0,0,0,0,0,0]"
CSI_DATA,37617,80:af:ca:27:52:2a,-54,11,0,0,0,0,0,0,0,0,0,-97,0,11,2,493558094,0,83,0,128,0,"[0,0,0,0,0,0,0,0,0,0,0,0,2,-4,5,-6,7,-8,10,-10,11,-11,12,-10,13,-10,12,-10,11,-8,10,-7,8,-7,7,-5,5,-4,3,-3,1,-1,-1,0,-3,1,-5,2,-7,4,-10,5,-11,6,-13,7,-14,7,-16,8,-16,8,-15,7,0,0,-11,5,-8,4,-6,3,-3,1,0,0,3,-1,5,-2,7,-2,10,-3,11,-3,12,-3,12,-3,12,-3,13,-3,12,-2,11,-2,10,-3,7,-2,5,-2,3,-2,0,-2,-2,-2,-5,-3,-7,-3,-10,-3,-10,-4,0,0,0,0,0,0,0,0,0,0]"
CSI_DATA,37618,80:af:ca:27:52:2a,-54,11,0,0,0,0,0,0,0,0,0,-97,0,11,2,493571025,0,83,0,128,0,"[0,0,0,0,0,0,0,0,0,0,0,0,4,13,3,13,2,12,2,9,0,6,0,4,0,0,-1,-1,-3,-4,-3,-6,-4,-8,-4,-10,-4,-11,-5,-12,-5,-11,-5,-13,-5,-11,-4,-10,-4,-10,-4,-8,-3,-6,-2,-4,0,-2,0,0,2,4,3,7,0,0,6,12,6,13,8,15,7,15,7,14,6,13,6,12,4,10,4,8,3,5,2,4,1,1,0,0,0,-4,0,-5,-1,-8,-3,-11,-3,-13,-3,-13,-3,-14,-4,-15,-4,-14,-4,-14,-3,-13,-3,-10,-2,-8,0,0,0,0,0,0,0,0,0,0]"
CSI_DATA,37619,80:af:ca:27:52:2a,-54,11,0,0,0,0,0,0,0,0,0,-97,0,11,2,493584618,0,83,0,128,0,"[0,0,0,0,0,0,0,0,0,0,0,0,8,-10,8,-9,8,-8,6,-7,5,-5,2,-2,1,0,0,1,-1,2,-2,5,-4,6,-5,8,-5,8,-5,9,-5,9,-6,10,-5,9,-5,9,-5,8,-4,7,-3,5,-2,3,-1,1,0,-1,0,-4,2,-7,0,0,3,-12,5,-14,5,-15,5,-16,5,-14,4,-14,4,-13,3,-11,2,-8,1,-6,0,-5,0,-2,-1,0,-2,1,-2,4,-3,5,-5,8,-6,9,-6,11,-7,11,-7,12,-7,12,-6,11,-5,10,-5,8,-3,6,0,0,0,0,0,0,0,0,0,0]"
CSI_DATA,37620,80:af:ca:27:52:2a,-54,11,0,0,0,0,0,0,0,0,0,-97,0,11,2,493593721,0,83,0,128,0,"[0,0,0,0,0,0,0,0,0,0,0,0,-4,1,-8,1,-11,1,-12,2,-14,2,-15,1,-15,1,-15,1,-13,1,-12,1,-11,1,-9,0,-7,0,-4,-1,-2,-1,1,-1,2,-2,5,-3,7,-3,9,-4,11,-5,13,-5,13,-6,16,-6,15,-6,14,-6,0,0,11,-5,8,-3,5,-3,2,-1,-1,-1,-4,1,-7,1,-9,2,-11,2,-11,3,-13,3,-13,3,-13,2,-14,3,-12,3,-11,3,-10,3,-8,2,-6,2,-3,1,0,1,3,1,5,0,7,0,9,0,10,0,0,0,0,0,0,0,0,0,0,0]"
CSI_DATA,37621,80:af:ca:27:52:2a,-54,11,1,1,1,1,1,0,0,0,0,-97,0,11,2,493603314,0,83,1,128,0,"[0,0,0,0,0,0,0,0,0,0,0,0,9,2,8,1,6,1,5,1,4,1,2,1,0,0,-1,0,-3,0,-5,0,-6,0,-8,0,-8,-1,-9,-1,-9,-1,-9,-1,-9,-1,-8,0,-7,0,-6,0,-4,0,-2,0,-1,0,0,0,2,0,4,0,0,0,6,0,8,0,8,0,9,0,9,0,8,0,8,0,6,0,5,0,4,0,2,0,1,-1,0,-1,-1,-1,-3,-1,-4,-1,-5,-1,-6,-2,-6,-2,-6,-1,-6,-2,-6,-2,-6,-1,-5,-1,-5,-1,-4,-1,0,0,0,0,0,0,0,0,0,0]"
CSI_DATA,37622,80:af:ca:27:52:2a,-54,11,0,0,0,0,0,0,0,0,0,-97,0,11,2,493613801,0,83,0,128,0,"[0,0,0,0,0,0,0,0,0,0,0,0,12,3,12,3,11,4,8,3,6,3,3,1,0,0,-2,0,-4,0,-7,0,-9,-1,-11,-2,-11,-2,-11,-2,-11,-1,-13,-2,-11,-2,-11,-1,-11,-2,-8,-1,-7,-1,-4,0,-2,0,0,0,4,0,7,0,0,0,12,0,15,0,16,0,16,0,15,1,15,0,13,0,11,0,9,0,6,0,4,0,1,0,0,-1,-3,-2,-5,-2,-7,-3,-10,-3,-11,-3,-13,-3,-13,-4,-14,-3,-14,-4,-13,-3,-12,-3,-10,-3,-7,-2,0,0,0,0,0,0,0,0,0,0]"
CSI_DATA,37623,80:af:ca:27:52:2a,-54,11,1,1,1,1,1,0,0,0,0,-97,0,11,2,493623335,0,83,1,128,0,"[0,0,0,0,0,0,0,0,0,0,0,0,3,-2,5,-2,6,-3,9,-3,10,-3,11,-3,11,-3,11,-3,11,-2,10,-2,9,-2,7,-1,5,-1,3,0,0,0,0,0,-3,0,-5,0,-7,0,-8,1,-10,1,-10,1,-11,1,-11,1,-11,1,-10,1,0,0,-7,1,-6,0,-3,0,-2,0,0,0,2,0,3,0,6,0,6,0,8,0,9,0,9,0,9,0,9,0,8,0,7,0,6,0,4,0,3,0,1,0,0,-1,-1,-1,-2,-2,-3,-2,-4,-3,-5,-3,0,0,0,0,0,0,0,0,0,0]"
CSI_DATA,37624,80:af:ca:27:52:2a,-54,11,0,0,0,0,0,0,0,0,0,-97,0,11,2,493632811,0,83,0,128,0,"[0,0,0,0,0,0,0,0,0,0,0,0,0,13,-1,13,-2,11,-1,9,-1,6,-1,3,0,0,0,-2,0,-5,0,-7,0,-10,1,-11,1,-11,2,-12,1,-12,2,-13,2,-12,1,-10,2,-10,1,-9,0,-6,0,-5,0,-2,-1,0,-3,4,-4,7,0,0,-6,12,-7,13,-8,15,-8,15,-8,14,-7,13,-7,11,-5,10,-5,8,-3,5,-2,4,0,2,0,0,3,0,5,-2,6,-4,8,-5,10,-6,11,-7,12,-7,12,-8,12,-7,11,-7,10,-6,9,-5,6,-5,0,0,0,0,0,0,0,0,0,0]"
CSI_DATA,37625,80:af:ca:27:52:2a,-55,11,1,1,1,1,1,0,0,0,0,-97,0,11,2,493642060,0,83,1,128,0,"[0,0,0,0,0,0,0,0,0,0,0,0,-2,-3,-3,-5,-3,-6,-4,-8,-4,-9,-4,-10,-4,-11,-3,-10,-3,-10,-3,-8,-2,-8,-2,-6,-2,-4,-1,-3,0,-1,0,0,0,2,1,4,1,5,2,6,2,8,2,8,2,8,3,8,2,8,2,8,0,0,2,6,1,4,0,2,0,0,0,-1,0,-2,0,-4,0,-6,0,-7,-1,-8,-1,-8,-1,-8,-1,-8,0,-8,0,-8,0,-6,-1,-6,0,-4,0,-3,-1,-2,-1,0,-1,0,-1,2,-2,2,-2,4,-2,4,0,0,0,0,0,0,0,0,0,0]"
CSI_DATA,37626,80:af:ca:27:52:2a,-54,11,0,0,0,0,0,0,0,0,0,-97,0,11,2,493662964,0,83,0,128,0,"[0,0,0,0,0,0,0,0,0,0,0,0,13,-3,13,-3,12,-2,9,-2,7,0,4,0,2,0,0,1,-2,3,-4,3,-6,5,-8,6,-9,6,-9,6,-8,6,-10,7,-9,6,-8,6,-8,6,-6,5,-5,3,-3,2,-2,0,0,-2,1,-4,3,-6,0,0,6,-12,6,-13,7,-15,7,-15,6,-14,6,-13,5,-13,4,-10,3,-9,2,-6,1,-5,0,-2,0,0,-2,2,-3,3,-3,6,-5,9,-6,10,-6,11,-6,12,-6,13,-6,13,-5,13,-4,11,-3,9,-2,6,0,0,0,0,0,0,0,0,0,0]"
CSI_DATA,37627,80:af:ca:27:52:2a,-54,11,0,0,0,0,0,0,0,0,0,-97,0,11,2,493710936,0,83,0,128,0,"[0,0,0,0,0,0,0,0,0,0,0,0,1,-5,3,-7,5,-10,6,-11,7,-14,8,-13,8,-14,8,-13,7,-11,6,-10,5,-9,5,-8,3,-5,2,-3,0,-1,-1,1,-2,3,-3,5,-4,7,-5,9,-5,10,-6,14,-6,14,-8,16,-7,16,-7,15,0,0,-5,10,-4,8,-3,5,-1,2,0,-1,1,-4,2,-6,3,-8,4,-9,5,-10,5,-11,5,-11,6,-11,6,-13,5,-11,5,-10,4,-10,3,-7,2,-6,0,-4,-1,-1,-3,1,-5,3,-6,5,-7,6,-8,6,0,0,0,0,0,0,0,0,0,0]"
CSI_DATA,37628,80:af:ca:27:52:2a,-54,11,1,1,1,1,1,0,0,0,0,-97,0,11,2,493719823,0,83,1,128,0,"[0,0,0,0,0,0,0,0,0,0,0,0,-5,0,-7,-1,-10,-3,-11,-3,-12,-4,-13,-5,-14,-5,-13,-5,-13,-5,-12,-5,-10,-4,-9,-3,-6,-3,-4,-2,-1,-1,0,0,3,0,6,0,8,0,10,0,11,0,13,0,13,1,13,1,13,0,12,0,0,0,9,0,6,0,3,0,1,0,0,0,-3,0,-6,-1,-7,-1,-10,-1,-11,-1,-12,-1,-12,-2,-12,-2,-11,-1,-10,-1,-10,0,-8,0,-6,0,-4,0,-2,0,0,0,1,0,3,1,4,1,5,2,6,2,0,0,0,0,0,0,0,0,0,0]"
CSI_DATA,37629,80:af:ca:27:52:2a,-54,11,0,0,0,0,0,0,0,0,0,-97,0,11,2,493731409,0,83,0,128,0,"[0,0,0,0,0,0,0,0,0,0,0,0,3,-3,6,-2,10,-3,11,-3,13,-3,13,-2,14,-2,14,-2,13,-2,12,-1,10,-1,8,-1,6,-1,3,0,1,0,-1,0,-4,0,-6,0,-8,0,-10,0,-12,1,-15,1,-16,1,-18,1,-18,1,-16,1,0,0,-13,1,-10,0,-7,0,-3,0,0,1,3,1,6,1,8,1,9,2,11,2,12,2,12,2,12,2,13,2,12,3,11,2,11,2,8,1,6,0,4,-1,1,-2,-1,-3,-4,-5,-6,-6,-7,-7,-8,-8,0,0,0,0,0,0,0,0,0,0]"
CSI_DATA,37630,80:af:ca:27:52:2a,-55,11,1,1,1,1,1,0,0,0,0,-97,0,11,2,493739692,0,83,1,128,0,"[0,0,0,0,0,0,0,0,0,0,0,0,0,2,-1,4,-2,6,-3,7,-4,8,-4,9,-4,9,-4,9,-4,9,-4,8,-4,7,-3,6,-2,4,-2,2,-1,0,0,-1,0,-3,0,-4,1,-6,1,-7,1,-9,1,-9,2,-10,1,-10,1,-10,1,-9,0,0,0,-7,0,-5,0,-3,0,-2,0,0,-1,2,-1,3,-2,4,-2,6,-2,7,-2,8,-2,8,-2,8,-2,8,-2,7,-2,7,-1,5,-1,4,0,2,0,1,0,0,0,-1,1,-2,1,-3,2,-4,2,-4,0,0,0,0,0,0,0,0,0,0]"
CSI_DATA,37631,80:af:ca:27:52:2a,-54,11,0,0,0,0,0,0,0,0,0,-97,0,11,2,493751787,0,83,0,128,0,"[0,0,0,0,0,0,0,0,0,0,0,0,2,-4,6,-4,9,-6,10,-7,13,-7,13,-7,14,-7,14,-7,11,-6,10,-6,9,-5,7,-4,5,-3,3,-2,1,-1,-1,1,-2,2,-4,3,-6,4,-8,6,-9,7,-11,9,-11,10,-14,10,-14,11,-13,10,0,0,-9,7,-7,6,-5,4,-2,1,0,0,2,-3,4,-4,5,-6,7,-7,7,-8,8,-8,8,-8,8,-8,8,-9,8,-8,7,-8,6,-7,5,-6,3,-5,1,-3,-1,-2,-3,0,-5,1,-7,2,-8,4,-8,4,0,0,0,0,0,0,0,0,0,0]"
CSI_DATA,37632,80:af:ca:27:52:2a,-54,11,0,0,0,0,0,0,0,0,0,-97,0,11,2,493786490,0,83,0,128,0,"[0,0,0,0,0,0,0,0,0,0,0,0,-1,-4,0,-7,1,-10,1,-12,1,-14,2,-15,3,-15,2,-15,2,-14,2,-13,1,-11,1,-10,1,-7,1,-4,0,-2,0,0,0,2,0,5,-1,7,0,9,0,11,0,14,0,15,0,17,1,17,0,16,0,0,0,12,0,9,0,6,0,3,0,-1,0,-4,0,-6,0,-8,0,-10,0,-12,0,-13,0,-13,0,-13,0,-14,0,-13,0,-12,-1,-11,-1,-9,-1,-6,-1,-4,-2,-1,-2,1,-3,4,-3,7,-3,8,-4,9,0,0,0,0,0,0,0,0,0,0]"
CSI_DATA,37633,80:af:ca:27:52:2a,-54,11,1,1,1,1,1,0,0,0,0,-97,0,11,2,493795161,0,83,1,128,0,"[0,0,0,0,0,0,0,0,0,0,0,0,-9,-1,-8,-1,-7,-1,-6,-1,-4,-1,-3,-1,-1,-1,0,-1,2,-1,3,-1,4,-1,6,-1,7,-1,7,-1,7,-1,8,-1,7,-1,7,-1,6,-1,5,-1,4,-1,2,0,1,0,0,0,-2,0,-3,0,0,0,-6,1,-7,1,-7,1,-8,1,-8,1,-8,1,-7,1,-6,1,-5,1,-4,1,-3,0,-1,0,0,0,1,0,2,0,3,0,4,0,5,0,5,0,5,0,5,0,5,0,5,0,4,0,4,0,3,0,0,0,0,0,0,0,0,0,0,0]"
CSI_DATA,37634,80:af:ca:27:52:2a,-55,11,0,0,0,0,0,0,0,0,0,-97,0,11,2,493807842,0,83,0,128,0,"[0,0,0,0,0,0,0,0,0,0,0,0,-3,3,-5,4,-8,5,-9,7,-11,7,-12,7,-13,7,-12,7,-11,6,-11,6,-9,5,-8,4,-6,3,-4,1,-2,0,-1,-1,1,-2,3,-4,5,-5,6,-7,8,-8,10,-9,10,-10,13,-11,12,-11,11,-11,0,0,9,-8,7,-7,4,-5,2,-3,-1,-1,-3,1,-5,3,-7,4,-8,5,-9,6,-11,6,-11,6,-11,6,-11,6,-11,6,-10,5,-9,6,-7,4,-5,3,-3,2,-1,1,2,0,4,-1,6,-1,8,-2,9,-2,0,0,0,0,0,0,0,0,0,0]"
CSI_DATA,37635,80:af:ca:27:52:2a,-54,11,0,0,0,0,0,0,0,0,0,-97,0,11,2,493835872,0,83,0,128,0,"[0,0,0,0,0,0,0,0,0,0,0,0,-1,4,-2,7,-4,10,-4,13,-5,14,-5,14,-6,14,-5,13,-5,11,-5,10,-4,9,-4,7,-3,4,-2,2,-1,0,-1,-2,0,-4,0,-6,1,-9,1,-10,1,-13,2,-15,2,-16,3,-18,2,-17,2,-16,0,0,1,-11,1,-9,0,-6,0,-3,-1,1,-2,3,-2,6,-2,7,-3,9,-3,10,-4,11,-4,11,-4,11,-4,11,-3,11,-3,10,-2,9,-2,7,-1,5,0,3,1,0,2,-2,3,-5,4,-7,4,-8,5,-9,0,0,0,0,0,0,0,0,0,0]"
CSI_DATA,37636,80:af:ca:27:52:2a,-54,11,0,0,0,0,0,0,0,0,0,-97,0,11,2,493846001,0,83,0,128,0,"[0,0,0,0,0,0,0,0,0,0,0,0,-13,0,-14,0,-13,-1,-10,0,-8,0,-4,-1,-2,-1,0,-1,3,-1,5,-2,7,-2,9,-2,10,-2,10,-3,10,-3,12,-3,11,-3,10,-3,9,-2,8,-2,6,-2,4,-1,1,0,-1,0,-4,1,-7,2,0,0,-12,4,-14,5,-16,5,-16,5,-15,5,-14,5,-13,4,-11,4,-8,3,-6,2,-4,1,-2,0,0,0,2,0,4,0,7,-2,9,-3,11,-3,12,-4,13,-4,13,-4,13,-4,13,-4,11,-4,9,-4,7,-3,0,0,0,0,0,0,0,0,0,0]"
CSI_DATA,37637,80:af:ca:27:52:2a,-54,11,0,0,0,0,0,0,0,0,0,-97,0,11,2,493858286,0,83,0,128,0,"[0,0,0,0,0,0,0,0,0,0,0,0,4,2,5,5,6,8,8,8,8,10,8,10,8,11,8,11,7,10,6,9,5,7,4,6,2,4,1,3,0,1,-2,-1,-4,-2,-5,-3,-7,-5,-9,-6,-10,-7,-12,-9,-12,-8,-14,-10,-14,-9,-13,-9,0,0,-10,-7,-7,-5,-5,-3,-2,-2,1,0,3,2,5,3,7,4,8,5,9,5,10,6,10,6,10,6,11,6,10,6,9,5,8,4,6,3,4,2,2,0,0,-2,-2,-3,-4,-5,-6,-6,-7,-7,-8,-8,0,0,0,0,0,0,0,0,0,0]"
CSI_DATA,37638,80:af:ca:27:52:2a,-55,11,1,1,1,1,1,0,0,0,0,-97,0,11,2,493864823,0,83,1,128,0,"[0,0,0,0,0,0,0,0,0,0,0,0,0,4,-1,6,-2,8,-2,9,-4,10,-4,11,-4,11,-4,11,-4,11,-4,9,-4,8,-3,6,-2,4,-2,2,0,0,0,-2,0,-4,1,-5,2,-7,2,-9,2,-10,2,-11,3,-11,3,-11,3,-11,2,-10,0,0,2,-7,1,-6,0,-4,0,-2,-1,0,-2,2,-3,4,-4,5,-4,6,-5,8,-5,8,-6,8,-6,8,-5,8,-5,8,-4,6,-4,6,-2,4,-1,2,0,2,0,0,1,0,2,-1,3,-2,4,-2,5,-3,0,0,0,0,0,0,0,0,0,0]"
CSI_DATA,37639,80:af:ca:27:52:2a,-55,11,1,1,1,1,1,0,0,0,0,-97,0,11,2,493873996,0,83,1,128,0,"[0,0,0,0,0,0,0,0,0,0,0,0,-2,2,-3,4,-5,4,-7,5,-7,6,-8,7,-9,7,-9,7,-8,7,-8,6,-7,5,-6,4,-4,3,-3,2,-1,0,0,-1,1,-2,2,-4,4,-4,4,-6,5,-7,6,-7,7,-8,7,-8,7,-8,6,-7,0,0,4,-6,3,-4,2,-3,0,-2,0,0,-2,0,-3,2,-4,3,-6,4,-7,4,-7,5,-7,5,-7,5,-7,5,-7,5,-6,4,-4,4,-4,3,-2,2,-1,1,0,0,1,0,2,0,3,-1,4,-1,4,-2,0,0,0,0,0,0,0,0,0,0]"
CSI_DATA,37640,80:af:ca:27:52:2a,-54,11,1,1,1,1,1,0,0,0,0,-97,0,11,2,493880897,0,83,1,128,0,"[0,0,0,0,0,0,0,0,0,0,0,0,-1,-3,0,-5,0,-7,0,-9,0,-11,0,-11,0,-12,0,-11,0,-11,0,-11,0,-9,0,-8,0,-5,0,-4,0,-2,0,0,0,2,0,4,0,5,1,7,1,8,2,9,2,10,2,10,2,10,2,9,0,0,1,6,1,5,0,2,0,1,0,0,0,-2,-1,-4,-2,-5,-2,-7,-2,-8,-3,-8,-3,-9,-2,-9,-3,-8,-2,-8,-2,-7,-2,-5,-2,-4,-2,-2,-1,-1,-1,0,0,0,0,2,0,2,0,4,0,5,0,0,0,0,0,0,0,0,0,0]"
CSI_DATA,37641,80:af:ca:27:52:2a,-55,11,1,1,1,1,1,0,0,0,0,-97,0,11,2,493910111,0,83,1,128,0,"[0,0,0,0,0,0,0,0,0,0,0,0,-3,0,-5,0,-8,0,-9,0,-10,0,-11,0,-11,0,-11,0,-11,0,-10,0,-9,0,-8,0,-5,0,-4,0,-2,0,0,0,2,-1,4,-2,5,-2,7,-2,8,-3,9,-3,10,-3,10,-3,9,-3,8,-3,0,0,6,-2,4,-2,2,-1,1,0,0,0,-2,0,-4,0,-5,1,-7,2,-8,2,-8,2,-9,2,-9,2,-8,2,-8,2,-7,2,-5,2,-5,2,-2,1,-1,0,0,0,0,0,2,0,3,0,4,0,5,0,0,0,0,0,0,0,0,0,0,0]"
CSI_DATA,37642,80:af:ca:27:52:2a,-54,11,1,1,1,1,1,0,0,0,0,-97,0,11,2,493918901,0,83,1,128,0,"[0,0,0,0,0,0,0,0,0,0,0,0,1,2,2,4,2,6,2,8,3,10,3,10,3,11,3,11,3,10,3,10,2,9,2,7,1,5,0,3,0,1,-1,0,-2,-2,-3,-4,-3,-6,-5,-7,-6,-9,-6,-10,-6,-10,-6,-10,-6,-10,-6,-9,0,0,-4,-6,-3,-5,-3,-3,-1,-2,0,0,0,1,2,3,3,4,4,6,4,6,5,7,5,8,5,8,5,7,5,6,4,6,3,5,3,3,2,2,0,0,0,0,0,-1,-1,-3,-1,-3,-2,-5,-2,-6,0,0,0,0,0,0,0,0,0,0]"
CSI_DATA,37643,80:af:ca:27:52:2a,-55,11,1,1,1,1,1,0,0,0,0,-97,0,11,2,493927266,0,83,1,128,0,"[0,0,0,0,0,0,0,0,0,0,0,0,2,1,2,3,3,5,3,6,4,8,4,8,4,9,4,9,4,9,4,8,3,7,2,6,2,5,0,2,0,1,0,0,-2,-2,-2,-4,-3,-5,-4,-7,-5,-8,-5,-8,-5,-9,-5,-9,-5,-9,-5,-8,0,0,-4,-6,-3,-5,-2,-3,-1,-1,0,0,0,2,0,3,1,5,2,6,2,7,2,8,2,8,2,8,2,8,2,8,2,6,2,5,1,4,1,2,1,1,0,0,0,-1,0,-2,0,-3,0,-5,0,-5,0,0,0,0,0,0,0,0,0,0]"
CSI_DATA,37644,80:af:ca:27:52:2a,-54,11,0,0,0,0,0,0,0,0,0,-97,0,11,2,493937460,0,83,0,128,0,"[0,0,0,0,0,0,0,0,0,0,0,0,2,-4,5,-5,7,-7,8,-9,10,-9,10,-9,11,-10,11,-9,10,-9,9,-8,8,-7,7,-6,5,-4,3,-3,1,-1,0,0,-2,2,-3,4,-5,5,-6,7,-7,9,-9,10,-9,11,-11,13,-10,13,-10,12,0,0,-7,9,-6,7,-4,4,-2,2,0,-1,1,-3,3,-5,5,-7,6,-8,6,-9,7,-10,7,-10,7,-10,7,-10,7,-10,6,-9,5,-9,4,-7,2,-6,1,-4,-1,-2,-3,0,-5,2,-6,3,-8,5,-8,5,0,0,0,0,0,0,0,0,0,0]"
CSI_DATA,37645,80:af:ca:27:52:2a,-54,11,0,0,0,0,0,0,0,0,0,-97,0,11,2,493948557,0,83,0,128,0,"[0,0,0,0,0,0,0,0,0,0,0,0,11,8,10,9,9,8,7,7,4,5,3,3,0,1,-1,0,-3,-1,-6,-3,-7,-3,-9,-5,-10,-5,-11,-6,-11,-5,-11,-6,-11,-6,-10,-5,-10,-5,-8,-4,-7,-3,-4,-3,-2,-1,0,0,3,0,6,2,0,0,11,3,13,4,15,5,15,5,15,5,14,4,12,3,10,3,8,2,6,1,4,0,1,0,0,-1,-2,-2,-4,-3,-7,-3,-9,-4,-10,-6,-11,-6,-11,-7,-12,-6,-12,-6,-11,-5,-11,-4,-9,-3,-7,-3,0,0,0,0,0,0,0,0,0,0]"
CSI_DATA,37646,80:af:ca:27:52:2a,-54,11,0,0,0,0,0,0,0,0,0,-97,0,11,2,493959030,0,83,0,128,0,"[0,0,0,0,0,0,0,0,0,0,0,0,4,-13,4,-13,4,-12,3,-9,2,-6,1,-3,0,0,0,2,-1,4,-3,6,-4,8,-5,10,-5,10,-5,10,-5,10,-5,11,-5,10,-5,10,-5,8,-4,7,-2,5,-1,3,0,0,1,-1,3,-5,5,-7,0,0,8,-11,9,-13,10,-14,10,-14,10,-13,9,-12,8,-10,6,-9,5,-8,3,-5,1,-4,0,-3,-1,-1,-4,0,-6,0,-8,2,-10,3,-11,3,-13,4,-14,5,-14,5,-14,5,-13,4,-12,4,-10,3,-7,2,0,0,0,0,0,0,0,0,0,0]"
CSI_DATA,37647,80:af:ca:27:52:2a,-55,11,1,1,1,1,1,0,0,0,0,-97,0,11,2,493981826,0,83,1,128,0,"[0,0,0,0,0,0,0,0,0,0,0,0,-3,1,-5,0,-8,0,-9,1,-10,0,-11,0,-12,0,-11,0,-11,0,-10,0,-9,0,-8,0,-5,0,-4,0,-1,0,0,-1,2,-2,4,-2,6,-2,7,-3,8,-4,9,-4,10,-5,10,-5,9,-5,8,-5,0,0,6,-3,5,-2,2,-2,0,-1,0,0,-2,0,-4,2,-5,2,-7,3,-8,4,-8,4,-8,4,-8,4,-8,4,-8,4,-6,3,-5,2,-4,2,-2,1,-1,1,0,0,1,0,2,0,3,-1,4,-2,5,-2,0,0,0,0,0,0,0,0,0,0]"
CSI_DATA,37648,80:af:ca:27:52:2a,-54,11,0,0,0,0,0,0,0,0,0,-97,0,11,2,493991897,0,83,0,128,0,"[0,0,0,0,0,0,0,0,0,0,0,0,-13,-1,-13,-2,-13,-2,-10,-2,-8,-2,-4,-2,-2,-1,0,-1,2,0,5,0,7,0,8,0,9,0,10,0,10,0,12,0,11,0,10,0,9,0,8,0,6,0,4,0,2,0,0,0,-4,0,-7,0,0,0,-13,0,-15,-1,-17,-1,-17,-1,-16,-1,-15,-1,-13,-1,-12,-1,-9,0,-8,0,-5,0,-3,0,0,0,1,1,4,2,5,3,8,4,9,4,11,4,12,5,13,5,13,5,12,5,11,4,9,4,7,2,0,0,0,0,0,0,0,0,0,0]"
CSI_DATA,37649,80:af:ca:27:52:2a,-55,11,1,1,1,1,1,0,0,0,0,-97,0,11,2,493999408,0,83,1,128,0,"[0,0,0,0,0,0,0,0,0,0,0,0,-3,7,-3,7,-3,5,-3,4,-2,3,-1,2,-1,0,0,-1,0,-2,0,-4,1,-5,1,-6,2,-7,2,-8,2,-8,2,-8,2,-8,1,-7,1,-6,1,-5,1,-4,0,-3,0,-1,0,0,-1,1,-1,3,0,0,-2,5,-2,6,-2,7,-2,7,-2,8,-2,7,-2,7,-2,6,-1,5,-1,4,0,2,0,1,0,0,1,-1,1,-2,2,-3,2,-4,2,-5,2,-5,2,-5,3,-5,2,-5,2,-5,2,-4,2,-4,1,-3,0,0,0,0,0,0,0,0,0,0]"
CSI_DATA,37650,80:af:ca:27:52:2a,-55,11,1,1,1,1,1,0,0,0,0,-97,0,11,2,494010877,0,83,1,128,0,"[0,0,0,0,0,0,0,0,0,0,0,0,5,5,5,5,4,4,3,4,2,3,1,2,0,1,-1,0,-2,-1,-3,-2,-4,-3,-4,-4,-5,-5,-6,-5,-6,-5,-6,-5,-6,-5,-5,-4,-5,-4,-4,-3,-3,-3,-2,-2,-1,-1,0,0,1,1,2,1,0,0,4,3,4,4,5,4,5,4,5,5,5,4,4,4,4,3,3,3,2,2,2,1,1,0,0,0,0,-1,-1,-2,-2,-3,-2,-4,-3,-4,-3,-4,-3,-4,-3,-4,-3,-4,-3,-4,-2,-3,-2,-3,-2,-2,0,0,0,0,0,0,0,0,0,0]"
CSI_DATA,37651,80:af:ca:27:52:2a,-54,11,0,0,0,0,0,0,0,0,0,-97,0,11,2,494036419,0,83,0,128,0,"[0,0,0,0,0,0,0,0,0,0,0,0,-12,6,-12,6,-12,5,-9,4,-6,2,-4,0,-1,0,0,-2,2,-4,5,-5,6,-6,7,-7,8,-8,8,-8,8,-8,9,-9,8,-8,7,-8,6,-7,6,-6,4,-5,2,-3,0,-1,-1,0,-3,4,-5,6,0,0,-8,10,-10,12,-11,12,-11,13,-11,12,-10,11,-8,11,-7,8,-6,6,-4,5,-2,3,0,1,0,0,2,-2,4,-4,5,-6,6,-8,8,-8,9,-10,10,-10,9,-11,9,-10,8,-10,7,-9,6,-7,4,-6,0,0,0,0,0,0,0,0,0,0]"
CSI_DATA,37652,80:af:ca:27:52:2a,-54,11,1,1,1,1,1,0,0,0,0,-97,0,11,2,494045381,0,83,1,128,0,"[0,0,0,0,0,0,0,0,0,0,0,0,1,-3,3,-4,5,-5,6,-5,8,-6,8,-6,8,-6,8,-6,8,-5,8,-5,6,-5,5,-4,3,-2,2,-1,0,0,0,0,-2,2,-3,3,-5,4,-5,5,-6,6,-7,6,-7,7,-7,7,-7,7,-6,6,0,0,-5,5,-3,3,-2,2,0,0,0,0,1,-2,2,-3,3,-4,5,-5,5,-6,5,-6,5,-6,5,-6,5,-6,5,-6,4,-5,2,-5,2,-4,0,-2,0,-2,0,0,-2,0,-2,0,-3,1,-4,2,-5,2,0,0,0,0,0,0,0,0,0,0]"
CSI_DATA,37653,80:af:ca:27:52:2a,-54,11,0,0,0,0,0,0,0,0,0,-97,0,11,2,494057421,0,83,0,128,0,"[0,0,0,0,0,0,0,0,0,0,0,0,0,-13,0,-14,1,-13,0,-10,0,-7,0,-5,0,-2,0,0,0,3,0,5,0,7,0,9,0,10,0,11,1,10,1,11,0,11,1,10,0,9,0,8,0,6,0,4,0,1,0,0,-1,-3,-2,-7,0,0,-3,-12,-3,-15,-3,-16,-3,-16,-3,-15,-3,-15,-3,-13,-3,-11,-2,-10,-2,-7,-2,-5,-1,-3,-1,0,-1,2,-1,4,0,7,0,9,0,11,0,12,0,13,0,14,0,14,0,13,0,12,0,10,0,7,0,0,0,0,0,0,0,0,0,0]"
CSI_DATA,37654,80:af:ca:27:52:2a,-54,11,0,0,0,0,0,0,0,0,0,-97,0,11,2,494068376,0,83,0,128,0,"[0,0,0,0,0,0,0,0,0,0,0,0,5,-13,5,-13,5,-12,3,-10,3,-7,2,-5,1,-2,0,0,0,3,0,5,0,7,-1,9,0,10,-1,11,0,10,0,12,0,11,0,11,0,10,0,9,0,6,0,5,0,2,0,0,-1,-3,-2,-6,0,0,-3,-13,-3,-14,-3,-16,-3,-16,-3,-16,-3,-15,-3,-13,-3,-11,-3,-10,-2,-7,-1,-5,-1,-3,0,0,0,2,0,4,0,6,1,9,1,10,1,12,2,13,2,13,3,13,3,12,2,11,2,10,1,6,0,0,0,0,0,0,0,0,0,0]"
CSI_DATA,37655,80:af:ca:27:52:2a,-54,11,1,1,1,1,1,0,0,0,0,-97,0,11,2,494076205,0,83,1,128,0,"[0,0,0,0,0,0,0,0,0,0,0,0,-1,2,-2,5,-3,5,-5,7,-5,8,-5,8,-6,9,-6,8,-6,8,-5,8,-5,7,-4,5,-2,4,-2,2,-1,0,0,-1,0,-2,1,-4,2,-6,2,-8,2,-8,3,-9,3,-10,3,-10,3,-10,2,-9,0,0,2,-7,1,-5,0,-3,0,-2,0,0,-1,1,-2,3,-2,4,-3,5,-3,6,-4,7,-4,8,-4,7,-4,7,-3,6,-3,5,-2,5,-2,3,-1,2,0,1,0,0,0,0,1,-2,2,-2,2,-3,3,-3,0,0,0,0,0,0,0,0,0,0]"
CSI_DATA,37656,80:af:ca:27:52:2a,-54,11,1,1,1,1,1,0,0,0,0,-97,0,11,2,494100255,0,83,1,128,0,"[0,0,0,0,0,0,0,0,0,0,0,0,-4,-3,-4,-6,-6,-7,-7,-9,-7,-10,-7,-11,-7,-11,-7,-11,-7,-11,-6,-9,-5,-8,-4,-7,-3,-5,-2,-3,0,-1,0,0,2,2,3,4,4,5,5,7,6,7,7,9,7,9,7,9,7,8,7,7,0,0,4,5,3,4,2,2,1,0,0,-1,-2,-2,-2,-4,-4,-6,-4,-7,-5,-8,-5,-9,-6,-9,-6,-9,-5,-9,-5,-8,-4,-7,-4,-5,-3,-4,-2,-2,-2,-1,-1,0,0,1,0,2,0,4,0,4,0,5,0,0,0,0,0,0,0,0,0,0]"
CSI_DATA,37657,80:af:ca:27:52:2a,-55,11,1,1,1,1,1,0,0,0,0,-97,0,11,2,494109318,0,83,1,128,0,"[0,0,0,0,0,0,0,0,0,0,0,0,2,2,2,4,2,5,3,7,3,7,3,9,4,9,4,9,3,9,3,8,2,7,2,6,1,4,0,2,0,1,-1,0,-2,-2,-3,-3,-4,-4,-5,-6,-6,-7,-7,-7,-7,-7,-7,-7,-7,-7,-6,-7,0,0,-4,-4,-4,-4,-2,-2,-1,-1,0,0,1,1,2,2,3,3,4,4,5,4,6,5,6,5,6,5,6,5,5,4,4,4,4,2,3,2,2,1,1,0,0,0,0,-2,-1,-2,-2,-3,-2,-4,-3,-4,0,0,0,0,0,0,0,0,0,0]"
CSI_DATA,37658,80:af:ca:27:52:2a,-54,11,0,0,0,0,0,0,0,0,0,-97,0,11,2,494119092,0,83,0,128,0,"[0,0,0,0,0,0,0,0,0,0,0,0,12,3,12,3,11,3,8,3,6,2,3,1,0,1,-2,0,-4,0,-7,0,-9,0,-11,0,-11,0,-12,0,-11,0,-13,0,-12,0,-11,0,-10,0,-9,0,-7,0,-4,0,-2,0,0,-1,4,-2,7,-3,0,0,13,-3,15,-4,16,-5,16,-5,15,-4,15,-4,12,-4,11,-3,8,-3,6,-3,3,-2,1,-1,-1,0,-3,0,-6,0,-8,0,-11,1,-12,1,-14,2,-15,2,-15,3,-15,3,-14,3,-12,3,-10,3,-7,2,0,0,0,0,0,0,0,0,0,0]"
CSI_DATA,37659,80:af:ca:27:52:2a,-54,11,0,0,0,0,0,0,0,0,0,-97,0,11,2,494128346,0,83,0,128,0,"[0,0,0,0,0,0,0,0,0,0,0,0,-7,10,-8,10,-7,8,-6,6,-5,4,-3,2,-2,0,-1,-3,0,-4,1,-6,2,-8,3,-10,3,-10,3,-11,3,-10,3,-12,3,-10,3,-10,3,-9,2,-8,1,-6,1,-3,0,-1,0,1,-1,4,-2,7,0,0,-3,13,-3,14,-3,16,-3,16,-3,15,-3,14,-3,13,-3,10,-2,8,-1,6,0,3,0,1,0,0,1,-3,2,-5,3,-7,3,-10,4,-11,5,-12,5,-13,5,-13,5,-13,4,-13,3,-12,3,-10,1,-8,0,0,0,0,0,0,0,0,0,0]"
CSI_DATA,37660,80:af:ca:27:52:2a,-54,11,0,0,0,0,0,0,0,0,0,-97,0,11,2,494141146,0,83,0,128,0,"[0,0,0,0,0,0,0,0,0,0,0,0,-7,-13,-6,-13,-6,-13,-5,-10,-3,-8,-2,-4,0,-2,0,0,3,2,3,4,5,6,6,8,6,8,6,9,6,8,7,10,6,9,6,8,6,8,5,6,4,5,3,3,1,1,0,0,-3,-3,-5,-6,0,0,-9,-10,-10,-12,-11,-13,-12,-13,-10,-13,-10,-12,-10,-10,-8,-9,-6,-7,-5,-5,-3,-3,-2,-1,0,0,0,2,1,4,3,6,4,9,4,10,5,11,6,12,6,12,6,12,6,11,5,10,4,8,3,6,0,0,0,0,0,0,0,0,0,0]"
CSI_DATA,37661,80:af:ca:27:52:2a,-55,11,1,1,1,1,1,0,0,0,0,-97,0,11,2,494148298,0,83,1,128,0,"[0,0,0,0,0,0,0,0,0,0,0,0,2,-2,5,-2,6,-2,9,-2,10,-2,11,-2,11,-2,11,-2,11,-2,10,-2,9,-2,8,-1,5,-1,3,0,1,0,0,0,-2,0,-5,0,-7,0,-8,1,-10,1,-11,1,-11,2,-11,2,-11,2,-11,2,0,0,-8,1,-6,0,-4,0,-2,0,0,0,2,0,3,0,5,0,7,0,8,0,8,0,9,0,9,0,8,0,8,0,7,0,5,0,4,0,3,0,1,0,0,-1,-1,-1,-2,-1,-3,-2,-4,-2,-5,-2,0,0,0,0,0,0,0,0,0,0]"
CSI_DATA,37662,80:af:ca:27:52:2a,-54,11,0,0,0,0,0,0,0,0,0,-97,0,11,2,494157467,0,83,0,128,0,"[0,0,0,0,0,0,0,0,0,0,0,0,3,3,4,7,5,11,6,11,6,13,5,14,5,14,5,14,4,12,3,11,3,10,2,7,1,4,0,2,0,0,-1,-2,-2,-4,-3,-6,-3,-10,-4,-11,-5,-13,-5,-15,-5,-15,-5,-17,-6,-17,-5,-16,0,0,-4,-12,-3,-8,-3,-6,-2,-2,-2,1,-1,4,-1,6,-1,8,-1,10,0,11,-1,13,-1,12,-1,13,-1,13,-1,12,-1,11,0,10,0,7,0,5,1,3,2,0,2,-2,3,-5,4,-6,5,-8,5,-10,0,0,0,0,0,0,0,0,0,0]"
CSI_DATA,37663,80:af:ca:27:52:2a,-54,11,1,1,1,1,1,0,0,0,0,-97,0,11,2,494165035,0,83,1,128,0,"[0,0,0,0,0,0,0,0,0,0,0,0,3,0,5,0,7,1,8,2,9,2,9,2,9,2,9,2,9,2,8,2,7,2,5,2,4,1,2,0,0,0,-1,0,-3,-1,-4,-1,-7,-2,-7,-2,-9,-2,-9,-2,-9,-2,-9,-2,-9,-2,-9,-2,0,0,-7,-2,-4,-1,-3,-1,-2,0,0,0,2,0,3,1,4,2,5,2,6,2,7,3,7,3,7,3,7,3,6,2,5,2,4,2,3,1,2,0,1,0,0,0,0,-2,-1,-2,-2,-3,-2,-4,-3,-4,0,0,0,0,0,0,0,0,0,0]"
CSI_DATA,37664,80:af:ca:27:52:2a,-54,11,1,1,1,1,1,0,0,0,0,-97,0,11,2,494171577,0,83,1,128,0,"[0,0,0,0,0,0,0,0,0,0,0,0,-6,6,-5,6,-5,5,-4,4,-3,2,-2,1,-1,0,0,-1,0,-2,1,-4,2,-5,2,-6,2,-7,2,-8,3,-8,3,-8,2,-8,2,-8,2,-6,1,-5,1,-4,1,-2,0,-1,0,0,0,1,-1,3,0,0,-1,6,-1,6,-1,7,-1,8,-2,8,-2,8,-1,7,-1,6,-1,5,-1,4,0,2,0,1,0,0,0,-1,0,-2,1,-4,1,-5,1,-5,1,-6,1,-6,1,-6,1,-6,1,-5,1,-5,0,-4,0,-3,0,0,0,0,0,0,0,0,0,0]"
CSI_DATA,37665,80:af:ca:27:52:2a,-54,11,1,1,1,1,1,0,0,0,0,-97,0,11,2,494181279,0,83,1,128,0,"[0,0,0,0,0,0,0,0,0,0,0,0,-9,0,-9,0,-8,0,-6,0,-5,0,-3,0,-1,-1,0,-1,2,-1,4,-1,5,-2,6,-2,7,-2,8,-2,8,-2,9,-2,8,-2,8,-2,6,-2,5,-2,4,-1,2,-1,1,0,0,0,-2,1,-4,1,0,0,-6,2,-7,3,-8,3,-8,4,-8,4,-8,3,-8,3,-6,2,-5,2,-4,2,-2,1,-1,0,0,0,1,0,2,-1,4,-1,4,-2,5,-2,5,-2,5,-2,6,-2,5,-2,5,-2,4,-2,4,-2,2,-1,0,0,0,0,0,0,0,0,0,0]"
CSI_DATA,37666,80:af:ca:27:52:2a,-55,11,1,1,1,1,1,0,0,0,0,-97,0,11,2,494189356,0,83,1,128,0,"[0,0,0,0,0,0,0,0,0,0,0,0,-3,-1,-4,-2,-6,-3,-7,-4,-7,-5,-8,-6,-8,-6,-8,-6,-8,-6,-7,-6,-7,-5,-5,-4,-4,-3,-2,-2,0,-1,0,0,2,0,3,2,4,2,6,3,7,4,7,4,8,4,8,5,8,4,7,4,0,0,5,3,4,2,2,1,1,0,0,-1,-2,-2,-2,-3,-4,-4,-5,-4,-6,-5,-7,-6,-7,-7,-7,-6,-6,-6,-6,-5,-5,-4,-4,-4,-4,-3,-3,-2,-2,0,-1,0,0,1,0,2,0,3,1,4,1,4,0,0,0,0,0,0,0,0,0,0]"
CSI_DATA,37667,80:af:ca:27:52:2a,-54,11,0,0,0,0,0,0,0,0,0,-97,0,11,2,494199672,0,83,0,128,0,"[0,0,0,0,0,0,0,0,0,0,0,0,-3,2,-7,3,-10,3,-12,5,-14,5,-14,5,-15,5,-15,5,-14,4,-12,4,-11,4,-10,3,-7,2,-5,1,-2,0,0,-2,2,-3,4,-4,6,-5,8,-7,9,-8,11,-10,11,-10,14,-12,13,-12,12,-11,0,0,9,-9,7,-7,5,-5,2,-2,-1,0,-3,2,-5,4,-7,5,-8,6,-9,7,-10,8,-10,8,-10,8,-10,8,-10,8,-9,7,-8,7,-7,5,-5,4,-3,2,0,0,2,-1,4,-3,6,-4,7,-5,8,-6,0,0,0,0,0,0,0,0,0,0]"
CSI_DATA,37668,80:af:ca:27:52:2a,-54,11,1,1,1,1,1,0,0,0,0,-97,0,11,2,494208694,0,83,1,128,0,"[0,0,0,0,0,0,0,0,0,0,0,0,4,8,4,8,3,6,2,6,1,4,1,2,0,1,-1,0,-2,-1,-3,-2,-4,-4,-5,-5,-6,-6,-6,-6,-6,-6,-7,-7,-6,-6,-6,-6,-5,-5,-5,-5,-4,-4,-2,-2,-1,-1,0,0,1,0,2,1,0,0,5,3,6,4,6,4,7,4,7,5,6,4,6,4,5,3,4,2,4,2,2,1,1,0,0,0,-1,-1,-2,-2,-3,-2,-4,-3,-4,-3,-5,-4,-5,-4,-5,-4,-5,-4,-5,-3,-4,-2,-4,-2,-3,-2,0,0,0,0,0,0,0,0,0,0]"
CSI_DATA,37669,80:af:ca:27:52:2a,-55,11,1,1,1,1,1,0,0,0,0,-97,0,11,2,494216798,0,83,1,128,0,"[0,0,0,0,0,0,0,0,0,0,0,0,-2,2,-5,4,-6,5,-8,5,-8,6,-9,6,-10,6,-10,6,-9,5,-8,5,-8,5,-6,3,-5,2,-3,1,-1,0,0,-1,1,-2,3,-4,5,-5,5,-5,6,-6,7,-7,8,-8,8,-8,8,-8,6,-7,0,0,5,-5,3,-4,2,-2,0,-2,0,0,-2,0,-3,2,-5,2,-6,4,-7,5,-8,5,-8,5,-8,5,-8,5,-7,5,-6,4,-5,3,-3,2,-2,2,-1,1,0,0,0,0,2,0,3,-1,4,-1,5,-2,0,0,0,0,0,0,0,0,0,0]"
CSI_DATA,37670,80:af:ca:27:52:2a,-54,11,1,1,1,1,1,0,0,0,0,-97,0,11,2,494225412,0,83,1,128,0,"[0,0,0,0,0,0,0,0,0,0,0,0,3,1,5,2,6,4,7,5,8,6,8,7,8,7,8,7,8,7,7,6,6,5,5,4,3,2,2,2,0,0,-1,0,-2,-2,-5,-3,-6,-5,-7,-5,-8,-6,-8,-7,-9,-7,-9,-7,-9,-6,-8,-6,0,0,-6,-4,-5,-3,-3,-2,-2,0,0,0,1,1,2,2,4,4,5,5,5,5,6,6,6,6,6,6,5,6,5,5,5,5,4,3,2,2,2,1,1,0,0,0,0,-2,-1,-2,-2,-4,-2,-5,-2,-5,0,0,0,0,0,0,0,0,0,0]"
CSI_DATA,37671,80:af:ca:27:52:2a,-54,11,0,0,0,0,0,0,0,0,0,-97,0,11,2,494234734,0,83,0,128,0,"[0,0,0,0,0,0,0,0,0,0,0,0,1,4,1,7,0,11,1,13,1,15,0,14,1,15,1,15,1,13,0,11,0,9,0,8,0,5,-1,3,-1,1,-1,-1,-2,-3,-2,-6,-3,-8,-4,-10,-5,-11,-5,-14,-6,-15,-6,-17,-6,-17,-6,-16,0,0,-5,-11,-4,-9,-3,-6,-1,-3,0,0,1,3,2,5,3,7,3,9,4,9,4,11,4,11,4,11,4,11,4,10,4,9,4,8,3,6,2,4,1,2,0,-1,-1,-3,-1,-6,-1,-8,-2,-10,-2,-10,0,0,0,0,0,0,0,0,0,0]"
CSI_DATA,37672,80:af:ca:27:52:2a,-55,11,1,1,1,1,1,0,0,0,0,-97,0,11,2,494258471,0,83,1,128,0,"[0,0,0,0,0,0,0,0,0,0,0,0,-4,0,-6,0,-7,0,-8,0,-9,-1,-10,-1,-11,-1,-10,-1,-10,-1,-8,-1,-8,-1,-6,-1,-4,-1,-2,-1,-1,-1,0,-1,2,-1,4,-1,6,-1,7,-2,8,-2,8,-2,9,-2,9,-2,8,-2,8,-2,0,0,6,-2,4,-1,2,-1,0,0,-1,0,-2,0,-4,0,-6,1,-7,2,-8,2,-8,2,-8,2,-8,2,-8,2,-7,2,-6,2,-5,2,-4,1,-2,1,-1,0,0,0,1,0,2,0,3,0,4,0,4,0,0,0,0,0,0,0,0,0,0,0]"
CSI_DATA,37673,80:af:ca:27:52:2a,-54,11,0,0,0,0,0,0,0,0,0,-97,0,11,2,494270801,0,83,0,128,0,"[0,0,0,0,0,0,0,0,0,0,0,0,13,5,12,5,11,5,8,4,6,3,4,2,0,1,-1,0,-4,0,-6,-1,-8,-1,-10,-2,-11,-2,-12,-3,-12,-2,-13,-2,-12,-2,-12,-1,-11,-2,-9,-2,-8,-1,-5,-1,-3,0,0,0,4,0,6,0,0,0,13,0,15,0,16,0,17,0,16,0,15,0,13,0,11,0,9,0,7,0,4,0,1,0,0,0,-3,-1,-5,-1,-8,-1,-10,-2,-11,-3,-13,-3,-13,-3,-14,-3,-14,-2,-13,-2,-12,-2,-10,-1,-8,0,0,0,0,0,0,0,0,0,0,0]"
CSI_DATA,37674,80:af:ca:27:52:2a,-54,11,1,1,1,1,1,0,0,0,0,-97,0,11,2,494279292,0,83,1,128,0,"[0,0,0,0,0,0,0,0,0,0,0,0,-10,1,-9,1,-8,0,-7,1,-4,0,-3,-1,-1,1,0,-2,3,0,1,-3,2,-4,3,-4,4,-4,4,-4,5,-4,9,-7,8,-7,6,-4,5,-3,4,-4,3,-3,2,-2,1,-1,0,0,-1,1,-2,2,0,0,-3,4,-4,6,-4,7,-4,6,-5,6,-4,7,-4,6,-2,6,-3,5,-1,3,-1,2,0,0,0,0,0,-1,1,-2,2,-3,1,-4,2,-4,2,-6,2,-6,1,-5,2,-6,1,-4,1,-3,1,-3,1,-2,0,0,0,0,0,0,0,0,0,0]"
CSI_DATA,37675,80:af:ca:27:52:2a,-54,11,0,0,0,0,0,0,0,0,0,-97,0,11,2,494291484,0,83,0,128,0,"[0,0,0,0,0,0,0,0,0,0,0,0,-12,5,-13,4,-12,3,-9,2,-7,1,-4,0,-1,0,0,-1,2,-3,5,-4,7,-5,9,-6,10,-6,10,-7,9,-7,11,-7,10,-7,9,-6,8,-6,7,-5,5,-4,3,-2,0,-1,-1,0,-4,2,-7,4,0,0,-11,7,-13,8,-14,10,-15,10,-14,9,-13,8,-11,7,-10,6,-8,5,-6,3,-4,2,-1,0,0,0,2,0,4,-1,7,-2,10,-4,11,-4,11,-5,13,-5,13,-6,12,-5,12,-5,11,-5,9,-4,6,-3,0,0,0,0,0,0,0,0,0,0]"
CSI_DATA,37676,80:af:ca:27:52:2a,-54,11,0,0,0,0,0,0,0,0,0,-97,0,11,2,494300054,0,83,0,128,0,"[0,0,0,0,0,0,0,0,0,0,0,0,-3,3,-5,5,-8,7,-8,10,-11,10,-11,10,-12,11,-11,10,-10,10,-8,8,-7,7,-6,5,-5,3,-3,2,-2,0,0,-2,1,-3,2,-5,3,-7,4,-10,5,-11,6,-14,6,-14,8,-16,7,-16,7,-15,0,0,4,-12,4,-8,2,-5,1,-3,-1,0,-2,3,-3,5,-4,6,-5,8,-5,10,-6,11,-6,11,-6,11,-6,11,-6,11,-5,10,-4,8,-4,6,-2,4,-1,2,0,0,2,-2,3,-4,4,-6,5,-7,6,-8,0,0,0,0,0,0,0,0,0,0]"
CSI_DATA,37677,80:af:ca:27:52:2a,-54,11,0,0,0,0,0,0,0,0,0,-97,0,11,2,494307146,0,83,0,128,0,"[0,0,0,0,0,0,0,0,0,0,0,0,-2,13,-3,13,-3,12,-2,9,-2,7,-2,3,-1,0,-1,-1,-1,-4,-1,-7,-1,-8,0,-11,-1,-11,0,-11,-1,-11,-1,-13,-1,-11,-1,-11,0,-11,-1,-9,-1,-7,0,-4,0,-2,0,0,0,3,1,7,0,0,2,12,2,15,3,15,3,16,2,15,2,15,2,13,1,11,1,8,1,6,0,3,0,1,0,0,0,-3,0,-6,0,-8,0,-11,0,-12,0,-13,0,-15,0,-15,0,-15,0,-13,0,-12,-1,-10,-1,-7,0,0,0,0,0,0,0,0,0,0]"
CSI_DATA,37678,80:af:ca:27:52:2a,-55,11,0,0,0,0,0,0,0,0,0,-97,0,11,2,494321580,0,83,0,128,0,"[0,0,0,0,0,0,0,0,0,0,0,0,3,11,3,12,2,11,2,8,0,6,0,3,0,0,-1,-1,-2,-3,-3,-6,-3,-7,-4,-10,-4,-10,-4,-10,-4,-10,-5,-11,-4,-10,-4,-10,-3,-9,-3,-8,-3,-6,-2,-4,0,-1,0,0,1,3,2,6,0,0,4,12,4,13,5,15,5,15,4,14,4,13,3,12,3,10,3,8,2,6,1,3,1,1,0,0,0,-3,0,-6,0,-8,0,-10,0,-12,0,-13,0,-14,0,-15,0,-15,0,-13,0,-13,0,-10,0,-8,0,0,0,0,0,0,0,0,0,0]"
CSI_DATA,37679,80:af:ca:27:52:2a,-55,11,1,1,1,1,1,0,0,0,0,-97,0,11,2,494329524,0,83,1,128,0,"[0,0,0,0,0,0,0,0,0,0,0,0,-1,2,-3,3,-4,4,-6,5,-7,6,-7,6,-8,7,-8,7,-7,7,-7,6,-6,5,-5,4,-4,3,-3,2,-2,0,0,-1,0,-2,1,-4,2,-5,3,-7,4,-7,4,-8,4,-9,4,-9,4,-9,3,-9,0,0,2,-7,2,-5,1,-3,0,-2,0,0,-1,1,-2,3,-2,4,-2,5,-3,6,-3,7,-3,7,-4,7,-3,7,-3,7,-2,6,-2,4,-1,4,-1,2,0,1,0,0,0,-1,1,-2,1,-2,2,-4,2,-4,0,0,0,0,0,0,0,0,0,0]"
CSI_DATA,37680,80:af:ca:27:52:2a,-55,11,1,1,1,1,1,0,0,0,0,-97,0,11,2,494337471,0,83,1,128,0,"[0,0,0,0,0,0,0,0,0,0,0,0,0,2,-2,5,-3,5,-4,7,-5,8,-5,8,-5,9,-5,9,-5,8,-5,8,-5,7,-4,5,-2,4,-2,2,-1,0,0,-1,0,-2,1,-4,2,-6,2,-8,2,-8,2,-9,2,-10,2,-10,2,-10,2,-9,0,0,2,-7,1,-5,0,-3,0,-2,0,0,-1,1,-2,2,-2,4,-3,6,-3,6,-3,8,-4,8,-4,8,-4,7,-3,7,-3,6,-2,5,-2,3,-1,2,0,1,0,0,0,0,1,-2,2,-2,2,-3,2,-4,0,0,0,0,0,0,0,0,0,0]"
CSI_DATA,37681,80:af:ca:27:52:2a,-54,11,0,0,0,0,0,0,0,0,0,-97,0,11,2,494350916,0,83,0,128,0,"[0,0,0,0,0,0,0,0,0,0,0,0,2,-5,5,-7,7,-9,8,-10,9,-10,10,-10,11,-10,10,-9,9,-9,8,-8,7,-7,6,-6,3,-3,2,-2,0,-1,-2,0,-4,2,-5,3,-7,4,-9,5,-10,6,-13,7,-13,8,-15,9,-15,9,-14,8,0,0,-10,6,-7,4,-5,3,-2,1,1,0,4,-1,6,-2,8,-2,9,-3,10,-3,11,-3,11,-3,11,-3,13,-3,11,-2,10,-2,9,-2,7,-2,5,-2,2,-2,0,-3,-3,-3,-5,-3,-7,-4,-9,-4,-9,-5,0,0,0,0,0,0,0,0,0,0]"
CSI_DATA,37682,80:af:ca:27:52:2a,-54,11,1,1,1,1,1,0,0,0,0,-97,0,11,2,494374304,0,83,1,128,0,"[0,0,0,0,0,0,0,0,0,0,0,0,-8,-3,-8,-3,-7,-3,-6,-3,-4,-2,-2,-2,-1,-1,0,-1,2,0,3,0,5,0,7,0,7,0,8,0,8,0,8,0,8,0,8,0,7,0,6,0,4,0,2,0,1,0,0,0,-2,0,-4,0,0,0,-7,0,-7,0,-8,1,-9,1,-9,1,-9,1,-8,1,-7,1,-6,0,-5,0,-3,0,-1,0,0,0,1,0,2,0,3,0,5,-1,5,-1,6,-1,6,-1,6,-1,6,-1,5,-1,5,-1,3,-1,3,-1,0,0,0,0,0,0,0,0,0,0]"
CSI_DATA,37683,80:af:ca:27:52:2a,-54,11,0,0,0,0,0,0,0,0,0,-97,0,11,2,494385448,0,83,0,128,0,"[0,0,0,0,0,0,0,0,0,0,0,0,-13,0,-13,0,-13,-1,-10,0,-8,-1,-4,-1,-2,-1,0,-1,2,-1,4,-1,7,-2,8,-2,9,-2,10,-2,10,-3,12,-3,11,-3,9,-3,9,-2,8,-2,6,-2,4,-1,1,-1,-1,0,-4,1,-7,1,0,0,-13,4,-14,4,-16,5,-16,5,-16,4,-15,4,-13,4,-11,4,-9,3,-7,2,-4,1,-2,0,0,0,2,0,4,0,7,-1,9,-1,11,-1,13,-2,13,-2,14,-2,14,-2,13,-2,12,-2,10,-2,8,-1,0,0,0,0,0,0,0,0,0,0]"
CSI_DATA,37684,80:af:ca:27:52:2a,-55,11,1,1,1,1,1,0,0,0,0,-97,0,11,2,494393089,0,83,1,128,0,"[0,0,0,0,0,0,0,0,0,0,0,0,-2,0,-5,0,-6,0,-8,0,-9,0,-10,0,-11,0,-11,0,-10,0,-9,0,-8,0,-7,0,-5,0,-4,0,-1,0,0,0,2,-1,4,-1,5,-2,6,-2,8,-2,8,-2,8,-2,9,-3,8,-3,8,-2,0,0,6,-2,4,-2,3,-1,1,0,0,0,-2,0,-4,0,-6,0,-7,0,-8,1,-8,1,-8,1,-9,1,-8,1,-8,1,-7,1,-6,1,-4,0,-3,0,-2,0,0,0,0,0,2,0,3,0,4,0,4,0,0,0,0,0,0,0,0,0,0,0]"
CSI_DATA,37685,80:af:ca:27:52:2a,-54,11,0,0,0,0,0,0,0,0,0,-97,0,11,2,494400322,0,83,0,128,0,"[0,0,0,0,0,0,0,0,0,0,0,0,-12,-8,-12,-8,-11,-8,-8,-6,-6,-5,-4,-4,-1,-2,1,0,3,0,5,1,8,1,9,3,10,3,11,3,10,2,12,3,11,3,10,2,9,2,8,2,6,1,4,0,1,0,-1,0,-4,0,-8,0,0,0,-13,-1,-16,-1,-17,-1,-17,-1,-17,-1,-16,-1,-14,0,-12,-1,-10,0,-7,0,-5,0,-2,0,0,0,2,0,4,0,7,0,10,0,11,1,13,1,13,2,14,1,13,1,13,1,12,1,9,0,7,0,0,0,0,0,0,0,0,0,0,0]"
CSI_DATA,37686,80:af:ca:27:52:2a,-54,11,1,1,1,1,1,0,0,0,0,-97,0,11,2,494408596,0,83,1,128,0,"[0,0,0,0,0,0,0,0,0,0,0,0,7,3,7,3,6,3,4,2,3,2,2,1,0,0,-1,0,-2,-1,-3,-2,-4,-2,-6,-3,-6,-4,-7,-4,-7,-4,-7,-4,-7,-4,-7,-3,-6,-3,-5,-3,-4,-2,-2,-1,-1,0,0,0,1,1,2,1,0,0,4,3,5,3,6,4,6,4,6,4,6,4,5,4,4,3,4,3,3,2,2,1,1,0,0,0,0,-1,-1,-2,-2,-3,-2,-4,-2,-4,-3,-4,-3,-5,-3,-5,-3,-4,-2,-4,-2,-4,-2,-3,-1,-3,0,0,0,0,0,0,0,0,0,0]"
CSI_DATA,37687,80:af:ca:27:52:2a,-54,11,0,0,0,0,0,0,0,0,0,-97,0,11,2,494424740,0,83,0,128,0,"[0,0,0,0,0,0,0,0,0,0,0,0,0,4,-1,7,-2,11,-2,12,-2,14,-3,14,-3,14,-3,14,-3,12,-3,11,-2,10,-2,8,-2,5,-1,3,-1,0,-1,-2,-1,-4,-1,-6,-1,-9,-1,-11,-1,-12,-1,-15,-2,-15,-2,-19,-2,-18,-2,-16,0,0,-2,-12,-1,-9,-1,-6,-1,-3,-1,0,-1,3,0,6,0,8,0,10,0,10,0,12,0,12,0,12,0,12,0,12,0,11,1,9,0,7,0,5,0,3,1,0,1,-3,1,-6,1,-8,1,-10,2,-10,0,0,0,0,0,0,0,0,0,0]"
CSI_DATA,37688,80:af:ca:27:52:2a,-54,11,0,0,0,0,0,0,0,0,0,-97,0,11,2,494438063,0,83,0,128,0,"[0,0,0,0,0,0,0,0,0,0,0,0,-11,-8,-11,-8,-10,-8,-7,-7,-5,-5,-3,-3,0,-2,1,0,3,0,6,1,7,2,9,3,10,3,11,3,10,3,11,3,11,3,10,3,9,3,7,2,6,1,3,0,1,0,-2,0,-5,0,-7,-1,0,0,-14,-2,-15,-3,-17,-3,-17,-3,-16,-3,-15,-3,-14,-2,-11,-1,-9,-1,-7,0,-5,0,-2,0,0,0,2,0,4,1,7,1,10,2,11,3,12,3,13,3,14,3,13,3,12,2,11,2,9,1,7,0,0,0,0,0,0,0,0,0,0,0]"
CSI_DATA,37689,80:af:ca:27:52:2a,-54,11,1,1,1,1,1,0,0,0,0,-97,0,11,2,494472023,0,83,1,128,0,"[0,0,0,0,0,0,0,0,0,0,0,0,-8,-6,-7,-6,-6,-5,-5,-5,-4,-4,-2,-2,-1,-1,0,0,2,0,3,1,5,2,6,3,6,4,8,4,8,4,8,4,8,4,7,3,6,3,5,2,4,1,2,1,1,0,0,0,-2,-1,-4,-1,0,0,-6,-2,-7,-2,-8,-3,-8,-3,-9,-4,-8,-3,-8,-3,-6,-2,-6,-2,-4,-1,-3,-1,-1,0,0,0,1,0,2,1,3,1,4,2,4,2,5,2,5,2,5,2,5,2,4,2,4,2,3,1,2,1,0,0,0,0,0,0,0,0,0,0]"
CSI_DATA,37690,80:af:ca:27:52:2a,-54,11,1,1,1,1,1,0,0,0,0,-97,0,11,2,494500605,0,83,1,128,0,"[0,0,0,0,0,0,0,0,0,0,0,0,-2,2,-5,2,-6,2,-8,3,-9,3,-10,3,-10,4,-10,4,-10,3,-9,3,-8,2,-6,2,-5,1,-3,0,-1,0,0,-1,1,-2,2,-2,4,-4,5,-5,6,-5,7,-6,8,-6,8,-6,7,-6,7,-6,0,0,5,-5,3,-3,2,-2,0,-1,0,0,-2,0,-3,2,-5,2,-6,4,-6,4,-7,5,-8,5,-8,5,-7,5,-6,4,-6,4,-5,3,-3,2,-2,1,-1,0,0,0,1,0,2,-1,2,-1,4,-2,5,-2,0,0,0,0,0,0,0,0,0,0]"
CSI_DATA,37691,80:af:ca:27:52:2a,-54,11,1,1,1,1,1,0,0,0,0,-97,0,11,2,494509384,0,83,1,128,0,"[0,0,0,0,0,0,0,0,0,0,0,0,7,-4,6,-4,6,-3,4,-3,3,-2,2,-1,1,0,0,0,-1,1,-2,2,-3,3,-4,4,-5,5,-5,6,-6,6,-6,6,-5,6,-4,6,-4,5,-3,4,-3,3,-2,2,-1,0,0,0,0,-2,1,-3,0,0,2,-6,3,-7,3,-7,3,-8,3,-8,3,-7,3,-7,2,-6,2,-5,1,-4,1,-3,0,-1,0,0,-1,1,-1,2,-2,3,-2,4,-3,4,-3,4,-3,4,-3,5,-3,4,-3,4,-2,4,-2,3,-1,2,0,0,0,0,0,0,0,0,0,0]"
CSI_DATA,37692,80:af:ca:27:52:2a,-54,11,1,1,1,1,1,0,0,0,0,-97,0,11,2,494516127,0,83,1,128,0,"[0,0,0,0,0,0,0,0,0,0,0,0,2,7,2,7,1,6,1,5,0,4,0,2,0,1,-1,0,-1,-2,-2,-3,-3,-4,-3,-5,-4,-6,-4,-6,-4,-7,-4,-7,-4,-7,-4,-6,-4,-5,-3,-4,-2,-3,-2,-2,-1,-1,0,0,1,1,2,2,0,0,3,4,4,5,4,5,5,5,5,6,4,6,4,5,4,4,3,4,3,3,2,2,1,0,0,0,0,-1,-1,-2,-2,-3,-2,-4,-3,-4,-3,-5,-3,-5,-3,-5,-3,-5,-3,-5,-3,-4,-2,-4,-2,-3,0,0,0,0,0,0,0,0,0,0]"
CSI_DATA,37693,80:af:ca:27:52:2a,-55,11,1,1,1,1,1,0,0,0,0,-97,0,11,2,494525242,0,83,1,128,0,"[0,0,0,0,0,0,0,0,0,0,0,0,-1,2,-2,4,-4,5,-4,6,-5,7,-6,7,-6,8,-6,7,-6,7,-5,7,-5,6,-4,5,-3,4,-2,2,-1,0,0,0,0,-2,0,-4,2,-5,2,-7,2,-8,2,-9,2,-9,2,-9,2,-9,2,-9,0,0,2,-7,1,-5,0,-3,0,-2,0,0,-1,1,-1,3,-2,4,-2,6,-2,7,-2,7,-2,7,-3,7,-2,7,-2,7,-2,6,-2,4,-1,4,0,2,0,1,0,0,0,-1,1,-2,1,-3,2,-4,2,-4,0,0,0,0,0,0,0,0,0,0]"
CSI_DATA,37694,80:af:ca:27:52:2a,-54,11,0,0,0,0,0,0,0,0,0,-97,0,11,2,494536333,0,83,0,128,0,"[0,0,0,0,0,0,0,0,0,0,0,0,10,9,10,10,8,9,7,7,5,5,3,3,0,2,-2,0,-3,0,-6,-2,-8,-3,-10,-4,-11,-4,-11,-4,-11,-3,-12,-4,-12,-3,-11,-3,-11,-3,-9,-2,-7,-2,-5,-2,-3,-1,0,-1,3,-1,7,0,0,0,12,0,14,0,16,-1,16,-1,15,-1,15,-1,13,-2,11,-1,9,-1,7,-1,4,0,2,0,0,0,-3,0,-5,0,-7,0,-10,1,-11,0,-12,1,-14,1,-14,2,-14,2,-13,2,-11,2,-10,2,-7,1,0,0,0,0,0,0,0,0,0,0]"
CSI_DATA,37695,80:af:ca:27:52:2a,-54,11,0,0,0,0,0,0,0,0,0,-97,0,11,2,494546023,0,83,0,128,0,"[0,0,0,0,0,0,0,0,0,0,0,0,2,-14,3,-14,3,-12,2,-10,2,-7,1,-3,0,0,0,1,0,4,0,6,0,8,-1,10,-1,11,-1,11,-1,11,-2,12,-2,11,-1,10,-1,9,-1,8,0,6,0,3,0,1,0,-2,0,-5,0,-8,0,0,1,-13,2,-15,2,-17,2,-17,2,-16,1,-15,1,-14,1,-11,0,-10,0,-7,0,-5,0,-3,-1,0,-2,2,-3,3,-3,6,-5,8,-6,10,-6,11,-7,11,-7,12,-7,12,-6,11,-5,10,-4,8,-3,7,0,0,0,0,0,0,0,0,0,0]"
CSI_DATA,37696,80:af:ca:27:52:2a,-54,11,1,1,1,1,1,0,0,0,0,-97,0,11,2,494555023,0,83,1,128,0,"[0,0,0,0,0,0,0,0,0,0,0,0,-4,1,-6,0,-7,0,-9,0,-10,0,-10,0,-11,0,-10,0,-10,0,-9,0,-8,0,-7,0,-4,0,-3,0,-1,0,0,0,2,-1,4,-1,6,-2,7,-2,8,-2,9,-2,9,-2,9,-2,9,-2,8,-2,0,0,6,-2,4,-1,2,-1,1,0,0,0,-2,0,-4,0,-6,0,-7,0,-8,1,-9,1,-9,1,-9,1,-9,1,-8,1,-7,0,-6,0,-4,0,-3,0,-1,0,0,0,0,0,2,0,3,0,4,0,4,0,0,0,0,0,0,0,0,0,0,0]"
CSI_DATA,37697,80:af:ca:27:52:2a,-54,11,0,0,0,0,0,0,0,0,0,-97,0,11,2,494565346,0,83,0,128,0,"[0,0,0,0,0,0,0,0,0,0,0,0,-9,10,-9,10,-9,9,-6,6,-5,4,-3,2,-2,0,0,-2,0,-3,1,-6,3,-8,3,-9,3,-10,4,-10,3,-10,4,-12,3,-11,3,-10,3,-10,3,-8,2,-6,1,-5,0,-2,0,0,0,3,-1,6,0,0,-3,12,-3,14,-3,16,-3,16,-3,15,-3,14,-3,13,-3,10,-2,9,-1,6,0,4,0,2,0,0,0,-3,1,-5,1,-7,2,-10,3,-11,3,-13,4,-13,3,-14,3,-14,3,-13,3,-12,2,-10,1,-7,0,0,0,0,0,0,0,0,0,0]"
CSI_DATA,37698,80:af:ca:27:52:2a,-54,11,0,0,0,0,0,0,0,0,0,-97,0,11,2,494576121,0,83,0,128,0,"[0,0,0,0,0,0,0,0,0,0,0,0,0,12,0,12,0,11,0,9,0,6,0,3,-1,0,-2,-1,-3,-3,-3,-6,-3,-8,-4,-10,-4,-10,-5,-10,-5,-10,-6,-11,-5,-10,-5,-10,-4,-9,-4,-8,-3,-6,-2,-4,0,-2,0,0,3,3,4,5,0,0,8,10,9,11,10,12,10,13,10,12,9,11,8,10,6,8,6,6,4,4,3,3,1,0,0,0,-1,-3,-3,-5,-4,-6,-6,-8,-6,-10,-8,-11,-8,-12,-9,-12,-9,-12,-9,-11,-8,-10,-6,-8,-5,-6,0,0,0,0,0,0,0,0,0,0]"
CSI_DATA,37699,80:af:ca:27:52:2a,-55,11,0,0,0,0,0,0,0,0,0,-97,0,11,2,494587239,0,83,0,128,0,"[0,0,0,0,0,0,0,0,0,0,0,0,-2,-12,-2,-13,-1,-12,-1,-9,0,-7,0,-4,0,-2,1,0,2,2,2,4,3,6,3,8,4,8,4,9,4,8,5,10,4,9,5,8,4,8,3,7,2,5,2,3,0,1,0,0,-2,-3,-4,-5,0,0,-8,-10,-8,-11,-10,-13,-10,-13,-9,-13,-9,-12,-8,-10,-7,-9,-6,-8,-5,-5,-4,-4,-2,-2,0,0,0,2,1,3,2,5,4,8,5,9,5,10,6,11,6,12,6,12,7,11,6,10,5,8,4,6,0,0,0,0,0,0,0,0,0,0]"
CSI_DATA,37700,80:af:ca:27:52:2a,-54,11,1,1,1,1,1,0,0,0,0,-97,0,11,2,494596448,0,83,1,128,0,"[0,0,0,0,0,0,0,0,0,0,0,0,-7,-6,-6,-5,-5,-5,-4,-4,-3,-3,-2,-2,0,-1,0,0,2,0,3,1,5,1,6,2,6,2,7,2,7,3,7,2,7,2,7,2,6,2,5,1,3,1,2,1,0,0,0,0,-2,0,-3,0,0,0,-6,-1,-7,-1,-7,-1,-8,-1,-8,-1,-8,-1,-7,-1,-6,-1,-6,-1,-4,-1,-3,0,-1,0,0,0,1,0,2,0,3,0,4,1,5,1,5,1,5,1,5,1,5,1,5,1,4,0,3,0,2,0,0,0,0,0,0,0,0,0,0,0]"
CSI_DATA,37701,80:af:ca:27:52:2a,-55,11,1,1,1,1,1,0,0,0,0,-97,0,11,2,494604767,0,83,1,128,0,"[0,0,0,0,0,0,0,0,0,0,0,0,2,2,3,3,4,5,5,7,5,8,5,8,5,9,5,8,5,8,5,8,4,7,3,5,2,4,1,2,0,0,0,0,-2,-2,-3,-3,-4,-5,-5,-6,-5,-7,-6,-8,-7,-8,-7,-8,-6,-8,-6,-7,0,0,-5,-5,-4,-4,-2,-3,-2,-1,0,0,0,1,1,2,2,4,3,5,3,6,4,6,4,7,4,7,4,7,4,6,3,5,2,4,2,3,1,2,1,0,0,0,0,-1,0,-2,0,-3,-1,-5,-1,-5,0,0,0,0,0,0,0,0,0,0]"
CSI_DATA,37702,80:af:ca:27:52:2a,-54,11,0,0,0,0,0,0,0,0,0,-97,0,11,2,494618480,0,83,0,128,0,"[0,0,0,0,0,0,0,0,0,0,0,0,-13,3,-14,3,-12,2,-10,1,-7,0,-4,0,-1,0,0,-2,3,-3,6,-4,8,-5,10,-5,10,-6,11,-6,10,-6,11,-7,11,-6,9,-6,9,-5,7,-5,5,-4,3,-2,0,-1,-1,0,-4,2,-7,4,0,0,-11,8,-13,9,-15,10,-14,10,-14,9,-13,9,-11,8,-10,6,-8,5,-6,3,-4,2,-1,1,0,0,2,-1,4,-2,7,-3,9,-5,11,-5,11,-6,12,-6,12,-7,12,-7,11,-6,11,-6,9,-5,6,-4,0,0,0,0,0,0,0,0,0,0]"
CSI_DATA,37703,80:af:ca:27:52:2a,-54,11,1,1,1,1,1,0,0,0,0,-97,0,11,2,494627424,0,83,1,128,0,"[0,0,0,0,0,0,0,0,0,0,0,0,1,9,1,8,1,6,1,6,0,4,0,2,0,1,-1,-1,-1,-2,-2,-4,-2,-5,-3,-6,-3,-8,-4,-8,-4,-8,-4,-8,-4,-8,-4,-8,-4,-6,-2,-5,-2,-4,-1,-2,-1,-1,0,0,1,1,1,2,0,0,3,5,4,6,4,6,4,7,4,7,4,7,4,6,3,5,2,5,2,4,1,2,0,1,0,0,0,-1,-1,-2,-1,-4,-2,-5,-2,-5,-2,-6,-2,-6,-2,-6,-2,-6,-2,-5,-2,-5,-2,-4,-1,-3,0,0,0,0,0,0,0,0,0,0]"
CSI_DATA,37704,80:af:ca:27:52:2a,-54,11,1,1,1,1,1,0,0,0,0,-97,0,11,2,494636130,0,83,1,128,0,"[0,0,0,0,0,0,0,0,0,0,0,0,7,5,6,4,5,4,4,3,3,2,1,2,0,1,-1,0,-2,0,-4,-1,-6,-1,-7,-2,-7,-2,-8,-3,-8,-2,-9,-3,-8,-2,-8,-2,-7,-2,-6,-1,-4,-1,-3,-1,-1,0,0,0,1,0,3,0,0,0,6,0,7,0,8,0,8,0,8,0,8,0,7,0,7,0,6,0,4,0,2,0,1,0,0,0,-1,0,-3,0,-4,0,-5,0,-6,0,-6,0,-6,0,-6,0,-6,0,-6,0,-5,0,-4,0,-3,0,0,0,0,0,0,0,0,0,0,0]"
CSI_DATA,37705,80:af:ca:27:52:2a,-55,11,1,1,1,1,1,0,0,0,0,-97,0,11,2,494644286,0,83,1,128,0,"[0,0,0,0,0,0,0,0,0,0,0,0,2,2,2,4,2,6,2,8,2,9,2,9,3,10,2,10,2,9,2,9,2,8,2,6,1,5,0,3,0,1,-1,0,-2,-2,-4,-3,-5,-5,-6,-5,-6,-6,-8,-7,-8,-8,-8,-8,-8,-7,-8,-6,0,0,-5,-5,-5,-3,-3,-2,-2,-1,0,0,1,0,3,2,5,2,6,3,7,3,8,3,8,4,8,4,8,3,8,2,6,2,5,2,4,1,2,0,1,0,0,0,-1,-1,-2,-2,-3,-2,-4,-2,-5,-3,0,0,0,0,0,0,0,0,0,0]"
CSI_DATA,37706,80:af:ca:27:52:2a,-54,11,0,0,0,0,0,0,0,0,0,-97,0,11,2,494662360,0,83,0,128,0,"[0,0,0,0,0,0,0,0,0,0,0,0,-1,4,-4,7,-6,9,-6,11,-8,12,-9,12,-9,13,-9,12,-8,11,-7,10,-6,9,-6,7,-4,5,-3,3,-2,0,-1,-2,0,-4,1,-6,2,-8,3,-10,3,-12,4,-15,4,-15,5,-17,4,-17,4,-16,0,0,3,-12,2,-10,1,-7,0,-3,-1,0,-2,3,-3,5,-3,7,-4,9,-4,10,-5,11,-4,11,-5,12,-5,12,-4,11,-4,11,-3,10,-3,7,-2,5,-1,3,0,1,2,-2,3,-4,4,-7,5,-8,5,-9,0,0,0,0,0,0,0,0,0,0]"
CSI_DATA,37707,80:af:ca:27:52:2a,-54,11,1,1,1,1,1,0,0,0,0,-97,0,11,2,494671368,0,83,1,128,0,"[0,0,0,0,0,0,0,0,0,0,0,0,-8,3,-7,3,-6,2,-6,2,-4,1,-3,0,-1,0,0,-1,1,-1,2,-2,3,-3,4,-3,6,-4,6,-4,6,-4,6,-4,6,-4,6,-4,5,-4,4,-3,3,-2,2,-2,1,-1,0,0,-1,0,-2,1,0,0,-4,3,-5,3,-6,4,-6,4,-7,4,-6,4,-6,3,-5,3,-4,2,-3,2,-2,1,-1,1,0,0,0,0,2,-1,2,-1,3,-1,4,-2,4,-2,4,-2,4,-2,4,-2,4,-2,3,-2,3,-1,2,-1,0,0,0,0,0,0,0,0,0,0]"
CSI_DATA,37708,80:af:ca:27:52:2a,-54,11,1,1,1,1,1,0,0,0,0,-97,0,11,2,494681761,0,83,1,128,0,"[0,0,0,0,0,0,0,0,0,0,0,0,-2,-4,-2,-7,-2,-8,-2,-9,-2,-11,-2,-11,-2,-12,-1,-11,-1,-11,-1,-9,-1,-8,0,-7,0,-4,0,-2,0,0,0,1,0,2,0,4,0,7,0,8,1,9,1,9,2,10,1,9,2,9,1,9,0,0,1,6,0,4,0,2,0,0,0,-1,0,-2,0,-4,0,-6,0,-7,0,-9,0,-9,0,-9,0,-9,0,-9,0,-9,0,-7,0,-6,0,-4,0,-3,0,-2,-1,0,-1,0,-1,2,-2,2,-2,4,-2,4,0,0,0,0,0,0,0,0,0,0]"
CSI_DATA,37709,80:af:ca:27:52:2a,-54,11,0,0,0,0,0,0,0,0,0,-97,0,11,2,494693812,0,83,0,128,0,"[0,0,0,0,0,0,0,0,0,0,0,0,-1,4,-4,6,-6,9,-6,11,-8,12,-8,12,-9,12,-8,12,-8,11,-7,10,-6,9,-5,7,-4,4,-3,2,-1,0,0,-2,1,-3,2,-6,3,-8,4,-9,4,-11,5,-14,5,-14,7,-16,6,-16,6,-15,0,0,4,-12,3,-9,2,-6,0,-3,-1,0,-2,2,-4,5,-5,7,-5,8,-6,9,-7,10,-7,10,-7,10,-7,11,-7,10,-6,9,-6,8,-5,7,-3,5,-2,3,0,0,2,-2,4,-4,6,-5,7,-7,8,-7,0,0,0,0,0,0,0,0,0,0]"
CSI_DATA,37710,80:af:ca:27:52:2a,-54,11,1,1,1,1,1,0,0,0,0,-97,0,11,2,494700604,0,83,1,128,0,"[0,0,0,0,0,0,0,0,0,0,0,0,2,-2,4,-3,6,-4,8,-4,9,-5,10,-5,10,-5,10,-4,10,-4,9,-4,8,-3,6,-3,4,-2,2,-1,0,0,-1,0,-2,1,-4,2,-6,3,-8,4,-8,4,-9,5,-9,5,-9,5,-9,5,-8,5,0,0,-6,3,-5,2,-2,2,-1,0,0,0,2,-1,3,-2,5,-2,6,-3,7,-4,8,-5,8,-5,8,-5,8,-4,7,-4,6,-4,5,-3,3,-2,2,-2,0,-1,0,-1,-2,0,-2,0,-4,0,-5,0,-5,0,0,0,0,0,0,0,0,0,0,0]"
CSI_DATA,37711,80:af:ca:27:52:2a,-55,11,0,0,0,0,0,0,0,0,0,-97,0,11,2,494710555,0,83,0,128,0,"[0,0,0,0,0,0,0,0,0,0,0,0,2,2,3,5,3,8,3,9,4,11,3,11,3,12,3,12,3,11,3,10,3,9,2,7,1,5,0,3,0,0,-1,0,-2,-2,-3,-4,-3,-7,-4,-8,-6,-10,-7,-11,-8,-12,-8,-15,-9,-14,-8,-13,0,0,-7,-10,-5,-7,-3,-5,-2,-2,0,0,0,2,2,4,3,6,3,7,4,9,5,10,5,10,4,10,5,11,5,11,4,9,4,8,3,7,3,4,2,2,1,0,0,-2,0,-5,0,-7,-1,-9,-1,-10,0,0,0,0,0,0,0,0,0,0]"
CSI_DATA,37712,80:af:ca:27:52:2a,-55,11,1,1,1,1,1,0,0,0,0,-97,0,11,2,494719075,0,83,1,128,0,"[0,0,0,0,0,0,0,0,0,0,0,0,-1,2,-2,4,-3,5,-4,6,-4,7,-5,8,-6,8,-5,8,-5,8,-5,7,-4,6,-4,5,-2,4,-2,2,-1,0,0,-1,0,-2,0,-4,1,-6,2,-7,2,-8,2,-9,2,-9,2,-9,2,-9,2,-8,0,0,1,-6,0,-5,0,-3,0,-2,0,0,-1,1,-1,3,-2,4,-2,6,-2,6,-2,7,-2,8,-2,8,-2,8,-2,7,-2,6,-2,5,-1,4,-1,2,0,1,0,0,0,0,1,-2,1,-3,2,-4,2,-4,0,0,0,0,0,0,0,0,0,0]"
CSI_DATA,37713,80:af:ca:27:52:2a,-54,11,0,0,0,0,0,0,0,0,0,-97,0,11,2,494734513,0,83,0,128,0,"[0,0,0,0,0,0,0,0,0,0,0,0,1,3,1,7,1,11,1,12,1,14,0,14,0,15,0,14,0,13,0,12,0,10,-1,9,-1,5,-1,3,-1,1,-1,-1,-1,-4,-1,-6,-1,-9,-1,-11,-2,-12,-2,-15,-2,-16,-1,-19,-2,-19,-1,-16,0,0,-1,-12,-1,-10,-1,-7,-1,-3,-1,0,-1,3,-2,5,-2,7,-2,9,-2,10,-3,12,-3,11,-3,11,-3,12,-3,11,-2,10,-2,10,-2,7,-1,5,0,3,1,1,2,-2,3,-4,4,-6,5,-8,5,-8,0,0,0,0,0,0,0,0,0,0]"
CSI_DATA,37714,80:af:ca:27:52:2a,-54,11,0,0,0,0,0,0,0,0,0,-97,0,11,2,494746064,0,83,0,128,0,"[0,0,0,0,0,0,0,0,0,0,0,0,-13,-6,-12,-7,-10,-7,-8,-5,-5,-4,-3,-3,0,-1,1,0,4,1,5,2,8,4,8,4,9,4,10,5,9,4,10,5,9,5,8,4,8,4,7,4,5,2,3,1,1,0,-1,-1,-4,-4,-6,-5,0,0,-11,-8,-13,-9,-13,-10,-13,-10,-13,-10,-12,-9,-11,-8,-9,-8,-8,-6,-6,-4,-4,-3,-3,0,-1,0,0,2,1,4,2,6,4,8,4,10,5,11,5,13,6,13,5,13,5,12,4,11,4,8,3,7,0,0,0,0,0,0,0,0,0,0]"
CSI_DATA,37715,80:af:ca:27:52:2a,-55,11,1,1,1,1,1,0,0,0,0,-97,0,11,2,494769562,0,83,1,128,0,"[0,0,0,0,0,0,0,0,0,0,0,0,-2,-2,-4,-4,-4,-5,-6,-7,-6,-7,-7,-8,-7,-9,-7,-9,-7,-9,-6,-8,-5,-7,-4,-6,-3,-4,-2,-3,-1,-1,0,0,1,0,3,2,4,3,6,4,7,5,7,5,7,6,8,6,8,6,7,5,0,0,5,4,4,2,2,2,1,0,0,0,-2,-1,-3,-2,-4,-4,-6,-4,-7,-5,-7,-6,-7,-6,-7,-6,-7,-6,-7,-5,-6,-4,-5,-4,-4,-3,-3,-2,-2,-1,-1,0,0,0,0,2,1,2,2,3,2,4,0,0,0,0,0,0,0,0,0,0]"
CSI_DATA,37716,80:af:ca:27:52:2a,-54,11,0,0,0,0,0,0,0,0,0,-97,0,11,2,494779314,0,83,0,128,0,"[0,0,0,0,0,0,0,0,0,0,0,0,-10,-9,-10,-10,-8,-9,-7,-7,-4,-5,-3,-3,0,-1,1,0,3,1,4,3,7,3,7,5,8,6,8,6,8,6,9,7,8,6,8,5,7,5,6,4,4,3,3,2,0,0,-1,-1,-4,-3,-7,-5,0,0,-11,-7,-12,-9,-14,-10,-14,-10,-13,-10,-12,-9,-11,-8,-9,-7,-8,-5,-6,-3,-4,-2,-3,0,0,0,0,3,2,4,3,6,6,7,6,10,7,11,7,11,8,11,8,11,7,11,7,9,6,7,4,5,0,0,0,0,0,0,0,0,0,0]"
CSI_DATA,37717,80:af:ca:27:52:2a,-54,11,1,1,1,1,1,0,0,0,0,-97,0,11,2,494786612,0,83,1,128,0,"[0,0,0,0,0,0,0,0,0,0,0,0,0,9,0,8,0,7,0,6,0,4,0,2,0,1,-1,0,-1,-2,-1,-3,-2,-5,-2,-6,-2,-7,-3,-7,-3,-8,-3,-8,-3,-8,-3,-7,-3,-6,-2,-5,-2,-4,-1,-3,-1,-1,0,0,1,1,1,2,0,0,3,5,3,6,3,6,4,6,4,6,3,6,3,6,3,5,3,4,2,3,1,2,0,1,0,0,0,-1,-1,-2,-1,-3,-2,-4,-2,-5,-2,-5,-2,-5,-2,-5,-2,-5,-2,-5,-2,-4,-2,-4,-1,-3,0,0,0,0,0,0,0,0,0,0]"
CSI_DATA,37718,80:af:ca:27:52:2a,-55,11,1,1,1,1,1,0,0,0,0,-97,0,11,2,494795522,0,83,1,128,0,"[0,0,0,0,0,0,0,0,0,0,0,0,1,3,1,6,1,8,0,9,0,12,0,12,0,13,0,12,0,12,0,11,0,9,0,8,0,6,0,4,0,1,-1,0,-1,-3,-1,-5,-1,-7,-2,-9,-2,-11,-2,-12,-2,-12,-2,-12,-2,-12,-2,-11,0,0,-2,-8,-2,-6,-1,-4,-1,-2,0,0,0,2,0,4,0,6,0,8,0,9,0,9,0,10,0,10,0,9,0,9,0,7,0,7,0,4,0,3,0,1,0,0,0,-1,0,-2,0,-4,1,-5,1,-6,0,0,0,0,0,0,0,0,0,0]"
CSI_DATA,37719,80:af:ca:27:52:2a,-55,11,1,1,1,1,1,0,0,0,0,-97,0,11,2,494802952,0,83,1,128,0,"[0,0,0,0,0,0,0,0,0,0,0,0,-2,-3,-2,-5,-2,-7,-2,-9,-2,-10,-2,-11,-2,-12,-2,-11,-2,-11,-2,-10,-2,-9,-1,-8,-1,-6,0,-4,0,-2,0,0,0,2,0,4,1,5,2,7,2,8,2,9,2,10,2,10,2,10,2,9,0,0,2,7,1,5,1,3,0,1,0,0,0,-2,0,-4,0,-5,-1,-7,-1,-8,-1,-9,-1,-9,-1,-9,-1,-9,-1,-8,-1,-8,-1,-6,-1,-5,-1,-3,-1,-2,0,0,-1,0,-1,2,-1,2,-1,4,-1,4,0,0,0,0,0,0,0,0,0,0]"
CSI_DATA,37720,80:af:ca:27:52:2a,-54,11,1,1,1,1,1,0,0,0,0,-97,0,11,2,494813501,0,83,1,128,0,"[0,0,0,0,0,0,0,0,0,0,0,0,-9,-1,-8,-1,-6,-1,-5,-1,-4,-1,-2,-1,0,-1,1,0,2,0,4,0,6,0,6,0,8,1,8,1,8,1,8,1,8,1,7,0,6,0,5,0,4,0,2,0,0,0,-1,0,-2,-1,-4,-1,0,0,-6,-1,-7,-1,-8,-2,-8,-2,-9,-2,-8,-2,-8,-2,-6,-1,-5,-1,-4,-1,-3,0,-1,0,0,0,1,1,1,1,3,2,4,2,4,2,4,2,5,3,5,3,4,2,4,2,4,2,3,2,2,1,0,0,0,0,0,0,0,0,0,0]"
CSI_DATA,37721,80:af:ca:27:52:2a,-54,11,0,0,0,0,0,0,0,0,0,-97,0,11,2,494825049,0,83,0,128,0,"[0,0,0,0,0,0,0,0,0,0,0,0,0,13,0,13,0,13,0,9,0,7,0,4,-1,0,-1,-1,-2,-4,-2,-6,-3,-8,-3,-10,-4,-11,-4,-12,-4,-11,-4,-13,-4,-12,-4,-11,-3,-10,-3,-8,-3,-7,-2,-4,0,-2,0,0,2,3,3,6,0,0,5,11,7,13,7,14,8,15,7,13,7,13,6,12,5,9,4,8,3,5,2,4,0,1,0,0,0,-3,-2,-5,-3,-7,-4,-10,-4,-11,-5,-13,-5,-13,-6,-14,-6,-14,-5,-13,-5,-12,-4,-9,-4,-7,0,0,0,0,0,0,0,0,0,0]"
CSI_DATA,37722,80:af:ca:27:52:2a,-54,11,0,0,0,0,0,0,0,0,0,-97,0,11,2,494834588,0,83,0,128,0,"[0,0,0,0,0,0,0,0,0,0,0,0,-4,-2,-7,-4,-9,-7,-10,-7,-12,-9,-12,-9,-12,-10,-12,-9,-11,-9,-10,-8,-9,-7,-8,-6,-5,-4,-3,-3,-2,-2,0,-1,2,0,4,2,6,3,8,4,10,4,12,5,13,6,15,7,15,6,14,6,0,0,11,4,8,3,5,2,2,1,-1,-1,-4,-2,-6,-3,-8,-4,-10,-5,-10,-6,-12,-6,-11,-6,-12,-7,-12,-7,-12,-6,-10,-6,-10,-5,-8,-4,-6,-3,-4,-1,-2,0,1,2,3,3,5,5,6,6,7,7,0,0,0,0,0,0,0,0,0,0]"
CSI_DATA,37723,80:af:ca:27:52:2a,-55,11,1,1,1,1,1,0,0,0,0,-97,0,11,2,494843001,0,83,1,128,0,"[0,0,0,0,0,0,0,0,0,0,0,0,2,-2,4,-3,5,-4,7,-5,8,-5,9,-5,10,-5,10,-5,10,-5,9,-4,8,-4,6,-3,5,-2,2,-1,0,0,0,0,-2,1,-5,2,-6,2,-8,3,-9,3,-10,4,-10,5,-10,4,-10,4,-9,4,0,0,-7,2,-5,2,-3,1,-2,0,0,0,2,0,4,0,5,-1,7,-2,8,-2,9,-2,9,-2,9,-2,9,-2,8,-2,7,-2,6,-2,5,-2,3,-1,1,-1,0,-1,-1,-1,-2,-1,-3,-2,-5,-2,-5,-2,0,0,0,0,0,0,0,0,0,0]"
CSI_DATA,37724,80:af:ca:27:52:2a,-55,11,1,1,1,1,1,0,0,0,0,-97,0,11,2,494850292,0,83,1,128,0,"[0,0,0,0,0,0,0,0,0,0,0,0,0,-8,0,-8,1,-7,1,-6,0,-4,0,-3,0,-1,0,0,0,2,0,3,0,5,0,6,0,7,0,7,0,8,0,8,0,8,0,7,0,6,0,5,0,4,0,2,0,1,0,0,0,-2,0,-3,0,0,0,-6,0,-7,0,-8,0,-8,0,-8,0,-8,0,-7,0,-7,0,-6,-1,-4,0,-3,-1,-2,-1,0,-1,1,-1,2,-1,3,-1,4,-1,5,-1,5,-1,5,-1,6,-1,5,-1,5,-1,4,-1,4,-1,3,0,0,0,0,0,0,0,0,0,0]"
CSI_DATA,37725,80:af:ca:27:52:2a,-55,11,1,1,1,1,1,0,0,0,0,-97,0,11,2,494859379,0,83,1,128,0,"[0,0,0,0,0,0,0,0,0,0,0,0,-2,-3,-2,-5,-2,-7,-2,-8,-3,-10,-3,-10,-3,-11,-3,-10,-3,-10,-2,-10,-2,-8,-2,-7,-2,-5,-1,-3,0,-1,0,0,0,2,1,4,2,5,2,7,2,8,3,8,3,9,3,9,3,9,3,8,0,0,2,6,2,4,1,2,0,1,0,0,0,-2,-1,-4,-1,-5,-2,-7,-2,-8,-2,-8,-2,-9,-2,-9,-2,-8,-2,-8,-2,-7,-2,-5,-2,-5,-1,-3,-1,-2,-1,0,-1,0,-1,2,0,3,0,4,-1,5,0,0,0,0,0,0,0,0,0,0]"
CSI_DATA,37726,80:af:ca:27:52:2a,-54,11,1,1,1,1,1,0,0,0,0,-97,0,11,2,494868907,0,83,1,128,0,"[0,0,0,0,0,0,0,0,0,0,0,0,0,9,0,8,0,7,0,6,0,4,-1,2,1,1,-2,0,0,-2,-3,-2,-3,-3,-3,-4,-3,-5,-3,-5,-2,-6,-4,-10,-4,-9,-2,-6,-2,-6,-3,-5,-2,-4,-2,-3,-1,-1,0,0,1,1,1,2,0,0,3,4,4,5,4,5,4,5,4,6,5,5,4,5,4,3,4,4,2,2,1,1,0,0,0,0,-1,-1,-1,-2,-2,-3,-3,-3,-3,-3,-4,-4,-4,-4,-4,-3,-4,-4,-3,-3,-2,-3,-2,-3,-1,-2,0,0,0,0,0,0,0,0,0,0]"
CSI_DATA,37727,80:af:ca:27:52:2a,-54,11,1,1,1,1,1,0,0,0,0,-97,0,11,2,494878331,0,83,1,128,0,"[0,0,0,0,0,0,0,0,0,0,0,0,-1,10,-1,9,-1,7,-1,6,-1,4,-1,2,-1,0,0,-1,0,-4,0,-6,0,-8,0,-8,0,-10,1,-10,0,-10,0,-10,0,-10,0,-9,0,-8,0,-6,0,-5,0,-3,0,-1,0,0,-1,2,-1,4,0,0,-1,7,-1,8,-2,8,-2,9,-2,9,-2,9,-1,8,-1,7,-1,6,-1,5,0,3,0,1,0,0,1,-1,1,-3,2,-4,3,-5,3,-5,3,-6,3,-6,3,-6,3,-6,3,-5,3,-5,2,-4,1,-3,0,0,0,0,0,0,0,0,0,0]"
CSI_DATA,37728,80:af:ca:27:52:2a,-54,11,0,0,0,0,0,0,0,0,0,-97,0,11,2,494888480,0,83,0,128,0,"[0,0,0,0,0,0,0,0,0,0,0,0,13,0,13,0,12,0,9,0,7,0,4,0,1,0,-1,0,-4,0,-6,0,-8,1,-10,1,-11,1,-11,2,-11,2,-12,2,-11,2,-11,3,-10,2,-8,1,-7,1,-5,0,-2,0,0,0,3,-2,6,-3,0,0,11,-5,13,-6,15,-7,15,-7,14,-6,13,-6,12,-6,9,-5,8,-4,6,-3,4,-2,0,-1,0,0,-2,0,-5,0,-7,1,-10,2,-11,1,-13,2,-14,2,-14,3,-14,3,-13,3,-12,2,-10,2,-8,1,0,0,0,0,0,0,0,0,0,0]"
CSI_DATA,37729,80:af:ca:27:52:2a,-54,11,1,1,1,1,1,0,0,0,0,-97,0,11,2,494898704,0,83,1,128,0,"[0,0,0,0,0,0,0,0,0,0,0,0,-9,2,-9,2,-8,2,-6,1,-5,1,-3,0,-1,0,0,-1,1,-2,2,-2,4,-3,5,-4,6,-4,7,-5,7,-5,8,-5,7,-5,6,-5,6,-4,5,-4,4,-3,2,-2,1,-1,0,0,-1,1,-2,2,0,0,-5,4,-6,5,-6,5,-6,6,-7,6,-6,5,-6,5,-5,5,-5,4,-4,3,-2,2,-1,1,0,0,1,-1,2,-1,2,-2,4,-3,4,-4,5,-4,5,-4,5,-4,5,-4,4,-4,4,-3,3,-2,2,-2,0,0,0,0,0,0,0,0,0,0]"
CSI_DATA,37730,80:af:ca:27:52:2a,-55,11,1,1,1,1,1,0,0,0,0,-97,0,11,2,494906509,0,83,1,128,0,"[0,0,0,0,0,0,0,0,0,0,0,0,2,2,2,4,2,5,2,7,3,8,3,9,3,9,3,9,3,9,3,9,2,7,2,6,1,4,0,3,0,1,-1,0,-2,-2,-3,-3,-4,-5,-4,-6,-5,-7,-6,-8,-7,-8,-7,-8,-7,-8,-6,-7,0,0,-4,-6,-4,-4,-2,-2,-1,-1,0,0,0,1,2,2,2,4,4,5,4,6,5,6,5,7,5,7,5,7,5,6,4,5,4,4,3,2,2,2,1,0,0,0,0,-1,-1,-2,-2,-3,-2,-4,-2,-5,0,0,0,0,0,0,0,0,0,0]"
CSI_DATA,37731,80:af:ca:27:52:2a,-54,11,0,0,0,0,0,0,0,0,0,-97,0,11,2,494936522,0,83,0,128,0,"[0,0,0,0,0,0,0,0,0,0,0,0,-11,-7,-11,-8,-10,-7,-8,-6,-5,-5,-3,-3,0,-2,1,0,3,0,5,1,7,3,9,3,9,4,10,4,10,4,11,4,10,4,9,3,8,3,7,3,5,2,3,1,1,0,-1,0,-4,-1,-7,-3,0,0,-12,-5,-14,-6,-15,-7,-15,-7,-15,-7,-14,-6,-12,-5,-11,-4,-9,-3,-7,-2,-5,-2,-3,0,0,0,1,2,3,3,5,4,7,5,8,7,9,7,10,8,11,8,11,8,10,7,9,7,7,6,6,3,0,0,0,0,0,0,0,0,0,0]"
CSI_DATA,37732,80:af:ca:27:52:2a,-54,11,0,0,0,0,0,0,0,0,0,-97,0,11,2,494990903,0,83,0,128,0,"[0,0,0,0,0,0,0,0,0,0,0,0,-5,0,-8,-1,-11,-2,-13,-2,-15,-3,-15,-4,-15,-4,-15,-4,-14,-4,-13,-4,-11,-3,-9,-3,-6,-2,-4,-2,-2,-1,0,-1,2,0,4,0,7,1,9,1,11,1,14,2,15,2,17,3,17,2,15,3,0,0,11,2,8,1,6,0,2,0,-1,-1,-3,-2,-5,-3,-7,-3,-9,-4,-10,-4,-11,-5,-11,-5,-11,-5,-13,-5,-11,-5,-10,-5,-10,-4,-8,-4,-6,-2,-4,-1,-2,0,0,2,2,3,4,5,5,6,6,7,0,0,0,0,0,0,0,0,0,0]"
CSI_DATA,37733,80:af:ca:27:52:2a,-54,11,1,1,1,1,1,0,0,0,0,-97,0,11,2,495000347,0,83,1,128,0,"[0,0,0,0,0,0,0,0,0,0,0,0,6,-6,6,-6,5,-5,4,-4,3,-3,2,-1,1,0,0,0,-1,2,-2,3,-3,4,-4,5,-4,6,-5,6,-5,7,-5,6,-5,6,-4,6,-4,5,-3,4,-2,3,-2,2,-1,1,0,0,0,-1,1,-3,0,0,3,-5,3,-6,4,-7,4,-7,4,-7,4,-7,3,-6,3,-6,2,-5,2,-3,1,-3,0,-2,0,0,-1,0,-2,1,-3,2,-3,2,-3,3,-4,3,-4,3,-4,4,-4,3,-4,3,-3,3,-3,2,-2,2,0,0,0,0,0,0,0,0,0,0]"
CSI_DATA,37734,80:af:ca:27:52:2a,-54,11,1,1,1,1,1,0,0,0,0,-97,0,11,2,495009825,0,83,1,128,0,"[0,0,0,0,0,0,0,0,0,0,0,0,2,1,4,3,4,4,6,6,6,7,6,7,6,7,6,7,5,7,5,7,4,6,3,4,2,3,1,2,0,0,-1,-1,-2,-2,-3,-4,-4,-5,-5,-6,-6,-7,-7,-7,-7,-7,-7,-7,-7,-7,-7,-7,0,0,-4,-5,-4,-4,-2,-2,-1,-1,0,0,0,2,1,3,2,4,2,5,3,6,4,7,4,7,4,7,4,7,3,6,2,5,2,4,2,3,1,2,0,0,0,0,0,-2,0,-2,0,-3,0,-4,0,-5,0,0,0,0,0,0,0,0,0,0]"
CSI_DATA,37735,80:af:ca:27:52:2a,-55,11,1,1,1,1,1,0,0,0,0,-97,0,11,2,495021584,0,83,1,128,0,"[0,0,0,0,0,0,0,0,0,0,0,0,2,2,2,4,3,5,4,7,4,8,4,9,4,9,4,9,4,9,4,7,3,7,2,5,2,4,1,2,0,0,-1,0,-2,-2,-3,-3,-4,-5,-4,-6,-5,-7,-6,-7,-6,-8,-7,-8,-7,-7,-6,-7,0,0,-4,-5,-3,-4,-2,-2,-1,-1,0,0,0,1,2,2,2,4,3,5,4,6,4,6,4,7,4,7,4,7,4,6,3,5,3,4,2,2,1,2,0,0,0,0,0,-1,0,-2,-1,-3,-1,-4,-2,-5,0,0,0,0,0,0,0,0,0,0]"
CSI_DATA,37736,80:af:ca:27:52:2a,-54,11,1,1,1,1,1,0,0,0,0,-97,0,11,2,495030154,0,83,1,128,0,"[0,0,0,0,0,0,0,0,0,0,0,0,7,6,6,5,5,4,4,4,3,3,2,2,0,1,-1,0,-2,-1,-3,-1,-5,-2,-6,-3,-7,-3,-8,-3,-8,-3,-8,-4,-8,-3,-8,-3,-7,-3,-6,-2,-4,-2,-3,-1,-1,-1,0,0,1,0,3,0,0,0,6,1,7,1,7,1,8,1,8,2,8,1,7,1,6,1,6,1,4,0,3,0,1,0,0,0,-1,-1,-2,-1,-3,-1,-5,-2,-6,-2,-6,-2,-6,-2,-6,-2,-6,-2,-6,-2,-5,-2,-4,-1,-3,-1,0,0,0,0,0,0,0,0,0,0]"
CSI_DATA,37737,80:af:ca:27:52:2a,-55,11,1,1,1,1,1,0,0,0,0,-97,0,11,2,495038588,0,83,1,128,0,"[0,0,0,0,0,0,0,0,0,0,0,0,-2,2,-3,3,-5,4,-7,5,-8,5,-8,5,-9,6,-9,5,-8,5,-8,5,-8,4,-6,3,-5,2,-3,1,-1,0,0,0,1,-2,2,-2,5,-4,5,-5,7,-5,8,-5,8,-6,8,-6,8,-6,7,-5,0,0,5,-4,4,-3,2,-2,0,-2,0,0,-2,0,-4,0,-5,1,-7,2,-8,2,-8,2,-9,2,-9,2,-8,2,-8,2,-7,2,-6,2,-5,1,-3,1,-2,0,0,0,0,0,2,0,2,0,4,0,4,0,0,0,0,0,0,0,0,0,0,0]"
CSI_DATA,37738,80:af:ca:27:52:2a,-55,11,1,1,1,1,1,0,0,0,0,-97,0,11,2,495045476,0,83,1,128,0,"[0,0,0,0,0,0,0,0,0,0,0,0,2,1,2,3,3,5,4,6,4,7,4,8,4,8,4,8,4,8,4,7,3,6,2,5,2,4,0,2,0,0,-1,0,-2,-2,-3,-3,-4,-4,-5,-6,-6,-6,-6,-7,-6,-8,-6,-8,-6,-7,-6,-6,0,0,-5,-5,-4,-4,-2,-2,-2,-1,0,0,0,1,2,2,2,4,4,4,4,6,4,6,5,6,4,6,4,6,5,6,4,4,4,4,3,3,2,2,1,0,0,0,0,-1,0,-2,-1,-3,-2,-4,-2,-4,0,0,0,0,0,0,0,0,0,0]"
CSI_DATA,37739,80:af:ca:27:52:2a,-55,11,0,0,0,0,0,0,0,0,0,-97,0,11,2,495052549,0,83,0,128,0,"[0,0,0,0,0,0,0,0,0,0,0,0,2,3,2,7,2,10,3,11,3,13,2,13,2,14,2,13,2,12,1,11,1,10,1,8,0,5,0,3,0,1,-1,-1,-1,-3,-2,-6,-2,-8,-2,-10,-3,-12,-3,-14,-4,-14,-4,-17,-4,-17,-3,-15,0,0,-3,-12,-2,-9,-2,-6,-1,-3,-1,0,-1,3,-1,5,-1,7,-1,9,-1,10,-1,11,-1,11,-1,12,-2,12,-1,11,-1,10,-1,9,-1,7,-1,5,0,3,1,1,2,-2,3,-4,3,-6,4,-8,4,-9,0,0,0,0,0,0,0,0,0,0]"
CSI_DATA,37740,80:af:ca:27:52:2a,-54,11,0,0,0,0,0,0,0,0,0,-97,0,11,2,495063914,0,83,0,128,0,"[0,0,0,0,0,0,0,0,0,0,0,0,9,10,9,10,8,10,6,7,4,6,2,3,0,1,-1,0,-3,-1,-5,-3,-7,-5,-8,-6,-9,-6,-10,-7,-10,-7,-11,-8,-10,-7,-10,-6,-9,-7,-8,-6,-6,-4,-4,-3,-2,-1,0,0,2,0,5,2,0,0,10,5,12,6,14,7,14,7,13,8,13,7,12,6,9,5,8,4,5,2,4,1,1,0,0,0,-1,-1,-3,-3,-5,-4,-7,-6,-8,-7,-10,-8,-10,-9,-11,-9,-11,-9,-11,-8,-10,-8,-8,-6,-6,-4,0,0,0,0,0,0,0,0,0,0]"
CSI_DATA,37741,80:af:ca:27:52:2a,-55,11,1,1,1,1,1,0,0,0,0,-97,0,11,2,495074253,0,83,1,128,0,"[0,0,0,0,0,0,0,0,0,0,0,0,-4,-2,-5,-4,-6,-5,-7,-6,-8,-7,-8,-8,-8,-8,-8,-8,-7,-8,-6,-7,-6,-6,-4,-5,-3,-4,-2,-2,0,0,0,0,2,2,3,2,4,4,6,5,6,6,6,6,7,6,7,6,7,6,6,5,0,0,4,4,3,2,2,1,1,0,0,-1,-1,-2,-2,-4,-4,-5,-4,-6,-5,-6,-6,-7,-6,-7,-6,-7,-5,-7,-5,-6,-4,-6,-4,-4,-3,-3,-2,-2,-2,-1,-1,0,0,1,0,2,0,3,0,4,0,4,0,0,0,0,0,0,0,0,0,0]"
CSI_DATA,37742,80:af:ca:27:52:2a,-54,11,0,0,0,0,0,0,0,0,0,-97,0,11,2,495083553,0,83,0,128,0,"[0,0,0,0,0,0,0,0,0,0,0,0,-13,-6,-13,-6,-12,-6,-9,-4,-6,-4,-4,-3,-1,-1,1,0,4,0,6,0,8,0,10,2,11,1,11,1,11,1,13,1,11,1,11,0,9,1,8,0,6,0,4,0,1,0,-1,0,-5,0,-8,0,0,0,-13,0,-16,0,-17,0,-17,0,-17,0,-16,0,-14,0,-12,0,-9,0,-7,0,-4,0,-2,0,0,0,2,0,4,0,7,0,10,0,11,1,13,0,13,1,14,0,13,0,13,0,11,0,9,0,7,0,0,0,0,0,0,0,0,0,0,0]"
CSI_DATA,37743,80:af:ca:27:52:2a,-54,11,0,0,0,0,0,0,0,0,0,-97,0,11,2,495093196,0,83,0,128,0,"[0,0,0,0,0,0,0,0,0,0,0,0,-11,-7,-11,-7,-11,-7,-8,-5,-6,-4,-3,-3,-1,-2,0,0,3,0,5,1,7,2,9,3,10,3,10,3,10,3,11,3,11,3,10,3,9,3,7,2,6,1,3,1,1,0,-1,0,-4,0,-7,-1,0,0,-13,-3,-15,-3,-16,-3,-16,-3,-16,-3,-15,-3,-13,-3,-11,-3,-9,-2,-7,-1,-5,0,-2,0,0,0,2,1,3,2,6,2,9,3,10,4,11,4,12,4,13,4,12,4,11,4,11,3,9,3,7,2,0,0,0,0,0,0,0,0,0,0]"
CSI_DATA,37744,80:af:ca:27:52:2a,-55,11,0,0,0,0,0,0,0,0,0,-97,0,11,2,495102709,0,83,0,128,0,"[0,0,0,0,0,0,0,0,0,0,0,0,-3,1,-6,2,-10,2,-11,3,-13,3,-13,2,-14,2,-14,2,-13,2,-12,1,-10,1,-8,0,-6,0,-4,0,-1,0,0,-1,1,-1,3,-2,6,-3,8,-4,9,-5,11,-6,12,-7,14,-7,14,-8,13,-7,0,0,9,-5,7,-4,4,-2,1,-1,0,0,-3,0,-5,1,-7,2,-9,3,-10,3,-11,3,-11,3,-12,4,-12,4,-11,3,-10,3,-9,3,-7,2,-5,2,-2,1,0,0,1,0,4,0,6,0,8,0,9,0,0,0,0,0,0,0,0,0,0,0]"
CSI_DATA,37745,80:af:ca:27:52:2a,-55,11,1,1,1,1,1,0,0,0,0,-97,0,11,2,495111396,0,83,1,128,0,"[0,0,0,0,0,0,0,0,0,0,0,0,-8,-1,-8,-1,-7,-1,-6,-1,-4,-1,-3,-1,-1,-1,0,-1,2,-1,3,-1,5,-1,6,-1,7,-1,7,-1,8,-1,8,-1,8,-1,7,-1,6,-1,5,-1,4,-1,3,0,1,0,0,0,-2,0,-3,0,0,0,-6,1,-7,1,-8,1,-8,1,-8,1,-8,1,-7,1,-7,1,-6,1,-4,1,-3,0,-2,0,0,0,1,0,2,0,3,0,4,0,5,0,5,0,5,0,6,0,6,0,5,0,5,-1,4,0,3,0,0,0,0,0,0,0,0,0,0,0]"
CSI_DATA,37746,80:af:ca:27:52:2a,-54,11,1,1,1,1,1,0,0,0,0,-97,0,11,2,495118576,0,83,1,128,0,"[0,0,0,0,0,0,0,0,0,0,0,0,-7,-6,-6,-6,-5,-5,-5,-4,-3,-3,-2,-2,0,-1,0,0,2,1,3,2,5,3,5,4,6,5,7,5,7,5,8,5,7,5,6,4,5,4,5,3,3,2,2,1,0,0,0,0,-2,-1,-4,-2,0,0,-6,-4,-6,-5,-7,-5,-8,-5,-8,-5,-7,-5,-6,-5,-6,-4,-5,-4,-4,-2,-3,-1,-1,0,0,0,0,1,1,2,2,2,2,4,3,4,4,4,4,5,4,5,4,4,3,4,3,3,2,3,2,2,0,0,0,0,0,0,0,0,0,0]"
CSI_DATA,37747,80:af:ca:27:52:2a,-54,11,0,0,0,0,0,0,0,0,0,-97,0,11,2,495128165,0,83,0,128,0,"[0,0,0,0,0,0,0,0,0,0,0,0,-14,3,-15,2,-14,2,-11,1,-8,0,-5,0,-2,0,0,0,2,-1,5,-1,7,-2,9,-2,10,-3,11,-3,11,-3,12,-3,11,-3,10,-3,10,-2,8,-2,6,-2,4,-1,1,-1,0,0,-4,0,-7,0,0,0,-13,1,-15,1,-17,1,-17,1,-17,0,-16,0,-14,0,-12,0,-10,0,-7,0,-5,0,-2,0,0,0,1,0,3,0,6,1,9,1,10,2,11,2,12,3,13,2,13,2,13,2,11,2,9,1,7,1,0,0,0,0,0,0,0,0,0,0]"
CSI_DATA,37748,80:af:ca:27:52:2a,-54,11,0,0,0,0,0,0,0,0,0,-97,0,11,2,495143042,0,83,0,128,0,"[0,0,0,0,0,0,0,0,0,0,0,0,-13,-4,-13,-5,-11,-5,-9,-3,-6,-3,-3,-2,0,-1,1,0,3,0,7,0,8,0,11,1,11,2,11,2,11,1,12,1,11,1,11,1,10,1,8,0,6,0,3,0,1,0,-2,0,-5,0,-8,-1,0,0,-14,-2,-16,-2,-18,-2,-18,-2,-16,-3,-15,-3,-14,-2,-11,-2,-10,-1,-7,0,-5,0,-2,0,0,0,2,1,4,2,7,2,9,3,11,4,11,4,12,5,13,4,13,4,12,4,11,3,9,3,7,2,0,0,0,0,0,0,0,0,0,0]"
CSI_DATA,37749,80:af:ca:27:52:2a,-54,11,1,1,1,1,1,0,0,0,0,-97,0,11,2,495152286,0,83,1,128,0,"[0,0,0,0,0,0,0,0,0,0,0,0,-8,-4,-7,-4,-6,-3,-5,-3,-3,-2,-2,-2,-1,-1,0,0,2,0,3,0,5,1,6,1,7,2,7,2,8,2,8,2,7,2,7,1,6,1,5,1,3,1,2,0,1,0,0,0,-2,0,-3,-1,0,0,-6,-1,-7,-1,-8,-1,-8,-1,-8,-2,-8,-2,-7,-1,-6,-1,-5,-1,-4,-1,-3,0,-1,0,0,0,1,0,2,1,3,1,4,1,5,1,5,1,5,1,5,2,5,1,5,1,4,1,3,1,2,1,0,0,0,0,0,0,0,0,0,0]"
CSI_DATA,37750,80:af:ca:27:52:2a,-54,11,0,0,0,0,0,0,0,0,0,-97,0,11,2,495164039,0,83,0,128,0,"[0,0,0,0,0,0,0,0,0,0,0,0,-6,-13,-5,-13,-4,-12,-4,-9,-2,-7,-1,-4,0,-2,1,0,2,1,4,4,5,5,6,8,7,8,8,8,8,8,8,9,8,8,8,7,7,7,6,6,4,4,3,3,0,1,-1,0,-4,-2,-7,-4,0,0,-12,-8,-13,-9,-14,-10,-15,-10,-13,-9,-13,-9,-12,-8,-10,-7,-8,-5,-6,-4,-4,-3,-2,-1,0,0,1,2,4,4,5,4,8,6,8,8,10,8,10,8,12,8,11,8,11,8,9,7,8,5,6,4,0,0,0,0,0,0,0,0,0,0]"
CSI_DATA,37751,80:af:ca:27:52:2a,-54,11,1,1,1,1,1,0,0,0,0,-97,0,11,2,495188502,0,83,1,128,0,"[0,0,0,0,0,0,0,0,0,0,0,0,8,-2,7,-2,7,-2,6,-2,4,0,2,0,0,-1,0,2,-3,0,-1,3,-2,3,-2,3,-3,3,-4,4,-4,4,-7,7,-6,7,-5,4,-4,4,-3,5,-3,2,-2,2,-1,1,0,0,0,-1,1,-3,0,0,1,-5,2,-7,2,-7,2,-7,2,-7,1,-8,2,-7,0,-6,1,-6,0,-3,0,-2,0,-1,0,0,0,1,-1,2,-1,3,0,3,-1,4,0,5,-1,5,0,5,0,6,0,3,0,3,-1,2,-1,2,0,0,0,0,0,0,0,0,0,0]"
CSI_DATA,37752,80:af:ca:27:52:2a,-54,11,1,1,1,1,1,0,0,0,0,-97,0,11,2,495204486,0,83,1,128,0,"[0,0,0,0,0,0,0,0,0,0,0,0,-6,7,-5,6,-5,5,-4,4,-3,3,-2,1,-1,0,0,-1,1,-3,2,-4,3,-6,4,-6,5,-7,5,-8,5,-8,5,-8,5,-7,5,-7,4,-6,3,-5,2,-3,1,-2,0,-1,-1,0,-2,1,-3,3,0,0,-5,5,-6,5,-6,6,-6,6,-6,6,-6,6,-6,5,-5,5,-4,4,-3,3,-1,2,-1,1,0,0,1,0,2,-1,3,-1,4,-3,5,-3,5,-3,5,-3,5,-3,5,-3,5,-3,4,-3,3,-2,3,-1,0,0,0,0,0,0,0,0,0,0]"
CSI_DATA,37753,80:af:ca:27:52:2a,-54,11,0,0,0,0,0,0,0,0,0,-97,0,11,2,495219879,0,83,0,128,0,"[0,0,0,0,0,0,0,0,0,0,0,0,0,13,-1,13,-1,11,-1,9,-1,7,-1,3,-1,0,-1,-1,-1,-3,-1,-6,-2,-8,-2,-10,-2,-11,-2,-11,-2,-11,-2,-12,-2,-12,-2,-11,-2,-11,-2,-9,-1,-7,0,-5,0,-2,0,0,1,3,2,7,0,0,3,11,3,14,4,15,4,15,4,15,3,14,3,12,3,10,2,8,2,6,1,3,0,1,0,0,0,-3,0,-5,-1,-7,-2,-10,-1,-12,-2,-13,-2,-14,-3,-15,-3,-15,-3,-14,-2,-12,-2,-10,-2,-7,0,0,0,0,0,0,0,0,0,0]"
CSI_DATA,37754,80:af:ca:27:52:2a,-54,11,1,1,1,1,1,0,0,0,0,-97,0,11,2,495227483,0,83,1,128,0,"[0,0,0,0,0,0,0,0,0,0,0,0,-2,8,-2,7,-2,6,-2,5,-1,4,-1,2,-1,0,-1,-1,0,-2,0,-4,0,-6,0,-7,0,-8,-1,-8,-1,-9,-1,-9,-1,-8,-1,-8,-1,-7,0,-6,0,-5,0,-3,0,-1,0,0,0,1,1,3,0,0,1,6,2,7,2,7,2,8,2,8,2,8,2,7,1,6,1,5,1,3,1,2,0,1,0,0,0,-1,0,-3,-1,-4,-1,-5,-1,-6,-1,-6,-1,-6,-1,-6,-1,-6,-1,-6,-1,-5,-1,-4,-1,-3,0,0,0,0,0,0,0,0,0,0]"
CSI_DATA,37755,80:af:ca:27:52:2a,-55,11,1,1,1,1,1,0,0,0,0,-97,0,11,2,495239088,0,83,1,128,0,"[0,0,0,0,0,0,0,0,0,0,0,0,-5,7,-5,6,-4,5,-3,4,-3,2,-2,1,-1,0,0,-1,0,-3,1,-4,2,-6,2,-7,2,-8,3,-8,3,-8,3,-8,2,-8,2,-7,2,-7,1,-5,1,-4,0,-2,0,-1,0,0,-1,2,-1,3,0,0,-2,6,-2,7,-2,8,-2,8,-3,8,-2,8,-2,7,-2,6,-1,5,-1,4,0,2,0,1,0,0,1,-1,1,-2,2,-3,2,-5,2,-5,2,-6,2,-6,2,-6,2,-6,2,-5,2,-5,1,-4,1,-3,0,0,0,0,0,0,0,0,0,0]"
CSI_DATA,37756,80:af:ca:27:52:2a,-54,11,1,1,1,1,1,0,0,0,0,-97,0,11,2,495245890,0,83,1,128,0,"[0,0,0,0,0,0,0,0,0,0,0,0,0,-9,0,-9,0,-7,0,-6,0,-5,0,-3,0,-1,0,0,0,1,0,3,1,4,1,6,1,7,1,7,1,7,2,8,2,7,2,7,1,6,1,5,1,4,0,3,0,1,0,0,-1,-1,-1,-3,0,0,-2,-5,-3,-6,-3,-7,-3,-7,-3,-7,-3,-7,-3,-7,-3,-6,-2,-5,-2,-4,-1,-3,-1,-1,0,0,0,1,0,2,1,3,1,4,1,4,1,5,1,5,1,5,1,5,1,4,1,4,1,3,1,3,0,0,0,0,0,0,0,0,0,0]"
CSI_DATA,37757,80:af:ca:27:52:2a,-54,11,1,1,1,1,1,0,0,0,0,-97,0,11,2,495256023,0,83,1,128,0,"[0,0,0,0,0,0,0,0,0,0,0,0,-9,-1,-9,-1,-8,-1,-6,-1,-5,-1,-3,-1,-1,-1,0,-1,2,-1,4,0,5,-1,6,-1,8,-1,8,-1,8,-1,9,-1,8,-1,8,-1,6,-1,5,-1,4,-1,2,0,1,0,0,0,-2,0,-3,1,0,0,-6,1,-7,2,-8,2,-8,2,-8,2,-8,2,-7,2,-6,2,-5,1,-4,1,-2,1,-1,0,0,0,1,0,2,0,3,-1,4,-1,4,-1,5,-2,5,-2,5,-2,5,-2,4,-2,4,-1,3,-1,2,-1,0,0,0,0,0,0,0,0,0,0]"
CSI_DATA,37758,80:af:ca:27:52:2a,-54,11,0,0,0,0,0,0,0,0,0,-97,0,11,2,495265704,0,83,0,128,0,"[0,0,0,0,0,0,0,0,0,0,0,0,13,4,13,5,11,5,8,3,5,3,2,1,0,0,-2,0,-5,-1,-8,-2,-9,-3,-11,-4,-12,-4,-12,-4,-12,-4,-13,-5,-12,-5,-11,-4,-10,-4,-8,-3,-7,-2,-4,-1,-1,0,1,0,5,1,8,2,0,0,13,5,15,6,16,7,16,7,15,7,14,6,12,5,9,4,8,3,6,1,4,0,1,0,0,-2,-2,-3,-4,-5,-6,-7,-8,-8,-8,-9,-9,-10,-10,-11,-11,-11,-10,-11,-10,-10,-9,-9,-8,-8,-7,-6,0,0,0,0,0,0,0,0,0,0]"
CSI_DATA,37759,80:af:ca:27:52:2a,-54,11,0,0,0,0,0,0,0,0,0,-97,0,11,2,495275569,0,83,0,128,0,"[0,0,0,0,0,0,0,0,0,0,0,0,0,13,0,13,0,12,0,9,0,7,0,4,-1,0,-1,-1,-1,-4,-2,-6,-2,-9,-3,-11,-3,-11,-3,-12,-3,-12,-3,-13,-3,-12,-3,-11,-3,-10,-2,-8,-1,-7,-1,-4,0,-2,0,0,1,4,2,7,0,0,4,12,4,14,5,16,5,16,4,15,4,14,4,13,3,10,3,8,2,5,1,4,0,1,0,0,0,-3,0,-5,-1,-8,-2,-10,-2,-12,-3,-13,-3,-13,-3,-14,-3,-14,-3,-13,-3,-12,-2,-10,-2,-8,0,0,0,0,0,0,0,0,0,0]"
CSI_DATA,37760,80:af:ca:27:52:2a,-54,11,0,0,0,0,0,0,0,0,0,-97,0,11,2,495296462,0,83,0,128,0,"[0,0,0,0,0,0,0,0,0,0,0,0,-3,-4,-3,-8,-3,-11,-4,-13,-4,-14,-3,-15,-3,-15,-3,-15,-3,-14,-3,-11,-3,-10,-2,-9,-1,-6,-1,-4,0,-2,1,0,2,2,2,4,3,7,4,8,5,9,6,11,7,13,7,15,8,14,7,13,0,0,5,9,3,6,2,4,1,1,-1,-2,-3,-4,-4,-6,-5,-8,-6,-9,-6,-10,-7,-11,-6,-11,-6,-11,-7,-11,-6,-10,-6,-9,-6,-8,-5,-7,-4,-4,-3,-2,-2,0,0,3,1,5,1,7,2,8,3,9,0,0,0,0,0,0,0,0,0,0]"
CSI_DATA,37761,80:af:ca:27:52:2a,-55,11,1,1,1,1,1,0,0,0,0,-97,0,11,2,495306779,0,83,1,128,0,"[0,0,0,0,0,0,0,0,0,0,0,0,2,0,4,0,6,1,7,2,8,2,8,2,9,2,9,2,8,2,8,2,7,2,6,2,4,1,2,0,0,0,0,0,-2,0,-4,0,-6,0,-7,0,-8,-1,-9,-1,-10,-1,-10,0,-10,0,-9,0,0,0,-7,0,-5,0,-4,0,-2,0,0,0,2,0,3,0,4,0,6,0,7,0,8,0,8,0,8,0,8,0,7,0,6,0,6,0,4,0,3,0,1,0,0,-1,-1,-1,-2,-1,-3,-2,-4,-2,-4,-2,0,0,0,0,0,0,0,0,0,0]"
CSI_DATA,37762,80:af:ca:27:52:2a,-54,11,0,0,0,0,0,0,0,0,0,-97,0,11,2,495318597,0,83,0,128,0,"[0,0,0,0,0,0,0,0,0,0,0,0,-4,-3,-5,-7,-7,-9,-8,-11,-9,-12,-9,-13,-9,-14,-8,-13,-8,-12,-7,-11,-7,-10,-5,-9,-4,-6,-2,-4,-1,-2,1,0,2,2,3,4,4,6,6,7,7,8,9,11,9,11,10,13,11,13,10,12,0,0,7,9,5,7,4,4,1,2,0,-1,-2,-4,-4,-6,-5,-7,-6,-9,-6,-10,-7,-11,-7,-11,-7,-11,-7,-11,-7,-11,-6,-10,-6,-9,-5,-7,-4,-5,-3,-3,-2,0,-1,2,0,5,0,7,1,8,1,9,0,0,0,0,0,0,0,0,0,0]"
CSI_DATA,37763,80:af:ca:27:52:2a,-54,11,1,1,1,1,1,0,0,0,0,-97,0,11,2,495336411,0,83,1,128,0,"[0,0,0,0,0,0,0,0,0,0,0,0,0,-11,0,-9,0,-8,0,-6,0,-4,0,-3,0,0,0,1,0,3,0,4,0,6,0,8,0,9,0,9,0,10,0,10,0,9,1,8,0,7,0,6,0,4,0,2,0,0,0,-1,0,-3,-1,-4,0,0,-1,-7,-1,-9,-1,-9,-1,-10,-1,-10,-1,-9,-1,-9,-1,-7,-1,-6,-1,-4,-1,-3,-1,-1,-1,0,-1,1,-1,3,-1,4,-1,5,-1,6,-1,6,-1,6,-1,6,-1,6,-1,6,0,5,0,4,0,3,0,0,0,0,0,0,0,0,0,0]"
CSI_DATA,37764,80:af:ca:27:52:2a,-55,11,1,1,1,1,1,0,0,0,0,-97,0,11,2,495348267,0,83,1,128,0,"[0,0,0,0,0,0,0,0,0,0,0,0,-1,2,-3,4,-5,5,-5,6,-6,7,-7,7,-7,8,-7,8,-7,7,-6,6,-5,6,-5,5,-3,3,-2,2,-1,0,0,-1,0,-2,1,-4,2,-5,2,-7,3,-8,4,-8,4,-9,4,-9,4,-9,3,-8,0,0,2,-6,2,-5,1,-3,0,-2,0,0,-1,1,-2,3,-2,5,-3,5,-3,6,-4,7,-4,8,-4,7,-4,7,-3,6,-2,5,-2,5,-2,3,-1,2,0,1,0,0,0,-1,1,-2,2,-2,2,-3,2,-4,0,0,0,0,0,0,0,0,0,0]"
CSI_DATA,37765,80:af:ca:27:52:2a,-54,11,1,1,1,1,1,0,0,0,0,-97,0,11,2,495356224,0,83,1,128,0,"[0,0,0,0,0,0,0,0,0,0,0,0,-1,-3,-1,-5,-1,-7,0,-8,-1,-10,-1,-11,-1,-11,-1,-11,-1,-11,-1,-10,-1,-9,0,-8,0,-6,0,-4,0,-2,0,0,0,1,1,3,1,5,2,7,2,8,2,8,3,9,3,9,3,9,3,8,0,0,2,6,1,5,1,3,0,1,0,0,-1,-2,-2,-4,-2,-5,-2,-7,-3,-8,-4,-8,-4,-8,-3,-8,-3,-8,-3,-8,-2,-7,-2,-5,-2,-4,-2,-3,-1,-1,0,0,0,0,0,2,0,2,0,4,0,5,0,0,0,0,0,0,0,0,0,0]"
CSI_DATA,37766,80:af:ca:27:52:2a,-54,11,1,1,1,1,1,0,0,0,0,-97,0,11,2,495365159,0,83,1,128,0,"[0,0,0,0,0,0,0,0,0,0,0,0,-6,5,-6,4,-5,4,-4,3,-3,2,-2,1,-1,0,0,-1,1,-2,1,-3,2,-4,3,-5,4,-5,4,-6,4,-6,5,-6,4,-6,4,-5,4,-5,3,-4,2,-3,1,-2,0,-1,0,0,-1,1,-2,2,0,0,-4,4,-4,5,-4,5,-5,5,-5,6,-5,5,-4,5,-4,4,-3,4,-2,3,-2,2,-1,1,0,0,1,0,2,-1,2,-2,3,-3,4,-3,4,-3,4,-3,4,-3,4,-3,4,-3,3,-3,3,-2,2,-2,0,0,0,0,0,0,0,0,0,0]"
CSI_DATA,37767,80:af:ca:27:52:2a,-55,11,1,1,1,1,1,0,0,0,0,-97,0,11,2,495372196,0,83,1,128,0,"[0,0,0,0,0,0,0,0,0,0,0,0,7,1,7,1,6,1,5,1,3,0,2,0,0,0,-1,0,-2,0,-3,0,-5,0,-6,0,-7,0,-7,0,-8,0,-8,0,-7,0,-7,0,-6,0,-5,0,-4,0,-3,0,-1,0,0,0,1,0,3,-1,0,0,5,-1,6,-1,7,-1,7,-1,7,-1,7,-1,6,-1,6,-1,5,-1,4,-1,2,-1,1,-1,0,-1,-1,-1,-2,-1,-3,0,-5,0,-5,0,-5,0,-6,0,-6,0,-6,0,-5,0,-5,0,-4,0,-3,0,0,0,0,0,0,0,0,0,0,0]"
CSI_DATA,37768,80:af:ca:27:52:2a,-54,11,1,1,1,1,1,0,0,0,0,-97,0,11,2,495380710,0,83,1,128,0,"[0,0,0,0,0,0,0,0,0,0,0,0,-4,0,-6,0,-8,-1,-9,-2,-11,-2,-11,-2,-11,-2,-11,-2,-11,-2,-10,-2,-9,-2,-8,-2,-5,-2,-3,-1,-1,0,0,0,2,0,4,0,6,0,8,0,9,0,10,0,11,0,11,0,10,0,9,0,0,0,7,0,5,0,3,0,1,0,0,0,-2,0,-5,0,-6,0,-8,0,-8,0,-9,0,-10,0,-9,0,-9,0,-8,0,-7,0,-6,0,-5,0,-3,0,-2,0,0,0,0,0,2,0,2,0,4,1,4,1,0,0,0,0,0,0,0,0,0,0]"
CSI_DATA,37769,80:af:ca:27:52:2a,-54,11,1,1,1,1,1,0,0,0,0,-97,0,11,2,495388789,0,83,1,128,0,"[0,0,0,0,0,0,0,0,0,0,0,0,0,-10,0,-9,0,-8,0,-7,0,-5,0,-3,0,-1,0,0,0,2,0,4,0,5,0,7,0,8,0,8,0,9,0,9,0,8,0,8,0,7,0,5,0,4,0,2,0,1,0,0,0,-2,0,-4,0,0,0,-7,0,-8,0,-8,0,-9,0,-9,0,-8,0,-8,0,-7,0,-6,0,-4,0,-3,0,-1,-1,0,-1,1,-1,2,-2,3,-2,4,-2,4,-2,5,-2,5,-2,5,-2,5,-2,4,-2,4,-2,4,-1,2,0,0,0,0,0,0,0,0,0,0]"
CSI_DATA,37770,80:af:ca:27:52:2a,-54,11,0,0,0,0,0,0,0,0,0,-97,0,11,2,495410947,0,83,0,128,0,"[0,0,0,0,0,0,0,0,0,0,0,0,-13,-1,-15,-2,-11,-3,-10,0,-4,-3,-3,0,-2,-1,0,-1,5,0,2,-3,2,-3,0,-3,0,-7,0,-11,4,-11,7,-8,5,-11,6,-5,3,-6,6,-7,3,-8,0,-3,0,-2,-2,0,-2,0,0,2,0,0,4,12,0,11,6,14,0,14,1,11,5,17,7,10,3,8,5,9,3,3,1,2,0,0,-2,-1,-3,-3,-3,-3,-7,-5,-6,-7,-7,-7,-13,-7,-11,-6,-13,-7,-15,-3,-10,-6,-7,-6,-5,-4,-3,-3,0,0,0,0,0,0,0,0,0,0]"
CSI_DATA,37771,80:af:ca:27:52:2a,-54,11,1,1,1,1,1,0,0,0,0,-97,0,11,2,495420448,0,83,1,128,0,"[0,0,0,0,0,0,0,0,0,0,0,0,0,-9,0,-9,0,-8,0,-7,0,-5,0,-3,0,-1,0,0,0,2,1,4,1,5,1,6,1,8,1,8,1,9,1,9,1,9,1,8,1,7,1,5,0,4,0,2,0,1,0,0,-1,-2,-2,-4,0,0,-2,-6,-3,-7,-4,-8,-4,-8,-4,-9,-4,-8,-3,-8,-3,-6,-2,-5,-2,-4,-1,-2,-1,-1,0,0,0,1,0,2,1,4,1,5,1,5,1,5,1,6,1,6,1,5,1,5,1,4,1,4,1,2,0,0,0,0,0,0,0,0,0,0]"
CSI_DATA,37772,80:af:ca:27:52:2a,-55,11,0,0,0,0,0,0,0,0,0,-97,0,11,2,495427818,0,83,0,128,0,"[0,0,0,0,0,0,0,0,0,0,0,0,-8,9,-9,9,-8,8,-6,6,-5,4,-4,2,-3,0,-1,-2,0,-4,0,-6,1,-8,2,-10,2,-10,2,-10,2,-11,2,-12,2,-11,1,-10,1,-10,1,-9,0,-6,0,-4,0,-2,0,0,0,3,0,6,0,0,1,13,1,14,1,16,1,16,1,15,1,14,1,13,1,10,1,8,0,6,0,3,0,1,0,0,0,-3,0,-6,-1,-8,-2,-10,-1,-12,-2,-13,-2,-14,-3,-14,-3,-13,-3,-13,-3,-12,-3,-10,-3,-7,0,0,0,0,0,0,0,0,0,0]"
CSI_DATA,37773,80:af:ca:27:52:2a,-55,11,1,1,1,1,1,0,0,0,0,-97,0,11,2,495437277,0,83,1,128,0,"[0,0,0,0,0,0,0,0,0,0,0,0,-1,-8,-1,-7,0,-6,0,-5,0,-4,0,-2,0,-1,0,0,1,1,1,3,2,4,2,5,2,6,2,6,2,7,3,7,3,6,3,6,2,5,2,4,1,3,0,2,0,1,0,0,-1,-1,-2,-3,0,0,-3,-5,-4,-5,-4,-6,-5,-6,-4,-6,-4,-6,-4,-6,-4,-5,-3,-4,-3,-3,-2,-2,-1,-1,0,0,0,1,1,2,1,3,2,3,2,4,2,4,3,4,3,4,3,4,2,4,2,3,2,3,1,2,0,0,0,0,0,0,0,0,0,0]"
CSI_DATA,37774,80:af:ca:27:52:2a,-54,11,1,1,1,1,1,0,0,0,0,-97,0,11,2,495449319,0,83,1,128,0,"[0,0,0,0,0,0,0,0,0,0,0,0,5,7,5,6,4,6,3,5,2,3,1,2,0,1,0,0,-2,-1,-3,-3,-4,-4,-4,-5,-5,-6,-6,-6,-6,-7,-6,-7,-6,-7,-6,-6,-5,-5,-4,-4,-3,-3,-2,-2,-1,-1,0,0,1,1,2,2,0,0,4,4,4,4,5,5,6,6,6,6,5,6,5,5,4,4,3,3,3,3,2,1,1,0,0,0,0,-1,-1,-2,-2,-3,-2,-4,-3,-5,-3,-5,-3,-5,-3,-5,-3,-5,-3,-4,-2,-4,-2,-3,-2,-3,0,0,0,0,0,0,0,0,0,0]"
CSI_DATA,37775,80:af:ca:27:52:2a,-54,11,0,0,0,0,0,0,0,0,0,-97,0,11,2,495463264,0,83,0,128,0,"[0,0,0,0,0,0,0,0,0,0,0,0,-4,-4,-6,-7,-7,-10,-8,-11,-9,-13,-8,-13,-8,-14,-7,-13,-7,-12,-6,-11,-5,-10,-4,-8,-3,-5,-2,-3,-1,-1,0,1,1,3,2,5,3,8,4,9,5,11,5,13,6,14,6,16,6,15,5,14,0,0,4,10,3,7,2,4,1,1,1,-2,0,-5,0,-7,-1,-9,-1,-11,-1,-12,-1,-13,-1,-13,0,-13,-1,-13,0,-13,0,-11,-1,-10,-1,-8,-1,-6,-2,-4,-3,-1,-3,1,-4,4,-5,6,-6,7,-6,8,0,0,0,0,0,0,0,0,0,0]"
CSI_DATA,37776,80:af:ca:27:52:2a,-54,11,0,0,0,0,0,0,0,0,0,-97,0,11,2,495487442,0,83,0,128,0,"[0,0,0,0,0,0,0,0,0,0,0,0,13,0,13,0,13,0,10,0,7,0,5,0,2,0,0,0,-3,0,-6,1,-8,1,-10,2,-10,2,-11,2,-11,3,-13,3,-12,3,-11,3,-10,2,-10,2,-7,2,-6,1,-3,0,0,0,3,-3,5,-3,0,0,10,-6,13,-7,14,-8,14,-9,14,-8,13,-8,12,-7,10,-6,8,-5,6,-4,4,-3,1,-2,0,0,-3,0,-5,1,-6,2,-9,4,-11,4,-12,5,-13,5,-13,6,-13,6,-13,6,-11,5,-9,4,-7,3,0,0,0,0,0,0,0,0,0,0]"
CSI_DATA,37777,80:af:ca:27:52:2a,-55,11,1,1,1,1,1,0,0,0,0,-97,0,11,2,495496141,0,83,1,128,0,"[0,0,0,0,0,0,0,0,0,0,0,0,2,0,4,2,5,3,6,5,6,5,7,6,8,7,8,7,7,7,7,6,5,5,5,5,3,3,2,2,0,0,-1,0,-2,-1,-4,-2,-5,-3,-7,-4,-8,-5,-8,-5,-9,-6,-9,-6,-9,-6,-8,-5,0,0,-6,-4,-5,-3,-3,-2,-2,0,0,0,1,1,2,2,4,3,5,4,6,5,6,5,7,5,6,5,6,5,6,5,5,4,5,3,3,2,2,1,2,0,0,0,0,-1,0,-2,-2,-3,-2,-4,-2,-5,0,0,0,0,0,0,0,0,0,0]"
CSI_DATA,37778,80:af:ca:27:52:2a,-55,11,1,1,1,1,1,0,0,0,0,-97,0,11,2,495504438,0,83,1,128,0,"[0,0,0,0,0,0,0,0,0,0,0,0,5,6,5,5,4,5,3,4,2,3,1,2,0,1,-1,0,-2,-1,-3,-2,-4,-3,-5,-4,-6,-5,-6,-5,-7,-5,-7,-5,-6,-5,-6,-4,-5,-4,-4,-3,-3,-2,-2,-2,-1,-1,0,0,1,0,3,1,0,0,5,2,6,3,6,3,6,4,6,4,6,4,6,3,5,3,4,2,3,1,2,1,1,0,0,-1,-1,-1,-2,-2,-3,-3,-4,-3,-4,-3,-4,-4,-4,-4,-5,-4,-4,-4,-4,-3,-4,-3,-3,-3,-3,-2,0,0,0,0,0,0,0,0,0,0]"
CSI_DATA,37779,80:af:ca:27:52:2a,-54,11,1,1,1,1,1,0,0,0,0,-97,0,11,2,495513211,0,83,1,128,0,"[0,0,0,0,0,0,0,0,0,0,0,0,-2,2,-5,2,-7,3,-8,4,-9,4,-11,4,-11,4,-11,4,-11,4,-10,3,-8,3,-7,2,-5,2,-3,0,-2,0,0,0,1,-2,3,-2,5,-3,6,-4,8,-5,8,-5,9,-5,9,-5,9,-5,8,-5,0,0,6,-4,4,-2,2,-2,1,-1,0,0,-2,0,-4,1,-5,1,-7,2,-8,2,-8,3,-9,2,-9,2,-8,2,-8,2,-7,2,-5,2,-4,1,-2,1,-2,0,0,0,0,0,2,0,3,0,4,0,5,0,0,0,0,0,0,0,0,0,0,0]"
CSI_DATA,37780,80:af:ca:27:52:2a,-55,11,1,1,1,1,1,0,0,0,0,-97,0,11,2,495522361,0,83,1,128,0,"[0,0,0,0,0,0,0,0,0,0,0,0,2,0,5,0,7,0,8,1,9,2,11,2,11,2,11,2,11,2,10,2,8,1,7,1,5,1,3,0,0,0,0,0,-2,0,-5,0,-6,0,-8,0,-9,0,-11,0,-11,0,-11,0,-11,0,-10,0,0,0,-8,0,-6,0,-4,0,-2,0,0,0,1,0,3,0,5,0,6,0,7,0,8,0,8,0,8,0,8,0,8,0,7,0,5,0,4,0,2,0,1,0,0,-1,-1,-1,-2,-1,-3,-1,-4,-1,-5,-1,0,0,0,0,0,0,0,0,0,0]"
CSI_DATA,37781,80:af:ca:27:52:2a,-54,11,0,0,0,0,0,0,0,0,0,-97,0,11,2,495565055,0,83,0,128,0,"[0,0,0,0,0,0,0,0,0,0,0,0,0,-5,3,-7,6,-9,6,-11,7,-12,8,-12,8,-12,8,-12,7,-11,6,-9,6,-8,5,-6,3,-4,2,-2,0,0,0,0,-1,2,-2,5,-4,6,-5,8,-5,10,-6,12,-6,13,-8,15,-7,15,-6,13,0,0,-5,10,-4,7,-2,4,0,1,0,-1,1,-4,3,-6,4,-7,5,-9,6,-10,6,-11,6,-11,6,-11,6,-12,6,-11,5,-10,4,-9,3,-7,1,-6,0,-4,-1,-1,-3,0,-5,2,-6,4,-8,6,-9,6,0,0,0,0,0,0,0,0,0,0]"
CSI_DATA,37782,80:af:ca:27:52:2a,-55,11,1,1,1,1,1,0,0,0,0,-97,0,11,2,495573073,0,83,1,128,0,"[0,0,0,0,0,0,0,0,0,0,0,0,-1,-2,-1,-5,-1,-7,-1,-8,-1,-10,-1,-11,-1,-11,-1,-11,-1,-11,-1,-11,-1,-10,-1,-8,-1,-6,0,-4,0,-2,0,0,0,1,1,3,1,5,2,7,2,8,3,8,3,9,3,10,3,10,3,8,0,0,2,6,2,5,1,3,0,2,0,0,-1,-2,-1,-4,-2,-5,-2,-7,-3,-8,-3,-8,-3,-9,-3,-9,-3,-8,-3,-8,-2,-7,-2,-6,-2,-5,-2,-3,-1,-2,-1,0,0,0,0,2,0,2,0,4,0,5,0,0,0,0,0,0,0,0,0,0]"
CSI_DATA,37783,80:af:ca:27:52:2a,-54,11,0,0,0,0,0,0,0,0,0,-97,0,11,2,495585324,0,83,0,128,0,"[0,0,0,0,0,0,0,0,0,0,0,0,-8,11,-9,11,-9,10,-6,8,-5,5,-4,3,-2,0,0,-1,0,-4,2,-5,3,-8,5,-10,5,-10,5,-11,5,-11,5,-12,5,-11,5,-10,5,-10,3,-9,2,-7,1,-5,0,-2,0,0,-1,3,-3,6,0,0,-5,12,-6,14,-7,15,-7,15,-7,15,-6,14,-5,12,-5,10,-4,9,-3,6,-2,4,0,2,0,0,1,-2,3,-4,4,-6,5,-8,6,-10,7,-10,8,-11,8,-12,8,-11,7,-11,6,-10,5,-9,4,-6,0,0,0,0,0,0,0,0,0,0]"
CSI_DATA,37784,80:af:ca:27:52:2a,-54,11,0,0,0,0,0,0,0,0,0,-97,0,11,2,495598305,0,83,0,128,0,"[0,0,0,0,0,0,0,0,0,0,0,0,13,0,13,0,12,0,9,0,6,0,3,0,0,0,-2,0,-5,0,-7,0,-9,0,-12,0,-12,0,-12,0,-12,1,-13,1,-12,1,-12,1,-11,0,-9,0,-6,0,-5,0,-1,0,1,0,4,-1,7,-2,0,0,12,-4,15,-4,17,-5,17,-4,16,-4,14,-4,13,-4,11,-3,8,-2,6,-2,4,-1,0,-1,0,0,-4,0,-6,0,-8,0,-11,0,-12,0,-13,0,-14,0,-15,0,-15,0,-14,0,-12,0,-11,0,-8,0,0,0,0,0,0,0,0,0,0,0]"
CSI_DATA,37785,80:af:ca:27:52:2a,-54,11,1,1,1,1,1,0,0,0,0,-97,0,11,2,495607899,0,83,1,128,0,"[0,0,0,0,0,0,0,0,0,0,0,0,1,2,2,5,2,6,2,8,2,9,2,10,2,10,2,10,2,10,2,9,2,8,1,6,1,5,0,2,0,0,0,0,-1,-2,-2,-4,-2,-6,-3,-8,-3,-8,-3,-9,-4,-10,-4,-10,-4,-10,-4,-9,0,0,-2,-7,-2,-5,-2,-3,0,-2,0,0,0,2,0,3,1,5,1,6,1,7,2,8,2,8,2,8,1,8,1,8,1,6,1,5,0,4,0,2,0,0,0,0,0,-1,0,-2,0,-4,0,-5,0,-5,0,0,0,0,0,0,0,0,0,0]"
CSI_DATA,37786,80:af:ca:27:52:2a,-54,11,1,1,1,1,1,0,0,0,0,-97,0,11,2,495617270,0,83,1,128,0,"[0,0,0,0,0,0,0,0,0,0,0,0,0,-3,0,-5,1,-7,2,-8,2,-9,2,-10,2,-11,2,-11,2,-11,2,-10,2,-9,1,-8,1,-5,0,-4,0,-2,0,0,0,2,0,4,0,5,0,7,0,8,0,9,0,10,0,10,0,10,0,9,0,0,0,7,0,5,0,3,0,1,0,0,0,-2,0,-4,0,-6,-1,-7,-1,-8,-1,-9,-1,-9,-1,-9,-1,-9,-1,-8,-1,-8,-1,-6,-1,-5,-1,-3,0,-2,0,0,0,0,0,2,0,3,0,4,0,5,0,0,0,0,0,0,0,0,0,0]"
CSI_DATA,37787,80:af:ca:27:52:2a,-55,11,0,0,0,0,0,0,0,0,0,-97,0,11,2,495628297,0,83,0,128,0,"[0,0,0,0,0,0,0,0,0,0,0,0,-4,0,-7,-1,-10,-3,-12,-3,-13,-5,-13,-5,-13,-6,-13,-6,-12,-5,-11,-5,-9,-4,-7,-4,-5,-2,-3,-2,-1,-1,0,0,2,0,5,0,6,1,9,2,11,2,12,3,13,4,15,5,15,4,13,4,0,0,10,2,7,2,5,0,1,0,0,-1,-3,-2,-6,-3,-7,-4,-9,-5,-10,-6,-11,-6,-11,-6,-11,-6,-11,-6,-11,-6,-10,-6,-9,-5,-7,-4,-6,-2,-4,0,-1,0,0,2,1,4,3,6,4,7,5,8,0,0,0,0,0,0,0,0,0,0]"
CSI_DATA,37788,80:af:ca:27:52:2a,-54,11,0,0,0,0,0,0,0,0,0,-97,0,11,2,495661154,0,83,0,128,0,"[0,0,0,0,0,0,0,0,0,0,0,0,-14,-2,-14,-3,-12,-3,-10,-2,-6,-2,-4,-1,0,-1,1,0,4,0,6,0,9,0,11,0,12,0,12,0,12,0,12,0,12,0,11,0,10,0,8,0,6,0,4,0,0,0,-2,0,-6,0,-8,-1,0,0,-14,-1,-16,-1,-18,-1,-18,-1,-17,-2,-16,-1,-14,-1,-12,-1,-10,0,-7,0,-5,0,-2,0,0,0,2,1,4,2,6,3,9,4,11,5,12,5,12,6,13,6,13,5,12,5,11,5,9,3,7,2,0,0,0,0,0,0,0,0,0,0]"
CSI_DATA,37789,80:af:ca:27:52:2a,-54,11,1,1,1,1,1,0,0,0,0,-97,0,11,2,495669201,0,83,1,128,0,"[0,0,0,0,0,0,0,0,0,0,0,0,3,0,5,0,7,0,8,0,9,0,10,1,10,1,10,1,10,1,8,1,8,0,6,0,4,0,2,0,0,0,-1,0,-2,0,-5,0,-6,-1,-8,-1,-9,-1,-10,-2,-10,-2,-10,-2,-10,-2,-9,-1,0,0,-7,-1,-5,-1,-3,0,-2,0,0,0,2,0,3,1,5,1,6,2,7,2,8,2,8,2,8,2,8,2,7,2,5,2,5,1,3,0,2,0,1,0,0,-1,0,-2,-2,-2,-2,-2,-3,-3,-3,-4,0,0,0,0,0,0,0,0,0,0]"
CSI_DATA,37790,80:af:ca:27:52:2a,-54,11,0,0,0,0,0,0,0,0,0,-97,0,11,2,495682348,0,83,0,128,0,"[0,0,0,0,0,0,0,0,0,0,0,0,-5,-13,-5,-13,-4,-13,-3,-10,-3,-8,-1,-5,0,-3,1,0,2,2,3,3,5,6,6,7,6,8,7,8,7,8,8,9,7,8,7,7,6,7,6,6,4,4,3,3,0,1,-1,0,-4,-2,-6,-4,0,0,-11,-7,-13,-9,-14,-10,-14,-10,-14,-10,-13,-9,-12,-8,-10,-6,-8,-5,-6,-3,-4,-3,-2,-1,0,0,1,1,3,3,6,4,8,6,9,6,10,7,10,8,11,8,11,8,11,6,10,6,8,4,6,3,0,0,0,0,0,0,0,0,0,0]"
CSI_DATA,37791,80:af:ca:27:52:2a,-54,11,0,0,0,0,0,0,0,0,0,-97,0,11,2,495708300,0,83,0,128,0,"[0,0,0,0,0,0,0,0,0,0,0,0,13,3,13,4,11,6,8,3,6,3,2,2,2,0,-1,0,-5,0,-2,1,-2,3,-2,4,-4,6,-5,7,-7,7,-13,4,-10,6,-10,4,-9,3,-8,7,-4,4,-5,0,-1,4,-1,1,0,-1,0,-5,0,0,3,-13,4,-14,3,-17,4,-15,4,-13,1,-18,0,-13,0,-12,-1,-11,0,-5,0,-3,0,0,0,1,0,3,0,4,1,7,0,8,0,10,5,13,3,12,4,13,8,12,2,10,1,8,0,5,0,4,0,0,0,0,0,0,0,0,0,0]"
CSI_DATA,37792,80:af:ca:27:52:2a,-55,11,1,1,1,1,1,0,0,0,0,-97,0,11,2,495717284,0,83,1,128,0,"[0,0,0,0,0,0,0,0,0,0,0,0,-3,0,-6,0,-7,0,-10,0,-10,0,-12,0,-12,0,-12,0,-12,0,-10,0,-10,0,-8,0,-6,0,-4,0,-2,0,0,0,2,-1,3,-1,6,-2,7,-3,8,-3,9,-3,10,-3,10,-3,10,-3,9,-3,0,0,6,-3,5,-2,3,-2,1,0,0,0,-2,0,-4,0,-6,1,-6,1,-8,2,-9,3,-9,2,-9,2,-8,2,-8,2,-7,2,-6,2,-4,1,-3,0,-1,0,0,0,0,0,2,0,3,0,3,0,4,0,0,0,0,0,0,0,0,0,0,0]"
CSI_DATA,37793,80:af:ca:27:52:2a,-54,11,0,0,0,0,0,0,0,0,0,-97,0,11,2,495727627,0,83,0,128,0,"[0,0,0,0,0,0,0,0,0,0,0,0,-4,12,-5,12,-5,12,-4,8,-3,6,-2,2,-1,0,0,-2,0,-5,0,-7,0,-10,1,-12,1,-12,1,-12,1,-12,1,-13,1,-12,0,-12,1,-10,0,-9,0,-6,0,-5,0,-1,0,0,0,5,-1,7,0,0,-2,13,-2,15,-2,17,-3,17,-3,16,-3,15,-2,13,-2,11,-1,9,0,6,0,4,0,1,0,0,1,-3,2,-5,3,-7,4,-10,5,-11,5,-12,6,-13,6,-14,5,-13,5,-12,4,-12,3,-10,2,-7,0,0,0,0,0,0,0,0,0,0]"
CSI_DATA,37794,80:af:ca:27:52:2a,-54,11,0,0,0,0,0,0,0,0,0,-97,0,11,2,495739400,0,83,0,128,0,"[0,0,0,0,0,0,0,0,0,0,0,0,-13,-6,-13,-6,-11,-6,-9,-5,-6,-4,-4,-2,0,-1,0,0,3,0,5,0,7,0,9,1,10,1,11,1,10,1,12,2,11,1,10,1,9,1,8,0,6,0,4,0,1,0,-1,0,-4,0,-8,0,0,0,-13,0,-15,-1,-17,0,-17,0,-17,-1,-16,-1,-14,0,-11,0,-9,0,-7,0,-5,0,-2,0,0,0,2,0,4,0,6,0,9,0,11,1,12,1,13,2,14,1,13,1,12,1,11,1,9,0,6,0,0,0,0,0,0,0,0,0,0,0]"
CSI_DATA,37795,80:af:ca:27:52:2a,-54,11,1,1,1,1,1,0,0,0,0,-97,0,11,2,495751449,0,83,1,128,0,"[0,0,0,0,0,0,0,0,0,0,0,0,-9,2,-8,2,-7,1,-6,1,-4,1,-3,0,-1,0,0,-1,1,-2,3,-2,4,-3,5,-4,6,-4,6,-5,6,-5,6,-5,6,-5,6,-5,5,-4,4,-3,3,-3,2,-2,1,-1,0,0,-1,1,-2,2,0,0,-4,4,-5,5,-6,5,-6,5,-6,5,-6,5,-5,5,-4,4,-4,4,-3,3,-2,2,-1,1,0,0,1,-1,2,-2,3,-2,3,-3,4,-4,4,-4,4,-4,4,-4,4,-4,4,-4,3,-3,3,-3,2,-2,0,0,0,0,0,0,0,0,0,0]"
CSI_DATA,37796,80:af:ca:27:52:2a,-55,11,0,0,0,0,0,0,0,0,0,-97,0,11,2,495769964,0,83,0,128,0,"[0,0,0,0,0,0,0,0,0,0,0,0,-4,0,-7,0,-10,0,-12,0,-14,0,-14,0,-15,0,-14,0,-13,0,-12,0,-10,0,-9,0,-6,0,-4,0,-1,0,0,0,2,0,5,-1,7,-1,9,-1,10,-2,13,-2,14,-3,16,-3,16,-3,15,-3,0,0,11,-2,9,-1,5,-1,2,0,0,0,-3,0,-5,0,-8,0,-10,0,-11,0,-12,0,-12,0,-12,0,-13,0,-12,0,-11,0,-10,0,-8,0,-6,0,-4,0,0,0,1,1,4,1,6,2,8,2,9,2,0,0,0,0,0,0,0,0,0,0]"
CSI_DATA,37797,80:af:ca:27:52:2a,-54,11,0,0,0,0,0,0,0,0,0,-97,0,11,2,495802685,0,83,0,128,0,"[0,0,0,0,0,0,0,0,0,0,0,0,-3,-5,-3,-8,-3,-11,-4,-13,-4,-14,-4,-15,-4,-15,-4,-15,-3,-14,-3,-12,-3,-11,-2,-9,-2,-6,-1,-4,0,-2,1,0,1,2,2,5,3,7,4,9,5,10,6,12,7,13,7,15,8,14,7,13,0,0,5,10,4,7,2,5,1,2,-1,-1,-2,-4,-3,-6,-4,-8,-5,-9,-6,-10,-6,-11,-6,-11,-6,-11,-6,-12,-6,-11,-5,-10,-5,-9,-4,-7,-3,-5,-2,-3,-1,0,-1,2,0,5,1,7,2,9,2,9,0,0,0,0,0,0,0,0,0,0]"
CSI_DATA,37798,80:af:ca:27:52:2a,-54,11,0,0,0,0,0,0,0,0,0,-97,0,11,2,495816108,0,83,0,128,0,"[0,0,0,0,0,0,0,0,0,0,0,0,-4,2,-7,2,-10,3,-12,4,-13,4,-14,3,-14,3,-14,3,-13,3,-12,3,-10,2,-8,1,-6,0,-4,0,-1,0,0,-1,2,-2,4,-4,6,-4,8,-5,9,-7,11,-8,12,-8,14,-9,13,-10,13,-9,0,0,9,-7,7,-5,4,-4,1,-1,0,0,-3,1,-5,3,-7,4,-8,5,-9,5,-11,6,-11,6,-11,6,-11,6,-11,6,-9,5,-8,5,-6,4,-4,3,-2,1,0,0,2,0,4,-1,7,-2,8,-4,9,-4,0,0,0,0,0,0,0,0,0,0]"
CSI_DATA,37799,80:af:ca:27:52:2a,-55,11,1,1,1,1,1,0,0,0,0,-97,0,11,2,495825413,0,83,1,128,0,"[0,0,0,0,0,0,0,0,0,0,0,0,-1,3,-3,4,-4,4,-6,6,-7,7,-7,7,-7,7,-7,7,-7,7,-7,6,-6,5,-4,4,-4,2,-2,1,-1,0,0,-1,1,-3,2,-4,3,-5,4,-7,4,-7,5,-8,5,-9,5,-9,4,-8,4,-8,0,0,3,-6,2,-4,1,-3,0,-2,-1,0,-2,1,-3,2,-4,4,-5,5,-5,5,-6,6,-6,7,-6,6,-6,6,-5,5,-4,5,-4,4,-2,3,-2,2,0,1,0,0,1,0,2,-1,2,-2,4,-2,4,-2,0,0,0,0,0,0,0,0,0,0]"
CSI_DATA,37800,80:af:ca:27:52:2a,-55,11,1,1,1,1,1,0,0,0,0,-97,0,11,2,495833613,0,83,1,128,0,"[0,0,0,0,0,0,0,0,0,0,0,0,0,-2,1,-5,2,-6,3,-8,3,-9,4,-10,4,-11,4,-10,4,-10,3,-9,3,-8,2,-7,2,-5,1,-3,0,-2,0,0,0,2,0,3,-1,5,-2,7,-2,8,-2,9,-2,10,-2,10,-2,10,-2,9,0,0,-1,7,-1,5,0,3,0,1,0,0,0,-2,0,-4,0,-5,0,-7,0,-8,0,-8,1,-9,1,-9,0,-9,0,-8,0,-8,0,-6,0,-5,0,-3,0,-2,0,0,-1,0,-1,2,-2,2,-2,3,-2,4,0,0,0,0,0,0,0,0,0,0]"
CSI_DATA,37801,80:af:ca:27:52:2a,-54,11,0,0,0,0,0,0,0,0,0,-97,0,11,2,495843730,0,83,0,128,0,"[0,0,0,0,0,0,0,0,0,0,0,0,15,-1,15,0,14,0,10,0,8,0,5,0,1,0,0,0,-4,1,-6,2,-9,3,-10,3,-11,4,-12,4,-11,4,-13,5,-12,4,-11,5,-10,4,-9,3,-7,3,-5,1,-2,0,0,-1,2,-3,5,-5,0,0,10,-9,12,-10,13,-11,13,-11,13,-10,12,-10,10,-10,9,-8,7,-6,5,-5,3,-4,0,-2,0,0,-3,0,-5,2,-6,4,-8,5,-10,6,-10,7,-11,8,-11,9,-11,9,-10,8,-9,7,-7,6,-5,5,0,0,0,0,0,0,0,0,0,0]"
CSI_DATA,37802,80:af:ca:27:52:2a,-54,11,1,1,1,1,1,0,0,0,0,-97,0,11,2,495854865,0,83,1,128,0,"[0,0,0,0,0,0,0,0,0,0,0,0,-2,-5,-2,-8,-2,-10,-2,-11,-2,-13,-2,-13,-2,-14,-1,-13,-1,-13,-1,-12,0,-10,0,-8,0,-6,0,-3,0,-1,0,1,0,3,0,6,0,8,0,10,0,11,0,12,0,13,0,12,0,12,0,10,0,0,0,8,0,5,0,3,0,1,0,0,1,-3,1,-5,2,-7,2,-8,3,-10,3,-10,3,-10,4,-10,3,-10,3,-9,2,-8,2,-7,1,-5,0,-4,0,-2,-1,-1,-2,0,-3,0,-4,2,-5,2,-5,2,0,0,0,0,0,0,0,0,0,0]"
CSI_DATA,37803,80:af:ca:27:52:2a,-54,11,1,1,1,1,1,0,0,0,0,-97,0,11,2,495878822,0,83,1,128,0,"[0,0,0,0,0,0,0,0,0,0,0,0,0,3,-3,4,-3,6,-5,6,-6,8,-6,9,-6,10,-6,9,-6,9,-6,8,-5,7,-4,6,-3,4,-3,3,-1,0,-1,-1,0,-3,0,-5,0,-6,1,-8,1,-10,2,-10,1,-11,1,-11,1,-11,1,-10,0,0,1,-8,0,-6,0,-4,0,-2,0,0,0,1,0,3,0,5,-1,7,-1,8,-1,9,-1,9,-1,9,-1,9,-1,8,0,7,0,6,0,4,0,3,0,1,0,0,0,-1,0,-3,0,-4,0,-5,1,-6,0,0,0,0,0,0,0,0,0,0]"
CSI_DATA,37804,80:af:ca:27:52:2a,-55,11,1,1,1,1,1,0,0,0,0,-97,0,11,2,495888071,0,83,1,128,0,"[0,0,0,0,0,0,0,0,0,0,0,0,2,-1,5,0,6,0,8,1,8,1,10,2,10,2,10,2,10,2,9,2,8,2,7,1,5,1,3,0,1,0,0,0,-2,0,-5,0,-6,0,-8,0,-9,0,-10,-1,-11,-1,-11,-1,-11,0,-10,0,0,0,-8,0,-5,0,-4,0,-2,0,0,0,1,0,3,0,5,0,6,0,8,1,8,0,8,1,8,1,8,1,8,0,7,0,5,0,5,0,2,0,2,0,0,-1,0,-1,-2,-2,-3,-2,-4,-2,-5,-2,0,0,0,0,0,0,0,0,0,0]"
CSI_DATA,37805,80:af:ca:27:52:2a,-54,11,0,0,0,0,0,0,0,0,0,-97,0,11,2,495912138,0,83,0,128,0,"[0,0,0,0,0,0,0,0,0,0,0,0,-6,12,-6,12,-6,12,-5,9,-4,6,-3,3,-1,0,0,-1,0,-4,1,-6,2,-8,4,-10,4,-11,5,-12,4,-11,5,-12,5,-12,4,-11,4,-10,3,-9,2,-7,1,-5,0,-3,0,0,-2,3,-4,6,0,0,-6,11,-7,12,-8,14,-8,14,-9,13,-8,12,-7,12,-6,9,-6,7,-4,6,-2,4,0,2,0,0,2,-1,4,-3,5,-5,7,-6,8,-6,10,-7,11,-8,11,-9,11,-8,10,-8,9,-7,7,-6,6,-6,0,0,0,0,0,0,0,0,0,0]"
CSI_DATA,37806,80:af:ca:27:52:2a,-54,11,0,0,0,0,0,0,0,0,0,-97,0,11,2,495944758,0,83,0,128,0,"[0,0,0,0,0,0,0,0,0,0,0,0,2,2,3,5,3,8,5,10,5,12,6,13,6,14,5,13,5,12,5,10,4,9,3,8,1,5,0,3,0,1,-1,0,-2,-2,-4,-4,-5,-7,-7,-8,-8,-9,-10,-11,-11,-11,-12,-14,-13,-13,-12,-13,0,0,-9,-9,-7,-8,-5,-6,-2,-2,0,0,1,1,3,4,5,6,7,7,8,8,8,8,8,8,8,8,8,9,8,8,8,8,7,7,5,5,4,3,2,1,0,0,0,-2,-2,-5,-4,-7,-5,-8,-6,-9,0,0,0,0,0,0,0,0,0,0]"
CSI_DATA,37807,80:af:ca:27:52:2a,-55,11,0,0,0,0,0,0,0,0,0,-97,0,11,2,495958484,0,83,0,128,0,"[0,0,0,0,0,0,0,0,0,0,0,0,10,-7,11,-7,10,-6,7,-5,5,-3,3,-1,1,0,0,1,-2,3,-3,4,-5,6,-6,7,-7,7,-7,7,-7,7,-7,9,-7,8,-6,7,-6,7,-5,5,-3,4,-3,3,-1,0,0,-2,1,-4,3,-7,0,0,5,-11,6,-13,7,-15,7,-15,7,-14,6,-13,5,-11,4,-10,3,-8,2,-6,0,-4,0,-2,-1,0,-2,1,-3,3,-4,6,-6,7,-7,9,-7,10,-8,11,-8,11,-7,11,-7,11,-6,10,-5,8,-3,6,0,0,0,0,0,0,0,0,0,0]"
CSI_DATA,37808,80:af:ca:27:52:2a,-54,11,0,0,0,0,0,0,0,0,0,-97,0,11,2,495970750,0,83,0,128,0,"[0,0,0,0,0,0,0,0,0,0,0,0,1,-4,3,-7,5,-9,6,-11,7,-13,8,-11,8,-13,8,-11,7,-11,7,-10,6,-9,5,-7,3,-5,2,-3,1,-1,-1,0,-2,2,-3,4,-5,6,-6,8,-6,9,-8,11,-8,13,-9,14,-9,14,-8,13,0,0,-6,9,-5,7,-3,5,-2,2,0,-1,2,-3,3,-5,4,-6,6,-8,6,-9,7,-9,7,-9,7,-9,8,-10,7,-9,7,-8,6,-8,4,-6,3,-5,1,-4,-1,-2,-3,0,-5,1,-7,2,-8,3,-9,3,0,0,0,0,0,0,0,0,0,0]"
CSI_DATA,37809,80:af:ca:27:52:2a,-54,11,1,1,1,1,1,0,0,0,0,-97,0,11,2,495977573,0,83,1,128,0,"[0,0,0,0,0,0,0,0,0,0,0,0,-3,0,-6,1,-8,1,-10,0,-11,1,-11,0,-12,1,-12,0,-11,0,-11,0,-10,0,-8,0,-6,0,-3,0,-1,0,0,0,2,-1,4,-1,6,-2,7,-2,9,-3,10,-3,10,-3,10,-3,10,-3,9,-3,0,0,6,-2,5,-2,3,-1,1,-1,0,0,-3,0,-4,0,-6,0,-7,0,-8,0,-9,1,-10,0,-9,0,-9,0,-8,1,-7,0,-6,0,-4,0,-3,0,-2,0,0,0,0,0,2,0,3,0,4,0,4,0,0,0,0,0,0,0,0,0,0,0]"
CSI_DATA,37810,80:af:ca:27:52:2a,-54,11,1,1,1,1,1,0,0,0,0,-97,0,11,2,495995404,0,83,1,128,0,"[0,0,0,0,0,0,0,0,0,0,0,0,-4,-9,-4,-8,-3,-7,-2,-5,-1,-4,-1,-2,0,-1,0,0,1,2,2,4,2,5,3,6,4,7,4,8,4,8,4,8,4,7,4,7,3,6,2,5,2,3,1,2,0,0,0,-1,-1,-2,-2,-4,0,0,-4,-6,-4,-7,-4,-8,-4,-8,-4,-8,-4,-8,-4,-7,-3,-6,-3,-5,-2,-4,-1,-2,-1,-1,0,0,0,1,0,2,0,4,0,5,1,5,1,5,1,6,1,6,1,5,1,5,0,5,0,4,0,3,0,0,0,0,0,0,0,0,0,0]"
CSI_DATA,37811,80:af:ca:27:52:2a,-54,11,0,0,0,0,0,0,0,0,0,-97,0,11,2,496009052,0,83,0,128,0,"[0,0,0,0,0,0,0,0,0,0,0,0,3,1,5,4,7,6,9,7,9,9,10,9,10,10,10,10,9,9,8,8,8,7,6,6,4,4,3,3,1,1,-2,0,-3,-2,-5,-3,-7,-4,-9,-5,-11,-6,-13,-7,-14,-7,-16,-8,-16,-8,-15,-8,0,0,-12,-6,-9,-5,-7,-3,-3,-2,0,0,3,1,5,2,7,3,9,4,10,4,11,5,11,5,11,5,12,5,11,5,10,4,9,3,7,2,5,1,3,0,0,-1,-2,-3,-5,-4,-6,-5,-8,-6,-9,-6,0,0,0,0,0,0,0,0,0,0]"
CSI_DATA,37812,80:af:ca:27:52:2a,-55,11,1,1,1,1,1,0,0,0,0,-97,0,11,2,496015847,0,83,1,128,0,"[0,0,0,0,0,0,0,0,0,0,0,0,2,-2,4,-3,6,-4,7,-4,8,-4,8,-4,9,-4,8,-4,8,-4,8,-4,6,-3,5,-2,4,-2,2,-1,0,0,0,0,-2,2,-3,3,-4,4,-6,5,-6,6,-6,6,-6,6,-7,6,-6,6,-6,6,0,0,-4,4,-3,3,-2,2,-1,0,0,0,1,-2,2,-4,3,-5,4,-6,4,-6,4,-7,4,-8,4,-7,4,-7,4,-6,3,-6,2,-5,1,-4,0,-2,0,-2,0,0,-2,0,-2,1,-3,2,-3,2,-4,3,0,0,0,0,0,0,0,0,0,0]"
CSI_DATA,37813,80:af:ca:27:52:2a,-55,11,1,1,1,1,1,0,0,0,0,-97,0,11,2,496026876,0,83,1,128,0,"[0,0,0,0,0,0,0,0,0,0,0,0,-2,-8,-2,-7,-1,-7,-1,-5,0,-4,0,-3,0,-1,0,0,1,1,1,3,2,4,2,5,2,6,3,7,3,7,3,7,3,7,3,6,2,5,2,4,1,3,1,2,0,1,0,0,-1,-2,-2,-3,0,0,-3,-5,-4,-6,-4,-6,-4,-7,-4,-7,-4,-7,-4,-6,-3,-5,-3,-4,-2,-3,-2,-2,-1,-1,0,0,0,1,0,2,1,3,1,4,1,4,2,5,2,5,2,5,2,5,1,4,1,4,1,3,1,3,0,0,0,0,0,0,0,0,0,0]"
CSI_DATA,37814,80:af:ca:27:52:2a,-54,11,1,1,1,1,1,0,0,0,0,-97,0,11,2,496035325,0,83,1,128,0,"[0,0,0,0,0,0,0,0,0,0,0,0,9,0,8,0,7,0,6,1,4,0,2,0,0,0,-1,0,-2,0,-4,0,-6,0,-7,0,-8,0,-8,0,-9,0,-9,0,-9,0,-8,1,-7,0,-6,0,-4,0,-3,0,-1,0,0,0,1,0,3,-1,0,0,6,-1,7,-2,7,-2,8,-2,8,-2,8,-2,7,-2,6,-1,5,-1,3,-1,2,-1,1,-1,0,0,-1,0,-3,0,-4,0,-5,0,-6,0,-6,0,-6,0,-6,0,-6,0,-6,0,-5,0,-4,0,-3,0,0,0,0,0,0,0,0,0,0,0]"
CSI_DATA,37815,80:af:ca:27:52:2a,-54,11,1,1,1,1,1,0,0,0,0,-97,0,11,2,496044112,0,83,1,128,0,"[0,0,0,0,0,0,0,0,0,0,0,0,2,-2,4,-3,6,-3,8,-4,9,-4,10,-4,10,-5,10,-5,10,-4,10,-4,8,-3,7,-3,5,-3,3,-1,1,0,0,0,-2,0,-4,2,-6,3,-7,3,-8,4,-9,5,-10,5,-10,5,-10,5,-9,5,0,0,-6,3,-5,3,-3,2,-2,0,0,0,1,0,3,-2,4,-3,6,-3,6,-3,7,-4,7,-4,7,-4,7,-4,6,-4,6,-3,5,-3,3,-3,2,-2,1,-1,0,-1,-1,0,-3,0,-3,0,-4,0,-5,0,0,0,0,0,0,0,0,0,0,0]"
CSI_DATA,37816,80:af:ca:27:52:2a,-54,11,1,1,1,1,1,0,0,0,0,-97,0,11,2,496051680,0,83,1,128,0,"[0,0,0,0,0,0,0,0,0,0,0,0,2,3,2,5,2,7,2,8,2,10,2,10,2,10,2,10,2,10,2,9,1,8,0,6,0,5,0,2,0,0,0,-1,0,-3,0,-5,-1,-7,-1,-9,-1,-10,-1,-10,-1,-11,-1,-11,-1,-11,-1,-10,0,0,-1,-8,0,-5,-1,-3,-1,-2,-1,0,-1,2,-1,4,-2,5,-2,7,-2,8,-2,8,-3,8,-3,8,-2,8,-2,8,-2,7,-2,5,-1,4,0,3,0,1,0,0,1,0,2,-1,2,-2,4,-3,4,-3,0,0,0,0,0,0,0,0,0,0]"
CSI_DATA,37817,80:af:ca:27:52:2a,-54,11,0,0,0,0,0,0,0,0,0,-97,0,11,2,496063538,0,83,0,128,0,"[0,0,0,0,0,0,0,0,0,0,0,0,-2,13,-3,13,-3,12,-2,9,-2,6,-1,3,-1,0,-1,-2,-1,-5,0,-6,0,-9,0,-12,0,-12,0,-12,-1,-12,0,-13,0,-12,-1,-12,0,-11,0,-9,-1,-7,0,-5,0,-2,0,0,0,4,1,7,0,0,2,13,2,15,3,17,3,16,2,16,2,15,2,13,1,11,1,8,0,6,0,4,0,1,0,0,0,-3,0,-6,0,-8,0,-11,0,-12,0,-14,0,-15,-1,-15,-1,-14,-1,-13,0,-12,-1,-10,-1,-7,0,0,0,0,0,0,0,0,0,0]"
CSI_DATA,37818,80:af:ca:27:52:2a,-54,11,0,0,0,0,0,0,0,0,0,-97,0,11,2,496073273,0,83,0,128,0,"[0,0,0,0,0,0,0,0,0,0,0,0,-3,-4,-3,-8,-2,-11,-3,-13,-3,-15,-2,-15,-2,-16,-2,-15,-2,-14,-1,-13,-2,-11,-1,-10,-1,-7,0,-4,0,-2,1,1,1,3,1,5,2,8,2,9,3,11,4,14,5,14,4,16,5,16,4,15,0,0,3,11,2,8,1,5,0,2,0,-2,-1,-5,-2,-7,-2,-9,-3,-11,-3,-12,-3,-13,-3,-13,-3,-13,-3,-14,-3,-13,-3,-12,-3,-10,-2,-9,-2,-6,-2,-3,-2,0,-2,2,-2,5,-2,7,-2,9,-2,10,0,0,0,0,0,0,0,0,0,0]"
CSI_DATA,37819,80:af:ca:27:52:2a,-54,11,1,1,1,1,1,0,0,0,0,-97,0,11,2,496081719,0,83,1,128,0,"[0,0,0,0,0,0,0,0,0,0,0,0,2,-8,2,-8,2,-7,2,-6,1,-4,1,-2,1,-1,1,1,1,2,0,3,0,5,1,7,1,7,1,8,1,8,1,8,1,8,1,7,1,6,1,5,0,3,0,2,0,0,-1,-1,-1,-2,-2,-3,0,0,-3,-6,-4,-7,-5,-7,-5,-7,-5,-8,-5,-7,-4,-7,-4,-6,-3,-5,-3,-3,-2,-2,-1,-1,0,0,0,1,1,2,2,3,2,4,3,5,3,5,3,5,3,5,3,5,3,4,3,3,2,3,2,2,0,0,0,0,0,0,0,0,0,0]"
CSI_DATA,37820,80:af:ca:27:52:2a,-55,11,1,1,1,1,1,0,0,0,0,-97,0,11,2,496091482,0,83,1,128,0,"[0,0,0,0,0,0,0,0,0,0,0,0,-2,-8,-2,-7,-1,-6,-1,-5,0,-4,0,-2,0,-1,0,0,0,1,1,2,2,3,2,4,3,5,3,6,3,6,3,6,3,6,3,5,3,5,2,4,1,3,0,2,0,0,0,0,-1,-1,-2,-2,0,0,-3,-4,-4,-5,-4,-6,-5,-6,-5,-6,-4,-6,-4,-5,-4,-5,-3,-4,-3,-3,-2,-2,-1,-1,0,0,0,0,0,2,1,2,1,3,1,4,2,4,2,4,2,4,2,4,2,4,1,3,1,3,1,2,0,0,0,0,0,0,0,0,0,0]"
CSI_DATA,37821,80:af:ca:27:52:2a,-54,11,1,1,1,1,1,0,0,0,0,-97,0,11,2,496100664,0,83,1,128,0,"[0,0,0,0,0,0,0,0,0,0,0,0,-1,9,-1,8,-1,7,-1,6,-1,4,-1,2,-1,0,-1,-1,-1,-2,-1,-4,-1,-5,-1,-7,-1,-8,-2,-8,-2,-9,-2,-9,-2,-8,-2,-8,-1,-7,-1,-5,-1,-4,0,-2,0,-1,0,0,0,1,1,3,0,0,2,5,2,7,2,7,2,7,2,8,2,7,2,7,2,5,2,4,1,3,1,2,0,0,0,0,0,-1,-1,-2,-1,-4,-1,-5,-2,-5,-2,-5,-2,-6,-2,-6,-2,-5,-2,-5,-2,-4,-1,-4,-1,-3,0,0,0,0,0,0,0,0,0,0]"
CSI_DATA,37822,80:af:ca:27:52:2a,-55,11,1,1,1,1,1,0,0,0,0,-97,0,11,2,496109698,0,83,1,128,0,"[0,0,0,0,0,0,0,0,0,0,0,0,2,-1,5,-2,6,-2,9,-2,10,-2,11,-2,12,-2,12,-2,11,-2,10,-2,10,-1,8,-1,6,-1,3,0,1,0,0,0,-3,0,-4,0,-6,0,-8,1,-10,1,-10,2,-11,2,-11,1,-11,1,-10,1,0,0,-8,1,-6,0,-4,0,-3,0,0,0,1,0,3,0,5,0,6,0,7,0,9,0,9,0,9,0,9,0,8,0,7,0,6,0,4,0,3,0,1,0,0,-1,-1,-1,-2,-1,-3,-1,-4,-2,-5,-2,0,0,0,0,0,0,0,0,0,0]"
CSI_DATA,37823,80:af:ca:27:52:2a,-54,11,0,0,0,0,0,0,0,0,0,-97,0,11,2,496119692,0,83,0,128,0,"[0,0,0,0,0,0,0,0,0,0,0,0,13,0,13,0,12,0,9,0,6,0,3,0,0,0,-2,0,-5,0,-7,1,-9,1,-11,1,-12,1,-12,1,-12,2,-12,2,-12,1,-11,2,-10,1,-8,1,-6,1,-4,0,-1,0,1,0,5,-2,7,-2,0,0,12,-5,14,-5,16,-6,15,-6,15,-5,13,-5,12,-5,10,-4,8,-3,6,-3,4,-2,0,-1,0,-1,-3,0,-6,0,-8,0,-11,0,-12,0,-13,1,-14,0,-14,1,-14,1,-13,1,-12,1,-10,1,-7,0,0,0,0,0,0,0,0,0,0,0]"
CSI_DATA,37824,80:af:ca:27:52:2a,-54,11,0,0,0,0,0,0,0,0,0,-97,0,11,2,496142662,0,83,0,128,0,"[0,0,0,0,0,0,0,0,0,0,0,0,2,-14,3,-14,3,-13,1,-10,1,-7,1,-4,1,-2,0,0,0,3,0,5,1,8,0,10,0,11,1,11,1,11,2,12,1,11,2,11,1,10,1,8,1,7,0,4,0,2,-1,0,-3,-4,-3,-7,0,0,-6,-13,-7,-15,-7,-16,-7,-16,-7,-15,-7,-15,-7,-13,-6,-11,-5,-9,-3,-7,-3,-4,-1,-2,0,0,0,2,1,4,2,7,3,10,3,11,5,12,5,13,6,13,6,13,6,12,5,11,4,9,3,6,0,0,0,0,0,0,0,0,0,0]"
CSI_DATA,37825,80:af:ca:27:52:2a,-54,11,0,0,0,0,0,0,0,0,0,-97,0,11,2,496154236,0,83,0,128,0,"[0,0,0,0,0,0,0,0,0,0,0,0,12,2,12,3,11,3,8,2,6,2,3,1,0,1,-2,0,-3,0,-7,0,-8,0,-10,0,-11,0,-11,0,-11,0,-12,0,-11,0,-11,0,-10,0,-8,0,-7,0,-4,0,-2,0,0,0,4,-1,7,-2,0,0,12,-3,14,-3,15,-3,15,-3,15,-3,14,-3,12,-3,10,-3,8,-3,6,-2,3,-2,1,-1,0,-1,-3,0,-5,0,-7,0,-11,0,-12,0,-13,0,-14,0,-15,0,-15,0,-14,0,-12,0,-11,0,-8,0,0,0,0,0,0,0,0,0,0,0]"
CSI_DATA,37826,80:af:ca:27:52:2a,-54,11,1,1,1,1,1,0,0,0,0,-97,0,11,2,496164895,0,83,1,128,0,"[0,0,0,0,0,0,0,0,0,0,0,0,2,-10,2,-9,2,-7,1,-6,1,-4,1,-3,0,-1,0,0,0,2,0,4,0,6,0,7,0,8,0,9,0,9,0,9,0,9,0,8,0,7,0,6,0,4,0,3,0,1,0,0,-1,-2,-1,-4,0,0,-2,-7,-2,-8,-3,-9,-3,-9,-3,-9,-3,-9,-3,-8,-2,-7,-2,-6,-1,-4,-1,-3,-1,-1,0,0,0,1,0,3,0,3,1,4,1,5,1,6,1,6,1,6,1,6,1,5,1,4,1,4,1,3,0,0,0,0,0,0,0,0,0,0]"
CSI_DATA,37827,80:af:ca:27:52:2a,-55,11,1,1,1,1,1,0,0,0,0,-97,0,11,2,496172119,0,83,1,128,0,"[0,0,0,0,0,0,0,0,0,0,0,0,0,2,0,5,0,7,0,8,0,10,0,10,0,10,0,10,0,10,0,9,0,8,0,7,0,5,0,3,0,0,0,-1,0,-2,0,-5,0,-6,0,-8,0,-9,0,-10,0,-10,0,-10,0,-10,0,-10,0,0,0,-7,0,-5,0,-4,0,-2,-1,0,0,2,-1,3,-1,5,-1,6,-1,7,-2,8,-2,8,-2,8,-2,8,-2,7,-2,6,-1,5,0,4,0,2,0,1,0,0,0,0,1,-2,2,-2,2,-3,2,-4,0,0,0,0,0,0,0,0,0,0]"
CSI_DATA,37828,80:af:ca:27:52:2a,-54,11,0,0,0,0,0,0,0,0,0,-97,0,11,2,496182392,0,83,0,128,0,"[0,0,0,0,0,0,0,0,0,0,0,0,-13,5,-13,4,-12,3,-10,2,-7,0,-4,0,0,0,1,-1,3,-2,6,-3,9,-4,11,-4,11,-4,11,-4,11,-4,12,-5,11,-4,10,-4,10,-3,8,-3,6,-2,3,-2,0,-1,-2,0,-6,0,-9,0,0,0,-14,2,-16,2,-18,2,-19,2,-18,1,-17,1,-15,1,-12,1,-11,0,-8,0,-5,0,-2,0,0,0,2,1,5,1,7,1,10,2,11,3,12,3,13,4,14,4,13,4,13,3,11,3,10,2,8,1,0,0,0,0,0,0,0,0,0,0]"
CSI_DATA,37829,80:af:ca:27:52:2a,-54,11,0,0,0,0,0,0,0,0,0,-97,0,11,2,496207832,0,83,0,128,0,"[0,0,0,0,0,0,0,0,0,0,0,0,10,-9,11,-9,10,-7,7,-6,6,-4,4,-2,1,0,0,1,-1,3,-3,5,-5,6,-6,8,-6,8,-7,9,-6,9,-7,11,-6,10,-6,9,-6,8,-5,7,-4,6,-3,4,-1,1,0,-1,0,-5,1,-7,0,0,4,-13,5,-15,6,-17,6,-17,6,-16,5,-15,5,-13,4,-12,3,-10,1,-7,0,-5,0,-2,0,0,-2,1,-3,4,-4,6,-5,9,-6,10,-6,12,-7,12,-6,13,-6,12,-6,12,-6,11,-5,9,-3,6,0,0,0,0,0,0,0,0,0,0]"
CSI_DATA,37830,80:af:ca:27:52:2a,-55,11,1,1,1,1,1,0,0,0,0,-97,0,11,2,496215282,0,83,1,128,0,"[0,0,0,0,0,0,0,0,0,0,0,0,0,2,0,5,0,6,0,8,-1,9,-1,10,-1,10,-2,10,-2,10,-2,9,-2,8,-1,7,-1,5,-1,3,0,0,0,-1,0,-2,0,-5,0,-6,0,-8,0,-9,0,-10,0,-11,0,-11,0,-11,0,-10,0,0,0,-8,0,-5,0,-4,0,-2,-1,0,-1,1,-1,3,-2,5,-2,6,-2,8,-2,8,-2,8,-2,8,-2,8,-2,8,-2,7,-1,5,-1,4,0,2,0,1,0,0,0,0,1,-2,2,-2,2,-3,2,-4,0,0,0,0,0,0,0,0,0,0]"
CSI_DATA,37831,80:af:ca:27:52:2a,-55,11,1,1,1,1,1,0,0,0,0,-97,0,11,2,496224184,0,83,1,128,0,"[0,0,0,0,0,0,0,0,0,0,0,0,-3,0,-5,-2,-6,-3,-8,-4,-8,-4,-9,-5,-9,-6,-9,-5,-9,-5,-8,-4,-7,-4,-6,-4,-4,-3,-3,-2,-1,-1,0,0,2,0,4,0,5,1,7,1,8,2,9,2,9,2,9,2,9,2,8,1,0,0,6,0,4,0,2,0,1,0,0,0,-2,0,-4,-1,-5,-1,-7,-1,-8,-2,-9,-2,-9,-2,-9,-2,-9,-2,-8,-1,-7,-1,-6,0,-4,0,-3,0,-2,0,0,0,0,0,2,0,2,1,3,1,4,2,0,0,0,0,0,0,0,0,0,0]"
CSI_DATA,37832,80:af:ca:27:52:2a,-54,11,1,1,1,1,1,0,0,0,0,-97,0,11,2,496233354,0,83,1,128,0,"[0,0,0,0,0,0,0,0,0,0,0,0,-6,7,-6,6,-5,5,-4,4,-3,3,-2,1,-1,0,0,-1,0,-2,1,-3,2,-4,3,-6,3,-7,3,-7,3,-7,3,-8,3,-8,3,-7,3,-6,2,-5,1,-4,1,-3,0,-1,0,0,-1,1,-1,2,0,0,-2,5,-3,6,-3,7,-3,7,-3,7,-3,7,-3,6,-2,6,-2,4,-1,3,-1,2,0,1,0,0,0,-1,1,-2,1,-3,2,-4,2,-4,2,-5,2,-5,2,-5,2,-5,2,-4,2,-4,1,-3,1,-3,0,0,0,0,0,0,0,0,0,0]"
CSI_DATA,37833,80:af:ca:27:52:2a,-55,11,0,0,0,0,0,0,0,0,0,-97,0,11,2,496263217,0,83,0,128,0,"[0,0,0,0,0,0,0,0,0,0,0,0,3,3,4,6,4,9,5,10,5,12,5,13,5,13,5,13,4,12,4,10,4,9,3,7,2,5,1,3,0,1,-2,-1,-3,-3,-4,-5,-5,-7,-6,-9,-7,-10,-8,-12,-9,-12,-9,-14,-10,-14,-9,-13,0,0,-7,-10,-5,-8,-4,-5,-2,-2,0,1,1,3,2,5,3,7,4,8,5,9,5,10,5,10,5,10,5,10,5,10,5,9,4,8,3,6,3,4,2,2,1,-1,0,-3,-1,-6,-1,-8,-2,-10,-2,-11,0,0,0,0,0,0,0,0,0,0]"
CSI_DATA,37834,80:af:ca:27:52:2a,-54,11,1,1,1,1,1,0,0,0,0,-97,0,11,2,496272293,0,83,1,128,0,"[0,0,0,0,0,0,0,0,0,0,0,0,-3,7,-3,7,-3,6,-3,5,-2,3,-1,2,-1,0,-1,0,0,-2,0,-3,0,-6,0,-7,1,-7,1,-8,1,-8,1,-9,0,-8,0,-8,0,-7,0,-6,0,-5,0,-3,0,-1,0,0,0,1,0,3,0,0,0,6,0,7,0,7,0,8,0,8,0,8,0,7,0,6,0,5,0,4,0,2,0,1,0,0,0,-1,0,-3,0,-4,0,-5,0,-6,0,-6,0,-6,0,-6,0,-6,0,-6,0,-5,0,-4,0,-3,0,0,0,0,0,0,0,0,0,0]"
CSI_DATA,37835,80:af:ca:27:52:2a,-54,11,0,0,0,0,0,0,0,0,0,-97,0,11,2,496297870,0,83,0,128,0,"[0,0,0,0,0,0,0,0,0,0,0,0,-14,0,-14,0,-13,-1,-11,0,-8,-1,-5,-1,-2,-1,0,-1,3,-1,6,-2,7,-2,10,-2,11,-3,11,-3,11,-3,12,-3,12,-3,10,-3,10,-2,8,-2,6,-1,4,-1,1,0,0,0,-4,1,-7,2,0,0,-12,4,-14,5,-16,6,-16,6,-16,5,-15,5,-13,4,-12,3,-9,3,-6,2,-5,1,-2,0,0,0,2,0,4,0,6,-1,9,-2,11,-2,12,-3,13,-3,13,-3,13,-3,12,-4,11,-3,9,-3,6,-2,0,0,0,0,0,0,0,0,0,0]"
CSI_DATA,37836,80:af:ca:27:52:2a,-54,11,0,0,0,0,0,0,0,0,0,-97,0,11,2,496311395,0,83,0,128,0,"[0,0,0,0,0,0,0,0,0,0,0,0,7,-11,7,-11,7,-11,5,-8,3,-5,2,-3,0,0,0,1,-2,3,-3,6,-4,7,-6,9,-7,9,-7,10,-6,10,-7,11,-7,10,-6,8,-6,7,-5,7,-3,5,-3,3,0,0,0,-1,2,-4,4,-7,0,0,8,-11,9,-12,11,-14,10,-14,10,-12,9,-12,8,-11,7,-9,5,-7,3,-6,2,-4,0,-3,-1,-1,-3,0,-6,1,-7,3,-10,4,-11,4,-12,5,-13,5,-13,6,-13,6,-12,6,-11,5,-9,4,-7,3,0,0,0,0,0,0,0,0,0,0]"
CSI_DATA,37837,80:af:ca:27:52:2a,-55,11,1,1,1,1,1,0,0,0,0,-97,0,11,2,496336169,0,83,1,128,0,"[0,0,0,0,0,0,0,0,0,0,0,0,2,0,4,1,6,2,7,4,8,5,8,5,9,5,9,5,9,5,8,5,8,4,6,3,5,2,2,2,0,0,0,0,-2,0,-5,-1,-6,-2,-8,-2,-9,-2,-10,-2,-11,-2,-11,-2,-11,-2,-10,-2,0,0,-8,-2,-6,-1,-4,-1,-2,0,0,0,2,0,3,0,5,0,7,0,8,1,9,1,9,1,9,1,8,1,8,1,7,0,6,0,5,0,3,0,1,0,0,0,-1,-1,-2,-1,-3,-2,-5,-2,-5,-2,0,0,0,0,0,0,0,0,0,0]"
CSI_DATA,37838,80:af:ca:27:52:2a,-54,11,0,0,0,0,0,0,0,0,0,-97,0,11,2,496347618,0,83,0,128,0,"[0,0,0,0,0,0,0,0,0,0,0,0,-1,-13,-1,-13,0,-13,0,-10,0,-7,0,-4,0,-1,0,1,0,3,1,6,1,8,1,10,1,10,1,10,2,10,2,12,1,10,1,10,1,9,1,7,0,6,0,3,0,0,0,-1,-1,-5,-1,-8,0,0,-3,-13,-3,-15,-3,-16,-3,-16,-2,-16,-3,-16,-2,-14,-2,-12,-2,-10,-2,-6,-1,-5,-1,-2,-1,0,-1,2,-2,4,-2,7,-2,10,-3,11,-3,13,-3,13,-3,14,-3,14,-3,13,-2,12,-2,10,-1,7,0,0,0,0,0,0,0,0,0,0]"
CSI_DATA,37839,80:af:ca:27:52:2a,-54,11,0,0,0,0,0,0,0,0,0,-97,0,11,2,496361351,0,83,0,128,0,"[0,0,0,0,0,0,0,0,0,0,0,0,-3,-4,-4,-8,-4,-11,-5,-12,-5,-14,-4,-14,-5,-15,-4,-15,-4,-13,-3,-12,-3,-11,-3,-9,-2,-6,-1,-4,0,-2,1,0,1,2,2,4,3,7,4,8,5,10,6,12,7,12,7,14,7,14,7,13,0,0,5,10,3,7,2,5,1,2,0,-1,-2,-4,-3,-6,-4,-8,-4,-9,-5,-10,-5,-12,-5,-11,-5,-12,-5,-12,-5,-11,-5,-10,-4,-9,-4,-7,-3,-5,-3,-3,-2,-1,-1,2,-1,5,0,7,0,8,0,9,0,0,0,0,0,0,0,0,0,0]"
CSI_DATA,37840,80:af:ca:27:52:2a,-54,11,0,0,0,0,0,0,0,0,0,-97,0,11,2,496371959,0,83,0,128,0,"[0,0,0,0,0,0,0,0,0,0,0,0,0,13,0,14,0,13,0,10,0,7,0,5,-1,2,-1,0,-1,-2,-2,-5,-2,-8,-2,-9,-2,-10,-2,-11,-3,-11,-3,-12,-3,-11,-3,-10,-2,-11,-2,-8,-2,-7,-2,-5,-1,-2,0,0,1,2,2,5,0,0,4,11,5,12,5,14,5,14,5,14,5,13,5,11,4,10,3,8,2,5,2,4,1,2,0,0,0,-2,0,-4,-1,-6,-2,-8,-2,-11,-2,-11,-3,-13,-3,-13,-3,-13,-3,-12,-3,-11,-2,-10,-2,-7,0,0,0,0,0,0,0,0,0,0]"
CSI_DATA,37841,80:af:ca:27:52:2a,-54,11,1,1,1,1,1,0,0,0,0,-97,0,11,2,496379437,0,83,1,128,0,"[0,0,0,0,0,0,0,0,0,0,0,0,-2,3,-4,4,-5,5,-7,6,-8,6,-8,7,-8,7,-8,7,-8,6,-8,5,-7,5,-5,3,-4,2,-2,1,0,0,0,-1,2,-2,3,-3,5,-4,6,-5,7,-5,8,-6,8,-6,8,-6,8,-6,7,-6,0,0,5,-4,3,-3,2,-2,0,-1,-1,0,-2,0,-4,0,-6,1,-7,2,-8,2,-8,2,-9,2,-9,2,-8,2,-8,2,-7,2,-6,2,-5,1,-3,0,-2,0,0,0,0,0,2,0,2,0,4,0,5,0,0,0,0,0,0,0,0,0,0,0]"
CSI_DATA,37842,80:af:ca:27:52:2a,-55,11,1,1,1,1,1,0,0,0,0,-97,0,11,2,496387086,0,83,1,128,0,"[0,0,0,0,0,0,0,0,0,0,0,0,0,-4,0,-6,1,-7,2,-8,2,-9,2,-9,2,-10,2,-9,3,-9,2,-9,2,-7,2,-6,1,-4,0,-2,0,-1,0,0,0,2,-1,4,-2,5,-2,7,-2,8,-2,9,-2,9,-2,9,-2,9,-2,8,0,0,-2,6,-1,4,0,2,0,1,0,0,0,-2,1,-4,2,-5,2,-6,2,-7,3,-7,3,-8,3,-7,3,-7,2,-7,2,-6,2,-5,1,-4,0,-2,0,-2,0,-1,-2,0,-2,0,-2,2,-3,2,-4,2,0,0,0,0,0,0,0,0,0,0]"
CSI_DATA,37843,80:af:ca:27:52:2a,-55,11,1,1,1,1,1,0,0,0,0,-97,0,11,2,496395872,0,83,1,128,0,"[0,0,0,0,0,0,0,0,0,0,0,0,7,2,6,2,5,2,4,2,3,1,2,1,0,0,-1,0,-2,0,-4,0,-5,0,-6,0,-7,-1,-7,-1,-8,-1,-8,-1,-7,-1,-7,0,-6,0,-5,0,-4,0,-2,0,-1,0,0,0,1,0,3,0,0,0,5,-1,6,-1,7,-1,7,-1,7,-1,7,0,6,-1,5,-1,4,-1,3,-1,2,-1,1,0,0,0,-1,0,-3,0,-3,0,-4,0,-5,0,-5,0,-5,0,-6,0,-5,0,-5,0,-4,0,-4,0,-3,0,0,0,0,0,0,0,0,0,0,0]"
CSI_DATA,37844,80:af:ca:27:52:2a,-55,11,1,1,1,1,1,0,0,0,0,-97,0,11,2,496403087,0,83,1,128,0,"[0,0,0,0,0,0,0,0,0,0,0,0,-3,0,-5,0,-7,0,-9,0,-9,0,-10,0,-11,0,-10,0,-10,0,-9,0,-9,0,-7,0,-5,0,-3,0,-1,0,0,-1,2,-1,4,-2,5,-2,7,-2,8,-2,9,-2,9,-3,9,-3,9,-3,8,-3,0,0,6,-2,4,-2,2,-1,1,0,0,0,-2,0,-4,0,-5,1,-7,2,-8,2,-9,2,-9,2,-9,2,-8,2,-8,2,-7,2,-6,2,-4,1,-3,0,-2,0,0,0,0,0,2,0,3,0,4,0,4,0,0,0,0,0,0,0,0,0,0,0]"
CSI_DATA,37845,80:af:ca:27:52:2a,-55,11,1,1,1,1,1,0,0,0,0,-97,0,11,2,496411087,0,83,1,128,0,"[0,0,0,0,0,0,0,0,0,0,0,0,-2,1,-5,2,-6,2,-8,2,-9,2,-10,2,-11,2,-11,2,-11,1,-9,1,-8,1,-7,0,-5,0,-3,0,-2,0,0,0,2,-1,3,-1,5,-2,7,-2,8,-2,9,-2,9,-2,10,-2,9,-2,8,-2,0,0,6,-2,5,-1,2,-1,1,-1,0,0,-2,0,-4,0,-5,0,-7,0,-8,0,-9,0,-9,0,-9,0,-9,0,-8,0,-8,0,-6,0,-5,0,-3,0,-2,0,-1,0,0,0,1,1,2,1,3,2,4,2,0,0,0,0,0,0,0,0,0,0]"
CSI_DATA,37846,80:af:ca:27:52:2a,-55,11,0,0,0,0,0,0,0,0,0,-97,0,11,2,496423074,0,83,0,128,0,"[0,0,0,0,0,0,0,0,0,0,0,0,-4,-3,-5,-7,-5,-10,-7,-11,-7,-13,-7,-13,-7,-14,-7,-13,-6,-12,-5,-11,-5,-10,-4,-9,-3,-6,-2,-4,-1,-2,0,0,2,2,3,4,4,6,6,7,7,9,8,10,9,11,9,13,10,13,9,12,0,0,7,9,5,7,3,4,1,2,0,-1,-2,-3,-4,-6,-5,-7,-6,-9,-7,-10,-7,-11,-7,-11,-7,-11,-7,-11,-7,-11,-6,-10,-6,-9,-5,-7,-4,-5,-3,-3,-2,-1,-1,2,0,4,1,7,2,8,2,9,0,0,0,0,0,0,0,0,0,0]"
CSI_DATA,37847,80:af:ca:27:52:2a,-54,11,0,0,0,0,0,0,0,0,0,-97,0,11,2,496433234,0,83,0,128,0,"[0,0,0,0,0,0,0,0,0,0,0,0,11,-9,13,-9,10,-4,8,-6,5,-2,2,-1,2,0,0,0,-4,3,0,3,0,3,0,3,3,5,3,9,0,12,-3,11,0,13,-3,7,-1,6,-1,10,1,8,0,3,0,2,1,0,0,-2,-1,-3,0,0,-10,-10,-5,-12,-10,-11,-6,-15,-6,-10,-13,-15,-11,-7,-6,-7,-10,-7,-5,-3,-3,-3,0,-2,2,0,3,2,3,2,7,3,6,4,8,4,13,3,12,3,13,3,14,0,10,4,7,3,5,2,3,1,0,0,0,0,0,0,0,0,0,0]"
CSI_DATA,37848,80:af:ca:27:52:2a,-55,11,1,1,1,1,1,0,0,0,0,-97,0,11,2,496453370,0,83,1,128,0,"[0,0,0,0,0,0,0,0,0,0,0,0,-3,1,-5,2,-6,2,-8,2,-9,2,-10,2,-10,2,-10,2,-9,2,-8,2,-8,2,-6,1,-4,0,-2,0,0,0,0,0,2,-1,4,-2,5,-2,6,-3,7,-4,8,-4,8,-4,8,-4,8,-4,7,-4,0,0,5,-3,4,-2,2,-2,0,-1,-1,0,-2,0,-4,0,-6,0,-6,1,-7,1,-8,1,-8,1,-8,1,-8,1,-7,1,-6,1,-5,1,-4,1,-3,0,-2,0,0,0,0,0,2,0,2,0,4,0,4,0,0,0,0,0,0,0,0,0,0,0]"
CSI_DATA,37849,80:af:ca:27:52:2a,-54,11,0,0,0,0,0,0,0,0,0,-97,0,11,2,496476889,0,83,0,128,0,"[0,0,0,0,0,0,0,0,0,0,0,0,-7,-11,-6,-11,-5,-11,-5,-8,-3,-7,-1,-4,0,-2,1,0,2,2,3,3,5,5,5,7,6,7,7,8,6,7,8,8,7,8,6,7,5,7,5,5,4,4,2,2,1,0,0,0,-3,-3,-5,-5,0,0,-9,-9,-11,-11,-11,-11,-12,-11,-11,-11,-11,-11,-10,-9,-8,-8,-7,-6,-5,-5,-4,-3,-2,-1,-1,0,0,2,1,4,2,5,5,8,5,9,6,11,6,11,7,11,7,11,7,11,5,10,5,8,4,6,0,0,0,0,0,0,0,0,0,0]"
CSI_DATA,37850,80:af:ca:27:52:2a,-54,11,0,0,0,0,0,0,0,0,0,-97,0,11,2,496489131,0,83,0,128,0,"[0,0,0,0,0,0,0,0,0,0,0,0,0,13,0,13,-1,12,0,9,-1,6,-1,3,-1,0,-1,-1,-1,-3,-1,-6,-1,-8,-1,-10,-1,-11,-1,-12,-1,-11,-1,-13,-1,-12,-1,-11,-1,-10,-1,-9,-1,-7,0,-5,0,-3,0,0,0,3,0,6,0,0,0,12,0,14,1,16,1,16,0,15,0,15,0,13,0,11,0,9,0,6,0,4,0,2,0,0,0,-3,1,-5,0,-7,1,-10,2,-11,2,-13,3,-13,2,-14,2,-14,2,-13,2,-13,1,-10,0,-8,0,0,0,0,0,0,0,0,0,0]"
CSI_DATA,37851,80:af:ca:27:52:2a,-55,11,1,1,1,1,1,0,0,0,0,-97,0,11,2,496519750,0,83,1,128,0,"[0,0,0,0,0,0,0,0,0,0,0,0,1,-4,3,-5,4,-6,6,-6,6,-7,6,-7,7,-8,6,-7,6,-7,6,-6,5,-6,4,-4,2,-3,2,-2,0,0,0,0,-2,2,-2,4,-4,4,-4,6,-5,7,-5,8,-5,8,-5,8,-4,8,-4,7,0,0,-3,5,-2,4,-1,2,0,0,0,0,1,-2,2,-4,2,-5,3,-6,3,-6,4,-7,4,-8,4,-7,4,-7,3,-6,2,-6,2,-5,1,-4,0,-2,0,-2,0,0,-2,0,-2,1,-2,2,-3,2,-4,3,0,0,0,0,0,0,0,0,0,0]"
CSI_DATA,37852,80:af:ca:27:52:2a,-54,11,0,0,0,0,0,0,0,0,0,-97,0,11,2,496543211,0,83,0,128,0,"[0,0,0,0,0,0,0,0,0,0,0,0,-12,-6,-12,-7,-11,-7,-8,-5,-6,-4,-3,-3,0,-1,1,0,3,0,6,0,7,1,9,3,10,3,10,3,10,3,11,3,11,3,10,2,9,3,7,2,5,1,3,0,0,0,-1,0,-5,-1,-7,-3,0,0,-13,-4,-15,-4,-17,-5,-16,-5,-15,-5,-15,-5,-13,-4,-11,-3,-9,-3,-7,-2,-5,0,-3,0,0,0,1,2,3,3,6,4,8,5,9,7,10,7,11,8,11,7,11,7,11,7,10,7,8,5,7,3,0,0,0,0,0,0,0,0,0,0]"
CSI_DATA,37853,80:af:ca:27:52:2a,-54,11,0,0,0,0,0,0,0,0,0,-97,0,11,2,496556615,0,83,0,128,0,"[0,0,0,0,0,0,0,0,0,0,0,0,8,-10,9,-10,8,-9,6,-7,5,-5,3,-3,1,0,0,1,-1,3,-2,5,-3,7,-5,9,-5,10,-5,10,-5,10,-5,10,-5,10,-4,10,-5,9,-4,7,-2,5,-2,4,-1,1,0,-1,0,-5,0,-7,0,0,2,-13,2,-15,3,-16,3,-16,3,-15,2,-15,2,-13,1,-11,1,-9,0,-6,0,-5,0,-2,0,0,-1,2,-2,4,-2,6,-3,9,-4,10,-4,11,-5,12,-4,13,-4,13,-4,12,-4,10,-2,9,-1,6,0,0,0,0,0,0,0,0,0,0]"
CSI_DATA,37854,80:af:ca:27:52:2a,-54,11,1,1,1,1,1,0,0,0,0,-97,0,11,2,496565727,0,83,1,128,0,"[0,0,0,0,0,0,0,0,0,0,0,0,2,2,2,5,2,8,3,10,3,11,3,12,3,13,3,12,2,12,2,11,2,10,2,8,1,6,0,4,0,1,0,0,-1,-3,-2,-5,-2,-7,-3,-9,-3,-11,-4,-11,-4,-12,-4,-13,-4,-12,-4,-11,0,0,-3,-8,-2,-7,-2,-4,-1,-2,-1,0,0,2,0,4,0,6,0,8,0,9,0,10,0,11,0,10,0,10,0,9,0,8,0,7,0,5,0,3,0,2,0,0,0,-1,0,-2,1,-4,1,-5,1,-5,0,0,0,0,0,0,0,0,0,0]"
CSI_DATA,37855,80:af:ca:27:52:2a,-54,11,1,1,1,1,1,0,0,0,0,-97,0,11,2,496573370,0,83,1,128,0,"[0,0,0,0,0,0,0,0,0,0,0,0,11,0,9,0,8,0,7,0,4,0,2,0,0,0,-1,0,-4,0,-6,0,-8,0,-9,-1,-10,-1,-11,-1,-11,-1,-11,-1,-11,-1,-10,-1,-8,-1,-7,-1,-5,-1,-3,0,-1,0,0,0,2,1,4,1,0,0,7,2,8,3,9,3,9,3,9,3,9,3,8,3,7,3,5,2,4,1,3,0,1,0,0,-1,0,-2,-1,-3,-3,-4,-3,-5,-4,-5,-5,-6,-5,-6,-5,-6,-4,-6,-4,-5,-3,-5,-3,-4,-3,-3,0,0,0,0,0,0,0,0,0,0]"
CSI_DATA,37856,80:af:ca:27:52:2a,-54,11,1,1,1,1,1,0,0,0,0,-97,0,11,2,496580166,0,83,1,128,0,"[0,0,0,0,0,0,0,0,0,0,0,0,0,-4,2,-6,3,-7,4,-8,5,-9,5,-10,6,-10,5,-10,5,-9,5,-8,4,-8,3,-6,2,-4,1,-2,0,0,0,0,-1,2,-2,4,-3,5,-4,7,-4,8,-5,9,-5,9,-5,9,-5,9,-4,8,0,0,-2,6,-2,4,-1,2,0,0,0,0,1,-2,2,-4,2,-5,3,-7,3,-8,4,-8,4,-8,4,-8,4,-8,3,-8,2,-7,2,-5,1,-4,0,-3,0,-2,0,0,-2,0,-2,1,-3,2,-4,2,-4,2,0,0,0,0,0,0,0,0,0,0]"
CSI_DATA,37857,80:af:ca:27:52:2a,-54,11,1,1,1,1,1,0,0,0,0,-97,0,11,2,496589283,0,83,1,128,0,"[0,0,0,0,0,0,0,0,0,0,0,0,-4,-10,-3,-9,-2,-8,-2,-7,-1,-5,-1,-3,0,-1,1,0,1,1,2,3,3,5,4,6,5,7,5,7,6,7,6,7,5,7,5,6,5,6,3,5,2,3,1,2,0,1,-1,0,-2,-1,-3,-3,0,0,-6,-5,-6,-6,-7,-6,-7,-6,-7,-7,-7,-6,-6,-6,-6,-5,-5,-4,-4,-3,-3,-2,-1,-1,0,0,0,1,1,2,2,3,3,3,4,4,4,5,4,5,5,5,4,5,4,4,3,3,3,3,2,2,0,0,0,0,0,0,0,0,0,0]"
CSI_DATA,37858,80:af:ca:27:52:2a,-54,11,1,1,1,1,1,0,0,0,0,-97,0,11,2,496597219,0,83,1,128,0,"[0,0,0,0,0,0,0,0,0,0,0,0,-7,-5,-6,-5,-5,-4,-4,-4,-3,-3,-2,-2,-1,-1,0,-1,2,0,3,1,4,1,5,2,6,2,7,2,7,2,7,2,7,2,7,2,6,1,5,1,4,1,2,0,1,0,0,0,-2,0,-3,0,0,0,-6,0,-7,0,-8,0,-9,0,-9,0,-8,0,-7,0,-6,0,-6,0,-4,0,-3,0,-2,0,0,0,1,0,2,0,3,0,4,0,5,0,5,0,5,0,5,0,5,0,5,0,4,0,4,0,3,0,0,0,0,0,0,0,0,0,0,0]"
CSI_DATA,37859,80:af:ca:27:52:2a,-54,11,1,1,1,1,1,0,0,0,0,-97,0,11,2,496604280,0,83,1,128,0,"[0,0,0,0,0,0,0,0,0,0,0,0,4,-8,3,-7,3,-6,3,-5,2,-4,1,-2,1,-1,0,0,0,2,0,3,0,6,0,6,0,7,0,8,0,8,0,8,0,8,0,7,0,6,0,5,0,3,0,2,0,1,0,-1,-1,-2,-1,-3,0,0,-2,-6,-2,-7,-3,-8,-3,-8,-3,-8,-3,-8,-3,-7,-2,-6,-2,-5,-2,-4,-1,-2,-1,-1,0,0,0,1,0,2,1,3,1,4,2,4,2,5,2,5,2,5,2,4,2,4,2,4,2,3,1,2,0,0,0,0,0,0,0,0,0,0]"
CSI_DATA,37860,80:af:ca:27:52:2a,-55,11,1,1,1,1,1,0,0,0,0,-97,0,11,2,496613553,0,83,1,128,0,"[0,0,0,0,0,0,0,0,0,0,0,0,0,2,-1,4,-2,5,-3,7,-4,8,-4,8,-4,8,-4,8,-4,8,-4,8,-4,6,-3,5,-2,4,-2,2,-1,0,0,-1,0,-2,0,-4,1,-6,1,-7,2,-8,2,-9,2,-10,2,-10,2,-10,2,-9,0,0,1,-7,0,-5,0,-4,0,-2,0,0,-1,1,-2,3,-2,4,-2,6,-3,6,-3,7,-3,8,-3,8,-3,8,-3,7,-2,6,-2,5,-2,4,-1,3,0,2,0,0,0,0,1,-1,2,-2,2,-3,3,-4,0,0,0,0,0,0,0,0,0,0]"
CSI_DATA,37861,80:af:ca:27:52:2a,-54,11,1,1,1,1,1,0,0,0,0,-97,0,11,2,496621601,0,83,1,128,0,"[0,0,0,0,0,0,0,0,0,0,0,0,-7,-6,-7,-5,-6,-5,-5,-4,-3,-3,-2,-2,0,-1,1,0,2,0,3,1,5,1,6,2,7,2,7,2,8,2,8,2,8,2,7,2,6,1,5,1,3,1,2,0,1,0,-1,0,-2,0,-3,0,0,0,-7,-1,-8,-1,-8,-1,-8,-1,-9,-1,-8,-1,-8,-1,-7,-1,-6,0,-5,0,-3,0,-1,0,0,0,1,0,2,0,3,0,5,0,5,0,5,0,6,0,6,0,6,0,5,0,5,0,3,0,3,0,0,0,0,0,0,0,0,0,0,0]"
CSI_DATA,37862,80:af:ca:27:52:2a,-55,11,0,0,0,0,0,0,0,0,0,-97,0,11,2,496633158,0,83,0,128,0,"[0,0,0,0,0,0,0,0,0,0,0,0,2,0,5,2,7,5,9,5,10,7,10,7,10,8,10,8,9,7,8,6,7,5,5,5,3,3,2,2,0,0,0,0,-2,-1,-4,-2,-6,-3,-8,-5,-10,-5,-11,-6,-12,-7,-14,-8,-14,-8,-13,-7,0,0,-10,-6,-8,-4,-5,-3,-2,-1,0,0,1,0,3,2,4,3,6,4,7,5,8,5,8,6,8,6,9,6,8,6,7,5,7,4,5,3,4,2,2,0,0,0,0,-1,-1,-3,-3,-5,-4,-6,-5,-7,0,0,0,0,0,0,0,0,0,0]"
CSI_DATA,37863,80:af:ca:27:52:2a,-54,11,0,0,0,0,0,0,0,0,0,-97,0,11,2,496643479,0,83,0,128,0,"[0,0,0,0,0,0,0,0,0,0,0,0,3,-5,6,-6,9,-7,10,-9,12,-9,12,-9,13,-9,12,-8,11,-7,10,-6,8,-6,7,-4,4,-3,2,-2,0,0,-2,1,-3,2,-5,4,-7,5,-9,6,-10,7,-12,9,-13,9,-14,10,-13,10,-13,9,0,0,-9,7,-7,5,-5,3,-2,1,1,0,3,-2,5,-4,7,-5,8,-6,9,-6,10,-7,10,-6,10,-7,11,-7,10,-7,9,-6,8,-6,6,-5,4,-4,2,-3,-1,-2,-4,-1,-6,0,-8,0,-10,1,-11,1,0,0,0,0,0,0,0,0,0,0]"
CSI_DATA,37864,80:af:ca:27:52:2a,-54,11,0,0,0,0,0,0,0,0,0,-97,0,11,2,496653613,0,83,0,128,0,"[0,0,0,0,0,0,0,0,0,0,0,0,-3,-4,-3,-7,-4,-10,-5,-12,-5,-14,-4,-14,-4,-15,-4,-14,-4,-13,-4,-12,-3,-10,-3,-9,-2,-6,-1,-4,0,-2,1,0,1,2,2,4,3,6,4,8,5,10,6,12,6,12,7,14,7,14,7,13,0,0,5,10,3,7,2,5,1,2,0,-1,-2,-4,-3,-6,-4,-8,-4,-9,-5,-10,-5,-12,-5,-11,-5,-12,-5,-12,-5,-12,-5,-11,-4,-9,-4,-8,-3,-6,-2,-3,-2,-1,-1,2,0,5,0,7,0,9,0,10,0,0,0,0,0,0,0,0,0,0]"
CSI_DATA,37865,80:af:ca:27:52:2a,-54,11,0,0,0,0,0,0,0,0,0,-97,0,11,2,496662104,0,83,0,128,0,"[0,0,0,0,0,0,0,0,0,0,0,0,0,4,-2,6,-4,9,-4,11,-5,13,-5,13,-6,13,-5,13,-4,12,-4,11,-4,9,-4,8,-3,5,-2,3,-1,0,-1,-1,0,-4,0,-6,0,-8,0,-10,0,-12,0,-15,0,-16,0,-18,0,-17,0,-17,0,0,0,-13,0,-9,0,-6,0,-3,0,0,0,3,0,5,0,8,0,9,0,11,0,13,0,12,0,12,0,13,0,12,0,11,0,9,0,8,0,5,0,2,0,0,0,-2,0,-5,1,-8,0,-9,0,-10,0,0,0,0,0,0,0,0,0,0]"
CSI_DATA,37866,80:af:ca:27:52:2a,-55,11,0,0,0,0,0,0,0,0,0,-97,0,11,2,496676723,0,83,0,128,0,"[0,0,0,0,0,0,0,0,0,0,0,0,-13,0,-13,-1,-11,-2,-9,-1,-6,-2,-4,-1,-1,-2,1,-2,3,-2,6,-2,7,-3,9,-3,10,-3,10,-3,10,-3,10,-3,10,-3,9,-3,8,-2,6,-2,5,-1,3,-1,0,0,-2,0,-5,1,-7,2,0,0,-12,4,-13,5,-15,6,-15,6,-14,5,-13,5,-12,4,-10,3,-8,3,-6,2,-3,1,-1,0,0,0,3,0,5,0,6,-1,9,-3,10,-2,12,-3,13,-3,13,-3,13,-3,12,-3,10,-3,9,-3,6,-3,0,0,0,0,0,0,0,0,0,0]"
CSI_DATA,37867,80:af:ca:27:52:2a,-54,11,1,1,1,1,1,0,0,0,0,-97,0,11,2,496685428,0,83,1,128,0,"[0,0,0,0,0,0,0,0,0,0,0,0,8,2,7,2,6,1,5,1,3,1,2,1,0,0,-1,0,-2,0,-4,-1,-6,-1,-7,-1,-7,-2,-8,-2,-8,-2,-8,-2,-8,-2,-7,-1,-7,-1,-5,-1,-4,-1,-3,0,-1,0,0,0,1,0,3,0,0,0,6,1,6,1,7,1,7,2,7,2,7,1,7,1,6,1,5,1,3,1,2,0,1,0,0,-1,-1,-1,-2,-2,-3,-2,-4,-2,-4,-3,-5,-3,-5,-3,-5,-3,-5,-3,-5,-3,-4,-3,-3,-2,-3,-2,0,0,0,0,0,0,0,0,0,0]"
CSI_DATA,37868,80:af:ca:27:52:2a,-55,11,0,0,0,0,0,0,0,0,0,-97,0,11,2,496699042,0,83,0,128,0,"[0,0,0,0,0,0,0,0,0,0,0,0,-4,1,-8,1,-11,1,-13,1,-15,1,-15,1,-15,0,-15,0,-14,0,-13,0,-11,0,-9,0,-7,0,-4,-1,-2,-1,0,-1,2,-2,5,-2,7,-2,9,-3,10,-4,13,-4,14,-5,16,-5,15,-6,14,-5,0,0,11,-4,8,-3,5,-2,2,-1,-1,-1,-4,0,-6,0,-8,1,-10,2,-11,2,-12,2,-12,2,-12,2,-13,2,-12,2,-11,2,-10,2,-8,2,-6,2,-4,1,-1,1,2,1,4,0,6,0,8,0,9,0,0,0,0,0,0,0,0,0,0,0]"
CSI_DATA,37869,80:af:ca:27:52:2a,-54,11,1,1,1,1,1,0,0,0,0,-97,0,11,2,496708560,0,83,1,128,0,"[0,0,0,0,0,0,0,0,0,0,0,0,-2,9,-2,8,-2,6,-2,5,-2,4,-1,2,0,0,0,-1,0,-3,0,-5,1,-6,1,-8,1,-9,2,-9,2,-9,2,-9,2,-9,1,-8,1,-7,1,-6,1,-4,0,-2,0,-1,0,0,-1,2,-1,4,0,0,-2,6,-2,7,-3,8,-3,8,-4,8,-4,8,-3,7,-2,6,-2,5,-1,4,-1,2,0,1,0,0,1,-1,2,-2,2,-3,3,-4,4,-5,4,-5,4,-5,4,-5,4,-5,4,-4,3,-4,2,-4,2,-2,0,0,0,0,0,0,0,0,0,0]"
CSI_DATA,37870,80:af:ca:27:52:2a,-54,11,0,0,0,0,0,0,0,0,0,-97,0,11,2,496719083,0,83,0,128,0,"[0,0,0,0,0,0,0,0,0,0,0,0,0,-4,3,-7,5,-9,5,-11,7,-13,7,-13,8,-14,8,-13,7,-11,6,-10,5,-9,4,-8,3,-5,1,-3,0,-1,-1,1,-2,3,-3,4,-4,6,-5,8,-5,10,-6,13,-6,14,-8,15,-7,15,-7,14,0,0,-5,10,-4,7,-3,5,-1,2,0,-1,1,-4,3,-6,4,-7,5,-9,5,-10,6,-11,6,-10,6,-11,6,-11,6,-10,5,-9,4,-9,3,-7,2,-5,0,-4,-1,-1,-3,1,-5,2,-7,4,-8,5,-9,5,0,0,0,0,0,0,0,0,0,0]"
CSI_DATA,37871,80:af:ca:27:52:2a,-54,11,0,0,0,0,0,0,0,0,0,-97,0,11,2,496729652,0,83,0,128,0,"[0,0,0,0,0,0,0,0,0,0,0,0,1,-4,4,-6,7,-8,7,-10,9,-11,9,-11,10,-11,10,-11,9,-10,8,-9,7,-8,6,-7,4,-5,2,-3,1,-1,0,1,-2,2,-3,5,-5,6,-6,8,-6,10,-8,12,-8,13,-10,14,-9,15,-9,13,0,0,-7,10,-5,8,-4,5,-2,2,0,-1,2,-3,3,-6,4,-7,5,-9,6,-10,7,-11,7,-11,7,-11,7,-11,7,-11,6,-10,5,-9,4,-7,2,-6,1,-4,-1,-2,-3,1,-5,2,-7,4,-8,6,-9,6,0,0,0,0,0,0,0,0,0,0]"
CSI_DATA,37872,80:af:ca:27:52:2a,-54,11,1,1,1,1,1,0,0,0,0,-97,0,11,2,496737985,0,83,1,128,0,"[0,0,0,0,0,0,0,0,0,0,0,0,-4,8,-3,7,-3,6,-3,5,-2,3,-2,2,-1,0,0,-1,0,-2,0,-4,1,-6,2,-7,2,-7,2,-8,2,-8,2,-8,2,-8,2,-7,2,-7,1,-6,1,-4,0,-2,0,-1,0,0,-1,1,-1,3,0,0,-2,6,-2,7,-3,7,-3,8,-3,8,-3,7,-2,7,-2,6,-2,5,-1,3,-1,2,0,1,0,0,1,-1,1,-2,2,-3,2,-4,3,-5,3,-5,3,-5,3,-5,3,-5,3,-5,2,-5,2,-4,1,-3,0,0,0,0,0,0,0,0,0,0]"
CSI_DATA,37873,80:af:ca:27:52:2a,-55,11,1,1,1,1,1,0,0,0,0,-97,0,11,2,496745602,0,83,1,128,0,"[0,0,0,0,0,0,0,0,0,0,0,0,3,-8,3,-7,3,-6,3,-5,2,-4,1,-2,1,-1,0,0,0,2,0,3,-1,5,-1,6,-1,7,-1,7,-2,8,-1,8,-1,7,-1,7,-1,6,-1,5,-1,4,-1,2,0,1,0,0,0,-2,0,-4,0,0,0,-6,0,-7,0,-8,0,-9,0,-9,0,-8,0,-7,0,-6,0,-5,0,-4,0,-3,0,-1,0,0,-1,1,0,2,0,3,0,4,0,5,0,5,0,5,0,6,0,5,0,5,0,4,0,4,0,3,0,0,0,0,0,0,0,0,0,0]"
CSI_DATA,37874,80:af:ca:27:52:2a,-54,11,1,1,1,1,1,0,0,0,0,-97,0,11,2,496752735,0,83,1,128,0,"[0,0,0,0,0,0,0,0,0,0,0,0,-6,8,-6,7,-5,6,-5,5,-4,4,-2,2,-1,0,0,-1,0,-3,1,-4,2,-6,2,-8,3,-9,3,-9,4,-9,4,-10,3,-9,2,-9,2,-8,2,-6,1,-5,1,-3,0,-1,0,0,0,2,-1,4,0,0,-1,6,-2,8,-2,9,-2,9,-2,9,-2,9,-2,8,-2,7,-1,6,-1,5,0,2,0,1,0,0,0,-1,1,-3,1,-4,1,-5,1,-6,1,-6,2,-6,2,-7,1,-6,1,-6,1,-5,1,-5,0,-4,0,0,0,0,0,0,0,0,0,0]"
CSI_DATA,37875,80:af:ca:27:52:2a,-54,11,0,0,0,0,0,0,0,0,0,-97,0,11,2,496762800,0,83,0,128,0,"[0,0,0,0,0,0,0,0,0,0,0,0,-4,-3,-5,-6,-7,-8,-8,-9,-9,-11,-9,-13,-9,-13,-9,-13,-8,-11,-7,-10,-7,-9,-6,-8,-4,-5,-3,-4,-1,-2,0,0,2,1,3,3,5,5,6,6,7,7,9,9,10,9,11,11,11,11,10,10,0,0,8,8,6,6,4,4,2,1,0,-1,-2,-3,-3,-5,-5,-6,-6,-8,-7,-8,-7,-10,-7,-10,-7,-10,-8,-10,-7,-10,-7,-9,-7,-8,-5,-7,-4,-5,-3,-3,-2,0,-1,2,0,4,1,6,2,7,2,8,0,0,0,0,0,0,0,0,0,0]"
CSI_DATA,37876,80:af:ca:27:52:2a,-55,11,1,1,1,1,1,0,0,0,0,-97,0,11,2,496774675,0,83,1,128,0,"[0,0,0,0,0,0,0,0,0,0,0,0,7,-5,7,-4,6,-3,5,-2,3,-1,2,-1,0,0,-1,1,-2,1,-3,2,-5,3,-6,4,-7,4,-7,5,-7,5,-7,5,-7,5,-6,4,-6,3,-5,3,-3,2,-2,1,-1,0,0,0,1,-1,3,-2,0,0,5,-4,6,-5,6,-5,6,-5,7,-5,6,-5,6,-5,5,-4,4,-3,3,-3,1,-2,0,-1,0,-1,-2,0,-3,0,-4,1,-5,1,-5,1,-6,1,-6,2,-6,2,-6,1,-5,2,-5,1,-4,1,-3,1,0,0,0,0,0,0,0,0,0,0]"
CSI_DATA,37877,80:af:ca:27:52:2a,-54,11,1,1,1,1,1,0,0,0,0,-97,0,11,2,496784180,0,83,1,128,0,"[0,0,0,0,0,0,0,0,0,0,0,0,-3,1,-6,1,-8,1,-10,1,-11,1,-11,1,-12,1,-11,1,-11,1,-10,0,-9,0,-8,0,-5,0,-3,0,-1,0,0,-1,2,-1,4,-2,6,-2,7,-3,8,-3,9,-4,9,-4,10,-4,9,-4,8,-4,0,0,6,-3,4,-2,2,-2,1,-1,0,0,-2,0,-4,1,-5,2,-7,2,-8,2,-8,2,-9,2,-9,2,-8,2,-8,2,-7,2,-5,2,-5,2,-2,1,-1,0,0,0,1,0,2,0,3,0,4,0,5,0,0,0,0,0,0,0,0,0,0,0]"
CSI_DATA,37878,80:af:ca:27:52:2a,-55,11,1,1,1,1,1,0,0,0,0,-97,0,11,2,496792236,0,83,1,128,0,"[0,0,0,0,0,0,0,0,0,0,0,0,-1,2,-2,4,-3,5,-4,6,-5,7,-6,7,-6,8,-6,8,-6,8,-5,7,-5,7,-4,5,-3,4,-2,2,-1,0,0,-1,0,-2,0,-4,1,-6,2,-7,2,-8,2,-9,2,-10,2,-10,2,-9,2,-9,0,0,1,-7,1,-5,0,-4,0,-2,0,0,0,2,-1,3,-2,4,-2,6,-2,7,-2,8,-2,8,-2,8,-2,7,-2,7,-1,6,-1,5,0,4,0,2,0,1,0,0,0,-1,0,-2,1,-3,1,-4,2,-4,0,0,0,0,0,0,0,0,0,0]"
CSI_DATA,37879,80:af:ca:27:52:2a,-55,11,1,1,1,1,1,0,0,0,0,-97,0,11,2,496800124,0,83,1,128,0,"[0,0,0,0,0,0,0,0,0,0,0,0,-7,3,-7,3,-6,2,-5,2,-4,1,-3,0,-1,0,0,-1,0,-2,1,-3,2,-4,3,-6,3,-6,4,-7,4,-7,4,-7,4,-7,3,-6,3,-6,2,-4,2,-3,1,-2,0,-1,0,0,0,2,-1,3,0,0,-1,6,-2,7,-2,7,-1,7,-2,8,-1,7,-1,7,-1,6,-1,4,0,3,0,2,0,1,0,0,0,-1,0,-3,0,-4,0,-4,0,-6,0,-6,0,-6,0,-6,0,-6,0,-5,0,-5,0,-4,0,-3,0,0,0,0,0,0,0,0,0,0]"
CSI_DATA,37880,80:af:ca:27:52:2a,-55,11,0,0,0,0,0,0,0,0,0,-97,0,11,2,496811398,0,83,0,128,0,"[0,0,0,0,0,0,0,0,0,0,0,0,5,-12,5,-12,5,-11,4,-9,3,-6,2,-4,1,-1,0,0,0,2,-1,5,-1,7,-2,9,-2,9,-2,10,-2,10,-2,11,-2,11,-2,10,-2,9,-2,8,-1,6,-1,4,0,1,0,-1,0,-4,0,-7,0,0,0,-13,0,-14,0,-16,0,-16,1,-15,0,-14,0,-14,0,-11,0,-9,0,-7,0,-5,0,-2,-1,0,-1,2,-2,4,-2,6,-2,8,-3,10,-3,11,-4,12,-3,13,-3,13,-2,12,-2,11,-2,9,-1,7,0,0,0,0,0,0,0,0,0,0]"
CSI_DATA,37881,80:af:ca:27:52:2a,-54,11,1,1,1,1,1,0,0,0,0,-97,0,11,2,496820221,0,83,1,128,0,"[0,0,0,0,0,0,0,0,0,0,0,0,1,9,1,8,0,7,0,6,0,4,0,2,0,1,-1,0,-1,-2,-1,-4,-2,-6,-2,-7,-2,-8,-2,-9,-2,-9,-3,-9,-3,-9,-3,-8,-2,-7,-2,-6,-1,-4,-1,-3,0,-1,0,0,0,1,1,3,0,0,2,5,2,6,2,7,3,8,2,8,2,8,2,7,2,6,2,5,1,4,1,2,0,1,0,0,0,-1,0,-3,-1,-4,-1,-5,-1,-5,-1,-6,-1,-6,-1,-6,-1,-6,-1,-5,-1,-5,-1,-4,-1,-4,0,0,0,0,0,0,0,0,0,0]"
CSI_DATA,37882,80:af:ca:27:52:2a,-55,11,1,1,1,1,1,0,0,0,0,-97,0,11,2,496828556,0,83,1,128,0,"[0,0,0,0,0,0,0,0,0,0,0,0,2,0,4,2,5,4,6,5,7,6,8,7,8,7,8,7,8,7,7,7,6,5,5,5,3,3,2,2,0,0,0,0,-2,-1,-4,-2,-5,-4,-7,-5,-8,-5,-8,-5,-9,-6,-9,-6,-9,-6,-8,-5,0,0,-7,-4,-5,-3,-3,-2,-2,-1,0,0,0,0,2,2,3,2,5,4,5,5,6,5,6,5,6,5,6,5,6,5,5,4,5,3,3,2,2,1,1,0,0,0,0,-1,-1,-2,-2,-3,-2,-4,-2,-4,0,0,0,0,0,0,0,0,0,0]"
CSI_DATA,37883,80:af:ca:27:52:2a,-54,11,0,0,0,0,0,0,0,0,0,-97,0,11,2,496852949,0,83,0,128,0,"[0,0,0,0,0,0,0,0,0,0,0,0,0,-5,1,-7,3,-10,3,-12,4,-13,5,-13,5,-14,5,-13,4,-13,4,-11,3,-10,3,-8,2,-6,2,-4,0,-2,0,1,-1,3,-1,5,-2,7,-2,9,-2,11,-3,13,-3,14,-4,16,-3,16,-3,15,0,0,-2,11,-2,8,-1,5,-1,2,0,-1,0,-4,1,-6,1,-9,2,-10,2,-11,2,-13,2,-12,3,-13,3,-13,2,-12,2,-11,1,-10,1,-8,0,-6,-1,-4,-2,-1,-3,1,-4,4,-5,6,-5,8,-6,8,0,0,0,0,0,0,0,0,0,0]"
CSI_DATA,37884,80:af:ca:27:52:2a,-55,11,0,0,0,0,0,0,0,0,0,-97,0,11,2,496867180,0,83,0,128,0,"[0,0,0,0,0,0,0,0,0,0,0,0,-1,-3,0,-6,0,-10,0,-11,0,-13,0,-14,1,-14,1,-14,1,-13,1,-11,0,-10,0,-9,0,-6,0,-3,0,-1,0,0,0,1,0,4,0,6,0,8,0,10,0,13,0,14,0,16,0,16,0,15,0,0,0,11,0,8,0,5,0,2,0,0,0,-3,0,-5,0,-8,0,-10,0,-11,1,-12,1,-12,1,-12,1,-13,1,-12,0,-11,0,-10,0,-8,0,-6,0,-4,-1,-1,-2,0,-3,2,-4,4,-5,6,-5,7,0,0,0,0,0,0,0,0,0,0]"
CSI_DATA,37885,80:af:ca:27:52:2a,-54,11,1,1,1,1,1,0,0,0,0,-97,0,11,2,496878049,0,83,1,128,0,"[0,0,0,0,0,0,0,0,0,0,0,0,-4,7,-3,7,-3,6,-3,5,-2,4,-2,2,-1,0,-1,-1,0,-2,0,-4,0,-5,0,-6,0,-7,0,-8,0,-9,0,-9,0,-9,0,-8,0,-7,0,-6,0,-4,0,-3,0,-2,0,0,0,1,0,3,0,0,1,5,1,6,1,7,1,7,1,8,1,7,1,7,1,6,1,5,1,3,0,2,0,1,0,0,0,-1,0,-2,-1,-4,-1,-4,-1,-5,-1,-5,-1,-6,-2,-6,-1,-5,-1,-5,-1,-4,-1,-4,-1,-3,0,0,0,0,0,0,0,0,0,0]"
CSI_DATA,37886,80:af:ca:27:52:2a,-55,11,1,1,1,1,1,0,0,0,0,-97,0,11,2,496886651,0,83,1,128,0,"[0,0,0,0,0,0,0,0,0,0,0,0,0,-3,0,-5,0,-7,1,-8,1,-9,2,-11,2,-11,2,-11,2,-11,2,-10,2,-8,1,-8,0,-5,0,-3,0,-2,0,0,0,2,0,4,0,5,0,7,0,8,0,9,0,9,0,10,0,9,0,8,0,0,0,6,0,5,0,3,0,1,0,0,0,-2,0,-4,0,-5,0,-7,0,-8,0,-8,0,-9,0,-8,0,-8,0,-8,0,-7,0,-5,0,-5,0,-3,0,-2,0,0,0,0,-1,1,-1,2,-1,3,-1,4,0,0,0,0,0,0,0,0,0,0]"
CSI_DATA,37887,80:af:ca:27:52:2a,-55,11,1,1,1,1,1,0,0,0,0,-97,0,11,2,496894063,0,83,1,128,0,"[0,0,0,0,0,0,0,0,0,0,0,0,-4,-8,-4,-7,-3,-7,-2,-6,-2,-4,-1,-3,0,-1,0,0,1,1,2,2,3,4,4,4,4,5,4,6,5,6,5,6,5,6,5,5,4,5,3,4,2,3,1,2,0,1,0,0,-1,-1,-2,-2,0,0,-4,-4,-5,-5,-5,-5,-6,-5,-6,-5,-5,-5,-5,-5,-5,-4,-4,-4,-3,-3,-2,-2,-1,-1,-1,0,0,1,1,1,1,2,2,3,3,3,3,4,3,4,3,4,3,4,3,3,3,3,2,2,2,2,0,0,0,0,0,0,0,0,0,0]"
CSI_DATA,37888,80:af:ca:27:52:2a,-55,11,1,1,1,1,1,0,0,0,0,-97,0,11,2,496912012,0,83,1,128,0,"[0,0,0,0,0,0,0,0,0,0,0,0,-1,-4,-1,-5,-1,-7,0,-8,0,-10,0,-10,0,-11,0,-11,0,-10,0,-9,0,-8,0,-6,0,-5,0,-3,0,-1,0,0,0,2,0,4,0,5,0,6,1,8,1,8,1,9,1,9,2,8,1,8,0,0,1,6,0,4,0,2,0,1,0,0,0,-2,0,-4,0,-5,-1,-6,-1,-8,-1,-8,-1,-8,-1,-8,-1,-8,-1,-8,-1,-6,-1,-6,-1,-4,0,-3,0,-2,0,0,-1,0,-1,2,-1,2,-1,4,-1,4,0,0,0,0,0,0,0,0,0,0]"
CSI_DATA,37889,80:af:ca:27:52:2a,-55,11,1,1,1,1,1,0,0,0,0,-97,0,11,2,496929378,0,83,1,128,0,"[0,0,0,0,0,0,0,0,0,0,0,0,-4,0,-5,-2,-7,-2,-8,-4,-9,-4,-9,-5,-10,-5,-9,-5,-9,-5,-8,-5,-8,-4,-6,-3,-5,-2,-2,-2,-1,-1,0,0,2,0,5,0,6,0,8,0,8,0,9,0,10,0,10,0,10,0,9,0,0,0,6,0,5,0,2,0,1,0,-1,0,-2,0,-5,0,-6,0,-8,0,-8,0,-9,0,-10,0,-9,0,-9,0,-8,0,-8,0,-6,0,-5,0,-3,0,-2,0,0,0,0,0,2,0,3,0,4,0,5,0,0,0,0,0,0,0,0,0,0,0]"
CSI_DATA,37890,80:af:ca:27:52:2a,-54,11,1,1,1,1,1,0,0,0,0,-97,0,11,2,496936556,0,83,1,128,0,"[0,0,0,0,0,0,0,0,0,0,0,0,9,-3,8,-2,7,-2,6,-1,4,-1,2,0,0,0,-1,0,-2,1,-4,2,-6,2,-6,2,-8,3,-8,4,-8,4,-8,4,-8,4,-7,3,-6,2,-5,2,-4,1,-2,1,-1,0,0,0,1,-1,3,-2,0,0,6,-4,6,-4,7,-4,8,-4,8,-4,7,-4,6,-4,6,-4,5,-3,3,-2,2,-2,0,-1,0,-1,-2,0,-4,0,-4,0,-5,1,-6,1,-6,1,-6,1,-7,1,-6,1,-6,1,-5,1,-5,1,-4,0,0,0,0,0,0,0,0,0,0,0]"
CSI_DATA,37891,80:af:ca:27:52:2a,-54,11,0,0,0,0,0,0,0,0,0,-97,0,11,2,496955831,0,83,0,128,0,"[0,0,0,0,0,0,0,0,0,0,0,0,-4,-14,-3,-15,-2,-14,-2,-10,-1,-8,0,-5,0,-2,0,0,1,3,1,5,2,8,3,9,3,11,3,11,3,10,4,12,3,11,3,10,2,9,2,8,1,6,0,4,0,1,0,0,-1,-4,-3,-7,0,0,-4,-13,-4,-15,-5,-17,-5,-17,-4,-16,-4,-15,-4,-13,-3,-11,-3,-9,-2,-7,-2,-4,-1,-2,-1,0,0,2,0,4,0,7,0,9,0,11,0,12,0,13,0,13,0,13,0,13,0,12,0,10,0,8,0,0,0,0,0,0,0,0,0,0]"
CSI_DATA,37892,80:af:ca:27:52:2a,-54,11,1,1,1,1,1,0,0,0,0,-97,0,11,2,496981168,0,83,1,128,0,"[0,0,0,0,0,0,0,0,0,0,0,0,2,9,2,8,1,7,1,6,0,4,0,2,0,1,-1,0,-2,-2,-2,-4,-3,-5,-4,-6,-4,-7,-5,-8,-5,-8,-5,-8,-5,-8,-5,-7,-4,-6,-3,-5,-2,-4,-1,-2,0,-1,0,0,1,1,2,2,0,0,4,4,5,5,5,6,5,6,5,6,5,6,5,5,4,5,4,4,2,2,1,1,1,0,0,0,-1,-1,-1,-2,-2,-3,-3,-4,-4,-5,-4,-5,-4,-5,-4,-5,-4,-5,-4,-5,-3,-4,-2,-4,-2,-2,0,0,0,0,0,0,0,0,0,0]"
CSI_DATA,37893,80:af:ca:27:52:2a,-54,11,1,1,1,1,1,0,0,0,0,-97,0,11,2,496989537,0,83,1,128,0,"[0,0,0,0,0,0,0,0,0,0,0,0,-6,7,-5,6,-4,6,-4,4,-3,3,-2,2,-1,0,0,-1,0,-2,1,-3,1,-5,2,-6,2,-7,2,-8,2,-8,2,-8,2,-8,2,-8,2,-7,1,-6,1,-4,1,-3,0,-2,0,0,0,1,0,3,0,0,-1,6,-1,7,-1,7,-1,8,-1,8,-1,8,-1,7,-1,7,-1,6,0,4,0,2,0,1,0,0,0,-1,0,-2,0,-3,1,-5,1,-6,1,-6,1,-6,1,-6,1,-6,1,-6,0,-5,0,-4,0,-3,0,0,0,0,0,0,0,0,0,0]"
CSI_DATA,37894,80:af:ca:27:52:2a,-55,11,0,0,0,0,0,0,0,0,0,-97,0,11,2,497000188,0,83,0,128,0,"[0,0,0,0,0,0,0,0,0,0,0,0,1,3,0,6,0,9,1,11,0,13,0,13,0,13,0,13,0,12,0,10,0,9,0,8,0,4,0,2,0,0,0,-1,0,-4,0,-6,0,-8,0,-10,0,-12,0,-14,0,-14,0,-17,0,-16,0,-15,0,0,0,-11,0,-8,0,-5,0,-2,-1,0,-1,3,-2,5,-2,7,-3,8,-3,9,-3,11,-3,11,-4,11,-4,12,-4,11,-3,10,-2,8,-2,7,0,4,0,3,0,0,2,-1,4,-3,5,-4,6,-6,7,-7,0,0,0,0,0,0,0,0,0,0]"
CSI_DATA,37895,80:af:ca:27:52:2a,-55,11,1,1,1,1,1,0,0,0,0,-97,0,11,2,497007241,0,83,1,128,0,"[0,0,0,0,0,0,0,0,0,0,0,0,-9,-1,-8,-1,-7,-1,-6,-1,-4,-1,-3,-1,-1,-1,0,-1,2,-1,3,-1,5,-1,6,-1,7,-2,8,-2,8,-2,8,-2,8,-2,7,-2,6,-2,5,-1,4,-1,2,-1,1,0,0,0,-2,0,-3,1,0,0,-6,2,-7,2,-7,3,-8,3,-8,3,-8,3,-7,2,-6,2,-5,2,-4,1,-2,1,-1,0,0,0,1,0,2,-1,3,-1,4,-1,4,-2,5,-2,5,-2,5,-2,5,-2,4,-2,4,-2,3,-2,2,-1,0,0,0,0,0,0,0,0,0,0]"
CSI_DATA,37896,80:af:ca:27:52:2a,-54,11,1,1,1,1,1,0,0,0,0,-97,0,11,2,497015637,0,83,1,128,0,"[0,0,0,0,0,0,0,0,0,0,0,0,6,-7,6,-6,5,-5,5,-5,3,-3,2,-2,1,0,0,0,-1,2,-2,3,-3,4,-4,5,-5,6,-5,7,-5,7,-5,7,-5,7,-4,6,-4,6,-3,5,-2,3,-2,2,-1,1,0,0,0,-2,1,-3,0,0,3,-6,3,-6,3,-7,3,-7,4,-7,3,-7,3,-7,3,-6,2,-5,1,-4,1,-3,0,-1,0,0,-1,0,-2,1,-3,2,-3,3,-3,3,-4,4,-4,4,-4,4,-4,4,-3,3,-3,3,-2,3,-2,2,0,0,0,0,0,0,0,0,0,0]"
CSI_DATA,37897,80:af:ca:27:52:2a,-55,11,1,1,1,1,1,0,0,0,0,-97,0,11,2,497025424,0,83,1,128,0,"[0,0,0,0,0,0,0,0,0,0,0,0,-7,3,-7,3,-6,3,-5,2,-4,1,-3,0,-1,0,0,-1,1,-2,2,-2,3,-3,4,-4,5,-4,6,-4,6,-5,6,-5,6,-5,5,-4,5,-4,4,-3,3,-3,2,-2,0,-1,0,0,-1,1,-2,2,0,0,-4,3,-5,3,-6,4,-6,4,-6,4,-6,4,-5,4,-5,3,-4,3,-3,2,-2,2,-1,1,0,0,1,0,2,-1,3,-1,3,-2,4,-2,4,-2,4,-2,4,-3,4,-2,4,-2,3,-2,3,-2,2,-2,0,0,0,0,0,0,0,0,0,0]"
CSI_DATA,37898,80:af:ca:27:52:2a,-54,11,0,0,0,0,0,0,0,0,0,-97,0,11,2,497049707,0,83,0,128,0,"[0,0,0,0,0,0,0,0,0,0,0,0,-7,-11,-7,-12,-7,-11,-5,-9,-3,-7,-2,-4,0,-2,1,0,3,1,4,3,6,4,7,6,7,6,7,7,7,6,9,7,8,7,7,6,7,7,6,5,4,3,3,3,0,0,-1,0,-4,-2,-7,-3,0,0,-11,-7,-13,-8,-15,-8,-15,-9,-14,-8,-13,-8,-12,-7,-10,-6,-8,-5,-7,-3,-4,-2,-2,0,0,0,1,1,3,3,5,4,7,6,8,7,10,7,10,8,11,8,11,8,10,7,9,7,7,5,6,3,0,0,0,0,0,0,0,0,0,0]"
CSI_DATA,37899,80:af:ca:27:52:2a,-55,11,1,1,1,1,1,0,0,0,0,-97,0,11,2,497067535,0,83,1,128,0,"[0,0,0,0,0,0,0,0,0,0,0,0,1,-3,2,-4,4,-5,5,-6,6,-6,6,-6,7,-7,6,-6,6,-6,6,-6,5,-5,4,-4,3,-2,2,-2,0,0,0,0,-2,2,-2,3,-4,4,-4,5,-5,6,-6,6,-6,7,-6,7,-6,6,-5,6,0,0,-4,4,-2,3,-2,2,0,0,0,0,1,-2,2,-3,4,-4,4,-5,5,-6,5,-6,5,-6,5,-6,5,-6,4,-6,4,-5,3,-4,2,-4,1,-2,0,-2,0,-1,-2,0,-2,0,-3,0,-4,1,-4,1,0,0,0,0,0,0,0,0,0,0]"
CSI_DATA,37900,80:af:ca:27:52:2a,-54,11,1,1,1,1,1,0,0,0,0,-97,0,11,2,497096964,0,83,1,128,0,"[0,0,0,0,0,0,0,0,0,0,0,0,3,2,4,4,5,6,6,7,6,8,6,9,6,10,6,9,6,9,5,8,4,6,3,6,2,3,0,2,0,0,-1,-1,-2,-3,-3,-5,-4,-6,-5,-8,-5,-9,-6,-10,-6,-10,-6,-10,-6,-10,-5,-9,0,0,-4,-6,-3,-5,-3,-3,-2,-1,0,0,0,2,0,4,0,6,1,7,1,8,1,9,1,9,1,9,1,9,1,8,1,7,0,6,0,4,0,3,0,1,0,0,0,-1,0,-3,1,-3,1,-5,1,-5,0,0,0,0,0,0,0,0,0,0]"
CSI_DATA,37901,80:af:ca:27:52:2a,-54,11,0,0,0,0,0,0,0,0,0,-97,0,11,2,497104806,0,83,0,128,0,"[0,0,0,0,0,0,0,0,0,0,0,0,-13,6,-13,6,-12,5,-8,4,-7,2,-4,0,-1,0,0,-2,2,-4,4,-4,6,-6,8,-6,8,-7,9,-7,8,-7,10,-8,9,-7,8,-7,8,-6,6,-5,4,-4,3,-3,0,-1,-1,0,-4,2,-7,4,0,0,-11,8,-13,8,-14,9,-14,9,-13,8,-13,8,-12,8,-9,6,-8,5,-5,4,-4,3,-1,1,0,0,3,0,4,-1,7,-3,9,-4,11,-4,12,-4,13,-4,13,-5,13,-4,12,-4,11,-4,8,-4,7,-3,0,0,0,0,0,0,0,0,0,0]"
CSI_DATA,37902,80:af:ca:27:52:2a,-55,11,1,1,1,1,1,0,0,0,0,-97,0,11,2,497113539,0,83,1,128,0,"[0,0,0,0,0,0,0,0,0,0,0,0,-2,1,-4,1,-6,2,-8,2,-9,2,-10,2,-10,2,-10,2,-10,2,-9,2,-8,1,-6,1,-5,0,-3,0,-1,0,0,-1,2,-2,3,-2,4,-2,6,-3,7,-4,8,-4,8,-4,8,-4,8,-4,7,-4,0,0,5,-3,4,-2,2,-2,1,-1,0,0,-2,0,-4,1,-5,2,-6,2,-7,3,-8,3,-8,3,-8,3,-8,3,-7,3,-6,2,-5,2,-4,2,-2,1,-1,1,0,0,0,0,2,0,3,0,4,-1,4,-1,0,0,0,0,0,0,0,0,0,0]"
CSI_DATA,37903,80:af:ca:27:52:2a,-54,11,1,1,1,1,1,0,0,0,0,-97,0,11,2,497120783,0,83,1,128,0,"[0,0,0,0,0,0,0,0,0,0,0,0,1,9,1,8,1,7,0,6,0,5,0,3,0,1,-1,0,-1,-2,-2,-4,-2,-5,-3,-6,-4,-8,-4,-8,-4,-9,-4,-9,-4,-8,-4,-8,-4,-7,-3,-6,-2,-4,-1,-3,0,-1,0,0,1,1,2,2,0,0,4,5,4,6,5,6,5,7,5,7,5,7,4,6,4,5,3,5,2,3,1,2,1,1,0,0,-1,-1,-1,-2,-2,-4,-2,-5,-3,-5,-3,-6,-4,-6,-4,-6,-3,-5,-3,-5,-3,-5,-2,-4,-2,-3,0,0,0,0,0,0,0,0,0,0]"
CSI_DATA,37904,80:af:ca:27:52:2a,-54,11,0,0,0,0,0,0,0,0,0,-97,0,11,2,497128426,0,83,0,128,0,"[0,0,0,0,0,0,0,0,0,0,0,0,3,-1,6,0,9,0,11,0,12,0,12,1,13,1,13,1,12,1,11,1,10,1,7,1,5,0,3,0,0,0,-1,0,-3,0,-6,0,-7,-1,-10,-1,-12,-1,-14,-1,-15,-1,-17,-3,-17,-2,-16,-2,0,0,-12,-1,-10,-1,-6,0,-3,0,0,0,2,0,5,1,6,2,8,3,10,3,11,4,11,4,11,5,11,5,11,5,10,4,9,3,7,2,6,1,4,0,1,-1,0,-2,-2,-5,-4,-6,-6,-7,-6,-8,0,0,0,0,0,0,0,0,0,0]"
CSI_DATA,37905,80:af:ca:27:52:2a,-54,11,1,1,1,1,1,0,0,0,0,-97,0,11,2,497137723,0,83,1,128,0,"[0,0,0,0,0,0,0,0,0,0,0,0,-1,-10,-1,-8,0,-7,0,-6,0,-5,0,-3,0,-1,0,0,1,2,1,3,1,5,2,6,2,7,2,7,3,7,3,8,3,7,3,7,2,6,2,5,1,3,1,2,0,1,0,0,-1,-1,-2,-3,0,0,-3,-5,-5,-6,-5,-7,-5,-7,-5,-7,-5,-7,-5,-6,-4,-5,-3,-5,-3,-3,-2,-2,-1,-1,0,0,0,1,1,2,1,3,2,4,2,4,3,5,3,5,3,5,3,4,2,4,2,3,2,3,2,2,0,0,0,0,0,0,0,0,0,0]"
CSI_DATA,37906,80:af:ca:27:52:2a,-54,11,1,1,1,1,1,0,0,0,0,-97,0,11,2,497146562,0,83,1,128,0,"[0,0,0,0,0,0,0,0,0,0,0,0,0,8,0,8,0,7,0,6,0,4,0,2,0,1,-1,0,-1,-2,-1,-3,-1,-5,-2,-7,-2,-7,-2,-8,-2,-8,-2,-8,-2,-8,-2,-7,-2,-7,-2,-6,-1,-4,-1,-3,0,-1,0,0,0,1,1,2,0,0,2,5,2,6,2,6,3,7,3,7,2,7,2,6,2,5,2,5,1,3,1,2,0,1,0,0,0,-1,0,-2,-1,-3,-1,-5,-1,-5,-1,-5,-2,-6,-2,-6,-2,-5,-2,-5,-1,-5,-1,-4,-1,-3,0,0,0,0,0,0,0,0,0,0]"
CSI_DATA,37907,80:af:ca:27:52:2a,-55,11,0,0,0,0,0,0,0,0,0,-97,0,11,2,497157875,0,83,0,128,0,"[0,0,0,0,0,0,0,0,0,0,0,0,12,-4,13,-3,11,-2,9,-2,6,0,4,0,0,0,-1,0,-4,1,-6,2,-8,2,-10,3,-10,3,-11,3,-10,3,-11,4,-11,3,-10,3,-10,2,-8,2,-6,1,-4,1,-1,0,0,0,4,-2,6,-3,0,0,11,-5,13,-5,15,-5,15,-5,15,-5,13,-5,11,-5,10,-4,8,-3,5,-3,3,-2,1,-1,0,-1,-3,0,-5,0,-8,0,-10,0,-11,0,-13,0,-14,0,-14,0,-14,0,-13,0,-12,0,-10,0,-8,0,0,0,0,0,0,0,0,0,0,0]"
CSI_DATA,37908,80:af:ca:27:52:2a,-54,11,1,1,1,1,1,0,0,0,0,-97,0,11,2,497165876,0,83,1,128,0,"[0,0,0,0,0,0,0,0,0,0,0,0,8,5,7,4,6,4,5,3,3,2,1,1,0,0,-1,0,-3,-1,-4,-2,-6,-3,-7,-4,-8,-4,-9,-4,-9,-4,-9,-4,-9,-4,-8,-4,-7,-3,-6,-3,-4,-2,-3,-1,-1,0,0,0,1,1,3,1,0,0,6,3,7,3,8,3,8,4,8,4,8,4,7,3,6,3,5,2,4,1,3,0,1,0,0,-1,-1,-1,-2,-3,-3,-3,-4,-4,-4,-4,-5,-4,-5,-4,-6,-4,-5,-4,-5,-4,-4,-4,-4,-3,-3,-2,0,0,0,0,0,0,0,0,0,0]"
CSI_DATA,37909,80:af:ca:27:52:2a,-54,11,0,0,0,0,0,0,0,0,0,-97,0,11,2,497178153,0,83,0,128,0,"[0,0,0,0,0,0,0,0,0,0,0,0,-1,-5,0,-8,2,-11,1,-13,2,-15,3,-15,3,-15,3,-15,3,-14,3,-12,2,-11,2,-9,1,-6,1,-4,0,-2,0,1,0,3,0,5,-1,8,-1,10,-1,12,-1,14,-1,15,-1,17,-1,17,-1,15,0,0,-1,11,-1,8,-1,5,-1,2,0,-1,0,-4,0,-7,0,-9,0,-11,0,-12,0,-13,1,-13,1,-13,1,-14,1,-13,0,-12,0,-11,0,-9,-1,-6,-1,-4,-2,-1,-2,2,-3,4,-4,7,-4,9,-5,9,0,0,0,0,0,0,0,0,0,0]"
CSI_DATA,37910,80:af:ca:27:52:2a,-54,11,0,0,0,0,0,0,0,0,0,-97,0,11,2,497205039,0,83,0,128,0,"[0,0,0,0,0,0,0,0,0,0,0,0,-3,2,-6,2,-10,3,-11,4,-13,4,-14,4,-14,5,-14,4,-13,4,-12,4,-10,3,-9,2,-6,1,-4,0,-2,0,0,-1,0,-2,3,-3,5,-5,6,-6,8,-8,10,-9,10,-10,13,-11,12,-12,11,-11,0,0,8,-9,6,-7,4,-4,1,-2,0,0,-2,1,-4,3,-5,4,-7,6,-8,7,-9,8,-9,8,-9,8,-9,8,-9,8,-8,7,-7,7,-6,5,-3,3,-1,2,0,0,1,0,3,-2,5,-4,6,-5,7,-5,0,0,0,0,0,0,0,0,0,0]"
CSI_DATA,37911,80:af:ca:27:52:2a,-54,11,0,0,0,0,0,0,0,0,0,-97,0,11,2,497218094,0,83,0,128,0,"[0,0,0,0,0,0,0,0,0,0,0,0,-4,1,-8,1,-11,2,-12,3,-15,3,-15,3,-16,2,-16,2,-14,2,-13,1,-11,1,-10,0,-7,0,-4,0,-1,0,0,0,2,-1,5,-1,8,-2,10,-2,11,-3,14,-4,14,-4,17,-4,17,-5,15,-4,0,0,11,-3,9,-2,6,-2,2,-1,0,0,-3,0,-6,0,-9,0,-11,0,-11,0,-13,0,-12,0,-13,0,-13,0,-13,0,-11,0,-11,0,-9,0,-6,0,-4,0,-1,0,0,1,3,1,6,2,8,2,8,3,0,0,0,0,0,0,0,0,0,0]"
CSI_DATA,37912,80:af:ca:27:52:2a,-54,11,0,0,0,0,0,0,0,0,0,-97,0,11,2,497247747,0,83,0,128,0,"[0,0,0,0,0,0,0,0,0,0,0,0,-2,4,-5,5,-7,7,-8,9,-9,9,-10,10,-10,10,-10,9,-9,9,-9,8,-8,7,-6,5,-5,3,-3,2,-2,0,0,-2,1,-4,2,-5,4,-7,5,-9,5,-10,7,-12,7,-13,8,-14,7,-15,7,-13,0,0,5,-10,4,-8,2,-5,0,-2,-1,0,-3,3,-4,5,-5,6,-6,8,-6,8,-7,10,-7,10,-7,10,-7,10,-7,9,-6,9,-5,8,-4,6,-3,4,-1,2,1,1,2,-2,4,-3,5,-5,6,-6,7,-7,0,0,0,0,0,0,0,0,0,0]"
CSI_DATA,37913,80:af:ca:27:52:2a,-55,11,1,1,1,1,1,0,0,0,0,-97,0,11,2,497257629,0,83,1,128,0,"[0,0,0,0,0,0,0,0,0,0,0,0,2,-3,4,-3,5,-4,7,-4,8,-4,8,-4,9,-5,9,-5,8,-4,8,-4,7,-4,6,-3,4,-2,3,-1,1,0,0,0,-2,2,-3,3,-4,4,-5,5,-6,6,-6,6,-7,7,-7,7,-6,7,-6,6,0,0,-4,5,-3,4,-2,2,-1,1,0,0,1,-2,2,-3,3,-4,4,-6,4,-6,4,-7,4,-8,4,-8,4,-8,4,-7,3,-6,2,-5,2,-4,0,-3,0,-2,0,0,-2,0,-2,1,-3,2,-3,2,-4,3,0,0,0,0,0,0,0,0,0,0]"
CSI_DATA,37914,80:af:ca:27:52:2a,-55,11,1,1,1,1,1,0,0,0,0,-97,0,11,2,497264996,0,83,1,128,0,"[0,0,0,0,0,0,0,0,0,0,0,0,-3,6,-3,6,-3,5,-3,4,-2,3,-2,1,-1,0,-1,-1,0,-2,0,-4,0,-5,0,-6,0,-7,0,-7,1,-8,1,-8,0,-7,0,-7,0,-6,0,-5,0,-4,0,-2,0,-1,0,0,0,1,0,3,0,0,0,5,0,6,0,7,0,7,0,7,0,7,0,6,0,5,0,5,0,3,0,2,0,1,0,0,0,-1,0,-2,0,-4,0,-4,0,-5,0,-5,0,-6,0,-6,0,-6,0,-5,0,-5,0,-4,0,-3,0,0,0,0,0,0,0,0,0,0]"
CSI_DATA,37915,80:af:ca:27:52:2a,-54,11,1,1,1,1,1,0,0,0,0,-97,0,11,2,497272698,0,83,1,128,0,"[0,0,0,0,0,0,0,0,0,0,0,0,7,5,6,4,5,4,4,3,2,2,1,1,0,0,-1,0,-2,-1,-3,-2,-4,-3,-6,-4,-6,-5,-7,-6,-7,-6,-7,-6,-6,-6,-6,-5,-5,-4,-4,-4,-3,-3,-2,-2,-1,-1,0,0,1,1,2,2,0,0,3,4,4,5,4,6,5,6,5,6,4,6,4,6,3,5,3,4,2,3,2,2,1,0,0,0,0,-1,0,-3,-1,-4,-1,-5,-1,-5,-1,-6,-1,-6,-1,-6,-1,-6,-1,-6,-1,-5,-1,-4,-1,-3,0,0,0,0,0,0,0,0,0,0]"
CSI_DATA,37916,80:af:ca:27:52:2a,-54,11,1,1,1,1,1,0,0,0,0,-97,0,11,2,497281639,0,83,1,128,0,"[0,0,0,0,0,0,0,0,0,0,0,0,3,-1,5,-1,7,-1,9,0,10,0,11,0,12,0,11,0,11,0,10,0,9,0,7,0,5,0,3,0,0,0,-1,0,-3,0,-5,0,-7,0,-9,0,-10,0,-10,0,-11,0,-11,0,-11,0,-10,0,0,0,-7,0,-6,0,-3,0,-2,0,0,0,2,0,3,0,5,0,6,1,7,1,8,1,9,1,8,1,8,1,7,1,6,0,6,0,4,0,3,0,1,0,0,-1,0,-1,-2,-2,-3,-3,-3,-3,-4,-3,0,0,0,0,0,0,0,0,0,0]"
CSI_DATA,37917,80:af:ca:27:52:2a,-54,11,0,0,0,0,0,0,0,0,0,-97,0,11,2,497315327,0,83,0,128,0,"[0,0,0,0,0,0,0,0,0,0,0,0,-2,3,-4,5,-7,8,-7,9,-9,10,-10,11,-10,11,-10,11,-9,10,-8,9,-7,8,-7,7,-5,4,-4,3,-2,1,-1,-1,0,-3,2,-5,3,-8,4,-9,4,-11,6,-14,6,-14,8,-16,7,-17,7,-15,0,0,5,-12,4,-9,3,-6,1,-4,-1,-1,-2,2,-3,5,-4,7,-5,8,-6,9,-7,11,-7,11,-7,11,-7,11,-7,10,-6,10,-6,9,-5,7,-3,5,-2,3,0,1,2,-2,3,-4,5,-5,6,-7,7,-8,0,0,0,0,0,0,0,0,0,0]"
CSI_DATA,37918,80:af:ca:27:52:2a,-55,11,1,1,1,1,1,0,0,0,0,-97,0,11,2,497324176,0,83,1,128,0,"[0,0,0,0,0,0,0,0,0,0,0,0,2,-1,5,0,6,0,8,0,9,0,10,0,10,0,10,0,10,0,9,0,8,0,7,0,5,0,2,0,0,0,0,0,-2,0,-5,0,-6,0,-8,0,-9,0,-10,0,-10,0,-10,0,-10,0,-10,0,0,0,-8,0,-5,0,-4,0,-2,0,0,0,2,0,3,0,5,1,6,1,8,1,8,1,8,1,8,1,8,1,8,1,7,1,5,0,5,0,3,0,2,0,0,-1,0,-1,-2,-2,-2,-2,-3,-3,-4,-3,0,0,0,0,0,0,0,0,0,0]"
CSI_DATA,37919,80:af:ca:27:52:2a,-55,11,1,1,1,1,1,0,0,0,0,-97,0,11,2,497332165,0,83,1,128,0,"[0,0,0,0,0,0,0,0,0,0,0,0,6,6,6,6,5,5,4,4,3,3,1,2,0,1,-1,0,-2,-1,-3,-2,-5,-3,-6,-4,-6,-5,-7,-5,-7,-5,-8,-5,-7,-5,-7,-5,-6,-4,-5,-3,-4,-3,-3,-2,-1,-1,0,0,1,1,3,1,0,0,5,3,6,4,7,4,7,4,7,5,7,4,6,4,6,3,5,3,4,2,3,1,1,0,0,-1,-1,-1,-2,-2,-3,-3,-3,-4,-4,-4,-4,-5,-5,-5,-5,-5,-4,-5,-4,-4,-4,-4,-3,-4,-3,-3,0,0,0,0,0,0,0,0,0,0]"
CSI_DATA,37920,80:af:ca:27:52:2a,-54,11,1,1,1,1,1,0,0,0,0,-97,0,11,2,497340459,0,83,1,128,0,"[0,0,0,0,0,0,0,0,0,0,0,0,2,2,3,3,4,5,5,7,5,8,6,8,6,8,6,8,5,8,5,8,5,7,4,5,2,4,1,2,0,0,-1,0,-2,-2,-4,-3,-5,-5,-6,-5,-7,-6,-8,-7,-8,-8,-8,-8,-8,-7,-8,-6,0,0,-5,-5,-4,-4,-3,-2,-1,-1,0,0,0,1,2,2,3,3,5,5,5,5,6,5,6,6,5,6,5,5,5,5,5,5,4,3,3,2,2,1,1,0,0,0,0,-2,-1,-2,-2,-3,-2,-4,-2,-5,0,0,0,0,0,0,0,0,0,0]"
CSI_DATA,37921,80:af:ca:27:52:2a,-54,11,0,0,0,0,0,0,0,0,0,-97,0,11,2,497350200,0,83,0,128,0,"[0,0,0,0,0,0,0,0,0,0,0,0,-4,-14,-3,-14,-3,-14,-3,-11,-2,-8,0,-5,0,-3,0,0,1,2,2,4,3,7,3,8,3,9,3,10,4,10,4,11,4,10,4,9,3,9,3,7,3,6,2,4,0,2,0,0,-2,-3,-3,-6,0,0,-6,-11,-7,-13,-7,-14,-7,-15,-7,-14,-7,-14,-7,-12,-5,-11,-4,-8,-3,-7,-3,-4,-2,-2,0,0,0,1,0,3,1,6,2,8,2,10,2,11,2,12,3,12,3,12,3,12,3,11,2,9,2,7,0,0,0,0,0,0,0,0,0,0]"
CSI_DATA,37922,80:af:ca:27:52:2a,-54,11,0,0,0,0,0,0,0,0,0,-97,0,11,2,497362757,0,83,0,128,0,"[0,0,0,0,0,0,0,0,0,0,0,0,-2,4,-5,6,-7,9,-8,10,-9,11,-10,11,-10,11,-10,10,-9,9,-8,8,-7,7,-6,5,-4,3,-3,2,-1,0,0,-2,1,-4,3,-5,5,-7,6,-9,7,-10,8,-12,8,-12,10,-13,9,-13,9,-12,0,0,6,-9,5,-7,3,-5,0,-3,-2,0,-4,2,-6,4,-7,5,-8,6,-9,7,-10,7,-10,7,-10,7,-10,7,-10,7,-9,6,-8,6,-6,5,-4,3,-2,2,0,1,2,0,5,-1,7,-2,8,-3,9,-3,0,0,0,0,0,0,0,0,0,0]"
CSI_DATA,37923,80:af:ca:27:52:2a,-55,11,1,1,1,1,1,0,0,0,0,-97,0,11,2,497369913,0,83,1,128,0,"[0,0,0,0,0,0,0,0,0,0,0,0,-3,-2,-4,-3,-6,-4,-6,-5,-7,-6,-8,-6,-8,-6,-8,-6,-8,-6,-7,-6,-6,-5,-5,-4,-4,-3,-2,-2,-1,-1,0,0,2,0,3,2,4,2,6,3,6,4,7,4,8,4,8,4,8,4,7,4,0,0,5,2,4,2,2,1,1,0,0,0,-2,-2,-3,-2,-4,-3,-6,-4,-6,-4,-7,-4,-7,-5,-7,-5,-7,-4,-6,-4,-6,-4,-4,-3,-4,-2,-2,-2,-2,0,0,0,0,0,0,1,1,2,2,3,2,3,0,0,0,0,0,0,0,0,0,0]"
CSI_DATA,37924,80:af:ca:27:52:2a,-54,11,0,0,0,0,0,0,0,0,0,-97,0,11,2,497380638,0,83,0,128,0,"[0,0,0,0,0,0,0,0,0,0,0,0,-2,13,-3,13,-3,13,-2,10,-2,7,-2,4,-1,1,-1,0,-1,-3,0,-6,-1,-9,0,-10,0,-11,0,-12,-1,-12,-1,-13,-1,-13,-1,-12,-1,-11,-1,-10,-1,-7,0,-6,0,-3,0,0,0,3,1,6,0,0,3,12,3,14,3,16,3,16,3,16,3,15,3,13,3,11,2,9,1,6,1,4,0,2,0,0,0,-3,0,-5,0,-8,-1,-10,-1,-12,-1,-13,-1,-14,-2,-15,-2,-15,-2,-14,-1,-13,-1,-10,-1,-8,0,0,0,0,0,0,0,0,0,0]"
CSI_DATA,37925,80:af:ca:27:52:2a,-54,11,0,0,0,0,0,0,0,0,0,-97,0,11,2,497399759,0,83,0,128,0,"[0,0,0,0,0,0,0,0,0,0,0,0,-1,-15,-1,-15,-1,-14,-1,-11,0,-8,0,-5,0,-2,0,0,1,2,1,4,2,6,2,8,3,9,3,10,4,9,4,11,4,10,4,9,3,9,3,7,2,5,1,4,0,1,0,0,-2,-3,-4,-6,0,0,-8,-11,-9,-12,-10,-14,-10,-14,-10,-14,-10,-13,-9,-11,-7,-9,-6,-8,-4,-5,-3,-4,-1,-2,0,0,0,1,1,3,3,5,4,8,5,9,6,10,6,11,7,12,7,11,6,11,6,9,5,8,3,5,0,0,0,0,0,0,0,0,0,0]"
CSI_DATA,37926,80:af:ca:27:52:2a,-54,11,1,1,1,1,1,0,0,0,0,-97,0,11,2,497407964,0,83,1,128,0,"[0,0,0,0,0,0,0,0,0,0,0,0,0,-3,2,-5,3,-6,5,-7,6,-8,6,-9,7,-9,7,-9,7,-9,6,-8,6,-7,4,-6,3,-4,2,-3,0,-1,0,0,-1,2,-2,3,-3,5,-4,6,-5,7,-6,8,-6,9,-6,9,-5,9,-5,8,0,0,-3,6,-3,4,-2,3,-1,1,0,0,0,-2,2,-3,3,-5,3,-6,3,-7,4,-8,4,-8,4,-8,4,-8,4,-7,3,-6,3,-6,2,-4,1,-3,0,-2,0,0,-1,0,-2,0,-3,1,-3,2,-4,3,0,0,0,0,0,0,0,0,0,0]"
CSI_DATA,37927,80:af:ca:27:52:2a,-54,11,0,0,0,0,0,0,0,0,0,-97,0,11,2,497419799,0,83,0,128,0,"[0,0,0,0,0,0,0,0,0,0,0,0,13,4,13,4,11,5,9,3,5,3,3,1,0,0,-2,0,-5,0,-7,-2,-10,-3,-11,-4,-12,-4,-12,-5,-11,-4,-14,-4,-11,-4,-11,-4,-10,-4,-8,-3,-6,-2,-4,-1,-1,0,1,0,5,1,7,3,0,0,12,5,15,6,15,6,15,6,15,6,14,5,12,5,10,4,8,3,5,1,4,0,1,0,0,-2,-2,-3,-4,-5,-5,-6,-7,-8,-8,-10,-10,-10,-10,-11,-10,-11,-10,-10,-10,-10,-9,-10,-8,-7,-5,-5,0,0,0,0,0,0,0,0,0,0]"
CSI_DATA,37928,80:af:ca:27:52:2a,-54,11,0,0,0,0,0,0,0,0,0,-97,0,11,2,497433735,0,83,0,128,0,"[0,0,0,0,0,0,0,0,0,0,0,0,12,3,12,3,11,3,8,2,6,2,3,1,0,0,-2,0,-4,0,-7,0,-9,0,-11,0,-11,0,-12,0,-11,0,-13,0,-12,0,-11,0,-11,0,-9,0,-7,0,-4,0,-2,0,1,0,4,0,7,-1,0,0,12,-1,15,-1,16,-1,16,-1,15,-1,15,-1,13,-1,11,-1,8,-1,6,-1,3,0,1,0,0,-1,-3,-1,-5,-1,-7,0,-10,-1,-11,-1,-13,-1,-14,-1,-15,-1,-14,-1,-13,0,-12,-1,-10,0,-7,0,0,0,0,0,0,0,0,0,0,0]"
CSI_DATA,37929,80:af:ca:27:52:2a,-54,11,1,1,1,1,1,0,0,0,0,-97,0,11,2,497455932,0,83,1,128,0,"[0,0,0,0,0,0,0,0,0,0,0,0,-9,0,-8,0,-7,0,-6,0,-4,0,-3,0,-1,-1,0,-1,2,-1,3,-1,5,-1,6,-1,7,-1,8,-1,8,-1,8,-1,8,-1,7,-1,7,-1,5,-1,4,-1,2,0,1,0,-1,0,-2,0,-4,0,0,0,-7,0,-8,0,-8,1,-9,1,-9,0,-8,0,-8,0,-7,0,-6,0,-4,0,-3,0,-2,0,0,0,1,0,2,0,3,0,4,0,5,1,6,1,6,1,6,1,6,1,5,1,4,0,4,0,3,0,0,0,0,0,0,0,0,0,0,0]"
CSI_DATA,37930,80:af:ca:27:52:2a,-54,11,1,1,1,1,1,0,0,0,0,-97,0,11,2,497464672,0,83,1,128,0,"[0,0,0,0,0,0,0,0,0,0,0,0,-7,5,-7,4,-6,4,-5,3,-4,2,-2,1,-1,0,0,-1,0,-2,2,-3,3,-4,3,-5,4,-6,4,-6,4,-7,4,-7,4,-7,4,-6,3,-6,3,-4,2,-3,1,-2,0,-1,0,0,-1,1,-1,2,0,0,-3,4,-3,6,-4,6,-4,6,-4,7,-4,6,-3,6,-3,5,-2,4,-2,3,-1,2,0,1,0,0,0,-1,1,-2,2,-3,2,-3,2,-4,3,-4,3,-4,3,-4,3,-4,2,-4,2,-3,2,-3,1,-2,0,0,0,0,0,0,0,0,0,0]"
CSI_DATA,37931,80:af:ca:27:52:2a,-54,11,1,1,1,1,1,0,0,0,0,-97,0,11,2,497487886,0,83,1,128,0,"[0,0,0,0,0,0,0,0,0,0,0,0,3,1,5,2,6,4,7,5,8,6,8,6,8,7,8,7,8,6,7,6,5,5,5,4,2,2,1,2,0,0,-1,-1,-2,-2,-4,-4,-5,-5,-6,-6,-7,-7,-8,-7,-8,-8,-8,-8,-8,-8,-7,-7,0,0,-5,-5,-4,-4,-2,-2,-2,0,0,0,0,2,1,3,2,5,2,6,3,7,3,8,3,8,3,8,3,8,3,7,2,6,2,5,2,3,1,2,1,0,0,0,0,-1,0,-2,0,-4,0,-5,0,-5,0,0,0,0,0,0,0,0,0,0]"
CSI_DATA,37932,80:af:ca:27:52:2a,-55,11,0,0,0,0,0,0,0,0,0,-97,0,11,2,497499203,0,83,0,128,0,"[0,0,0,0,0,0,0,0,0,0,0,0,2,-5,4,-7,7,-9,8,-11,9,-12,10,-12,10,-12,9,-11,8,-11,7,-9,7,-9,5,-7,4,-5,2,-3,1,-1,0,1,-2,3,-3,5,-5,7,-5,9,-6,11,-7,12,-7,13,-8,15,-7,15,-7,14,0,0,-5,10,-4,7,-3,5,-1,1,0,-1,1,-4,2,-6,3,-8,4,-10,4,-11,5,-12,5,-12,5,-12,5,-12,4,-11,4,-10,3,-10,3,-8,1,-6,0,-3,-2,-1,-3,1,-4,4,-5,5,-6,7,-7,7,0,0,0,0,0,0,0,0,0,0]"
CSI_DATA,37933,80:af:ca:27:52:2a,-54,11,0,0,0,0,0,0,0,0,0,-97,0,11,2,497544400,0,83,0,128,0,"[0,0,0,0,0,0,0,0,0,0,0,0,-5,0,-8,0,-11,-1,-13,-1,-15,-2,-16,-3,-16,-3,-16,-3,-14,-3,-13,-3,-11,-2,-9,-2,-7,-1,-4,-1,-1,0,0,0,2,0,5,0,7,0,9,1,11,1,14,1,15,1,16,2,16,1,15,2,0,0,11,1,8,1,6,0,2,0,0,-1,-3,-1,-6,-2,-8,-3,-9,-4,-10,-4,-12,-5,-11,-5,-11,-5,-12,-5,-11,-5,-10,-4,-9,-4,-8,-3,-6,-2,-4,0,-1,0,0,1,1,3,4,5,5,6,6,7,0,0,0,0,0,0,0,0,0,0]"
CSI_DATA,37934,80:af:ca:27:52:2a,-54,11,1,1,1,1,1,0,0,0,0,-97,0,11,2,497559411,0,83,1,128,0,"[0,0,0,0,0,0,0,0,0,0,0,0,-5,7,-4,7,-4,6,-4,4,-3,3,-2,1,-1,0,0,-1,0,-3,0,-4,1,-6,1,-7,2,-9,2,-9,2,-9,2,-9,1,-9,1,-9,1,-7,1,-6,0,-4,0,-3,0,-1,0,0,0,2,0,4,0,0,0,6,0,7,0,8,0,9,-1,9,-1,9,0,7,0,7,0,6,0,4,0,2,0,1,0,0,0,-2,0,-3,0,-4,0,-6,0,-6,0,-6,0,-7,0,-7,0,-6,0,-6,0,-5,0,-4,0,-4,0,0,0,0,0,0,0,0,0,0]"
CSI_DATA,37935,80:af:ca:27:52:2a,-55,11,1,1,1,1,1,0,0,0,0,-97,0,11,2,497567276,0,83,1,128,0,"[0,0,0,0,0,0,0,0,0,0,0,0,0,3,-2,5,-3,6,-4,8,-5,9,-5,10,-5,10,-5,10,-5,9,-5,8,-4,8,-3,6,-2,4,-2,2,-1,0,0,-1,0,-3,0,-5,1,-7,1,-8,1,-10,2,-10,1,-11,1,-11,1,-10,1,-10,0,0,0,-8,0,-5,0,-4,0,-2,0,0,0,2,-1,4,-1,5,-1,7,-1,8,-2,8,-2,9,-2,8,-2,8,-1,8,-1,7,-1,5,0,4,0,2,0,1,0,0,0,-1,0,-2,1,-3,1,-5,2,-5,0,0,0,0,0,0,0,0,0,0]"
CSI_DATA,37936,80:af:ca:27:52:2a,-54,11,1,1,1,1,1,0,0,0,0,-97,0,11,2,497575240,0,83,1,128,0,"[0,0,0,0,0,0,0,0,0,0,0,0,-4,7,-4,6,-4,5,-3,5,-3,3,-2,2,-1,0,-1,-1,0,-2,0,-3,1,-5,1,-6,1,-7,1,-8,1,-9,1,-9,1,-9,1,-7,1,-7,1,-6,0,-4,0,-3,0,-1,0,0,0,1,0,3,0,0,0,6,0,6,0,7,0,7,0,8,0,7,0,7,0,6,0,5,0,4,0,2,0,1,0,0,0,-1,0,-3,0,-4,0,-5,0,-5,-1,-6,-1,-6,-1,-6,-1,-6,-1,-5,-1,-5,-1,-4,-1,-3,0,0,0,0,0,0,0,0,0,0]"
CSI_DATA,37937,80:af:ca:27:52:2a,-55,11,1,1,1,1,1,0,0,0,0,-97,0,11,2,497595890,0,83,1,128,0,"[0,0,0,0,0,0,0,0,0,0,0,0,-3,0,-5,0,-7,-1,-9,-2,-9,-2,-10,-2,-11,-2,-11,-2,-11,-2,-10,-2,-9,-2,-7,-2,-6,-1,-4,-1,-2,-1,0,-1,2,0,3,0,5,0,7,0,8,0,9,0,9,0,10,0,9,-1,9,-1,0,0,7,-1,5,0,3,0,2,0,0,0,-2,0,-4,0,-5,0,-7,0,-8,0,-9,0,-9,0,-9,0,-9,0,-8,0,-7,0,-6,0,-5,0,-3,0,-2,0,0,0,0,0,2,0,2,0,4,0,4,0,0,0,0,0,0,0,0,0,0,0]"
CSI_DATA,37938,80:af:ca:27:52:2a,-54,11,1,1,1,1,1,0,0,0,0,-97,0,11,2,497603750,0,83,1,128,0,"[0,0,0,0,0,0,0,0,0,0,0,0,-6,6,-6,6,-5,5,-5,4,-4,3,-2,1,-1,0,0,-1,0,-2,1,-4,2,-5,3,-6,3,-7,4,-8,4,-8,4,-8,3,-8,3,-7,2,-6,2,-5,1,-4,1,-2,0,-1,0,0,0,1,-1,3,0,0,-2,5,-2,6,-2,7,-2,8,-2,8,-2,7,-2,6,-2,6,-1,5,-1,4,-1,2,0,1,0,0,0,-1,1,-2,1,-3,1,-4,1,-5,2,-5,2,-5,2,-6,1,-5,1,-5,1,-5,1,-4,1,-3,0,0,0,0,0,0,0,0,0,0]"
CSI_DATA,37939,80:af:ca:27:52:2a,-54,11,0,0,0,0,0,0,0,0,0,-97,0,11,2,497614600,0,83,0,128,0,"[0,0,0,0,0,0,0,0,0,0,0,0,-12,-7,-12,-7,-11,-7,-8,-5,-6,-4,-3,-3,0,-1,1,0,3,0,6,1,7,3,9,3,10,3,10,4,10,3,11,4,10,4,9,3,8,3,7,3,5,2,3,1,0,0,-1,-1,-4,-2,-7,-3,0,0,-12,-6,-14,-7,-15,-7,-15,-7,-14,-7,-14,-7,-12,-6,-10,-4,-8,-3,-6,-3,-4,-2,-2,0,0,0,0,2,3,3,4,4,7,7,7,7,8,8,8,9,9,9,9,9,9,8,7,7,7,6,5,4,0,0,0,0,0,0,0,0,0,0]"
CSI_DATA,37940,80:af:ca:27:52:2a,-54,11,0,0,0,0,0,0,0,0,0,-97,0,11,2,497632113,0,83,0,128,0,"[0,0,0,0,0,0,0,0,0,0,0,0,11,7,11,7,10,7,8,5,5,4,3,2,0,1,-1,0,-3,0,-6,-2,-8,-3,-10,-3,-11,-3,-11,-3,-11,-3,-12,-3,-11,-3,-11,-3,-10,-3,-8,-3,-7,-2,-5,-2,-2,-1,0,0,3,0,7,0,0,0,12,1,15,1,16,1,16,2,15,2,15,2,13,1,11,1,9,0,7,0,4,0,1,0,0,0,-3,-1,-5,-2,-7,-2,-10,-3,-11,-3,-13,-4,-14,-4,-15,-4,-15,-4,-14,-3,-12,-3,-11,-3,-8,-2,0,0,0,0,0,0,0,0,0,0]"
CSI_DATA,37941,80:af:ca:27:52:2a,-54,11,0,0,0,0,0,0,0,0,0,-97,0,11,2,497644018,0,83,0,128,0,"[0,0,0,0,0,0,0,0,0,0,0,0,-5,-2,-7,-4,-9,-6,-11,-6,-12,-8,-12,-8,-12,-9,-12,-8,-11,-8,-10,-7,-9,-6,-7,-5,-5,-4,-3,-3,-1,-2,1,-1,3,0,5,1,7,2,9,3,11,3,13,3,14,4,16,5,16,4,14,4,0,0,11,3,8,2,5,1,2,0,-1,-1,-4,-1,-7,-2,-8,-3,-10,-3,-11,-4,-12,-4,-12,-4,-13,-4,-13,-4,-12,-4,-11,-3,-10,-3,-8,-2,-6,-2,-4,-1,-1,0,1,1,4,3,6,4,8,4,8,5,0,0,0,0,0,0,0,0,0,0]"
CSI_DATA,37942,80:af:ca:27:52:2a,-54,11,1,1,1,1,1,0,0,0,0,-97,0,11,2,497660415,0,83,1,128,0,"[0,0,0,0,0,0,0,0,0,0,0,0,8,-3,8,-3,7,-2,6,-2,4,-1,2,0,1,0,0,0,-2,1,-3,2,-4,2,-6,3,-7,3,-7,4,-7,4,-7,4,-7,4,-7,4,-6,3,-4,3,-4,2,-2,1,-1,0,0,0,1,-1,2,-2,0,0,4,-4,4,-5,5,-6,6,-6,6,-6,5,-6,4,-6,4,-5,3,-4,2,-3,1,-2,0,-1,0,0,-1,0,-2,1,-3,2,-3,2,-4,3,-4,3,-4,3,-4,3,-4,3,-4,3,-3,3,-3,2,-2,2,0,0,0,0,0,0,0,0,0,0]"
CSI_DATA,37943,80:af:ca:27:52:2a,-54,11,1,1,1,1,1,0,0,0,0,-97,0,11,2,497669143,0,83,1,128,0,"[0,0,0,0,0,0,0,0,0,0,0,0,8,-3,7,-3,7,-2,6,-2,5,-1,2,-1,1,0,0,0,-2,1,-3,1,-5,2,-6,3,-7,3,-7,3,-8,3,-8,4,-7,3,-7,4,-6,3,-5,2,-4,2,-3,1,-1,0,0,0,1,-1,2,-2,0,0,5,-3,6,-4,6,-5,7,-5,7,-5,6,-5,6,-5,5,-4,4,-3,3,-2,2,-2,1,-1,0,0,-1,0,-2,0,-3,1,-5,1,-5,1,-5,2,-6,2,-6,2,-5,2,-5,2,-5,1,-4,1,-3,1,0,0,0,0,0,0,0,0,0,0]"
CSI_DATA,37944,80:af:ca:27:52:2a,-54,11,1,1,1,1,1,0,0,0,0,-97,0,11,2,497677085,0,83,1,128,0,"[0,0,0,0,0,0,0,0,0,0,0,0,0,-9,0,-8,0,-7,0,-6,0,-4,0,-3,0,-1,0,0,0,2,0,3,0,4,0,6,0,6,0,7,0,7,1,8,1,7,1,7,0,6,0,5,0,4,0,2,0,1,0,0,0,-2,-1,-3,0,0,-1,-5,-1,-6,-1,-7,-1,-7,-1,-7,-1,-7,-1,-7,-1,-6,-1,-5,-1,-4,-1,-3,-1,-1,-1,0,0,1,0,2,0,3,0,4,0,4,0,5,0,5,0,5,0,5,0,4,0,4,0,3,0,3,0,0,0,0,0,0,0,0,0,0]"
CSI_DATA,37945,80:af:ca:27:52:2a,-55,11,1,1,1,1,1,0,0,0,0,-97,0,11,2,497697847,0,83,1,128,0,"[0,0,0,0,0,0,0,0,0,0,0,0,-3,0,-5,0,-7,0,-9,0,-9,-1,-10,-1,-11,-1,-11,-1,-10,-1,-9,-1,-8,-1,-7,0,-5,0,-3,0,-1,0,0,0,2,-1,4,-1,5,-1,7,-1,8,-1,9,-1,9,-2,9,-1,9,-2,8,-2,0,0,6,-1,4,-1,2,0,1,0,0,0,-2,0,-4,0,-5,0,-7,0,-8,0,-9,0,-9,0,-9,0,-9,0,-7,0,-7,0,-5,0,-4,0,-2,0,-1,0,0,0,1,0,2,0,3,0,4,0,4,0,0,0,0,0,0,0,0,0,0,0]"
CSI_DATA,37946,80:af:ca:27:52:2a,-54,11,1,1,1,1,1,0,0,0,0,-97,0,11,2,497706649,0,83,1,128,0,"[0,0,0,0,0,0,0,0,0,0,0,0,9,-1,8,-1,7,0,6,0,4,0,3,0,1,0,0,0,-2,1,-3,1,-5,1,-7,2,-7,2,-8,2,-8,2,-9,3,-8,3,-8,3,-7,2,-6,2,-4,1,-3,1,-1,0,0,0,1,-1,2,-2,0,0,4,-3,6,-4,6,-4,7,-4,7,-5,7,-4,6,-4,5,-4,4,-3,3,-3,2,-2,1,-1,0,0,-1,0,-2,1,-3,1,-4,2,-5,2,-5,2,-6,2,-6,3,-5,2,-5,2,-4,2,-4,2,-3,1,0,0,0,0,0,0,0,0,0,0]"
CSI_DATA,37947,80:af:ca:27:52:2a,-54,11,0,0,0,0,0,0,0,0,0,-97,0,11,2,497719334,0,83,0,128,0,"[0,0,0,0,0,0,0,0,0,0,0,0,-2,-5,0,-8,0,-11,0,-12,1,-14,1,-14,2,-14,2,-14,1,-13,1,-11,1,-10,1,-8,1,-5,1,-3,0,-1,0,1,0,3,0,5,-1,7,0,9,0,11,0,13,0,14,-1,16,0,15,0,14,0,0,0,10,0,7,0,4,0,2,0,-2,0,-4,0,-7,0,-9,1,-10,1,-11,1,-12,1,-12,1,-12,1,-13,1,-12,1,-11,0,-10,0,-8,-1,-6,-1,-4,-2,-1,-3,1,-4,4,-5,6,-5,8,-6,8,0,0,0,0,0,0,0,0,0,0]"
CSI_DATA,37948,80:af:ca:27:52:2a,-54,11,1,1,1,1,1,0,0,0,0,-97,0,11,2,497727703,0,83,1,128,0,"[0,0,0,0,0,0,0,0,0,0,0,0,-7,6,-6,6,-6,4,-4,4,-4,2,-2,1,-1,0,0,-1,1,-2,2,-3,2,-5,3,-6,4,-7,4,-7,4,-7,4,-8,4,-7,4,-7,3,-6,3,-5,2,-4,1,-3,0,-1,0,0,-1,1,-1,3,0,0,-3,5,-3,6,-4,7,-4,7,-4,7,-4,7,-4,7,-3,6,-3,5,-2,3,-1,2,-1,1,0,0,1,-1,1,-2,2,-3,2,-4,3,-4,3,-5,3,-5,3,-5,3,-5,3,-4,3,-4,2,-3,2,-3,0,0,0,0,0,0,0,0,0,0]"
CSI_DATA,37949,80:af:ca:27:52:2a,-54,11,0,0,0,0,0,0,0,0,0,-97,0,11,2,497738777,0,83,0,128,0,"[0,0,0,0,0,0,0,0,0,0,0,0,-3,13,-3,13,-3,12,-3,10,-3,7,-2,3,-1,1,0,-1,0,-4,0,-7,0,-9,0,-11,0,-11,0,-12,0,-11,0,-14,0,-12,0,-11,0,-11,0,-9,0,-7,0,-5,0,-2,0,0,0,3,0,7,0,0,0,13,0,15,0,16,0,16,0,15,0,15,0,13,0,11,0,9,0,7,0,4,0,2,0,0,0,-3,1,-5,1,-7,2,-10,3,-11,3,-12,3,-13,3,-14,3,-14,3,-13,2,-12,1,-11,0,-7,0,0,0,0,0,0,0,0,0,0]"
CSI_DATA,37950,80:af:ca:27:52:2a,-54,11,0,0,0,0,0,0,0,0,0,-97,0,11,2,497748458,0,83,0,128,0,"[0,0,0,0,0,0,0,0,0,0,0,0,2,-5,5,-7,8,-9,8,-10,10,-11,11,-10,11,-11,11,-10,10,-9,9,-7,8,-7,6,-5,4,-4,2,-2,0,-1,-2,0,-4,1,-6,3,-8,4,-10,5,-11,6,-13,7,-14,7,-16,8,-15,8,-14,7,0,0,-11,5,-8,4,-5,3,-2,2,1,1,4,-1,6,-1,8,-1,10,-2,11,-2,12,-2,12,-1,12,-1,12,-1,12,-1,11,-1,10,-2,8,-1,6,-2,3,-2,1,-3,-2,-3,-5,-4,-6,-5,-8,-6,-9,-6,0,0,0,0,0,0,0,0,0,0]"
CSI_DATA,37951,80:af:ca:27:52:2a,-54,11,0,0,0,0,0,0,0,0,0,-97,0,11,2,497758875,0,83,0,128,0,"[0,0,0,0,0,0,0,0,0,0,0,0,4,-2,8,-1,11,0,12,-1,14,0,14,0,14,1,14,1,12,0,11,1,9,0,8,0,5,0,3,0,0,0,-2,0,-4,0,-6,0,-9,0,-11,0,-12,1,-14,1,-15,1,-18,1,-18,1,-15,1,0,0,-11,1,-9,0,-6,0,-2,0,1,0,3,0,6,0,8,0,10,0,10,-1,12,0,11,0,12,0,12,0,11,0,10,0,9,-1,7,-1,5,-1,2,-2,0,-2,-3,-2,-5,-3,-7,-3,-9,-4,-10,-4,0,0,0,0,0,0,0,0,0,0]"
CSI_DATA,37952,80:af:ca:27:52:2a,-54,11,0,0,0,0,0,0,0,0,0,-97,0,11,2,497770811,0,83,0,128,0,"[0,0,0,0,0,0,0,0,0,0,0,0,2,1,3,4,4,8,6,9,6,11,6,11,6,12,6,12,6,11,5,10,5,9,4,8,2,5,1,3,0,1,-2,-1,-3,-2,-4,-4,-5,-6,-7,-7,-8,-8,-10,-10,-11,-11,-12,-13,-12,-12,-11,-12,0,0,-9,-9,-7,-7,-5,-5,-3,-3,0,0,2,2,4,4,5,5,6,6,7,7,8,9,8,8,8,9,8,9,8,8,7,7,7,7,5,5,4,3,2,1,1,-1,-1,-3,-2,-5,-4,-7,-5,-8,-5,-9,0,0,0,0,0,0,0,0,0,0]"
CSI_DATA,37953,80:af:ca:27:52:2a,-54,11,1,1,1,1,1,0,0,0,0,-97,0,11,2,497781192,0,83,1,128,0,"[0,0,0,0,0,0,0,0,0,0,0,0,-4,-7,-3,-7,-3,-6,-2,-5,-1,-4,-1,-3,0,-1,0,0,1,1,2,2,2,4,3,5,3,6,4,6,4,6,4,6,4,6,4,6,3,5,2,4,2,3,1,2,0,0,0,0,-1,-2,-2,-3,0,0,-3,-5,-4,-6,-4,-7,-4,-7,-4,-7,-4,-7,-4,-6,-3,-6,-3,-5,-2,-4,-2,-2,-1,-1,-1,0,0,1,0,2,0,3,0,4,1,5,1,5,1,5,1,5,1,5,1,5,1,4,0,4,0,3,0,0,0,0,0,0,0,0,0,0]"
CSI_DATA,37954,80:af:ca:27:52:2a,-55,11,1,1,1,1,1,0,0,0,0,-97,0,11,2,497789171,0,83,1,128,0,"[0,0,0,0,0,0,0,0,0,0,0,0,-6,-6,-6,-6,-5,-5,-4,-4,-3,-3,-2,-2,0,-1,0,0,2,0,3,1,4,2,5,3,5,4,6,4,6,4,6,4,6,4,6,4,5,3,4,2,3,2,2,1,0,0,0,0,-2,-1,-3,-2,0,0,-5,-3,-6,-4,-7,-4,-7,-4,-7,-4,-7,-4,-6,-4,-5,-3,-5,-3,-4,-2,-3,-1,-2,0,0,0,0,1,1,1,2,2,3,3,3,3,4,3,4,3,4,3,4,3,3,3,3,3,2,2,2,2,0,0,0,0,0,0,0,0,0,0]"
CSI_DATA,37955,80:af:ca:27:52:2a,-54,11,1,1,1,1,1,0,0,0,0,-97,0,11,2,497800916,0,83,1,128,0,"[0,0,0,0,0,0,0,0,0,0,0,0,-1,3,-2,4,-3,6,-5,7,-6,8,-6,9,-6,10,-6,9,-6,9,-6,8,-5,7,-4,6,-3,4,-3,3,-1,0,0,0,0,-3,0,-4,1,-6,2,-8,3,-9,3,-10,3,-10,3,-10,3,-10,2,-10,0,0,1,-7,0,-6,0,-3,0,-2,0,0,-1,1,-1,3,-2,5,-2,6,-3,7,-3,8,-3,8,-3,8,-3,7,-3,7,-2,6,-1,5,-1,3,0,3,0,1,0,0,0,-1,1,-2,1,-3,2,-3,2,-4,0,0,0,0,0,0,0,0,0,0]"
CSI_DATA,37956,80:af:ca:27:52:2a,-54,11,0,0,0,0,0,0,0,0,0,-97,0,11,2,497820967,0,83,0,128,0,"[0,0,0,0,0,0,0,0,0,0,0,0,-5,-12,-5,-13,-3,-12,-3,-9,-2,-7,0,-4,0,-1,1,0,2,3,3,5,4,7,5,8,5,9,5,9,6,9,6,10,5,9,5,8,5,8,3,7,3,5,2,3,0,0,-1,-1,-3,-4,-4,-7,0,0,-7,-11,-9,-12,-10,-14,-10,-14,-10,-14,-9,-12,-8,-11,-7,-9,-6,-7,-4,-5,-3,-3,-2,-1,0,0,0,2,1,4,2,7,3,8,3,11,4,11,4,12,5,12,5,12,5,11,4,11,3,8,3,6,0,0,0,0,0,0,0,0,0,0]"
CSI_DATA,37957,80:af:ca:27:52:2a,-54,11,1,1,1,1,1,0,0,0,0,-97,0,11,2,497828846,0,83,1,128,0,"[0,0,0,0,0,0,0,0,0,0,0,0,-4,7,-4,7,-3,6,-3,5,-2,3,-2,2,-1,0,0,-1,0,-2,0,-4,1,-6,1,-7,1,-7,1,-8,1,-8,1,-8,1,-8,1,-8,1,-7,1,-6,0,-4,0,-2,0,-1,0,0,0,1,0,3,0,0,0,6,0,7,0,7,0,8,-1,8,-1,7,0,7,0,6,0,5,0,3,0,2,0,1,0,0,0,-1,0,-3,0,-3,0,-5,0,-5,0,-6,0,-6,0,-6,0,-6,0,-6,0,-5,0,-4,0,-3,0,0,0,0,0,0,0,0,0,0]"
CSI_DATA,37958,80:af:ca:27:52:2a,-54,11,1,1,1,1,1,0,0,0,0,-97,0,11,2,497837273,0,83,1,128,0,"[0,0,0,0,0,0,0,0,0,0,0,0,7,4,7,3,6,3,5,3,3,2,2,1,0,1,0,0,-2,0,-3,-1,-5,-1,-6,-1,-7,-1,-8,-1,-8,-1,-8,-1,-8,-1,-8,-1,-7,-1,-6,-1,-4,-1,-3,0,-1,0,0,0,1,0,3,0,0,0,6,0,7,-1,7,-1,7,-1,8,-1,8,0,7,-1,6,-1,5,-1,4,-1,3,0,1,0,0,0,-1,0,-3,0,-4,0,-5,0,-5,0,-6,0,-6,0,-6,0,-6,0,-5,0,-5,0,-4,0,-3,0,0,0,0,0,0,0,0,0,0,0]"
CSI_DATA,37959,80:af:ca:27:52:2a,-54,11,0,0,0,0,0,0,0,0,0,-97,0,11,2,497847543,0,83,0,128,0,"[0,0,0,0,0,0,0,0,0,0,0,0,13,-2,13,-1,11,0,8,0,6,0,4,0,0,0,-1,0,-4,0,-6,1,-8,1,-10,1,-10,1,-11,2,-11,2,-13,2,-11,2,-10,2,-9,1,-8,1,-6,1,-4,0,-2,0,0,0,4,-1,7,-2,0,0,12,-3,14,-3,16,-4,16,-3,15,-3,14,-3,13,-3,10,-2,8,-2,6,-1,4,-1,1,-1,0,-1,-3,-1,-5,-1,-8,-1,-10,-1,-12,-3,-13,-2,-14,-3,-15,-2,-14,-2,-13,-2,-13,-2,-11,-1,-8,-1,0,0,0,0,0,0,0,0,0,0]"
CSI_DATA,37960,80:af:ca:27:52:2a,-54,11,0,0,0,0,0,0,0,0,0,-97,0,11,2,497871099,0,83,0,128,0,"[0,0,0,0,0,0,0,0,0,0,0,0,-15,3,-15,3,-14,2,-10,2,-9,0,-5,0,-3,0,0,-1,2,-2,5,-3,6,-4,9,-5,10,-5,10,-5,10,-5,11,-6,10,-5,10,-5,9,-5,8,-4,6,-4,4,-2,2,-1,0,0,-3,1,-6,3,0,0,-10,5,-13,6,-15,7,-15,8,-14,7,-14,7,-12,6,-10,5,-9,4,-6,3,-5,2,-2,1,0,0,1,0,4,-1,5,-2,9,-3,10,-3,11,-4,12,-4,13,-5,12,-5,12,-5,10,-4,9,-4,6,-3,0,0,0,0,0,0,0,0,0,0]"
CSI_DATA,37961,80:af:ca:27:52:2a,-54,11,0,0,0,0,0,0,0,0,0,-97,0,11,2,497895019,0,83,0,128,0,"[0,0,0,0,0,0,0,0,0,0,0,0,-2,-4,-2,-8,-2,-11,-3,-13,-3,-14,-2,-15,-2,-15,-2,-15,-2,-14,-2,-12,-2,-11,-1,-9,-1,-6,-1,-4,0,-2,0,0,1,2,1,5,2,7,2,9,3,11,4,13,4,13,4,16,5,15,4,14,0,0,3,11,2,8,1,5,0,2,0,-1,-1,-4,-2,-7,-2,-9,-2,-10,-3,-11,-3,-13,-3,-13,-3,-13,-3,-13,-3,-12,-2,-12,-3,-10,-2,-8,-2,-6,-2,-4,-2,-1,-2,2,-2,4,-2,7,-2,9,-2,10,0,0,0,0,0,0,0,0,0,0]"
CSI_DATA,37962,80:af:ca:27:52:2a,-54,11,0,0,0,0,0,0,0,0,0,-97,0,11,2,497910854,0,83,0,128,0,"[0,0,0,0,0,0,0,0,0,0,0,0,-4,0,-7,0,-10,0,-12,0,-14,0,-14,0,-15,-1,-15,-1,-13,-1,-12,-1,-11,-1,-9,-1,-7,-1,-4,-1,-1,0,0,0,2,0,5,0,7,0,9,0,11,0,14,0,15,0,16,0,16,0,16,0,0,0,11,0,8,0,6,0,2,0,0,-1,-3,-1,-6,-2,-8,-2,-10,-2,-11,-2,-12,-3,-12,-3,-13,-3,-13,-3,-13,-3,-12,-3,-11,-2,-8,-2,-7,0,-5,0,-1,0,0,1,2,3,4,5,6,6,7,6,0,0,0,0,0,0,0,0,0,0]"
CSI_DATA,37963,80:af:ca:27:52:2a,-55,11,1,1,1,1,1,0,0,0,0,-97,0,11,2,497931536,0,83,1,128,0,"[0,0,0,0,0,0,0,0,0,0,0,0,-3,0,-5,-1,-8,-2,-8,-3,-10,-3,-11,-4,-11,-4,-11,-4,-11,-4,-10,-4,-9,-3,-8,-2,-5,-2,-4,-2,-2,-1,0,0,2,0,4,0,5,0,8,0,8,0,10,0,11,0,11,0,10,0,9,0,0,0,7,0,5,0,3,0,1,0,0,0,-2,0,-4,0,-5,-1,-7,-1,-8,-1,-9,-1,-9,-1,-9,-1,-9,-1,-8,0,-7,0,-6,0,-5,0,-3,0,-2,0,0,0,0,0,2,0,2,0,3,1,4,1,0,0,0,0,0,0,0,0,0,0]"
CSI_DATA,37964,80:af:ca:27:52:2a,-54,11,0,0,0,0,0,0,0,0,0,-97,0,11,2,497940529,0,83,0,128,0,"[0,0,0,0,0,0,0,0,0,0,0,0,-3,4,-6,5,-9,7,-9,8,-11,9,-13,9,-13,9,-13,8,-11,7,-10,6,-8,6,-7,4,-5,2,-3,1,-1,0,0,-2,2,-3,4,-5,6,-6,7,-7,8,-8,10,-10,10,-10,13,-11,11,-11,10,-10,0,0,7,-8,5,-6,3,-4,1,-2,-2,-1,-4,1,-6,2,-8,3,-9,5,-10,5,-11,6,-10,5,-11,5,-11,5,-10,6,-9,5,-8,5,-7,4,-4,3,-2,2,0,1,2,0,5,0,7,-1,8,-1,9,-1,0,0,0,0,0,0,0,0,0,0]"
CSI_DATA,37965,80:af:ca:27:52:2a,-55,11,1,1,1,1,1,0,0,0,0,-97,0,11,2,497948075,0,83,1,128,0,"[0,0,0,0,0,0,0,0,0,0,0,0,1,-3,3,-4,4,-5,6,-6,6,-6,7,-6,8,-7,8,-6,7,-6,6,-6,6,-5,4,-4,3,-3,2,-2,0,0,0,0,-2,2,-4,2,-5,4,-6,4,-6,5,-7,6,-7,6,-7,6,-7,6,-6,6,0,0,-5,4,-4,2,-2,2,-1,0,0,0,2,-1,3,-2,4,-2,6,-3,6,-4,6,-4,7,-4,7,-4,6,-4,6,-4,5,-3,4,-3,3,-2,2,-2,0,-1,0,-1,-2,0,-2,0,-4,0,-4,0,-5,0,0,0,0,0,0,0,0,0,0,0]"
CSI_DATA,37966,80:af:ca:27:52:2a,-55,11,1,1,1,1,1,0,0,0,0,-97,0,11,2,497958110,0,83,1,128,0,"[0,0,0,0,0,0,0,0,0,0,0,0,-1,-3,-1,-5,-1,-7,-1,-9,-1,-9,-1,-10,-1,-11,-1,-10,-1,-10,-1,-9,0,-8,0,-7,0,-5,0,-3,0,-1,0,0,0,2,0,4,1,5,1,7,2,7,2,8,2,9,2,9,2,9,2,8,0,0,1,5,1,4,0,2,0,1,0,0,0,-2,0,-4,-1,-5,-2,-7,-2,-7,-2,-8,-2,-9,-2,-9,-2,-8,-2,-7,-1,-7,-2,-5,-1,-4,-1,-3,-1,-2,0,0,0,0,0,2,0,3,-1,4,-1,4,0,0,0,0,0,0,0,0,0,0]"
CSI_DATA,37967,80:af:ca:27:52:2a,-54,11,0,0,0,0,0,0,0,0,0,-97,0,11,2,497967191,0,83,0,128,0,"[0,0,0,0,0,0,0,0,0,0,0,0,2,-3,6,-4,9,-4,11,-6,12,-5,13,-5,14,-6,13,-5,12,-5,11,-5,10,-4,9,-4,6,-3,4,-2,1,-1,-1,0,-3,1,-5,3,-7,4,-9,5,-10,6,-13,7,-13,8,-16,9,-15,10,-14,9,0,0,-11,7,-9,5,-6,3,-3,1,0,0,2,-2,5,-3,6,-5,8,-6,9,-6,10,-7,10,-7,11,-7,11,-7,11,-7,10,-7,9,-6,7,-5,4,-4,2,-3,0,-2,-3,-1,-5,0,-8,1,-9,2,-10,2,0,0,0,0,0,0,0,0,0,0]"
CSI_DATA,37968,80:af:ca:27:52:2a,-55,11,1,1,1,1,1,0,0,0,0,-97,0,11,2,497975297,0,83,1,128,0,"[0,0,0,0,0,0,0,0,0,0,0,0,-2,1,-4,2,-6,2,-8,2,-8,2,-10,2,-10,3,-10,3,-10,2,-9,2,-8,2,-7,2,-5,1,-4,0,-2,0,0,0,1,-1,2,-2,5,-2,6,-3,7,-4,8,-4,8,-5,9,-5,8,-5,8,-5,0,0,6,-3,4,-2,2,-2,1,-1,0,0,-2,0,-4,0,-5,1,-7,1,-8,2,-8,2,-9,2,-9,2,-8,2,-8,2,-8,2,-6,2,-5,1,-3,1,-2,0,0,0,0,0,2,0,2,0,4,0,5,0,0,0,0,0,0,0,0,0,0,0]"
CSI_DATA,37969,80:af:ca:27:52:2a,-55,11,1,1,1,1,1,0,0,0,0,-97,0,11,2,497982819,0,83,1,128,0,"[0,0,0,0,0,0,0,0,0,0,0,0,-5,6,-5,5,-4,4,-4,4,-3,2,-2,1,-1,0,0,-1,0,-2,1,-3,2,-5,3,-5,3,-6,4,-7,4,-7,4,-7,4,-7,3,-6,3,-6,2,-5,2,-4,1,-2,0,-1,0,0,-1,1,-2,2,0,0,-3,5,-3,6,-4,6,-4,6,-4,6,-4,6,-4,6,-3,5,-3,4,-2,3,-1,2,-1,1,0,0,1,-1,1,-2,2,-2,3,-3,3,-4,4,-4,4,-4,4,-4,4,-4,3,-4,3,-4,3,-3,2,-2,0,0,0,0,0,0,0,0,0,0]"
CSI_DATA,37970,80:af:ca:27:52:2a,-54,11,0,0,0,0,0,0,0,0,0,-97,0,11,2,497994760,0,83,0,128,0,"[0,0,0,0,0,0,0,0,0,0,0,0,-7,-13,-6,-13,-6,-13,-5,-10,-3,-8,-2,-5,0,-2,0,0,2,2,3,3,5,6,6,7,6,7,6,8,6,8,8,10,7,8,7,7,6,7,6,6,4,5,3,3,1,1,0,0,-3,-3,-6,-4,0,0,-10,-8,-11,-10,-13,-11,-13,-11,-12,-11,-12,-10,-10,-10,-9,-8,-7,-6,-6,-5,-4,-3,-2,-1,0,0,0,1,2,3,3,5,6,7,6,8,7,10,8,10,8,10,8,10,8,10,7,9,6,6,4,5,0,0,0,0,0,0,0,0,0,0]"
CSI_DATA,37971,80:af:ca:27:52:2a,-54,11,1,1,1,1,1,0,0,0,0,-97,0,11,2,498006512,0,83,1,128,0,"[0,0,0,0,0,0,0,0,0,0,0,0,2,-2,5,-2,7,-3,9,-3,10,-3,10,-3,10,-3,10,-2,10,-2,9,-2,8,-2,6,-1,4,-1,2,0,0,0,-1,0,-3,0,-5,0,-7,0,-8,1,-10,1,-10,1,-10,1,-10,1,-10,1,-9,1,0,0,-7,0,-5,0,-3,0,-1,0,0,0,2,0,4,0,5,0,7,0,8,0,8,0,8,0,8,0,8,0,8,0,6,0,5,0,4,0,2,0,1,0,0,-1,-1,-2,-2,-2,-2,-2,-4,-3,-4,-3,0,0,0,0,0,0,0,0,0,0]"
CSI_DATA,37972,80:af:ca:27:52:2a,-54,11,0,0,0,0,0,0,0,0,0,-97,0,11,2,498018356,0,83,0,128,0,"[0,0,0,0,0,0,0,0,0,0,0,0,1,4,0,8,-1,11,0,12,-1,14,-1,14,-1,14,-2,14,-1,12,-2,11,-1,10,-2,8,-1,5,-1,3,-1,0,-1,-2,0,-4,0,-6,0,-9,0,-11,0,-12,0,-15,0,-15,1,-18,0,-18,1,-16,0,0,0,-12,0,-9,0,-6,-1,-3,-2,0,-2,3,-3,6,-3,7,-3,9,-4,10,-4,11,-4,11,-5,11,-5,11,-5,11,-4,10,-3,9,-3,7,-2,5,-1,3,1,1,2,-2,4,-4,5,-5,6,-7,7,-7,0,0,0,0,0,0,0,0,0,0]"
CSI_DATA,37973,80:af:ca:27:52:2a,-54,11,0,0,0,0,0,0,0,0,0,-97,0,11,2,498031010,0,83,0,128,0,"[0,0,0,0,0,0,0,0,0,0,0,0,-6,11,-7,11,-7,10,-5,9,-4,6,-3,3,-2,0,-1,-1,0,-3,0,-6,0,-9,1,-10,1,-11,1,-12,0,-12,1,-13,1,-12,0,-11,0,-11,0,-10,0,-7,0,-5,0,-3,0,0,0,3,0,7,0,0,1,13,1,15,2,16,1,16,1,16,1,15,1,13,1,11,1,9,0,6,0,4,0,2,0,0,0,-3,0,-6,0,-8,-1,-10,0,-12,-1,-13,-1,-14,-2,-15,-2,-15,-2,-14,-2,-13,-2,-10,-2,-8,0,0,0,0,0,0,0,0,0,0]"
CSI_DATA,37974,80:af:ca:27:52:2a,-54,11,0,0,0,0,0,0,0,0,0,-97,0,11,2,498047366,0,83,0,128,0,"[0,0,0,0,0,0,0,0,0,0,0,0,6,-11,6,-11,6,-10,4,-8,3,-6,2,-3,1,0,0,0,0,3,0,5,-1,7,-2,9,-2,10,-2,10,-2,10,-2,11,-2,11,-2,10,-2,9,-1,8,-1,6,0,4,0,0,0,-1,0,-4,0,-8,0,0,0,-13,0,-15,0,-17,0,-17,0,-16,0,-15,0,-14,0,-11,0,-10,0,-7,0,-5,0,-2,0,0,-1,1,-1,4,-1,7,-1,9,-2,11,-2,12,-3,13,-2,14,-2,13,-1,13,-1,12,-1,11,0,8,0,0,0,0,0,0,0,0,0,0]"
CSI_DATA,37975,80:af:ca:27:52:2a,-55,11,1,1,1,1,1,0,0,0,0,-97,0,11,2,498066567,0,83,1,128,0,"[0,0,0,0,0,0,0,0,0,0,0,0,-3,0,-5,0,-7,0,-9,-1,-10,-2,-10,-2,-11,-2,-11,-2,-10,-2,-10,-2,-9,-2,-8,-2,-5,-1,-4,-1,-1,0,0,0,2,0,4,0,5,0,7,0,8,0,9,0,10,0,10,0,10,0,9,0,0,0,6,0,5,0,3,0,1,0,0,0,-2,0,-4,0,-5,0,-7,0,-8,0,-8,0,-8,-1,-8,-1,-8,-1,-8,0,-7,0,-6,0,-5,0,-3,0,-2,0,0,0,0,0,1,0,2,0,3,1,4,1,0,0,0,0,0,0,0,0,0,0]"
CSI_DATA,37976,80:af:ca:27:52:2a,-54,11,1,1,1,1,1,0,0,0,0,-97,0,11,2,498092611,0,83,1,128,0,"[0,0,0,0,0,0,0,0,0,0,0,0,1,8,1,8,0,7,0,6,0,4,0,2,0,1,-1,0,-1,-2,-2,-3,-2,-5,-2,-6,-3,-7,-3,-8,-3,-8,-3,-8,-3,-8,-3,-7,-3,-6,-2,-5,-2,-4,-1,-2,0,-1,0,0,1,1,1,2,0,0,3,5,3,6,3,6,4,7,4,7,4,7,3,6,3,5,3,4,2,3,1,2,1,0,0,0,0,-2,-1,-3,-1,-3,-2,-5,-2,-5,-2,-6,-3,-6,-3,-6,-2,-6,-2,-5,-2,-5,-2,-4,-2,-3,0,0,0,0,0,0,0,0,0,0]"
CSI_DATA,37977,80:af:ca:27:52:2a,-54,11,0,0,0,0,0,0,0,0,0,-97,0,11,2,498102243,0,83,0,128,0,"[0,0,0,0,0,0,0,0,0,0,0,0,11,6,10,7,9,7,7,5,4,4,1,2,0,1,-2,0,-4,0,-7,-1,-9,-1,-11,-2,-11,-2,-12,-3,-11,-2,-13,-3,-12,-2,-11,-2,-10,-2,-9,-1,-7,-1,-4,-1,-1,0,0,0,4,0,7,0,0,0,13,0,15,0,16,0,16,0,16,0,15,0,14,0,11,0,9,0,6,0,4,0,1,0,0,0,-3,0,-6,-1,-8,0,-11,0,-13,-1,-14,0,-15,-1,-16,0,-15,0,-15,0,-13,0,-11,0,-8,0,0,0,0,0,0,0,0,0,0,0]"
CSI_DATA,37978,80:af:ca:27:52:2a,-55,11,1,1,1,1,1,0,0,0,0,-97,0,11,2,498112051,0,83,1,128,0,"[0,0,0,0,0,0,0,0,0,0,0,0,-3,0,-5,0,-7,-1,-9,-1,-9,-2,-10,-2,-10,-2,-10,-2,-10,-2,-9,-2,-8,-2,-7,-2,-4,-2,-3,-1,-1,0,0,0,2,0,4,0,6,0,7,0,8,0,9,0,9,0,9,0,9,0,9,0,0,0,7,0,4,0,3,0,1,0,0,-1,-2,-1,-4,-2,-5,-2,-7,-2,-8,-2,-9,-2,-9,-2,-9,-2,-9,-3,-8,-2,-7,-2,-6,-2,-5,-1,-4,0,-2,0,-1,0,0,0,1,1,2,2,2,2,3,3,0,0,0,0,0,0,0,0,0,0]"
CSI_DATA,37979,80:af:ca:27:52:2a,-54,11,0,0,0,0,0,0,0,0,0,-97,0,11,2,498121602,0,83,0,128,0,"[0,0,0,0,0,0,0,0,0,0,0,0,-2,-5,-2,-8,-1,-11,-2,-14,-1,-15,-1,-16,-1,-16,-1,-16,-1,-15,0,-13,-1,-11,0,-9,0,-6,0,-4,0,-2,0,0,0,3,0,5,0,7,1,9,1,11,2,14,2,15,1,17,2,17,2,16,0,0,1,11,1,8,0,5,0,2,0,-1,-1,-4,-1,-7,-1,-9,-1,-10,-1,-11,-1,-14,0,-13,0,-14,0,-14,-1,-13,-1,-11,-1,-10,-1,-8,-1,-6,-2,-4,-2,-1,-2,2,-3,4,-4,6,-4,8,-4,8,0,0,0,0,0,0,0,0,0,0]"
CSI_DATA,37980,80:af:ca:27:52:2a,-54,11,0,0,0,0,0,0,0,0,0,-97,0,11,2,498138324,0,83,0,128,0,"[0,0,0,0,0,0,0,0,0,0,0,0,2,-5,5,-6,8,-7,9,-9,10,-9,11,-9,11,-9,11,-8,10,-7,9,-6,8,-6,6,-4,4,-3,2,-2,0,-1,-2,0,-4,1,-6,2,-8,3,-10,4,-11,5,-14,5,-14,6,-16,6,-16,6,-15,5,0,0,-10,4,-8,3,-5,2,-2,1,1,1,4,0,6,-1,8,-1,9,-1,10,-1,11,-1,11,-1,11,0,13,0,11,0,10,0,9,-1,7,-1,5,-1,3,-2,0,-3,-2,-3,-4,-4,-6,-5,-8,-6,-8,-6,0,0,0,0,0,0,0,0,0,0]"
CSI_DATA,37981,80:af:ca:27:52:2a,-54,11,0,0,0,0,0,0,0,0,0,-97,0,11,2,498146401,0,83,0,128,0,"[0,0,0,0,0,0,0,0,0,0,0,0,0,4,-1,8,-2,11,-2,12,-3,14,-3,14,-4,14,-4,14,-4,13,-3,11,-3,10,-3,8,-2,5,-2,3,-1,0,-1,-2,-1,-4,0,-6,1,-9,1,-11,0,-13,1,-15,1,-16,2,-18,1,-17,1,-16,0,0,1,-12,0,-9,0,-6,0,-3,-1,0,-2,3,-2,6,-3,8,-3,9,-3,10,-3,12,-4,11,-4,12,-4,12,-4,11,-3,10,-3,9,-2,7,-1,5,0,3,1,0,2,-2,3,-5,4,-6,5,-8,5,-9,0,0,0,0,0,0,0,0,0,0]"
CSI_DATA,37982,80:af:ca:27:52:2a,-55,11,1,1,1,1,1,0,0,0,0,-97,0,11,2,498157005,0,83,1,128,0,"[0,0,0,0,0,0,0,0,0,0,0,0,1,2,2,4,2,5,2,7,2,8,2,9,2,9,2,9,2,9,2,8,2,7,1,6,1,4,0,2,0,0,0,0,-1,-2,-2,-4,-2,-5,-3,-7,-4,-8,-4,-9,-4,-9,-4,-9,-4,-9,-4,-8,0,0,-3,-6,-2,-4,-2,-3,-1,-1,0,0,0,2,0,3,1,4,2,6,2,7,2,7,2,7,2,7,2,7,2,7,2,6,2,4,1,3,1,2,0,1,0,0,0,-1,0,-2,0,-4,0,-4,0,-5,0,0,0,0,0,0,0,0,0,0]"
CSI_DATA,37983,80:af:ca:27:52:2a,-54,11,1,1,1,1,1,0,0,0,0,-97,0,11,2,498163837,0,83,1,128,0,"[0,0,0,0,0,0,0,0,0,0,0,0,2,0,5,0,6,1,8,2,8,2,10,2,10,2,10,2,9,2,8,2,8,2,6,2,5,1,2,0,0,0,0,0,-2,0,-5,0,-6,-1,-8,-1,-9,-1,-10,-2,-10,-2,-10,-2,-10,-2,-10,-1,0,0,-8,0,-5,-1,-4,0,-2,0,0,0,2,0,3,0,5,0,7,1,8,1,8,1,8,2,8,2,8,1,8,1,7,1,5,0,4,0,2,0,1,0,0,0,-1,-1,-2,-2,-3,-2,-4,-2,-5,-3,0,0,0,0,0,0,0,0,0,0]"
CSI_DATA,37984,80:af:ca:27:52:2a,-54,11,0,0,0,0,0,0,0,0,0,-97,0,11,2,498171900,0,83,0,128,0,"[0,0,0,0,0,0,0,0,0,0,0,0,-4,-3,-5,-6,-5,-9,-6,-11,-6,-13,-6,-13,-6,-14,-6,-13,-5,-13,-5,-11,-4,-10,-3,-9,-2,-6,-2,-4,-1,-2,0,0,1,2,2,4,3,7,4,8,5,10,5,12,6,13,6,15,7,15,6,14,0,0,4,10,3,8,2,5,1,2,0,-1,0,-4,-1,-6,-2,-8,-2,-10,-2,-11,-2,-13,-2,-13,-2,-13,-2,-14,-2,-13,-2,-12,-2,-11,-2,-9,-2,-7,-2,-4,-2,-2,-3,1,-3,4,-4,6,-4,8,-4,9,0,0,0,0,0,0,0,0,0,0]"
CSI_DATA,37985,80:af:ca:27:52:2a,-54,11,0,0,0,0,0,0,0,0,0,-97,0,11,2,498182362,0,83,0,128,0,"[0,0,0,0,0,0,0,0,0,0,0,0,0,-4,1,-7,4,-10,4,-12,4,-13,4,-13,5,-14,5,-13,4,-13,4,-12,4,-10,3,-8,2,-6,1,-4,0,-2,0,0,0,2,0,4,-1,7,-1,8,-1,11,-1,13,-2,14,-2,17,-1,17,-1,15,0,0,-1,12,-1,8,0,6,0,3,0,0,0,-3,0,-5,0,-8,0,-10,0,-11,0,-13,0,-13,0,-13,0,-13,0,-13,0,-12,0,-11,0,-8,0,-6,0,-4,-1,-1,-1,1,-2,4,-3,6,-3,8,-4,8,0,0,0,0,0,0,0,0,0,0]"
CSI_DATA,37986,80:af:ca:27:52:2a,-54,11,1,1,1,1,1,0,0,0,0,-97,0,11,2,498204142,0,83,1,128,0,"[0,0,0,0,0,0,0,0,0,0,0,0,-4,0,-7,-1,-8,-2,-9,-2,-10,-2,-11,-3,-11,-3,-11,-3,-10,-3,-9,-3,-8,-2,-7,-2,-4,-2,-2,-1,0,0,0,0,2,0,4,1,6,2,7,2,8,2,9,3,9,3,9,3,9,3,8,2,0,0,6,2,4,1,2,0,1,0,0,-1,-2,-2,-3,-3,-4,-4,-6,-4,-7,-5,-7,-6,-7,-7,-7,-6,-7,-6,-7,-6,-5,-4,-4,-4,-4,-3,-3,-2,-2,0,-1,0,0,1,0,2,0,3,0,4,0,4,0,0,0,0,0,0,0,0,0,0]"
CSI_DATA,37987,80:af:ca:27:52:2a,-55,11,1,1,1,1,1,0,0,0,0,-97,0,11,2,498217015,0,83,1,128,0,"[0,0,0,0,0,0,0,0,0,0,0,0,-2,-3,-2,-5,-2,-7,-3,-8,-3,-9,-3,-10,-3,-10,-3,-10,-3,-10,-3,-9,-2,-8,-2,-7,-2,-5,-1,-3,0,-1,0,0,1,2,2,3,2,4,3,6,4,7,4,7,4,8,4,8,4,8,4,7,0,0,3,5,2,4,1,2,0,1,0,0,-1,-2,-2,-4,-2,-4,-4,-6,-4,-7,-4,-7,-4,-8,-4,-7,-4,-7,-4,-7,-4,-6,-3,-4,-2,-4,-2,-2,-1,-1,0,0,0,0,0,2,0,2,0,4,0,4,0,0,0,0,0,0,0,0,0,0]"
CSI_DATA,37988,80:af:ca:27:52:2a,-54,11,1,1,1,1,1,0,0,0,0,-97,0,11,2,498225719,0,83,1,128,0,"[0,0,0,0,0,0,0,0,0,0,0,0,3,0,5,1,6,2,8,2,8,3,9,4,9,4,9,4,9,4,8,3,7,2,5,2,4,2,2,1,0,0,-1,0,-2,0,-5,0,-6,-1,-8,-2,-9,-2,-10,-2,-10,-2,-10,-2,-10,-2,-10,-1,0,0,-7,-1,-5,-1,-3,0,-2,0,0,0,2,0,4,0,5,0,7,0,8,0,8,0,8,0,8,0,8,0,8,0,7,0,5,0,4,0,2,0,1,0,0,-1,-1,-1,-2,-1,-3,-2,-4,-2,-5,-2,0,0,0,0,0,0,0,0,0,0]"
CSI_DATA,37989,80:af:ca:27:52:2a,-55,11,0,0,0,0,0,0,0,0,0,-97,0,11,2,498235328,0,83,0,128,0,"[0,0,0,0,0,0,0,0,0,0,0,0,0,3,-3,5,-5,8,-5,9,-7,10,-8,10,-8,10,-8,10,-7,10,-7,9,-5,7,-5,6,-4,4,-3,2,-1,0,0,-1,0,-3,0,-5,2,-7,3,-9,3,-10,4,-13,4,-14,5,-15,5,-15,5,-15,0,0,3,-11,2,-9,1,-5,0,-3,0,0,-1,2,-2,5,-3,6,-4,8,-5,9,-5,10,-5,10,-5,10,-5,11,-5,10,-5,10,-4,9,-3,7,-2,5,0,3,0,0,1,-1,3,-3,5,-5,5,-6,6,-7,0,0,0,0,0,0,0,0,0,0]"
CSI_DATA,37990,80:af:ca:27:52:2a,-55,11,0,0,0,0,0,0,0,0,0,-97,0,11,2,498244776,0,83,0,128,0,"[0,0,0,0,0,0,0,0,0,0,0,0,3,0,5,2,7,5,9,5,10,6,10,7,10,8,10,7,9,7,8,6,7,5,5,4,3,2,1,1,0,0,-1,0,-2,-1,-4,-2,-6,-4,-8,-4,-10,-5,-12,-6,-13,-6,-14,-8,-14,-7,-13,-7,0,0,-10,-5,-8,-4,-5,-2,-2,-1,0,0,1,1,3,2,5,4,6,4,8,5,8,6,8,6,9,6,9,6,8,6,8,5,7,4,5,3,4,2,2,0,0,0,0,-2,-1,-4,-3,-6,-4,-8,-5,-8,0,0,0,0,0,0,0,0,0,0]"
CSI_DATA,37991,80:af:ca:27:52:2a,-55,11,1,1,1,1,1,0,0,0,0,-97,0,11,2,498253343,0,83,1,128,0,"[0,0,0,0,0,0,0,0,0,0,0,0,-2,1,-5,2,-6,2,-8,2,-9,3,-10,3,-10,3,-10,3,-10,3,-9,2,-8,2,-7,2,-5,1,-3,0,-1,0,0,0,1,-1,3,-2,5,-2,6,-4,7,-4,8,-5,8,-5,8,-5,8,-5,8,-5,0,0,5,-3,4,-2,2,-2,1,-1,0,0,-2,0,-4,0,-5,1,-7,2,-8,2,-8,2,-8,2,-8,2,-8,2,-8,2,-7,2,-5,2,-4,1,-3,1,-2,0,0,0,0,0,2,0,2,0,4,0,4,0,0,0,0,0,0,0,0,0,0,0]"
CSI_DATA,37992,80:af:ca:27:52:2a,-54,11,1,1,1,1,1,0,0,0,0,-97,0,11,2,498261980,0,83,1,128,0,"[0,0,0,0,0,0,0,0,0,0,0,0,0,3,-1,5,-3,6,-3,8,-4,9,-4,10,-5,10,-5,10,-5,10,-4,9,-4,7,-3,6,-3,4,-2,3,0,1,0,0,0,-3,1,-4,2,-6,3,-7,3,-9,3,-10,3,-10,3,-10,3,-10,3,-10,0,0,2,-7,1,-6,0,-3,0,-2,0,0,-1,0,-3,3,-3,3,-4,5,-4,6,-5,6,-5,6,-5,6,-5,6,-5,6,-4,5,-3,4,-3,3,-2,2,0,1,0,0,0,0,1,-1,2,-2,3,-2,3,-3,0,0,0,0,0,0,0,0,0,0]"
CSI_DATA,37993,80:af:ca:27:52:2a,-54,11,1,1,1,1,1,0,0,0,0,-97,0,11,2,498269609,0,83,1,128,0,"[0,0,0,0,0,0,0,0,0,0,0,0,-8,-5,-7,-5,-5,-4,-4,-4,-3,-2,-2,-2,0,0,0,0,2,1,2,2,4,4,5,5,5,5,6,6,5,6,5,6,5,6,5,5,4,5,3,4,2,2,1,1,0,0,0,-1,-1,-2,-1,-4,0,0,-2,-7,-3,-7,-3,-8,-3,-8,-3,-8,-2,-8,-2,-7,-2,-7,-2,-6,-2,-4,-1,-3,-1,-1,-1,0,-1,1,-1,2,-1,3,-1,4,-1,5,-2,5,-2,5,-2,5,-2,5,-1,5,-1,4,-1,4,-1,3,0,0,0,0,0,0,0,0,0,0]"
CSI_DATA,37994,80:af:ca:27:52:2a,-55,11,1,1,1,1,1,0,0,0,0,-97,0,11,2,498294892,0,83,1,128,0,"[0,0,0,0,0,0,0,0,0,0,0,0,0,2,0,4,-1,7,-1,8,-2,9,-2,9,-2,10,-2,10,-2,9,-2,9,-2,8,-1,7,-1,4,-1,2,0,0,0,-1,0,-2,0,-4,0,-7,0,-8,0,-9,0,-10,0,-11,0,-11,-1,-10,0,-9,0,0,0,-7,0,-6,0,-4,0,-2,0,0,0,2,0,4,0,5,0,7,0,8,0,9,0,9,0,9,0,8,0,8,0,7,0,6,0,4,0,2,0,1,0,0,0,-1,0,-2,0,-4,1,-4,1,-5,0,0,0,0,0,0,0,0,0,0]"
CSI_DATA,37995,80:af:ca:27:52:2a,-54,11,0,0,0,0,0,0,0,0,0,-97,0,11,2,498304660,0,83,0,128,0,"[0,0,0,0,0,0,0,0,0,0,0,0,-8,-10,-8,-11,-7,-10,-5,-8,-3,-6,-2,-4,0,-1,1,0,3,2,4,4,5,5,6,7,7,7,7,8,7,8,8,8,7,8,6,7,5,7,4,5,4,4,2,2,0,0,-1,-1,-3,-4,-4,-6,0,0,-8,-10,-9,-12,-11,-13,-11,-13,-9,-13,-9,-13,-8,-11,-7,-9,-6,-8,-4,-5,-4,-4,-2,-1,-1,0,0,3,0,5,1,7,2,9,2,11,3,12,3,13,4,13,3,13,3,13,3,11,2,9,2,7,0,0,0,0,0,0,0,0,0,0]"
CSI_DATA,37996,80:af:ca:27:52:2a,-54,11,0,0,0,0,0,0,0,0,0,-97,0,11,2,498319998,0,83,0,128,0,"[0,0,0,0,0,0,0,0,0,0,0,0,0,-14,1,-14,1,-13,0,-10,0,-8,0,-5,0,-2,0,0,0,3,0,6,0,8,0,10,0,10,0,11,0,11,0,13,0,11,0,10,0,10,0,9,0,6,0,5,0,2,0,-1,-1,-4,-2,-7,0,0,-3,-13,-3,-15,-3,-16,-3,-17,-3,-16,-3,-16,-3,-14,-2,-12,-2,-10,-1,-7,-1,-5,-1,-2,-1,0,0,2,0,4,0,6,0,10,0,11,0,13,0,13,0,13,0,13,0,13,0,12,0,10,0,7,0,0,0,0,0,0,0,0,0,0]"
CSI_DATA,37997,80:af:ca:27:52:2a,-55,11,1,1,1,1,1,0,0,0,0,-97,0,11,2,498329185,0,83,1,128,0,"[0,0,0,0,0,0,0,0,0,0,0,0,-1,8,-1,7,-1,6,-1,5,-1,4,-1,2,0,0,0,-1,0,-2,0,-4,0,-5,0,-6,0,-7,0,-7,0,-8,0,-8,0,-8,0,-7,0,-6,0,-5,0,-4,0,-3,0,-1,0,0,0,1,0,3,0,0,-1,5,-1,6,-1,7,-1,7,-1,7,-1,7,-1,6,-1,6,-1,5,0,4,0,2,0,1,0,0,0,-1,1,-2,1,-3,1,-4,2,-4,2,-5,2,-5,2,-5,2,-5,2,-4,1,-4,1,-4,1,-3,0,0,0,0,0,0,0,0,0,0]"
CSI_DATA,37998,80:af:ca:27:52:2a,-55,11,1,1,1,1,1,0,0,0,0,-97,0,11,2,498352221,0,83,1,128,0,"[0,0,0,0,0,0,0,0,0,0,0,0,2,-2,3,-4,5,-4,7,-5,8,-5,9,-5,9,-6,9,-5,9,-5,8,-5,8,-5,6,-4,4,-2,2,-2,0,0,0,0,-2,1,-3,2,-5,3,-6,5,-8,5,-8,6,-8,6,-8,6,-8,6,-8,6,0,0,-6,4,-5,3,-2,2,-1,0,0,0,1,-1,3,-2,5,-3,5,-5,6,-5,7,-5,8,-5,8,-5,7,-5,7,-5,5,-5,5,-4,3,-3,2,-2,0,-2,0,-1,-2,0,-3,0,-4,0,-5,0,-5,0,0,0,0,0,0,0,0,0,0,0]"
CSI_DATA,37999,80:af:ca:27:52:2a,-54,11,1,1,1,1,1,0,0,0,0,-97,0,11,2,498358783,0,83,1,128,0,"[0,0,0,0,0,0,0,0,0,0,0,0,-2,1,-5,2,-6,2,-8,2,-9,3,-10,3,-10,4,-10,4,-10,4,-9,3,-8,3,-7,2,-5,2,-3,0,-2,0,0,0,1,-2,2,-3,4,-4,5,-5,6,-6,7,-7,8,-7,8,-7,7,-7,6,-7,0,0,5,-5,3,-4,2,-2,0,-2,0,0,-2,0,-3,2,-4,3,-5,5,-6,5,-6,5,-7,5,-7,5,-6,5,-6,5,-5,5,-4,4,-3,3,-2,2,-1,1,0,0,0,0,2,-1,2,-2,3,-2,4,-2,0,0,0,0,0,0,0,0,0,0]"
CSI_DATA,38000,80:af:ca:27:52:2a,-55,11,0,0,0,0,0,0,0,0,0,-97,0,11,2,498371468,0,83,0,128,0,"[0,0,0,0,0,0,0,0,0,0,0,0,-6,10,-6,10,-6,9,-5,7,-4,5,-3,2,-2,0,0,-2,0,-4,0,-6,0,-8,1,-9,1,-10,2,-11,1,-10,2,-12,2,-11,1,-10,1,-9,1,-8,0,-6,0,-4,0,-1,0,0,0,4,-1,6,0,0,-2,12,-2,13,-2,15,-3,15,-3,14,-3,13,-2,12,-2,10,-1,8,-1,6,0,4,0,1,0,0,1,-2,2,-5,2,-6,3,-9,4,-11,5,-12,5,-12,5,-13,5,-13,4,-12,4,-12,3,-10,1,-7,0,0,0,0,0,0,0,0,0,0]"
CSI_DATA,38001,80:af:ca:27:52:2a,-55,11,0,0,0,0,0,0,0,0,0,-97,0,11,2,498380348,0,83,0,128,0,"[0,0,0,0,0,0,0,0,0,0,0,0,-6,-12,-6,-12,-5,-11,-3,-9,-3,-6,-1,-3,0,-1,0,0,2,3,3,4,3,6,4,8,4,8,5,9,5,9,6,10,5,9,5,8,4,8,3,6,3,5,2,3,0,0,0,-1,-2,-3,-3,-6,0,0,-6,-11,-7,-13,-8,-14,-8,-14,-7,-13,-7,-13,-6,-12,-5,-10,-4,-8,-3,-6,-3,-4,-2,-2,-1,0,0,2,0,4,0,6,1,9,0,10,1,12,1,13,2,13,1,13,1,12,1,11,1,10,0,6,0,0,0,0,0,0,0,0,0,0]"
CSI_DATA,38002,80:af:ca:27:52:2a,-54,11,1,1,1,1,1,0,0,0,0,-97,0,11,2,498390364,0,83,1,128,0,"[0,0,0,0,0,0,0,0,0,0,0,0,2,2,3,3,4,5,4,7,5,8,5,10,5,10,5,10,4,10,4,9,3,7,3,6,2,4,1,3,0,0,0,0,-1,-3,-2,-4,-3,-6,-3,-8,-3,-9,-3,-10,-4,-10,-3,-10,-3,-10,-3,-10,0,0,-3,-7,-2,-6,-2,-4,-1,-2,-1,0,0,1,0,3,0,5,0,6,0,7,0,8,0,9,0,9,0,9,0,7,0,7,0,6,0,4,0,3,0,1,0,0,0,0,1,-2,2,-3,2,-3,3,-4,0,0,0,0,0,0,0,0,0,0]"
CSI_DATA,38003,80:af:ca:27:52:2a,-54,11,0,0,0,0,0,0,0,0,0,-97,0,11,2,498400897,0,83,0,128,0,"[0,0,0,0,0,0,0,0,0,0,0,0,8,10,8,10,6,10,4,7,3,5,0,3,0,0,-2,-1,-4,-4,-5,-5,-6,-7,-7,-8,-8,-9,-8,-9,-8,-9,-8,-10,-7,-9,-7,-8,-6,-8,-5,-7,-4,-5,-3,-4,-1,-1,0,1,2,4,4,6,0,0,7,11,8,13,8,13,8,14,8,13,8,13,7,11,5,9,4,8,4,5,2,4,1,0,0,-1,0,-4,0,-6,-1,-8,-2,-11,-1,-12,-2,-13,-2,-14,-3,-15,-2,-15,-2,-14,-1,-13,-2,-11,-1,-8,0,0,0,0,0,0,0,0,0,0]"
CSI_DATA,38004,80:af:ca:27:52:2a,-54,11,1,1,1,1,1,0,0,0,0,-97,0,11,2,498427235,0,83,1,128,0,"[0,0,0,0,0,0,0,0,0,0,0,0,2,8,2,8,1,6,1,6,0,4,0,2,0,0,-1,0,-2,-2,-2,-4,-4,-5,-4,-6,-4,-7,-5,-8,-5,-8,-5,-8,-5,-8,-5,-7,-4,-6,-4,-5,-2,-4,-1,-2,-1,-1,0,0,1,1,2,2,0,0,4,4,5,5,6,6,6,6,6,6,6,6,5,5,5,5,4,4,3,2,2,1,1,0,0,0,-1,-1,-2,-2,-2,-4,-4,-4,-4,-5,-4,-5,-4,-5,-4,-5,-4,-5,-4,-5,-4,-4,-3,-4,-2,-3,0,0,0,0,0,0,0,0,0,0]"
CSI_DATA,38005,80:af:ca:27:52:2a,-55,11,0,0,0,0,0,0,0,0,0,-97,0,11,2,498436982,0,83,0,128,0,"[0,0,0,0,0,0,0,0,0,0,0,0,-4,-1,-6,-4,-7,-7,-9,-8,-9,-9,-9,-10,-9,-11,-8,-10,-8,-9,-7,-8,-6,-7,-5,-6,-3,-4,-1,-2,0,-1,0,0,2,1,3,2,5,4,6,5,8,6,10,7,10,7,12,9,12,8,11,8,0,0,8,5,5,4,3,2,0,0,0,-1,-2,-3,-4,-4,-5,-6,-7,-7,-8,-7,-9,-8,-9,-8,-9,-8,-9,-9,-8,-8,-8,-8,-7,-6,-6,-5,-4,-3,-3,-1,-1,0,0,2,0,4,1,6,2,7,3,8,0,0,0,0,0,0,0,0,0,0]"
CSI_DATA,38006,80:af:ca:27:52:2a,-54,11,0,0,0,0,0,0,0,0,0,-97,0,11,2,498479971,0,83,0,128,0,"[0,0,0,0,0,0,0,0,0,0,0,0,-1,-14,0,-14,0,-13,0,-10,0,-7,0,-4,0,-1,0,0,1,2,1,5,1,7,2,9,2,10,2,10,2,10,3,11,2,10,3,9,2,9,2,7,1,5,0,3,0,1,0,0,-2,-4,-3,-6,0,0,-6,-12,-7,-13,-8,-15,-8,-15,-7,-14,-7,-14,-7,-12,-5,-10,-5,-8,-3,-6,-2,-3,-1,-1,0,0,0,2,0,4,1,6,3,9,2,10,3,11,3,12,4,13,4,13,4,12,4,11,3,8,2,6,0,0,0,0,0,0,0,0,0,0]"
CSI_DATA,38007,80:af:ca:27:52:2a,-54,11,0,0,0,0,0,0,0,0,0,-97,0,11,2,498488702,0,83,0,128,0,"[0,0,0,0,0,0,0,0,0,0,0,0,6,-12,6,-12,6,-11,5,-9,4,-6,2,-4,1,-2,0,0,0,3,-1,5,-2,7,-3,9,-4,10,-4,10,-3,10,-4,12,-4,11,-3,10,-3,10,-2,9,-2,7,-1,5,0,2,0,0,0,-5,0,-7,0,0,1,-14,2,-15,2,-17,2,-17,2,-17,2,-16,1,-15,1,-12,0,-10,0,-8,0,-5,0,-3,0,0,-1,1,-2,4,-3,6,-4,10,-5,10,-5,12,-5,13,-5,14,-5,14,-5,13,-5,11,-4,10,-3,7,0,0,0,0,0,0,0,0,0,0]"
CSI_DATA,38008,80:af:ca:27:52:2a,-54,11,1,1,1,1,1,0,0,0,0,-97,0,11,2,498497700,0,83,1,128,0,"[0,0,0,0,0,0,0,0,0,0,0,0,2,-8,2,-8,2,-6,2,-6,1,-4,1,-2,0,-1,0,0,0,2,-1,3,-1,4,-1,6,-2,7,-2,7,-2,8,-2,8,-2,7,-2,7,-2,6,-1,5,-1,3,-1,2,0,1,0,0,0,-2,1,-3,0,0,1,-6,2,-7,2,-8,2,-8,2,-8,2,-8,2,-7,2,-6,1,-6,1,-4,0,-3,0,-2,-1,0,-1,0,-2,1,-2,2,-3,3,-3,3,-4,4,-4,4,-4,4,-4,4,-3,4,-3,3,-3,3,-2,2,0,0,0,0,0,0,0,0,0,0]"
CSI_DATA,38009,80:af:ca:27:52:2a,-54,11,1,1,1,1,1,0,0,0,0,-97,0,11,2,498507351,0,83,1,128,0,"[0,0,0,0,0,0,0,0,0,0,0,0,-3,-9,-3,-8,-2,-7,-2,-6,-1,-4,-1,-3,0,-1,0,0,1,1,1,2,2,4,3,5,3,6,3,7,4,7,4,7,4,7,4,6,3,6,3,4,2,3,1,2,0,1,0,0,-1,-1,-2,-2,0,0,-4,-5,-4,-6,-5,-6,-5,-6,-6,-7,-5,-7,-5,-6,-4,-5,-4,-4,-3,-3,-2,-2,-1,-1,0,0,0,1,1,2,1,2,2,3,2,4,2,4,3,4,3,4,2,4,2,4,2,3,2,3,1,2,0,0,0,0,0,0,0,0,0,0]"
CSI_DATA,38010,80:af:ca:27:52:2a,-55,11,1,1,1,1,1,0,0,0,0,-97,0,11,2,498517035,0,83,1,128,0,"[0,0,0,0,0,0,0,0,0,0,0,0,-1,2,-2,4,-4,5,-5,7,-5,8,-6,8,-6,8,-7,8,-7,8,-6,8,-5,7,-5,5,-3,4,-2,2,-1,0,0,0,0,-2,1,-4,2,-5,2,-7,2,-8,3,-9,3,-10,3,-10,2,-10,2,-9,0,0,2,-7,1,-5,0,-3,0,-2,0,0,-1,1,-2,2,-2,4,-2,5,-2,6,-3,7,-3,8,-3,8,-3,7,-3,7,-2,5,-2,5,-1,3,-1,2,0,1,0,0,0,0,1,-2,1,-2,2,-3,2,-4,0,0,0,0,0,0,0,0,0,0]"
CSI_DATA,38011,80:af:ca:27:52:2a,-54,11,1,1,1,1,1,0,0,0,0,-97,0,11,2,498540592,0,83,1,128,0,"[0,0,0,0,0,0,0,0,0,0,0,0,-4,-10,-3,-9,-3,-8,-2,-6,-1,-5,0,-3,0,-1,0,0,1,2,2,4,3,5,4,6,4,8,5,8,5,8,5,8,5,8,4,7,3,6,3,5,2,3,1,2,0,0,0,-1,-1,-2,-3,-3,0,0,-5,-6,-5,-7,-6,-8,-6,-8,-6,-8,-6,-8,-5,-6,-5,-6,-4,-5,-3,-3,-2,-2,-1,-1,0,0,0,1,1,3,1,3,2,5,2,5,3,5,3,5,3,6,3,5,2,5,2,4,1,3,1,3,0,0,0,0,0,0,0,0,0,0]"
CSI_DATA,38012,80:af:ca:27:52:2a,-55,11,1,1,1,1,1,0,0,0,0,-97,0,11,2,498548460,0,83,1,128,0,"[0,0,0,0,0,0,0,0,0,0,0,0,0,-3,1,-5,2,-6,3,-7,4,-8,4,-9,4,-9,4,-9,4,-9,4,-8,3,-7,3,-6,2,-4,1,-2,0,-1,0,0,0,2,-1,3,-2,5,-2,7,-2,7,-2,8,-2,9,-2,9,-2,9,-2,8,0,0,-2,6,-1,4,0,2,0,1,0,0,0,-2,0,-4,1,-5,1,-7,1,-7,1,-8,2,-9,2,-9,1,-8,1,-7,1,-7,0,-6,0,-4,0,-3,0,-2,0,0,-1,0,-2,1,-2,2,-2,3,-2,4,0,0,0,0,0,0,0,0,0,0]"
CSI_DATA,38013,80:af:ca:27:52:2a,-55,11,1,1,1,1,1,0,0,0,0,-97,0,11,2,498576728,0,83,1,128,0,"[0,0,0,0,0,0,0,0,0,0,0,0,-3,1,-5,2,-7,2,-8,2,-10,2,-10,2,-11,2,-10,2,-10,2,-10,2,-8,2,-7,1,-5,0,-3,0,-1,0,0,-1,2,-1,3,-2,5,-2,7,-3,8,-4,8,-4,9,-5,9,-5,8,-5,8,-4,0,0,5,-3,4,-2,2,-2,1,-1,0,0,-2,0,-4,0,-5,1,-7,2,-8,2,-8,2,-8,2,-8,2,-8,2,-8,2,-7,2,-5,2,-4,1,-2,1,-2,0,0,0,0,0,2,0,2,0,4,0,5,0,0,0,0,0,0,0,0,0,0,0]"
CSI_DATA,38014,80:af:ca:27:52:2a,-54,11,0,0,0,0,0,0,0,0,0,-97,0,11,2,498585489,0,83,0,128,0,"[0,0,0,0,0,0,0,0,0,0,0,0,-15,-3,-15,-4,-13,-4,-11,-3,-8,-3,-5,-1,-1,-1,0,0,3,0,6,0,8,0,11,1,11,1,12,2,12,1,13,1,12,2,11,1,11,2,9,1,6,0,5,0,1,0,-1,0,-5,-1,-7,-2,0,0,-13,-4,-16,-4,-18,-5,-18,-5,-17,-5,-16,-5,-14,-4,-12,-4,-10,-3,-7,-2,-6,-1,-3,0,0,0,1,1,3,3,6,4,8,6,9,6,11,7,11,8,12,8,12,8,11,7,10,6,8,6,6,4,0,0,0,0,0,0,0,0,0,0]"
CSI_DATA,38015,80:af:ca:27:52:2a,-54,11,0,0,0,0,0,0,0,0,0,-97,0,11,2,498597465,0,83,0,128,0,"[0,0,0,0,0,0,0,0,0,0,0,0,-12,-8,-11,-8,-9,-8,-8,-7,-5,-5,-2,-3,0,-1,1,0,4,1,6,3,8,4,9,5,9,6,10,6,9,5,11,6,9,6,9,5,8,5,7,4,5,2,3,1,0,0,-1,-1,-5,-3,-8,-5,0,0,-12,-8,-14,-9,-16,-9,-16,-9,-14,-9,-14,-9,-12,-8,-10,-7,-8,-6,-7,-4,-5,-2,-2,0,0,0,0,2,2,4,4,6,7,8,7,9,8,10,8,11,9,11,8,11,8,10,8,9,7,8,5,5,0,0,0,0,0,0,0,0,0,0]"
CSI_DATA,38016,80:af:ca:27:52:2a,-54,11,1,1,1,1,1,0,0,0,0,-97,0,11,2,498606045,0,83,1,128,0,"[0,0,0,0,0,0,0,0,0,0,0,0,8,3,8,3,6,3,5,2,3,1,1,1,0,0,-1,0,-3,0,-5,-1,-6,-1,-8,-1,-9,-1,-10,-1,-10,-1,-10,-1,-10,-1,-8,-1,-8,-1,-6,-1,-5,0,-3,0,-1,0,0,0,2,0,4,0,0,0,6,0,8,0,8,0,8,0,9,0,8,0,8,0,6,0,5,0,4,0,2,0,1,0,0,0,-1,0,-3,0,-5,0,-5,-1,-6,-1,-6,-1,-6,-1,-6,-1,-6,-1,-6,0,-5,0,-5,0,-3,0,0,0,0,0,0,0,0,0,0,0]"
CSI_DATA,38017,80:af:ca:27:52:2a,-54,11,0,0,0,0,0,0,0,0,0,-97,0,11,2,498620763,0,83,0,128,0,"[0,0,0,0,0,0,0,0,0,0,0,0,9,-10,9,-10,9,-9,6,-7,5,-5,3,-3,1,0,0,1,-1,3,-3,5,-4,6,-5,8,-6,9,-6,10,-5,10,-6,11,-6,10,-5,10,-5,9,-4,7,-3,6,-2,3,-1,1,0,-1,0,-4,1,-7,0,0,3,-13,5,-15,5,-16,5,-17,5,-16,4,-15,3,-14,3,-12,3,-10,1,-7,0,-5,0,-3,0,0,-2,2,-3,4,-3,6,-5,9,-6,10,-6,12,-7,13,-7,13,-6,13,-6,12,-6,10,-4,9,-3,6,0,0,0,0,0,0,0,0,0,0]"
CSI_DATA,38018,80:af:ca:27:52:2a,-55,11,1,1,1,1,1,0,0,0,0,-97,0,11,2,498652791,0,83,1,128,0,"[0,0,0,0,0,0,0,0,0,0,0,0,0,-3,0,-5,0,-7,0,-9,0,-10,1,-10,1,-12,1,-11,1,-11,1,-10,1,-9,0,-8,0,-6,0,-4,0,-2,0,0,0,2,0,4,0,5,-1,7,-1,8,-1,9,-1,10,-1,10,-1,10,-1,9,0,0,0,7,0,5,0,3,0,2,0,0,0,-2,0,-4,0,-5,1,-7,1,-8,1,-8,2,-9,2,-9,2,-8,1,-8,1,-7,0,-6,0,-5,0,-4,0,-2,0,-1,-1,0,-2,0,-2,2,-2,2,-3,3,0,0,0,0,0,0,0,0,0,0]"
CSI_DATA,38019,80:af:ca:27:52:2a,-54,11,0,0,0,0,0,0,0,0,0,-97,0,11,2,498676130,0,83,0,128,0,"[0,0,0,0,0,0,0,0,0,0,0,0,13,-1,13,-1,12,0,10,0,6,0,4,0,1,0,-1,0,-3,1,-6,2,-8,2,-10,2,-10,3,-11,3,-10,3,-12,3,-11,3,-10,3,-10,3,-8,3,-6,2,-4,1,-2,0,0,-1,3,-3,6,-3,0,0,10,-6,12,-7,13,-8,13,-8,13,-7,13,-7,11,-7,9,-6,7,-5,5,-3,3,-3,1,-1,0,0,-3,0,-5,0,-7,2,-10,3,-11,3,-12,4,-13,4,-13,5,-13,5,-13,5,-11,4,-10,3,-7,3,0,0,0,0,0,0,0,0,0,0]"
CSI_DATA,38020,80:af:ca:27:52:2a,-54,11,1,1,1,1,1,0,0,0,0,-97,0,11,2,498684540,0,83,1,128,0,"[0,0,0,0,0,0,0,0,0,0,0,0,-2,1,-5,2,-7,2,-8,2,-9,2,-10,2,-11,2,-11,2,-10,2,-9,2,-8,2,-7,2,-5,1,-3,0,-2,0,0,-1,1,-2,3,-2,5,-3,6,-4,7,-5,8,-5,8,-5,8,-5,8,-6,8,-5,0,0,5,-4,4,-3,2,-2,1,-1,0,0,-2,0,-3,2,-5,2,-6,3,-7,4,-8,4,-8,4,-8,4,-8,4,-7,4,-6,3,-5,2,-4,2,-2,1,-1,0,0,0,0,0,2,0,3,-1,4,-1,5,-2,0,0,0,0,0,0,0,0,0,0]"
CSI_DATA,38021,80:af:ca:27:52:2a,-55,11,0,0,0,0,0,0,0,0,0,-97,0,11,2,498697398,0,83,0,128,0,"[0,0,0,0,0,0,0,0,0,0,0,0,1,-4,4,-6,6,-7,8,-8,8,-9,9,-9,10,-9,9,-8,8,-8,8,-7,6,-6,5,-5,4,-4,2,-2,0,0,0,0,-2,2,-3,4,-5,5,-6,7,-6,8,-8,10,-8,11,-9,13,-8,13,-8,12,0,0,-6,8,-4,6,-3,4,-1,1,0,0,2,-3,3,-4,4,-6,5,-8,5,-8,7,-9,7,-9,7,-10,8,-10,7,-9,6,-8,4,-8,4,-7,2,-5,0,-3,0,-1,-3,0,-4,1,-6,3,-8,4,-8,5,0,0,0,0,0,0,0,0,0,0]"
CSI_DATA,38022,80:af:ca:27:52:2a,-54,11,1,1,1,1,1,0,0,0,0,-97,0,11,2,498706584,0,83,1,128,0,"[0,0,0,0,0,0,0,0,0,0,0,0,-5,-9,-4,-8,-3,-7,-2,-6,-1,-4,-1,-3,0,-1,0,0,1,1,2,3,3,4,4,5,4,7,5,7,5,7,5,7,5,7,5,6,4,5,3,4,2,3,1,2,0,0,0,0,-1,-2,-2,-3,0,0,-5,-5,-5,-6,-5,-7,-6,-7,-6,-7,-6,-7,-5,-7,-5,-5,-4,-5,-4,-4,-2,-2,-1,-1,-1,0,0,1,0,2,1,3,2,4,2,5,2,5,2,5,2,5,2,5,2,5,2,4,1,4,1,2,0,0,0,0,0,0,0,0,0,0]"
CSI_DATA,38023,80:af:ca:27:52:2a,-54,11,1,1,1,1,1,0,0,0,0,-97,0,11,2,498714334,0,83,1,128,0,"[0,0,0,0,0,0,0,0,0,0,0,0,0,10,0,9,0,7,0,6,0,4,0,2,0,1,0,-1,0,-2,0,-4,0,-6,-1,-7,-1,-8,-1,-9,-1,-10,-1,-10,-1,-10,-1,-8,-1,-8,-1,-6,-1,-5,0,-3,0,-1,0,0,0,1,0,3,0,0,0,6,0,7,0,8,0,8,0,8,0,8,0,7,0,7,0,5,0,4,0,2,0,1,0,0,0,-1,0,-2,0,-4,0,-5,0,-5,0,-6,0,-6,0,-6,0,-6,0,-5,0,-5,0,-4,0,-4,0,0,0,0,0,0,0,0,0,0]"
CSI_DATA,38024,80:af:ca:27:52:2a,-54,11,1,1,1,1,1,0,0,0,0,-97,0,11,2,498724734,0,83,1,128,0,"[0,0,0,0,0,0,0,0,0,0,0,0,2,-3,4,-4,5,-5,7,-5,8,-5,8,-5,9,-6,8,-5,8,-5,8,-4,6,-4,5,-3,3,-2,2,-1,0,0,-1,0,-3,0,-5,2,-6,2,-8,2,-8,3,-9,3,-10,3,-10,3,-9,3,-8,2,0,0,-6,2,-5,1,-2,1,-1,0,0,0,2,0,3,0,5,0,7,0,8,0,8,0,8,0,8,0,8,0,8,0,6,0,5,0,4,0,2,0,1,0,0,-1,-1,-1,-2,-2,-3,-2,-4,-2,-4,-3,0,0,0,0,0,0,0,0,0,0]"
CSI_DATA,38025,80:af:ca:27:52:2a,-54,11,1,1,1,1,1,0,0,0,0,-97,0,11,2,498734082,0,83,1,128,0,"[0,0,0,0,0,0,0,0,0,0,0,0,3,0,5,1,7,2,8,3,9,4,9,5,10,5,10,5,9,5,8,4,7,3,5,2,4,2,2,1,0,0,-1,0,-2,-1,-5,-2,-6,-3,-8,-4,-9,-4,-10,-5,-10,-5,-10,-5,-10,-5,-9,-4,0,0,-7,-3,-5,-2,-3,-1,-2,0,0,0,1,1,2,2,4,3,5,4,6,5,7,5,7,5,7,5,6,5,6,5,5,4,5,3,3,2,2,1,1,0,0,0,0,-2,-1,-2,-2,-3,-2,-5,-2,-5,0,0,0,0,0,0,0,0,0,0]"
CSI_DATA,38026,80:af:ca:27:52:2a,-54,11,0,0,0,0,0,0,0,0,0,-97,0,11,2,498768097,0,83,0,128,0,"[0,0,0,0,0,0,0,0,0,0,0,0,3,0,6,3,8,5,10,6,11,7,11,8,12,8,11,8,11,7,10,7,9,6,7,5,5,3,3,2,1,1,-1,0,-3,-1,-5,-2,-8,-3,-10,-3,-12,-4,-14,-5,-15,-4,-17,-6,-17,-5,-16,-5,0,0,-12,-4,-10,-3,-7,-3,-4,-2,0,0,2,0,5,1,7,1,9,2,10,2,12,2,11,2,12,2,12,2,11,2,11,2,10,1,8,1,6,0,3,0,1,-1,-2,-2,-4,-3,-7,-4,-9,-4,-9,-4,0,0,0,0,0,0,0,0,0,0]"
CSI_DATA,38027,80:af:ca:27:52:2a,-54,11,0,0,0,0,0,0,0,0,0,-97,0,11,2,498795737,0,83,0,128,0,"[0,0,0,0,0,0,0,0,0,0,0,0,1,-5,4,-7,6,-9,6,-11,8,-13,8,-11,9,-13,9,-11,8,-10,7,-9,6,-8,5,-7,3,-4,2,-3,0,-1,-1,1,-2,2,-4,4,-5,6,-6,8,-7,9,-8,11,-9,13,-10,14,-9,14,-9,13,0,0,-7,9,-5,7,-3,4,-2,2,1,-1,2,-3,4,-5,5,-6,6,-8,7,-9,8,-9,8,-9,8,-9,8,-10,8,-9,7,-8,6,-8,5,-6,3,-5,1,-3,-1,-2,-3,0,-5,1,-7,2,-9,3,-9,3,0,0,0,0,0,0,0,0,0,0]"
CSI_DATA,38028,80:af:ca:27:52:2a,-54,11,1,1,1,1,1,0,0,0,0,-97,0,11,2,498817117,0,83,1,128,0,"[0,0,0,0,0,0,0,0,0,0,0,0,-8,-4,-8,-3,-6,-3,-5,-2,-4,-2,-2,-2,-1,-1,0,-1,2,0,4,0,5,0,6,0,7,0,8,0,8,0,8,0,8,0,8,0,6,0,5,0,4,0,2,0,1,0,0,0,-2,0,-4,0,0,0,-6,1,-8,1,-8,1,-9,1,-9,1,-9,1,-8,1,-7,1,-6,1,-4,0,-3,0,-1,0,0,0,1,0,2,0,4,0,5,0,5,-1,6,-1,6,-1,6,-1,6,-1,5,-1,5,-1,4,0,3,-1,0,0,0,0,0,0,0,0,0,0]"
CSI_DATA,38029,80:af:ca:27:52:2a,-54,11,0,0,0,0,0,0,0,0,0,-97,0,11,2,498844501,0,83,0,128,0,"[0,0,0,0,0,0,0,0,0,0,0,0,6,-13,7,-13,7,-12,4,-9,3,-6,2,-3,0,-1,0,0,-1,3,-2,5,-3,8,-4,9,-4,10,-5,11,-4,10,-5,12,-5,10,-4,10,-4,9,-3,8,-2,6,-1,4,0,1,0,0,0,-4,1,-7,0,0,3,-13,4,-15,5,-16,5,-16,5,-16,5,-15,4,-13,3,-11,2,-9,1,-7,0,-5,0,-2,0,0,-2,1,-3,3,-4,5,-6,7,-7,8,-7,10,-8,10,-8,11,-8,10,-7,10,-7,9,-5,7,-4,5,0,0,0,0,0,0,0,0,0,0]"
CSI_DATA,38030,80:af:ca:27:52:2a,-54,11,1,1,1,1,1,0,0,0,0,-97,0,11,2,498911096,0,83,1,128,0,"[0,0,0,0,0,0,0,0,0,0,0,0,9,-1,8,-1,7,-1,6,-1,4,0,2,0,0,0,-1,0,-2,0,-4,0,-6,1,-7,1,-8,1,-8,1,-9,1,-9,1,-9,1,-8,1,-7,1,-6,0,-5,0,-3,0,-1,0,0,0,1,0,3,0,0,0,6,-1,7,-1,8,-1,8,-1,8,0,8,0,7,0,6,0,5,-1,4,0,2,0,1,-1,0,-1,-1,-1,-2,-1,-3,-1,-5,-1,-5,-1,-6,-1,-6,-2,-6,-2,-6,-1,-5,-1,-5,-1,-4,-1,-3,-1,0,0,0,0,0,0,0,0,0,0]"
CSI_DATA,38031,80:af:ca:27:52:2a,-54,11,0,0,0,0,0,0,0,0,0,-97,0,11,2,498919495,0,83,0,128,0,"[0,0,0,0,0,0,0,0,0,0,0,0,-10,8,-11,8,-10,7,-7,5,-5,3,-3,1,-1,0,0,-2,3,-3,4,-4,7,-6,8,-7,8,-7,9,-7,9,-7,10,-7,9,-7,8,-6,7,-6,6,-5,4,-3,3,-3,0,-1,-2,0,-5,1,-7,3,0,0,-13,5,-15,5,-16,6,-16,5,-15,5,-15,4,-13,3,-11,3,-9,3,-6,2,-4,1,-2,1,0,0,3,0,4,0,7,0,10,0,11,2,12,2,13,2,14,2,14,2,12,1,11,1,10,0,7,0,0,0,0,0,0,0,0,0,0,0]"
CSI_DATA,38032,80:af:ca:27:52:2a,-54,11,1,1,1,1,1,0,0,0,0,-97,0,11,2,498950312,0,83,1,128,0,"[0,0,0,0,0,0,0,0,0,0,0,0,-7,3,-6,3,-6,2,-5,2,-4,1,-3,0,-1,0,0,-1,0,-2,1,-3,2,-4,3,-5,3,-6,4,-6,4,-6,4,-6,4,-6,3,-6,3,-5,2,-4,1,-3,1,-2,0,-1,0,0,0,1,-1,3,0,0,-1,5,-1,6,-1,7,-1,7,-1,7,-1,7,-1,6,-1,5,-1,4,0,3,0,2,0,1,0,0,0,-1,0,-3,0,-4,0,-4,0,-5,0,-6,0,-6,0,-6,0,-5,0,-5,0,-4,0,-4,0,-3,0,0,0,0,0,0,0,0,0,0]"
CSI_DATA,38033,80:af:ca:27:52:2a,-55,11,1,1,1,1,1,0,0,0,0,-97,0,11,2,498958794,0,83,1,128,0,"[0,0,0,0,0,0,0,0,0,0,0,0,-3,1,-6,0,-7,0,-8,0,-10,0,-11,0,-11,0,-11,0,-11,0,-10,0,-8,0,-7,0,-5,0,-3,0,-1,0,0,-1,2,-1,4,-1,6,-2,7,-2,8,-2,9,-2,10,-2,10,-2,9,-2,8,-2,0,0,6,-2,4,-2,3,-1,1,-1,0,0,-2,0,-4,0,-6,0,-7,1,-8,1,-9,2,-9,2,-9,2,-9,2,-8,2,-8,1,-6,1,-5,1,-4,0,-2,0,0,0,0,0,2,0,3,0,4,0,5,0,0,0,0,0,0,0,0,0,0,0]"
CSI_DATA,38034,80:af:ca:27:52:2a,-54,11,1,1,1,1,1,0,0,0,0,-97,0,11,2,498966662,0,83,1,128,0,"[0,0,0,0,0,0,0,0,0,0,0,0,-1,-10,-1,-9,-1,-8,0,-7,0,-5,0,-2,0,-1,0,0,0,2,1,4,1,5,1,7,1,8,2,8,1,8,2,9,1,8,1,8,1,7,1,5,1,4,0,2,0,1,0,0,-1,-2,-1,-4,0,0,-2,-7,-2,-8,-2,-8,-2,-9,-2,-9,-2,-9,-2,-8,-2,-7,-2,-6,-1,-5,-1,-3,-1,-1,-1,0,0,1,0,2,0,4,0,5,0,5,0,6,0,6,0,6,0,6,0,5,0,5,0,4,0,3,0,0,0,0,0,0,0,0,0,0]"
CSI_DATA,38035,80:af:ca:27:52:2a,-54,11,1,1,1,1,1,0,0,0,0,-97,0,11,2,498975923,0,83,1,128,0,"[0,0,0,0,0,0,0,0,0,0,0,0,9,-2,8,-1,7,-1,6,-1,4,0,2,0,0,0,-1,0,-2,0,-4,0,-6,1,-7,1,-8,1,-9,1,-9,1,-9,1,-9,1,-8,1,-7,1,-6,0,-5,0,-3,0,-1,0,0,0,1,0,3,0,0,0,6,0,7,0,8,-1,8,0,8,0,8,0,7,0,6,0,5,0,4,0,2,0,1,-1,0,-1,-1,-1,-2,-1,-4,-1,-5,-1,-5,-1,-5,-2,-6,-2,-6,-2,-5,-2,-5,-2,-5,-1,-4,-1,-3,-1,0,0,0,0,0,0,0,0,0,0]"
CSI_DATA,38036,80:af:ca:27:52:2a,-54,11,0,0,0,0,0,0,0,0,0,-97,0,11,2,498987500,0,83,0,128,0,"[0,0,0,0,0,0,0,0,0,0,0,0,0,-14,0,-14,0,-13,0,-10,0,-7,0,-4,0,0,0,1,0,4,0,6,1,9,0,11,1,11,0,11,1,11,1,12,0,11,1,11,0,10,0,8,0,6,0,3,0,0,0,-1,0,-5,-1,-9,0,0,-2,-14,-2,-16,-2,-18,-2,-18,-2,-17,-2,-16,-2,-14,-1,-12,-1,-10,-1,-7,-1,-5,-1,-2,-1,0,-1,2,-1,4,-1,7,-1,10,-2,11,-2,12,-2,13,-2,14,-2,14,-2,13,-2,12,-1,10,-1,8,0,0,0,0,0,0,0,0,0,0]"
CSI_DATA,38037,80:af:ca:27:52:2a,-54,11,0,0,0,0,0,0,0,0,0,-97,0,11,2,499013723,0,83,0,128,0,"[0,0,0,0,0,0,0,0,0,0,0,0,-2,-5,-1,-8,0,-11,0,-12,0,-14,1,-14,1,-15,1,-14,0,-13,1,-12,0,-11,0,-9,0,-6,0,-4,0,-2,0,1,0,3,1,5,1,7,1,9,2,11,2,13,3,14,3,16,3,16,3,15,0,0,2,11,2,8,1,5,0,2,-1,-1,-1,-4,-2,-7,-2,-9,-3,-10,-3,-12,-3,-13,-3,-13,-3,-13,-3,-13,-3,-13,-3,-11,-3,-11,-3,-8,-3,-6,-2,-4,-2,-1,-1,2,-2,5,-1,7,-1,9,-1,10,0,0,0,0,0,0,0,0,0,0]"
CSI_DATA,38038,80:af:ca:27:52:2a,-54,11,1,1,1,1,1,0,0,0,0,-97,0,11,2,499047024,0,83,1,128,0,"[0,0,0,0,0,0,0,0,0,0,0,0,7,6,6,6,5,5,4,5,2,3,1,2,0,1,-1,0,-3,-1,-4,-2,-6,-4,-7,-5,-8,-5,-8,-5,-9,-6,-9,-6,-8,-5,-8,-5,-7,-4,-5,-4,-4,-2,-2,-2,-1,0,0,0,1,1,3,1,0,0,6,3,7,4,8,4,8,4,8,4,8,4,7,4,6,3,5,2,4,1,2,1,1,0,0,-1,-1,-1,-2,-2,-3,-3,-4,-4,-5,-4,-5,-4,-5,-4,-5,-4,-5,-4,-5,-4,-4,-4,-4,-3,-3,-2,0,0,0,0,0,0,0,0,0,0]"
CSI_DATA,38039,80:af:ca:27:52:2a,-54,11,0,0,0,0,0,0,0,0,0,-97,0,11,2,499062089,0,83,0,128,0,"[0,0,0,0,0,0,0,0,0,0,0,0,0,-15,0,-14,0,-13,0,-10,0,-7,0,-4,0,0,0,0,0,3,0,6,1,8,1,10,1,10,1,11,2,11,2,12,2,11,2,10,1,9,1,8,1,6,0,3,0,0,0,-1,-2,-4,-3,-7,0,0,-6,-13,-7,-14,-7,-16,-7,-16,-7,-15,-7,-14,-6,-13,-5,-11,-4,-8,-3,-6,-2,-4,-1,-1,0,0,0,2,0,4,1,6,2,9,2,11,3,12,3,13,4,13,4,13,4,12,3,10,2,8,1,6,0,0,0,0,0,0,0,0,0,0]"
CSI_DATA,38040,80:af:ca:27:52:2a,-54,11,0,0,0,0,0,0,0,0,0,-97,0,11,2,499073099,0,83,0,128,0,"[0,0,0,0,0,0,0,0,0,0,0,0,12,-5,13,-4,12,-4,9,-4,7,-2,4,-1,2,0,0,0,-2,2,-4,3,-6,4,-8,5,-9,6,-9,6,-8,6,-10,7,-9,7,-8,7,-8,6,-7,5,-5,4,-4,3,-2,1,0,0,1,-4,4,-5,0,0,8,-10,9,-12,10,-13,10,-13,10,-13,9,-13,8,-11,7,-9,5,-8,4,-6,2,-4,0,-2,0,0,-2,0,-4,2,-5,4,-8,7,-8,7,-9,8,-10,9,-10,9,-10,9,-9,9,-9,8,-8,7,-5,5,0,0,0,0,0,0,0,0,0,0]"
CSI_DATA,38041,80:af:ca:27:52:2a,-54,11,1,1,1,1,1,0,0,0,0,-97,0,11,2,499088986,0,83,1,128,0,"[0,0,0,0,0,0,0,0,0,0,0,0,6,-5,5,-4,5,-4,4,-3,3,-2,2,-1,1,0,0,1,-1,2,-2,3,-3,4,-4,4,-4,5,-5,5,-5,6,-5,6,-5,5,-4,5,-4,5,-3,4,-2,3,-1,2,-1,0,0,0,0,-2,1,-3,0,0,3,-5,3,-6,3,-6,3,-7,4,-7,4,-7,3,-6,3,-5,2,-5,1,-4,1,-3,0,-2,0,0,-1,0,-2,1,-2,2,-3,3,-3,3,-4,4,-4,4,-4,4,-4,4,-3,4,-3,3,-3,3,-2,2,0,0,0,0,0,0,0,0,0,0]"
CSI_DATA,38042,80:af:ca:27:52:2a,-54,11,1,1,1,1,1,0,0,0,0,-97,0,11,2,499097526,0,83,1,128,0,"[0,0,0,0,0,0,0,0,0,0,0,0,6,-7,5,-6,5,-5,4,-4,3,-3,1,-2,0,0,0,0,-1,2,-2,3,-3,5,-3,6,-4,6,-5,7,-5,7,-5,7,-4,7,-3,7,-3,6,-3,5,-2,3,-1,2,-1,1,0,0,0,-2,1,-3,0,0,2,-6,2,-7,2,-7,3,-8,3,-8,2,-7,2,-7,2,-6,1,-5,1,-4,0,-3,0,-1,0,0,-1,0,-2,2,-2,2,-2,3,-3,4,-3,4,-3,5,-3,5,-3,5,-3,4,-2,3,-2,3,-2,2,0,0,0,0,0,0,0,0,0,0]"
CSI_DATA,38043,80:af:ca:27:52:2a,-54,11,0,0,0,0,0,0,0,0,0,-97,0,11,2,499108673,0,83,0,128,0,"[0,0,0,0,0,0,0,0,0,0,0,0,11,8,11,8,10,8,8,6,5,5,3,3,0,1,-1,0,-3,-1,-5,-2,-8,-4,-9,-5,-10,-5,-10,-5,-10,-5,-12,-5,-11,-5,-10,-5,-10,-5,-9,-4,-7,-3,-5,-2,-3,-1,0,0,3,0,5,1,0,0,11,3,13,4,15,5,15,5,15,5,14,5,13,4,10,3,9,2,6,1,5,0,2,0,0,0,-2,-1,-4,-3,-6,-4,-9,-5,-10,-5,-11,-6,-12,-6,-13,-6,-12,-6,-12,-6,-11,-5,-10,-5,-7,-4,0,0,0,0,0,0,0,0,0,0]"
CSI_DATA,38044,80:af:ca:27:52:2a,-55,11,1,1,1,1,1,0,0,0,0,-97,0,11,2,499118613,0,83,1,128,0,"[0,0,0,0,0,0,0,0,0,0,0,0,-4,-2,-5,-4,-6,-5,-7,-7,-7,-7,-7,-8,-8,-9,-7,-9,-7,-8,-7,-7,-5,-7,-4,-5,-3,-4,-2,-2,0,0,0,0,2,2,3,3,4,4,5,5,6,6,7,7,7,7,7,7,7,7,7,6,0,0,4,4,3,3,2,2,0,0,0,-1,-1,-2,-2,-4,-3,-5,-4,-6,-5,-7,-5,-7,-5,-8,-5,-8,-5,-7,-4,-7,-4,-6,-4,-4,-3,-4,-2,-2,-2,-1,-1,0,0,1,0,2,0,3,0,4,0,4,0,0,0,0,0,0,0,0,0,0]"
CSI_DATA,38045,80:af:ca:27:52:2a,-55,11,1,1,1,1,1,0,0,0,0,-97,0,11,2,499130612,0,83,1,128,0,"[0,0,0,0,0,0,0,0,0,0,0,0,-2,-3,-4,-5,-4,-7,-4,-9,-5,-10,-5,-11,-6,-11,-5,-11,-5,-11,-4,-10,-4,-8,-3,-8,-2,-6,-2,-4,0,-2,0,0,1,2,2,4,3,5,4,7,5,8,5,8,6,9,6,9,6,9,5,8,0,0,4,6,2,4,2,3,0,1,0,0,-1,-2,-2,-4,-2,-6,-4,-7,-4,-8,-4,-9,-4,-10,-4,-10,-4,-9,-4,-8,-4,-7,-3,-6,-2,-4,-2,-3,-2,-2,-1,0,0,1,0,2,0,4,0,4,0,5,0,0,0,0,0,0,0,0,0,0]"
CSI_DATA,38046,80:af:ca:27:52:2a,-54,11,0,0,0,0,0,0,0,0,0,-97,0,11,2,499141089,0,83,0,128,0,"[0,0,0,0,0,0,0,0,0,0,0,0,-4,-13,-4,-13,-3,-13,-3,-10,-1,-7,0,-4,0,-2,0,0,1,2,3,4,4,6,5,7,5,8,6,9,6,8,7,10,6,9,6,8,5,8,5,6,4,4,2,3,0,0,0,0,-3,-2,-6,-5,0,0,-10,-9,-12,-11,-13,-12,-13,-12,-13,-11,-12,-11,-11,-10,-9,-8,-8,-6,-5,-5,-4,-3,-2,-1,0,0,0,1,2,3,4,5,6,7,7,9,8,10,9,10,9,10,9,10,9,9,8,8,6,7,4,5,0,0,0,0,0,0,0,0,0,0]"
CSI_DATA,38047,80:af:ca:27:52:2a,-54,11,0,0,0,0,0,0,0,0,0,-97,0,11,2,499166750,0,83,0,128,0,"[0,0,0,0,0,0,0,0,0,0,0,0,-14,-3,-14,-3,-13,-3,-11,-2,-7,-3,-5,-2,-2,-1,0,-1,3,0,5,0,7,0,10,0,11,0,11,0,11,0,12,0,11,0,11,0,10,0,8,0,7,0,4,0,2,0,0,0,-4,0,-7,0,0,0,-13,1,-15,1,-16,2,-17,2,-16,1,-15,2,-14,1,-11,1,-10,1,-7,0,-5,0,-3,0,0,0,2,0,4,0,7,0,9,0,11,0,12,0,13,0,14,0,14,0,13,0,11,0,9,0,7,0,0,0,0,0,0,0,0,0,0,0]"
CSI_DATA,38048,80:af:ca:27:52:2a,-55,11,1,1,1,1,1,0,0,0,0,-97,0,11,2,499175086,0,83,1,128,0,"[0,0,0,0,0,0,0,0,0,0,0,0,7,-4,7,-4,6,-3,5,-3,3,-2,2,-1,1,0,0,0,-2,1,-3,2,-4,3,-5,3,-6,4,-6,4,-7,4,-7,4,-6,4,-6,4,-5,4,-4,3,-3,2,-2,1,-1,0,0,0,1,-1,2,-2,0,0,4,-4,5,-4,5,-5,5,-5,6,-5,5,-5,5,-5,4,-4,4,-4,3,-3,2,-2,1,-1,0,-1,-1,0,-2,0,-3,1,-4,1,-4,2,-5,2,-5,2,-5,2,-5,2,-4,2,-4,2,-4,1,-3,1,0,0,0,0,0,0,0,0,0,0]"
CSI_DATA,38049,80:af:ca:27:52:2a,-54,11,0,0,0,0,0,0,0,0,0,-97,0,11,2,499187197,0,83,0,128,0,"[0,0,0,0,0,0,0,0,0,0,0,0,-14,-4,-14,-4,-12,-4,-9,-3,-6,-3,-3,-2,0,-1,1,0,3,0,6,0,9,0,10,0,11,0,12,0,11,0,12,0,12,0,10,0,10,0,8,0,6,0,4,0,0,0,-1,0,-5,0,-8,0,0,0,-15,0,-16,0,-17,0,-17,0,-17,0,-16,0,-15,0,-12,0,-10,0,-7,0,-5,0,-2,0,0,0,2,0,4,0,7,0,10,0,12,1,13,1,14,1,14,1,14,1,13,0,12,1,10,0,7,0,0,0,0,0,0,0,0,0,0,0]"
CSI_DATA,38050,80:af:ca:27:52:2a,-55,11,1,1,1,1,1,0,0,0,0,-97,0,11,2,499197874,0,83,1,128,0,"[0,0,0,0,0,0,0,0,0,0,0,0,3,0,4,2,7,2,8,4,8,4,9,4,9,5,9,5,9,5,8,4,7,4,6,3,4,2,2,1,0,0,-1,0,-2,-1,-4,-2,-7,-2,-8,-3,-9,-4,-9,-4,-10,-4,-10,-4,-10,-4,-9,-3,0,0,-7,-2,-5,-2,-3,-1,-2,0,0,0,2,0,3,1,4,2,6,3,7,3,8,4,8,4,8,4,7,4,7,3,6,3,5,2,4,1,2,0,1,0,0,0,0,-2,-2,-2,-2,-3,-3,-4,-4,-4,0,0,0,0,0,0,0,0,0,0]"
CSI_DATA,38051,80:af:ca:27:52:2a,-54,11,1,1,1,1,1,0,0,0,0,-97,0,11,2,499205789,0,83,1,128,0,"[0,0,0,0,0,0,0,0,0,0,0,0,6,-6,6,-6,5,-5,5,-4,3,-3,2,-2,0,0,0,0,-1,2,-2,3,-3,4,-4,5,-5,6,-5,6,-5,6,-6,7,-5,7,-5,6,-5,6,-4,5,-3,3,-2,2,-1,1,0,0,0,-2,1,-3,0,0,3,-6,3,-7,4,-7,4,-8,5,-8,4,-7,3,-7,3,-6,2,-5,2,-4,1,-3,0,-1,0,0,-1,0,-2,1,-3,2,-3,3,-4,3,-5,4,-5,4,-5,4,-5,4,-4,4,-3,3,-3,3,-2,2,0,0,0,0,0,0,0,0,0,0]"
CSI_DATA,38052,80:af:ca:27:52:2a,-54,11,0,0,0,0,0,0,0,0,0,-97,0,11,2,499235488,0,83,0,128,0,"[0,0,0,0,0,0,0,0,0,0,0,0,2,3,3,6,4,9,5,10,5,14,5,14,4,15,4,14,4,13,3,11,3,10,2,8,1,5,1,3,0,1,-1,-1,-2,-3,-3,-5,-3,-8,-4,-10,-5,-11,-6,-14,-7,-15,-7,-17,-7,-16,-7,-16,0,0,-5,-11,-4,-9,-3,-6,-2,-3,-1,0,0,3,1,5,1,7,1,9,2,10,2,11,2,11,2,11,2,13,2,11,2,10,2,9,1,7,1,5,1,3,1,0,1,-3,1,-5,1,-7,1,-9,1,-9,0,0,0,0,0,0,0,0,0,0]"
CSI_DATA,38053,80:af:ca:27:52:2a,-53,11,0,0,0,0,0,0,0,0,0,-97,0,11,2,499247301,0,83,0,128,0,"[0,0,0,0,0,0,0,0,0,0,0,0,2,-5,5,-7,8,-9,8,-10,10,-11,11,-10,11,-10,11,-9,10,-9,9,-8,7,-7,6,-6,4,-4,2,-2,0,-1,-2,1,-4,2,-6,3,-8,4,-9,6,-10,7,-13,8,-14,9,-16,9,-15,10,-14,9,0,0,-10,6,-8,5,-5,3,-2,2,1,0,3,-1,6,-2,8,-3,9,-4,10,-4,13,-4,13,-4,13,-4,13,-4,13,-4,10,-3,10,-4,8,-3,5,-3,3,-3,0,-3,-3,-2,-5,-3,-8,-3,-10,-3,-10,-4,0,0,0,0,0,0,0,0,0,0]"
CSI_DATA,38054,80:af:ca:27:52:2a,-55,11,1,1,1,1,1,0,0,0,0,-97,0,11,2,499282352,0,83,1,128,0,"[0,0,0,0,0,0,0,0,0,0,0,0,-6,-7,-5,-6,-4,-6,-3,-5,-2,-3,-1,-2,0,-1,1,0,2,1,3,2,4,3,5,4,6,5,6,5,6,5,6,5,6,5,5,4,5,3,3,3,2,2,1,1,0,0,-1,-1,-2,-1,-3,-2,0,0,-5,-4,-6,-5,-7,-5,-7,-5,-7,-5,-6,-5,-6,-5,-5,-4,-5,-3,-3,-2,-2,-1,-1,0,0,0,0,1,1,2,2,3,2,3,3,4,3,4,3,5,3,5,3,5,3,4,3,3,2,3,2,2,0,0,0,0,0,0,0,0,0,0]"
CSI_DATA,38055,80:af:ca:27:52:2a,-55,11,1,1,1,1,1,0,0,0,0,-97,0,11,2,499292072,0,83,1,128,0,"[0,0,0,0,0,0,0,0,0,0,0,0,2,-1,4,-1,5,-2,7,-2,8,-2,9,-2,9,-2,9,-1,9,-1,7,-1,7,-1,5,-1,3,-1,2,0,0,0,-1,0,-2,0,-4,0,-5,1,-7,1,-8,1,-9,1,-9,1,-9,1,-9,1,-8,1,0,0,-6,1,-5,0,-3,0,-1,0,0,0,1,0,3,0,4,0,5,0,6,0,7,0,7,0,7,0,7,0,7,0,5,0,5,0,3,0,2,0,1,0,0,-1,0,-1,-1,-1,-3,-1,-3,-1,-4,-2,0,0,0,0,0,0,0,0,0,0]"
CSI_DATA,38056,80:af:ca:27:52:2a,-54,11,1,1,1,1,1,0,0,0,0,-97,0,11,2,499308859,0,83,1,128,0,"[0,0,0,0,0,0,0,0,0,0,0,0,-4,0,-6,-2,-8,-3,-9,-4,-10,-5,-10,-5,-10,-5,-10,-5,-10,-5,-9,-5,-8,-5,-6,-4,-5,-2,-2,-2,0,0,0,0,2,1,4,2,5,2,7,3,8,4,8,5,9,5,9,5,9,5,8,4,0,0,5,2,4,2,2,0,1,0,0,-1,-2,-2,-3,-3,-5,-5,-5,-5,-6,-6,-7,-6,-7,-7,-6,-7,-7,-6,-6,-6,-5,-5,-5,-4,-4,-3,-2,-2,-2,0,-1,0,0,1,0,2,0,3,0,4,0,5,0,0,0,0,0,0,0,0,0,0]"
CSI_DATA,38057,80:af:ca:27:52:2a,-54,11,0,0,0,0,0,0,0,0,0,-97,0,11,2,499322101,0,83,0,128,0,"[0,0,0,0,0,0,0,0,0,0,0,0,-2,-14,-2,-14,-1,-13,-1,-10,0,-7,0,-4,0,-1,0,0,1,3,1,5,3,7,3,9,3,10,3,10,3,10,4,11,4,10,4,9,3,9,2,7,2,5,0,3,0,0,0,-1,-2,-4,-4,-7,0,0,-7,-12,-8,-13,-9,-15,-9,-15,-9,-14,-8,-13,-7,-12,-6,-9,-5,-8,-4,-5,-2,-3,-1,-1,0,0,0,2,1,4,2,6,3,9,3,10,4,12,4,12,5,13,5,12,5,11,4,10,3,8,2,5,0,0,0,0,0,0,0,0,0,0]"
CSI_DATA,38058,80:af:ca:27:52:2a,-54,11,1,1,1,1,1,0,0,0,0,-97,0,11,2,499346744,0,83,1,128,0,"[0,0,0,0,0,0,0,0,0,0,0,0,-8,-2,-11,-1,-4,-2,-8,-1,-2,0,-3,0,0,0,1,-1,4,-1,1,-1,0,-2,1,-4,3,-4,1,-4,2,-10,5,-1,3,-11,3,-1,1,-6,2,-3,3,-3,1,-1,0,-1,-1,0,-1,0,0,3,0,0,2,4,-4,4,4,5,-5,4,3,4,-1,8,0,9,1,8,3,6,1,3,-1,1,0,-1,1,-1,-1,0,1,-3,-3,-1,0,-4,-3,-3,-5,-6,-6,-5,-6,-4,-6,-4,-4,-5,-2,-4,-1,-3,-1,-1,0,0,0,0,0,0,0,0,0,0]"
CSI_DATA,38059,80:af:ca:27:52:2a,-55,11,1,1,1,1,1,0,0,0,0,-97,0,11,2,499354918,0,83,1,128,0,"[0,0,0,0,0,0,0,0,0,0,0,0,5,-6,5,-6,4,-5,4,-4,3,-3,2,-2,1,-1,0,0,-1,1,-2,3,-2,4,-3,5,-3,6,-4,6,-4,7,-4,7,-3,7,-3,7,-3,6,-2,5,-2,4,-1,2,-1,1,0,0,0,-2,0,-3,0,0,1,-6,1,-7,2,-7,2,-8,2,-8,2,-8,2,-7,1,-6,1,-5,1,-4,0,-3,0,-2,0,0,-1,1,-1,2,-1,3,-2,4,-2,4,-2,5,-2,5,-2,5,-2,5,-2,5,-2,4,-2,3,-1,3,0,0,0,0,0,0,0,0,0,0]"
CSI_DATA,38060,80:af:ca:27:52:2a,-55,11,1,1,1,1,1,0,0,0,0,-97,0,11,2,499363379,0,83,1,128,0,"[0,0,0,0,0,0,0,0,0,0,0,0,2,-2,5,-2,6,-2,8,-3,9,-3,10,-3,11,-3,11,-3,11,-3,9,-3,8,-3,7,-2,5,-2,3,-1,1,0,0,0,-2,1,-4,2,-5,2,-7,3,-8,4,-9,5,-9,5,-9,5,-9,5,-8,5,0,0,-6,3,-5,2,-3,2,-2,0,0,0,1,-1,2,-2,4,-3,5,-4,6,-5,7,-5,7,-5,7,-5,7,-5,6,-5,5,-4,4,-3,3,-3,2,-2,0,-1,0,0,-2,0,-2,0,-3,0,-5,1,-5,1,0,0,0,0,0,0,0,0,0,0]"
CSI_DATA,38061,80:af:ca:27:52:2a,-54,11,0,0,0,0,0,0,0,0,0,-97,0,11,2,499375317,0,83,0,128,0,"[0,0,0,0,0,0,0,0,0,0,0,0,13,-5,13,-4,12,-3,9,-3,6,-1,3,0,0,0,-2,0,-5,0,-7,0,-10,1,-11,1,-12,1,-12,1,-12,1,-14,1,-12,1,-11,1,-10,0,-9,0,-7,0,-5,0,-1,0,1,0,5,0,8,0,0,0,14,0,15,1,17,1,17,1,16,2,15,2,14,1,11,1,9,0,6,0,5,0,2,-1,0,-2,-2,-3,-4,-5,-6,-5,-9,-7,-9,-9,-10,-9,-11,-10,-11,-10,-11,-10,-10,-10,-10,-9,-8,-7,-6,-5,0,0,0,0,0,0,0,0,0,0]"
CSI_DATA,38062,80:af:ca:27:52:2a,-54,11,1,1,1,1,1,0,0,0,0,-97,0,11,2,499393326,0,83,1,128,0,"[0,0,0,0,0,0,0,0,0,0,0,0,4,-7,4,-6,3,-6,3,-4,2,-3,1,-2,0,0,0,0,0,2,-1,3,-2,4,-2,6,-2,6,-2,7,-2,7,-2,7,-2,7,-2,7,-2,6,-1,4,-1,3,-1,2,0,1,0,0,0,-2,0,-3,0,0,0,-6,0,-7,0,-7,0,-8,0,-8,0,-8,0,-7,0,-6,0,-6,0,-4,0,-3,0,-1,0,0,0,1,-1,2,-1,3,-1,4,-1,4,-1,5,-1,5,-1,5,-1,5,-1,4,-1,4,-1,3,0,2,0,0,0,0,0,0,0,0,0,0]"
CSI_DATA,38063,80:af:ca:27:52:2a,-54,11,1,1,1,1,1,0,0,0,0,-97,0,11,2,499399805,0,83,1,128,0,"[0,0,0,0,0,0,0,0,0,0,0,0,-2,-9,-2,-8,-2,-7,-1,-6,-1,-4,0,-3,0,-1,0,0,1,1,2,2,2,4,3,5,4,6,4,6,4,6,4,6,4,6,4,6,4,5,3,4,2,3,1,2,0,1,0,0,-2,-1,-3,-2,0,0,-5,-4,-5,-4,-6,-5,-6,-5,-6,-5,-6,-5,-6,-5,-5,-4,-5,-3,-4,-3,-2,-2,-1,-1,0,0,0,0,1,1,2,2,3,3,3,3,4,3,4,3,4,3,4,3,3,3,3,3,3,2,2,2,0,0,0,0,0,0,0,0,0,0]"
CSI_DATA,38064,80:af:ca:27:52:2a,-55,11,1,1,1,1,1,0,0,0,0,-97,0,11,2,499408004,0,83,1,128,0,"[0,0,0,0,0,0,0,0,0,0,0,0,2,-1,4,0,6,0,8,0,9,0,10,0,11,0,10,0,10,0,9,0,8,0,7,0,5,0,3,0,1,0,0,0,-2,0,-4,0,-6,0,-8,0,-9,0,-10,0,-11,0,-11,0,-11,0,-10,0,0,0,-8,0,-6,0,-4,0,-2,0,0,0,1,0,3,0,5,0,6,0,8,0,8,0,8,0,8,0,8,0,8,0,7,0,6,0,5,0,3,0,2,-1,0,-1,0,-1,-2,-1,-3,-2,-4,-2,-5,-2,0,0,0,0,0,0,0,0,0,0]"
CSI_DATA,38065,80:af:ca:27:52:2a,-55,11,1,1,1,1,1,0,0,0,0,-97,0,11,2,499416134,0,83,1,128,0,"[0,0,0,0,0,0,0,0,0,0,0,0,-7,-4,-6,-4,-5,-3,-4,-3,-3,-2,-2,-1,0,-1,0,0,1,0,2,0,4,1,5,2,6,2,6,3,6,3,7,3,6,3,6,2,5,2,4,1,3,1,2,0,0,0,0,0,-1,0,-2,-1,0,0,-5,-2,-6,-3,-6,-3,-7,-3,-7,-4,-7,-3,-6,-3,-5,-3,-5,-2,-4,-1,-2,-1,-1,0,0,0,0,0,0,1,2,2,2,2,3,3,3,3,3,3,3,3,3,3,3,3,3,3,2,2,2,1,0,0,0,0,0,0,0,0,0,0]"
CSI_DATA,38066,80:af:ca:27:52:2a,-54,11,0,0,0,0,0,0,0,0,0,-97,0,11,2,499427112,0,83,0,128,0,"[0,0,0,0,0,0,0,0,0,0,0,0,-6,-13,-6,-13,-5,-13,-4,-10,-3,-8,-1,-4,0,-2,0,0,1,2,3,4,4,6,5,8,5,8,6,9,6,9,7,10,6,9,6,8,5,8,4,7,3,5,2,3,0,1,0,0,-2,-3,-4,-6,0,0,-8,-10,-10,-12,-11,-13,-11,-14,-10,-13,-10,-13,-9,-11,-7,-9,-6,-8,-5,-5,-3,-4,-2,-1,0,0,0,1,0,4,2,6,3,8,4,10,4,11,5,12,5,12,5,12,5,12,4,10,4,8,3,6,0,0,0,0,0,0,0,0,0,0]"
CSI_DATA,38067,80:af:ca:27:52:2a,-55,11,1,1,1,1,1,0,0,0,0,-97,0,11,2,499433883,0,83,1,128,0,"[0,0,0,0,0,0,0,0,0,0,0,0,0,3,0,6,-1,8,-2,10,-3,12,-3,13,-3,13,-3,13,-3,13,-3,12,-3,10,-3,9,-2,6,-1,4,0,1,0,0,0,-3,0,-5,1,-7,1,-10,1,-11,1,-13,2,-13,2,-13,2,-13,1,-12,0,0,1,-10,0,-7,0,-5,0,-3,-1,0,-1,1,-2,3,-3,5,-3,7,-3,8,-4,10,-4,10,-4,10,-4,10,-3,9,-3,7,-3,6,-2,5,-1,3,0,2,0,0,0,0,2,-2,3,-3,3,-3,3,-4,0,0,0,0,0,0,0,0,0,0]"
CSI_DATA,38068,80:af:ca:27:52:2a,-54,11,0,0,0,0,0,0,0,0,0,-97,0,11,2,499484146,0,83,0,128,0,"[0,0,0,0,0,0,0,0,0,0,0,0,6,11,5,12,5,11,4,9,2,6,1,4,0,1,-1,0,-3,-2,-4,-4,-6,-6,-7,-7,-8,-8,-8,-8,-9,-8,-9,-9,-9,-9,-8,-7,-8,-8,-7,-7,-6,-5,-4,-4,-1,-2,0,0,2,0,5,2,0,0,10,6,11,7,14,8,13,8,13,8,12,8,11,7,9,6,8,4,5,3,3,1,1,0,0,0,-1,-1,-3,-3,-5,-5,-8,-6,-9,-8,-10,-8,-11,-9,-12,-9,-11,-9,-11,-8,-10,-7,-9,-6,-6,-4,0,0,0,0,0,0,0,0,0,0]"
CSI_DATA,38069,80:af:ca:27:52:2a,-55,11,1,1,1,1,1,0,0,0,0,-97,0,11,2,499492352,0,83,1,128,0,"[0,0,0,0,0,0,0,0,0,0,0,0,2,-2,4,-2,5,-3,8,-3,8,-3,9,-3,10,-4,10,-3,10,-3,9,-3,8,-3,6,-2,5,-2,2,-1,0,0,0,0,-2,0,-4,1,-5,2,-7,2,-8,3,-8,4,-9,4,-9,4,-9,4,-8,4,0,0,-6,2,-5,2,-3,1,-2,0,0,0,1,0,2,-1,5,-2,5,-2,7,-3,7,-3,8,-3,8,-3,7,-3,7,-3,5,-2,5,-2,3,-2,2,-2,1,-1,0,-1,-1,0,-2,0,-3,0,-4,0,-5,0,0,0,0,0,0,0,0,0,0,0]"
CSI_DATA,38070,80:af:ca:27:52:2a,-55,11,1,1,1,1,1,0,0,0,0,-97,0,11,2,499501764,0,83,1,128,0,"[0,0,0,0,0,0,0,0,0,0,0,0,-4,0,-6,0,-8,-1,-9,-2,-10,-2,-10,-3,-11,-3,-11,-3,-10,-3,-10,-3,-8,-2,-7,-2,-5,-2,-3,-1,-1,0,0,0,2,0,4,0,5,0,7,0,8,1,9,1,10,1,10,1,10,1,9,1,0,0,7,0,5,0,3,0,1,0,0,0,-2,-1,-4,-1,-5,-2,-7,-2,-8,-2,-8,-2,-9,-2,-8,-3,-8,-2,-8,-2,-7,-2,-6,-2,-5,-1,-3,0,-2,0,-1,0,0,0,1,1,2,2,2,2,3,2,0,0,0,0,0,0,0,0,0,0]"
CSI_DATA,38071,80:af:ca:27:52:2a,-54,11,0,0,0,0,0,0,0,0,0,-97,0,11,2,499512802,0,83,0,128,0,"[0,0,0,0,0,0,0,0,0,0,0,0,0,4,-1,7,-2,10,-2,12,-3,13,-3,13,-4,14,-4,13,-3,12,-3,11,-2,9,-2,7,-2,5,-2,3,-1,1,-1,-2,-1,-4,0,-6,0,-8,0,-10,0,-12,1,-14,0,-15,1,-18,0,-18,0,-15,0,0,0,-12,0,-9,0,-6,0,-3,-1,0,-1,3,-2,5,-2,7,-3,9,-2,10,-3,11,-3,11,-3,11,-3,12,-3,11,-3,10,-2,9,-2,7,-1,5,0,3,1,0,2,-2,3,-4,4,-6,4,-8,5,-9,0,0,0,0,0,0,0,0,0,0]"
CSI_DATA,38072,80:af:ca:27:52:2a,-55,11,1,1,1,1,1,0,0,0,0,-97,0,11,2,499522171,0,83,1,128,0,"[0,0,0,0,0,0,0,0,0,0,0,0,3,0,4,0,7,1,7,2,9,2,9,2,9,2,9,2,9,2,8,2,7,2,6,2,4,1,2,0,0,0,-1,0,-2,0,-4,0,-6,0,-8,0,-9,0,-9,0,-10,0,-10,0,-10,0,-9,0,0,0,-7,0,-5,0,-3,0,-2,0,0,0,2,0,3,0,5,0,6,0,7,-1,8,-1,8,-1,8,-1,8,-1,7,-1,6,-1,5,-1,4,-1,2,-1,1,-1,0,0,-1,0,-2,0,-4,0,-4,0,-5,0,0,0,0,0,0,0,0,0,0,0]"
CSI_DATA,38073,80:af:ca:27:52:2a,-54,11,0,0,0,0,0,0,0,0,0,-97,0,11,2,499533750,0,83,0,128,0,"[0,0,0,0,0,0,0,0,0,0,0,0,2,-4,5,-6,7,-7,8,-9,10,-9,10,-9,11,-9,11,-9,10,-8,9,-7,7,-7,6,-5,4,-4,3,-2,1,-1,-1,1,-2,2,-4,4,-6,5,-7,7,-8,8,-10,10,-10,11,-12,12,-11,12,-11,11,0,0,-8,8,-7,6,-4,4,-2,2,0,-1,2,-3,4,-5,5,-6,7,-7,7,-8,8,-9,9,-9,9,-9,9,-9,9,-9,8,-8,7,-8,5,-6,3,-5,1,-3,-1,-2,-3,0,-5,1,-7,2,-9,4,-10,4,0,0,0,0,0,0,0,0,0,0]"
CSI_DATA,38074,80:af:ca:27:52:2a,-55,11,1,1,1,1,1,0,0,0,0,-97,0,11,2,499542194,0,83,1,128,0,"[0,0,0,0,0,0,0,0,0,0,0,0,-2,-2,-3,-4,-4,-6,-4,-7,-4,-8,-4,-8,-5,-9,-4,-8,-4,-8,-4,-8,-3,-7,-2,-6,-2,-4,-1,-2,0,-1,0,0,1,2,2,3,2,4,4,6,4,6,4,7,4,8,4,7,4,7,4,6,0,0,3,4,2,3,1,2,0,0,0,-1,0,-2,-2,-4,-2,-5,-3,-6,-3,-7,-4,-8,-4,-8,-3,-8,-3,-8,-3,-7,-3,-6,-2,-5,-2,-4,-2,-2,-2,-1,-1,0,0,1,0,2,0,3,0,4,0,4,0,0,0,0,0,0,0,0,0,0]"
CSI_DATA,38075,80:af:ca:27:52:2a,-55,11,0,0,0,0,0,0,0,0,0,-97,0,11,2,499551549,0,83,0,128,0,"[0,0,0,0,0,0,0,0,0,0,0,0,3,11,3,12,2,11,2,8,1,6,0,3,0,1,-1,-1,-2,-3,-2,-5,-3,-8,-4,-9,-5,-10,-5,-10,-5,-10,-5,-11,-5,-10,-5,-10,-4,-9,-4,-8,-3,-6,-2,-5,-1,-2,0,0,1,2,2,5,0,0,5,10,5,12,6,14,6,14,5,13,5,13,5,12,4,10,3,8,2,5,2,4,1,1,0,0,0,-2,0,-5,-1,-7,-2,-10,-1,-11,-1,-13,-1,-13,-2,-14,-2,-14,-2,-13,-2,-12,-2,-10,-1,-8,0,0,0,0,0,0,0,0,0,0]"
CSI_DATA,38076,80:af:ca:27:52:2a,-54,11,0,0,0,0,0,0,0,0,0,-97,0,11,2,499563155,0,83,0,128,0,"[0,0,0,0,0,0,0,0,0,0,0,0,-3,-4,-3,-7,-4,-11,-5,-12,-5,-14,-5,-15,-5,-16,-4,-15,-4,-14,-4,-13,-4,-12,-3,-10,-2,-6,-1,-4,-1,-2,0,0,1,2,1,4,2,7,3,8,4,11,4,13,5,14,5,16,5,15,5,15,0,0,4,11,3,8,2,5,1,2,0,-1,-1,-4,-1,-6,-2,-8,-2,-11,-2,-11,-2,-13,-2,-13,-2,-13,-2,-13,-2,-13,-2,-12,-2,-11,-2,-8,-2,-6,-2,-4,-2,-1,-2,1,-2,4,-3,6,-2,7,-3,8,0,0,0,0,0,0,0,0,0,0]"
CSI_DATA,38077,80:af:ca:27:52:2a,-55,11,1,1,1,1,1,0,0,0,0,-97,0,11,2,499589286,0,83,1,128,0,"[0,0,0,0,0,0,0,0,0,0,0,0,0,-3,1,-5,2,-7,3,-7,4,-9,4,-9,4,-10,4,-9,4,-9,4,-9,4,-8,3,-7,2,-4,1,-3,0,-1,0,0,0,2,-1,4,-2,5,-2,7,-2,8,-2,9,-2,9,-2,9,-2,9,-2,9,0,0,-1,6,-1,4,0,3,0,1,0,0,0,-2,0,-4,0,-6,0,-7,0,-8,0,-9,0,-9,1,-9,0,-9,0,-8,0,-7,0,-6,0,-4,0,-3,0,-2,0,0,-1,0,-1,2,-2,3,-2,4,-2,4,0,0,0,0,0,0,0,0,0,0]"
CSI_DATA,38078,80:af:ca:27:52:2a,-54,11,0,0,0,0,0,0,0,0,0,-97,0,11,2,499603636,0,83,0,128,0,"[0,0,0,0,0,0,0,0,0,0,0,0,-7,11,-7,11,-7,10,-5,8,-4,6,-3,3,-2,0,0,-1,0,-3,1,-6,2,-7,3,-9,3,-10,3,-11,3,-11,3,-11,3,-11,3,-11,3,-10,3,-8,2,-7,1,-5,0,-3,0,0,-1,3,-2,6,0,0,-4,11,-5,13,-6,15,-6,15,-6,14,-6,14,-5,12,-4,10,-3,9,-2,6,-1,4,0,2,0,0,2,-1,3,-3,4,-5,5,-8,7,-9,7,-10,8,-11,8,-11,8,-11,7,-11,7,-10,6,-9,4,-7,0,0,0,0,0,0,0,0,0,0]"
CSI_DATA,38079,80:af:ca:27:52:2a,-54,11,0,0,0,0,0,0,0,0,0,-97,0,11,2,499618514,0,83,0,128,0,"[0,0,0,0,0,0,0,0,0,0,0,0,-2,-13,-2,-14,-1,-13,-1,-10,0,-7,0,-4,0,-1,0,0,1,3,1,5,2,7,3,9,3,10,3,10,3,10,3,11,3,11,3,10,3,10,2,8,2,6,0,4,0,1,0,-1,-2,-4,-3,-7,0,0,-5,-13,-5,-14,-6,-16,-6,-16,-6,-15,-5,-14,-5,-13,-4,-10,-3,-9,-3,-6,-2,-4,-1,-2,-1,0,0,2,0,4,0,6,0,10,0,11,0,12,0,13,1,13,0,13,1,12,1,11,1,9,1,6,0,0,0,0,0,0,0,0,0,0]"
CSI_DATA,38080,80:af:ca:27:52:2a,-55,11,0,0,0,0,0,0,0,0,0,-97,0,11,2,499668562,0,83,0,128,0,"[0,0,0,0,0,0,0,0,0,0,0,0,-4,-2,-6,-5,-8,-7,-9,-8,-10,-10,-10,-11,-10,-11,-10,-11,-9,-10,-8,-9,-7,-8,-6,-8,-4,-5,-3,-4,-1,-2,0,0,2,1,4,2,5,4,7,6,8,7,10,8,11,9,12,10,13,10,12,10,0,0,9,7,7,6,4,3,2,1,0,-1,-2,-3,-4,-5,-6,-6,-7,-8,-8,-9,-9,-10,-8,-10,-9,-10,-9,-10,-9,-10,-8,-9,-8,-8,-6,-7,-5,-5,-4,-3,-3,0,-1,2,0,4,1,6,2,8,2,9,0,0,0,0,0,0,0,0,0,0]"
CSI_DATA,38081,80:af:ca:27:52:2a,-55,11,1,1,1,1,1,0,0,0,0,-97,0,11,2,499675668,0,83,1,128,0,"[0,0,0,0,0,0,0,0,0,0,0,0,-6,3,-6,3,-5,2,-4,2,-3,1,-2,0,-1,0,0,0,1,-1,2,-2,3,-3,4,-4,4,-4,5,-5,5,-5,5,-5,5,-5,4,-5,4,-4,3,-3,2,-2,1,-2,0,0,0,0,-1,0,-2,1,0,0,-4,3,-4,4,-5,4,-5,4,-6,5,-5,4,-5,4,-4,3,-4,3,-3,2,-1,1,0,0,0,0,0,0,1,0,2,-1,3,-2,4,-2,4,-2,4,-2,4,-2,4,-2,4,-2,3,-2,3,-2,2,-1,0,0,0,0,0,0,0,0,0,0]"
CSI_DATA,38082,80:af:ca:27:52:2a,-54,11,0,0,0,0,0,0,0,0,0,-97,0,11,2,499688733,0,83,0,128,0,"[0,0,0,0,0,0,0,0,0,0,0,0,-5,0,-8,-1,-11,-2,-13,-2,-15,-3,-15,-3,-15,-4,-15,-4,-14,-3,-13,-3,-11,-2,-10,-2,-7,-2,-5,-2,-2,-1,0,-1,2,-1,5,-1,7,-1,9,-1,11,-2,13,-2,15,-2,18,-2,18,-3,15,-2,0,0,11,-2,9,-2,6,-1,3,-1,-1,-1,-3,0,-6,0,-8,1,-10,1,-11,1,-12,1,-12,1,-13,1,-13,1,-12,1,-11,1,-10,1,-8,1,-6,1,-4,1,-1,0,2,0,4,0,6,0,8,0,9,0,0,0,0,0,0,0,0,0,0,0]"
CSI_DATA,38083,80:af:ca:27:52:2a,-54,11,0,0,0,0,0,0,0,0,0,-97,0,11,2,499699942,0,83,0,128,0,"[0,0,0,0,0,0,0,0,0,0,0,0,9,9,8,9,8,8,6,7,3,5,1,2,0,0,-2,-1,-4,-3,-6,-5,-8,-7,-8,-8,-8,-8,-9,-8,-9,-8,-9,-8,-8,-8,-8,-8,-8,-8,-7,-6,-5,-4,-3,-3,-1,0,0,0,3,3,5,6,0,0,8,10,10,11,11,13,10,12,10,12,9,11,8,9,7,8,6,6,4,4,2,2,1,0,0,-1,0,-4,-1,-6,-2,-8,-4,-10,-4,-12,-4,-13,-5,-14,-5,-14,-5,-14,-5,-13,-4,-12,-4,-9,-3,-8,0,0,0,0,0,0,0,0,0,0]"
CSI_DATA,38084,80:af:ca:27:52:2a,-54,11,1,1,1,1,1,0,0,0,0,-97,0,11,2,499723923,0,83,1,128,0,"[0,0,0,0,0,0,0,0,0,0,0,0,7,-5,6,-5,6,-4,5,-3,3,-2,2,-1,1,0,0,0,-1,2,-2,2,-3,4,-5,5,-5,6,-6,6,-6,6,-6,6,-6,6,-5,6,-5,5,-4,4,-3,3,-2,2,-1,1,0,0,0,-2,1,-3,0,0,3,-6,3,-7,3,-7,4,-7,4,-8,3,-7,3,-7,3,-6,2,-5,1,-4,1,-2,0,-1,0,0,-1,1,-2,2,-2,2,-3,3,-3,4,-3,5,-3,5,-3,5,-3,5,-3,4,-3,3,-2,3,-2,2,0,0,0,0,0,0,0,0,0,0]"
CSI_DATA,38085,80:af:ca:27:52:2a,-55,11,1,1,1,1,1,0,0,0,0,-97,0,11,2,499731408,0,83,1,128,0,"[0,0,0,0,0,0,0,0,0,0,0,0,1,2,0,4,0,6,0,7,0,8,0,9,0,9,0,9,0,9,0,8,0,7,0,6,0,4,0,2,0,0,-1,0,-2,-2,-2,-4,-2,-5,-3,-6,-4,-8,-4,-8,-4,-8,-4,-8,-4,-8,-4,-8,0,0,-3,-6,-2,-4,-2,-3,0,-2,0,0,0,1,2,2,2,4,4,5,4,6,4,6,4,6,4,6,4,6,4,5,4,4,3,3,2,2,2,1,1,0,0,0,0,-1,-1,-2,-2,-3,-2,-4,-2,-4,0,0,0,0,0,0,0,0,0,0]"
CSI_DATA,38086,80:af:ca:27:52:2a,-55,11,1,1,1,1,1,0,0,0,0,-97,0,11,2,499740138,0,83,1,128,0,"[0,0,0,0,0,0,0,0,0,0,0,0,-2,2,-3,4,-4,5,-6,6,-6,6,-7,6,-7,7,-7,6,-7,6,-6,6,-6,5,-5,4,-4,3,-2,2,-1,0,0,-1,0,-2,2,-4,3,-5,4,-6,4,-8,4,-8,4,-8,4,-8,4,-8,4,-8,0,0,3,-6,2,-5,1,-3,0,-2,0,0,-2,1,-2,2,-3,4,-4,5,-4,6,-5,6,-5,7,-5,7,-5,6,-4,6,-4,6,-3,5,-2,4,-2,2,-1,1,0,0,0,0,2,-1,2,-2,3,-2,4,-3,0,0,0,0,0,0,0,0,0,0]"
CSI_DATA,38087,80:af:ca:27:52:2a,-55,11,1,1,1,1,1,0,0,0,0,-97,0,11,2,499749396,0,83,1,128,0,"[0,0,0,0,0,0,0,0,0,0,0,0,2,-2,5,-2,7,-2,8,-2,9,-2,10,-2,10,-2,10,-2,10,-2,10,-2,8,-2,7,-2,5,-1,2,0,1,0,0,0,-2,0,-4,1,-6,2,-8,2,-8,3,-9,4,-10,4,-10,4,-10,4,-9,4,0,0,-7,2,-5,2,-3,1,-2,0,0,0,1,0,3,-2,5,-2,6,-3,7,-3,8,-3,8,-3,8,-3,8,-3,7,-3,6,-3,5,-2,3,-2,2,-2,0,-1,0,-1,-2,0,-2,0,-4,0,-5,0,-5,0,0,0,0,0,0,0,0,0,0,0]"
CSI_DATA,38088,80:af:ca:27:52:2a,-54,11,0,0,0,0,0,0,0,0,0,-97,0,11,2,499762772,0,83,0,128,0,"[0,0,0,0,0,0,0,0,0,0,0,0,4,13,3,13,2,13,1,9,0,7,0,4,0,0,-1,-1,-3,-4,-3,-6,-4,-8,-4,-10,-4,-11,-5,-12,-5,-11,-5,-13,-5,-11,-5,-10,-4,-9,-4,-8,-3,-6,-2,-4,-1,-2,0,0,1,4,3,6,0,0,5,12,6,13,7,14,7,15,6,14,6,13,5,12,4,10,4,8,3,5,2,4,1,1,0,0,0,-3,0,-5,-1,-8,-2,-10,-2,-12,-3,-13,-2,-14,-3,-14,-3,-14,-3,-13,-3,-12,-3,-10,-2,-8,0,0,0,0,0,0,0,0,0,0]"
CSI_DATA,38089,80:af:ca:27:52:2a,-54,11,0,0,0,0,0,0,0,0,0,-97,0,11,2,499776449,0,83,0,128,0,"[0,0,0,0,0,0,0,0,0,0,0,0,-7,-12,-7,-12,-6,-12,-5,-9,-3,-6,-1,-4,0,-1,0,0,2,2,3,4,5,6,6,8,6,8,6,9,6,8,7,9,7,9,6,8,5,7,5,6,4,4,2,2,0,0,0,-1,-3,-3,-5,-6,0,0,-9,-10,-10,-12,-12,-14,-11,-13,-11,-13,-10,-12,-9,-11,-8,-9,-6,-7,-5,-5,-3,-3,-2,-1,0,0,0,2,0,4,2,6,4,9,4,10,5,11,5,12,6,13,5,13,5,12,4,10,4,8,2,6,0,0,0,0,0,0,0,0,0,0]"
CSI_DATA,38090,80:af:ca:27:52:2a,-54,11,0,0,0,0,0,0,0,0,0,-97,0,11,2,499788439,0,83,0,128,0,"[0,0,0,0,0,0,0,0,0,0,0,0,-5,-2,-7,-5,-8,-7,-10,-8,-11,-9,-11,-10,-11,-10,-11,-10,-10,-9,-9,-8,-9,-7,-7,-6,-5,-4,-3,-3,-1,-2,1,-1,3,1,4,2,7,3,8,4,10,4,12,5,13,5,15,7,15,6,14,6,0,0,10,4,8,3,5,2,2,1,-1,-1,-4,-2,-6,-3,-8,-4,-10,-4,-11,-4,-12,-5,-12,-5,-12,-5,-13,-5,-12,-5,-11,-5,-10,-4,-8,-3,-6,-2,-4,-1,-1,0,1,2,4,3,6,4,7,5,8,5,0,0,0,0,0,0,0,0,0,0]"
CSI_DATA,38091,80:af:ca:27:52:2a,-54,11,0,0,0,0,0,0,0,0,0,-97,0,11,2,499800845,0,83,0,128,0,"[0,0,0,0,0,0,0,0,0,0,0,0,10,8,9,8,8,8,6,6,3,5,2,3,0,0,-2,0,-3,-2,-6,-3,-7,-4,-8,-6,-9,-6,-10,-6,-10,-6,-10,-7,-10,-6,-9,-6,-8,-6,-7,-5,-6,-3,-4,-3,-2,-1,0,0,3,1,6,3,0,0,10,6,12,7,13,8,13,8,13,8,12,7,10,6,9,6,7,4,5,3,3,1,2,0,0,-1,-1,-3,-3,-5,-5,-6,-6,-8,-7,-10,-8,-10,-9,-11,-10,-11,-10,-11,-9,-10,-8,-10,-7,-8,-6,-6,0,0,0,0,0,0,0,0,0,0]"
CSI_DATA,38092,80:af:ca:27:52:2a,-55,11,1,1,1,1,1,0,0,0,0,-97,0,11,2,499809797,0,83,1,128,0,"[0,0,0,0,0,0,0,0,0,0,0,0,0,2,0,5,0,6,-1,8,-2,9,-2,10,-2,10,-2,10,-2,10,-2,10,-1,9,-1,7,-1,5,0,3,0,1,-1,0,0,-2,-1,-4,0,-6,-1,-8,-1,-9,-1,-10,-1,-10,-2,-11,-2,-10,-2,-10,0,0,-1,-8,-1,-6,0,-4,0,-2,0,0,0,1,0,3,0,5,0,6,0,8,1,8,1,8,0,8,1,8,0,8,0,7,0,5,0,4,0,2,0,1,0,0,0,-1,0,-2,0,-3,0,-5,0,-5,0,0,0,0,0,0,0,0,0,0]"
CSI_DATA,38093,80:af:ca:27:52:2a,-54,11,1,1,1,1,1,0,0,0,0,-97,0,11,2,499818599,0,83,1,128,0,"[0,0,0,0,0,0,0,0,0,0,0,0,8,-2,7,-2,7,-2,6,-1,4,-1,2,0,1,0,0,0,-2,1,-3,1,-4,2,-6,2,-7,3,-7,3,-7,3,-7,3,-7,3,-7,3,-6,3,-5,2,-4,2,-2,1,-1,0,0,0,1,-1,2,-2,0,0,4,-4,5,-4,6,-4,6,-5,6,-5,6,-5,5,-4,4,-4,3,-3,2,-3,1,-2,0,-1,0,0,-1,0,-2,1,-3,1,-4,2,-4,2,-4,2,-4,2,-4,2,-4,2,-4,2,-3,2,-3,2,-2,1,0,0,0,0,0,0,0,0,0,0]"
CSI_DATA,38094,80:af:ca:27:52:2a,-55,11,1,1,1,1,1,0,0,0,0,-97,0,11,2,499872672,0,83,1,128,0,"[0,0,0,0,0,0,0,0,0,0,0,0,-2,2,-4,2,-5,3,-7,4,-7,4,-9,4,-9,5,-9,4,-9,4,-8,4,-7,4,-6,3,-4,2,-3,1,-1,0,0,0,1,-2,2,-3,4,-4,4,-4,6,-6,6,-6,7,-7,7,-7,7,-7,6,-7,0,0,4,-4,3,-3,2,-2,0,-1,0,0,-2,0,-3,1,-4,2,-5,3,-6,4,-7,4,-7,4,-7,4,-7,4,-7,4,-6,3,-4,3,-4,2,-2,2,-1,0,0,0,0,0,2,0,2,0,3,-1,4,-1,0,0,0,0,0,0,0,0,0,0]"
CSI_DATA,38095,80:af:ca:27:52:2a,-54,11,1,1,1,1,1,0,0,0,0,-97,0,11,2,499879835,0,83,1,128,0,"[0,0,0,0,0,0,0,0,0,0,0,0,8,4,8,4,6,3,5,2,4,2,2,1,0,1,-1,0,-3,0,-4,0,-6,0,-8,-1,-8,-1,-9,-1,-9,-1,-9,-1,-9,0,-9,0,-8,0,-6,0,-5,0,-3,0,-1,0,0,0,1,-1,3,-1,0,0,6,-1,7,-2,8,-2,8,-2,9,-2,8,-2,8,-2,6,-1,5,-1,4,-1,2,-1,1,-1,0,0,-1,0,-3,0,-4,0,-5,1,-6,1,-6,1,-6,1,-6,1,-6,1,-5,1,-5,1,-4,1,-3,1,0,0,0,0,0,0,0,0,0,0]"
CSI_DATA,38096,80:af:ca:27:52:2a,-54,11,1,1,1,1,1,0,0,0,0,-97,0,11,2,499886179,0,83,1,128,0,"[0,0,0,0,0,0,0,0,0,0,0,0,-5,9,-4,7,-4,6,-4,5,-3,4,-2,2,-1,0,0,-1,0,-3,0,-4,1,-6,1,-7,2,-9,2,-9,2,-9,2,-9,2,-9,1,-9,1,-7,1,-6,1,-5,0,-3,0,-1,0,0,0,1,0,3,0,0,-1,6,-1,7,-1,8,-1,9,-1,9,-1,8,-1,7,-1,7,-1,6,0,4,0,3,0,1,0,0,0,-1,0,-3,1,-4,1,-5,1,-6,1,-6,1,-6,1,-6,1,-6,1,-6,0,-5,0,-4,0,-3,0,0,0,0,0,0,0,0,0,0]"
CSI_DATA,38097,80:af:ca:27:52:2a,-54,11,0,0,0,0,0,0,0,0,0,-97,0,11,2,499895399,0,83,0,128,0,"[0,0,0,0,0,0,0,0,0,0,0,0,-2,4,-4,7,-6,9,-6,11,-7,13,-8,13,-9,13,-8,11,-8,10,-7,8,-6,7,-5,6,-4,4,-2,2,-1,0,1,-2,2,-3,3,-5,5,-7,6,-8,7,-10,9,-11,9,-11,11,-14,10,-14,9,-11,0,0,7,-9,5,-6,3,-5,0,-2,-2,-1,-4,1,-6,2,-8,3,-9,4,-10,4,-11,5,-11,5,-11,4,-13,5,-11,4,-10,4,-9,4,-7,3,-5,3,-3,2,0,2,2,2,5,1,7,1,8,1,9,2,0,0,0,0,0,0,0,0,0,0]"
CSI_DATA,38098,80:af:ca:27:52:2a,-54,11,1,1,1,1,1,0,0,0,0,-97,0,11,2,499922824,0,83,1,128,0,"[0,0,0,0,0,0,0,0,0,0,0,0,-1,-11,-1,-10,-1,-8,0,-7,0,-5,0,-3,0,-1,0,0,1,2,1,4,2,6,2,7,2,8,3,9,3,9,3,9,3,9,3,8,2,8,2,6,1,4,1,2,0,1,-1,0,-1,-2,-2,-4,0,0,-4,-6,-5,-8,-5,-9,-5,-9,-5,-9,-5,-9,-5,-8,-4,-7,-4,-6,-3,-4,-2,-3,-1,-1,0,0,0,1,0,2,1,4,2,5,2,6,2,6,2,6,2,6,2,6,2,5,2,5,1,4,1,3,0,0,0,0,0,0,0,0,0,0]"
CSI_DATA,38099,80:af:ca:27:52:2a,-54,11,1,1,1,1,1,0,0,0,0,-97,0,11,2,499930361,0,83,1,128,0,"[0,0,0,0,0,0,0,0,0,0,0,0,-3,0,-5,0,-7,0,-9,0,-10,-1,-11,-1,-11,-1,-11,-2,-11,-2,-10,-2,-8,-1,-7,-1,-5,-1,-3,-1,-1,0,0,0,2,0,4,0,5,0,8,0,8,0,9,0,10,0,11,0,10,0,9,0,0,0,7,0,5,0,2,0,1,0,0,0,-2,-1,-4,-1,-5,-1,-8,-2,-8,-2,-9,-2,-9,-2,-9,-2,-9,-2,-8,-2,-8,-2,-6,-1,-5,0,-3,0,-2,0,0,0,0,0,1,1,2,2,2,2,3,2,0,0,0,0,0,0,0,0,0,0]"
CSI_DATA,38100,80:af:ca:27:52:2a,-55,11,1,1,1,1,1,0,0,0,0,-97,0,11,2,499937497,0,83,1,128,0,"[0,0,0,0,0,0,0,0,0,0,0,0,8,0,7,0,6,0,5,0,4,0,2,0,0,0,0,0,-2,0,-4,0,-5,1,-6,1,-7,1,-7,1,-8,1,-8,1,-8,1,-7,2,-6,1,-5,1,-4,1,-3,0,-1,0,0,0,1,-1,3,-1,0,0,5,-2,6,-3,6,-3,7,-3,7,-3,6,-3,6,-3,5,-3,4,-2,3,-2,2,-1,1,-1,0,0,-1,0,-3,0,-4,0,-4,1,-5,1,-5,1,-5,1,-6,1,-5,1,-5,1,-4,1,-4,1,-3,1,0,0,0,0,0,0,0,0,0,0]"
CSI_DATA,38101,80:af:ca:27:52:2a,-54,11,1,1,1,1,1,0,0,0,0,-97,0,11,2,499946251,0,83,1,128,0,"[0,0,0,0,0,0,0,0,0,0,0,0,-3,9,-3,8,-2,7,-2,6,-2,4,-1,2,-1,0,0,-1,0,-3,0,-4,1,-6,1,-7,1,-9,1,-9,1,-9,1,-9,1,-9,1,-9,1,-8,1,-6,0,-5,0,-3,0,-1,0,0,0,1,-1,3,0,0,-1,6,-1,7,-1,8,-1,8,-2,9,-2,8,-1,8,-1,6,-1,5,-1,4,0,2,0,1,0,0,0,-1,1,-2,1,-4,1,-5,2,-5,2,-6,2,-6,2,-6,2,-6,2,-5,1,-5,1,-4,1,-4,0,0,0,0,0,0,0,0,0,0]"
CSI_DATA,38102,80:af:ca:27:52:2a,-55,11,1,1,1,1,1,0,0,0,0,-97,0,11,2,499981670,0,83,1,128,0,"[0,0,0,0,0,0,0,0,0,0,0,0,5,-7,5,-6,4,-6,3,-5,3,-3,2,-2,1,0,0,1,-1,2,-1,3,-2,5,-3,6,-3,7,-3,7,-3,8,-3,7,-3,7,-3,7,-3,6,-2,5,-2,3,-1,2,0,0,0,-1,0,-2,0,-4,0,0,1,-7,1,-7,1,-8,1,-8,1,-8,1,-8,1,-7,1,-7,0,-6,0,-4,0,-3,0,-1,0,0,-1,1,-1,2,-1,3,-2,5,-2,5,-2,5,-2,6,-2,6,-2,5,-1,5,-1,4,-1,3,-1,3,0,0,0,0,0,0,0,0,0,0]"
CSI_DATA,38103,80:af:ca:27:52:2a,-55,11,1,1,1,1,1,0,0,0,0,-97,0,11,2,499990824,0,83,1,128,0,"[0,0,0,0,0,0,0,0,0,0,0,0,-2,-9,-1,-8,-1,-7,-1,-6,0,-4,0,-3,0,-1,1,0,1,2,2,3,3,4,3,6,4,6,4,7,4,7,4,7,4,7,4,6,3,5,3,4,2,3,1,2,0,0,-1,0,-2,-1,-3,-2,0,0,-5,-4,-6,-5,-7,-5,-7,-6,-7,-6,-7,-6,-6,-5,-6,-4,-4,-3,-4,-2,-2,-1,-1,0,0,0,1,1,2,2,3,2,3,3,4,3,4,3,4,3,4,3,4,3,4,3,4,2,3,2,2,1,0,0,0,0,0,0,0,0,0,0]"
CSI_DATA,38104,80:af:ca:27:52:2a,-54,11,0,0,0,0,0,0,0,0,0,-97,0,11,2,500001037,0,83,0,128,0,"[0,0,0,0,0,0,0,0,0,0,0,0,12,0,12,1,11,1,8,0,6,1,3,0,0,0,-1,0,-4,0,-6,0,-8,0,-10,0,-10,0,-11,0,-11,0,-12,1,-11,0,-11,1,-10,0,-8,0,-7,0,-5,0,-2,0,0,0,3,-1,6,-2,0,0,11,-3,14,-4,15,-4,16,-4,15,-4,14,-4,13,-4,10,-3,8,-3,6,-2,4,-1,1,-1,0,0,-2,0,-5,0,-8,0,-10,0,-12,0,-13,0,-14,0,-15,0,-15,0,-14,0,-13,0,-11,0,-8,0,0,0,0,0,0,0,0,0,0,0]"
CSI_DATA,38105,80:af:ca:27:52:2a,-54,11,0,0,0,0,0,0,0,0,0,-97,0,11,2,500012796,0,83,0,128,0,"[0,0,0,0,0,0,0,0,0,0,0,0,6,-12,6,-12,6,-11,5,-9,3,-6,3,-4,1,-1,0,0,0,3,-2,5,-3,7,-3,9,-3,10,-4,10,-3,10,-4,12,-4,10,-3,10,-3,10,-3,8,-2,6,-2,5,-1,2,0,0,0,-4,0,-6,0,0,2,-13,3,-15,3,-16,3,-16,3,-16,3,-15,3,-13,3,-11,2,-10,1,-7,0,-5,0,-3,0,0,-2,1,-3,3,-3,6,-4,8,-5,10,-6,10,-6,11,-6,12,-6,12,-6,11,-5,10,-4,9,-3,6,0,0,0,0,0,0,0,0,0,0]"
CSI_DATA,38106,80:af:ca:27:52:2a,-55,11,1,1,1,1,1,0,0,0,0,-97,0,11,2,500021564,0,83,1,128,0,"[0,0,0,0,0,0,0,0,0,0,0,0,2,1,4,2,5,5,5,6,5,6,6,8,7,8,6,8,6,8,5,7,5,6,4,5,2,3,1,2,0,0,0,0,-2,-2,-3,-3,-5,-5,-5,-5,-6,-6,-7,-7,-8,-7,-8,-8,-8,-7,-7,-7,0,0,-5,-5,-4,-4,-3,-2,-2,-1,0,0,0,1,2,2,2,4,3,5,4,5,5,6,5,7,5,6,5,6,4,5,4,5,3,4,2,3,2,2,1,0,0,0,0,-1,0,-2,-1,-3,-1,-4,-1,-5,0,0,0,0,0,0,0,0,0,0]"
CSI_DATA,38107,80:af:ca:27:52:2a,-55,11,1,1,1,1,1,0,0,0,0,-97,0,11,2,500030586,0,83,1,128,0,"[0,0,0,0,0,0,0,0,0,0,0,0,-4,-1,-6,-2,-7,-2,-8,-4,-8,-4,-10,-4,-10,-4,-9,-4,-9,-4,-8,-4,-7,-4,-6,-3,-4,-2,-2,-1,-1,0,0,0,2,0,4,1,5,2,6,2,8,3,8,3,8,3,8,3,8,3,8,3,0,0,6,2,4,1,2,0,1,0,0,-1,-2,-2,-3,-2,-4,-3,-6,-4,-6,-4,-7,-5,-7,-5,-7,-5,-7,-5,-6,-4,-6,-4,-4,-3,-4,-2,-3,-2,-2,0,-1,0,0,1,0,2,1,2,2,3,2,4,0,0,0,0,0,0,0,0,0,0]"
CSI_DATA,38108,80:af:ca:27:52:2a,-54,11,0,0,0,0,0,0,0,0,0,-97,0,11,2,500040812,0,83,0,128,0,"[0,0,0,0,0,0,0,0,0,0,0,0,0,13,0,13,0,11,0,9,0,6,0,3,-1,0,-1,-1,-1,-4,-2,-6,-2,-8,-2,-10,-2,-11,-2,-11,-3,-11,-3,-12,-3,-11,-3,-10,-2,-10,-2,-8,-2,-6,-1,-5,0,-2,0,0,1,2,2,5,0,0,5,11,5,13,6,14,6,14,5,14,5,13,5,11,4,9,3,8,2,5,2,3,0,1,0,0,0,-2,-1,-5,-2,-7,-3,-10,-3,-11,-4,-12,-4,-13,-5,-14,-4,-13,-5,-12,-4,-11,-3,-9,-2,-7,0,0,0,0,0,0,0,0,0,0]"
CSI_DATA,38109,80:af:ca:27:52:2a,-55,11,1,1,1,1,1,0,0,0,0,-97,0,11,2,500052616,0,83,1,128,0,"[0,0,0,0,0,0,0,0,0,0,0,0,-3,1,-5,1,-6,2,-8,1,-9,2,-10,1,-11,2,-11,2,-10,2,-9,1,-8,1,-7,1,-5,0,-3,0,-2,0,0,0,1,-1,3,-2,5,-2,6,-3,7,-4,8,-4,9,-4,9,-4,8,-4,8,-4,0,0,6,-3,4,-2,2,-2,1,-1,0,0,-2,0,-4,1,-5,2,-6,2,-8,2,-8,3,-8,3,-8,3,-8,3,-8,3,-6,2,-5,2,-4,2,-3,1,-1,0,0,0,0,0,2,0,3,0,4,0,4,0,0,0,0,0,0,0,0,0,0,0]"
CSI_DATA,38110,80:af:ca:27:52:2a,-54,11,0,0,0,0,0,0,0,0,0,-97,0,11,2,500065628,0,83,0,128,0,"[0,0,0,0,0,0,0,0,0,0,0,0,4,11,3,11,2,11,2,8,0,6,0,3,0,1,-2,0,-2,-3,-3,-5,-5,-6,-5,-8,-5,-8,-6,-9,-6,-8,-7,-10,-6,-9,-6,-8,-5,-8,-5,-7,-4,-5,-2,-4,-1,-2,0,0,2,2,4,5,0,0,8,9,8,11,10,11,10,12,9,11,8,11,8,10,6,8,5,7,4,5,2,2,1,1,0,0,-1,-2,-2,-4,-3,-6,-5,-8,-5,-11,-5,-11,-6,-12,-7,-13,-7,-13,-7,-12,-6,-11,-5,-9,-5,-7,0,0,0,0,0,0,0,0,0,0]"
CSI_DATA,38111,80:af:ca:27:52:2a,-55,11,1,1,1,1,1,0,0,0,0,-97,0,11,2,500073475,0,83,1,128,0,"[0,0,0,0,0,0,0,0,0,0,0,0,-1,-3,-1,-5,-1,-7,-1,-9,-1,-9,-1,-11,-1,-11,0,-11,0,-10,0,-9,0,-9,0,-7,0,-5,0,-3,0,-1,0,0,0,2,0,4,0,6,0,7,0,8,0,9,0,9,0,9,0,9,0,9,0,0,0,6,0,4,0,3,0,1,0,0,0,-2,0,-4,0,-6,0,-7,0,-8,0,-9,0,-9,0,-9,0,-9,0,-8,0,-7,0,-6,0,-4,0,-3,0,-2,-1,0,-1,0,-2,1,-2,2,-2,3,-2,3,0,0,0,0,0,0,0,0,0,0]"
CSI_DATA,38112,80:af:ca:27:52:2a,-54,11,1,1,1,1,1,0,0,0,0,-97,0,11,2,500080909,0,83,1,128,0,"[0,0,0,0,0,0,0,0,0,0,0,0,0,9,0,9,0,8,0,6,0,4,0,2,-1,1,-1,-1,-1,-2,-1,-4,-2,-6,-2,-7,-2,-8,-3,-9,-3,-9,-4,-9,-4,-9,-4,-8,-3,-7,-2,-6,-2,-4,-1,-3,0,-1,0,0,1,1,1,2,0,0,3,5,4,6,4,6,4,7,4,7,4,6,4,6,3,5,3,4,2,3,1,2,0,0,0,0,-1,-1,-1,-2,-2,-4,-2,-4,-3,-5,-3,-5,-3,-5,-3,-5,-3,-5,-3,-5,-2,-4,-2,-4,-2,-2,0,0,0,0,0,0,0,0,0,0]"
CSI_DATA,38113,80:af:ca:27:52:2a,-54,11,0,0,0,0,0,0,0,0,0,-97,0,11,2,500093636,0,83,0,128,0,"[0,0,0,0,0,0,0,0,0,0,0,0,10,-10,10,-9,9,-8,7,-6,5,-4,3,-2,0,0,-1,1,-3,3,-5,4,-7,6,-7,7,-8,7,-9,7,-8,7,-9,8,-9,7,-7,7,-7,7,-6,5,-4,4,-3,3,-1,1,0,0,3,-3,5,-5,0,0,10,-9,11,-10,12,-11,13,-11,12,-10,11,-10,11,-9,8,-7,7,-6,5,-5,3,-3,0,-2,-1,-1,-3,0,-5,0,-7,1,-10,2,-11,3,-13,3,-14,3,-15,3,-14,3,-14,3,-12,3,-11,3,-7,2,0,0,0,0,0,0,0,0,0,0]"
CSI_DATA,38114,80:af:ca:27:52:2a,-54,11,1,1,1,1,1,0,0,0,0,-97,0,11,2,500102325,0,83,1,128,0,"[0,0,0,0,0,0,0,0,0,0,0,0,-5,8,-5,8,-5,6,-4,5,-3,3,-2,1,-1,0,0,-1,0,-3,1,-5,2,-7,2,-8,3,-9,3,-10,3,-10,3,-10,2,-10,2,-9,2,-8,1,-6,1,-5,0,-3,0,-1,0,0,0,2,-1,4,0,0,-1,7,-2,8,-2,9,-2,9,-2,10,-2,9,-2,8,-1,7,-1,6,-1,4,0,3,0,1,0,0,0,-2,1,-3,1,-5,1,-5,2,-6,2,-6,2,-6,2,-6,2,-6,1,-6,1,-5,1,-5,0,-3,0,0,0,0,0,0,0,0,0,0]"
CSI_DATA,38115,80:af:ca:27:52:2a,-54,11,0,0,0,0,0,0,0,0,0,-97,0,11,2,500114078,0,83,0,128,0,"[0,0,0,0,0,0,0,0,0,0,0,0,-10,-10,-10,-10,-9,-10,-7,-7,-5,-6,-3,-4,-1,-2,0,0,3,0,4,1,6,3,8,3,10,3,10,4,10,4,11,4,10,4,10,3,10,4,8,3,6,2,4,1,2,0,0,0,-4,0,-7,-1,0,0,-13,-3,-15,-3,-17,-3,-16,-3,-16,-3,-16,-3,-14,-3,-12,-3,-10,-2,-7,-1,-5,0,-3,0,0,0,2,0,4,1,6,1,9,2,11,3,12,3,13,3,13,3,13,3,13,3,11,2,10,1,7,0,0,0,0,0,0,0,0,0,0,0]"
CSI_DATA,38116,80:af:ca:27:52:2a,-55,11,1,1,1,1,1,0,0,0,0,-97,0,11,2,500132026,0,83,1,128,0,"[0,0,0,0,0,0,0,0,0,0,0,0,2,-7,2,-7,2,-6,2,-5,1,-4,1,-2,0,-1,0,0,0,2,0,3,-1,4,-1,5,-1,6,-1,7,-1,7,-1,7,-1,7,-1,7,-1,6,-1,5,-1,4,0,2,0,1,0,0,0,-2,0,-3,0,0,0,-6,0,-7,0,-7,0,-7,0,-8,0,-7,0,-7,0,-6,0,-5,0,-4,0,-3,0,-1,0,0,0,1,-1,2,-1,3,-1,4,-1,4,-1,5,-1,5,-1,5,-1,5,-1,5,-1,4,-1,4,0,3,0,0,0,0,0,0,0,0,0,0]"
CSI_DATA,38117,80:af:ca:27:52:2a,-55,11,1,1,1,1,1,0,0,0,0,-97,0,11,2,500140972,0,83,1,128,0,"[0,0,0,0,0,0,0,0,0,0,0,0,-4,0,-6,-1,-8,-2,-10,-3,-11,-4,-12,-4,-13,-4,-12,-4,-12,-4,-11,-4,-10,-3,-8,-2,-6,-2,-4,-2,-1,-1,0,0,2,0,5,0,7,0,8,0,10,0,11,0,12,0,12,0,11,0,10,0,0,0,8,0,6,0,3,0,2,0,0,0,-2,0,-5,0,-6,0,-8,0,-9,0,-10,0,-10,-1,-10,-1,-10,-1,-10,0,-8,0,-7,0,-5,0,-3,0,-2,0,0,0,0,0,2,0,3,1,4,1,5,1,0,0,0,0,0,0,0,0,0,0]"
CSI_DATA,38118,80:af:ca:27:52:2a,-55,11,1,1,1,1,1,0,0,0,0,-97,0,11,2,500148910,0,83,1,128,0,"[0,0,0,0,0,0,0,0,0,0,0,0,0,-3,0,-5,0,-7,0,-9,0,-10,0,-10,1,-11,1,-11,1,-10,1,-10,0,-9,0,-8,0,-5,0,-4,0,-2,0,0,0,2,0,3,-1,5,-1,7,-1,8,-1,9,-1,10,-1,10,-1,10,-1,9,0,0,-1,6,0,5,0,3,0,1,0,0,0,-2,1,-3,1,-5,2,-6,2,-8,2,-8,2,-8,2,-8,2,-8,2,-8,2,-7,1,-6,1,-5,0,-3,0,-2,0,-1,-1,0,-2,0,-2,2,-3,2,-3,2,0,0,0,0,0,0,0,0,0,0]"
CSI_DATA,38119,80:af:ca:27:52:2a,-54,11,0,0,0,0,0,0,0,0,0,-97,0,11,2,500169675,0,83,0,128,0,"[0,0,0,0,0,0,0,0,0,0,0,0,-12,-7,-12,-8,-10,-7,-8,-6,-6,-4,-3,-3,-1,-2,1,0,3,0,5,1,7,2,9,3,10,3,10,3,10,3,12,3,10,3,10,3,10,3,8,2,6,1,4,0,1,0,-1,0,-4,0,-7,-1,0,0,-13,-3,-15,-3,-16,-3,-17,-3,-16,-3,-15,-3,-14,-3,-11,-3,-10,-2,-7,-1,-5,-1,-3,0,0,0,2,0,4,1,6,2,9,3,10,3,12,4,13,4,13,4,13,4,12,3,11,3,9,3,6,2,0,0,0,0,0,0,0,0,0,0]"
CSI_DATA,38120,80:af:ca:27:52:2a,-54,11,1,1,1,1,1,0,0,0,0,-97,0,11,2,500177354,0,83,1,128,0,"[0,0,0,0,0,0,0,0,0,0,0,0,-2,2,-5,3,-7,4,-8,4,-9,5,-10,5,-10,5,-10,5,-10,5,-9,4,-8,3,-7,2,-5,2,-3,1,-1,0,0,-1,2,-2,3,-3,5,-4,7,-5,8,-5,8,-6,8,-6,8,-6,8,-6,8,-6,0,0,5,-5,4,-3,2,-2,0,-1,-1,0,-2,0,-4,1,-6,2,-7,2,-8,3,-8,3,-9,3,-9,3,-9,3,-8,2,-7,2,-5,2,-4,2,-2,1,-1,0,0,0,1,0,2,0,3,0,5,0,5,0,0,0,0,0,0,0,0,0,0,0]"
CSI_DATA,38121,80:af:ca:27:52:2a,-54,11,1,1,1,1,1,0,0,0,0,-97,0,11,2,500185193,0,83,1,128,0,"[0,0,0,0,0,0,0,0,0,0,0,0,-2,9,-2,8,-2,7,-2,5,-2,4,-1,2,-1,0,-1,-1,0,-3,0,-5,0,-7,0,-8,0,-9,0,-10,0,-10,-1,-10,-1,-10,-1,-9,-1,-8,0,-7,0,-5,0,-3,0,-1,0,0,0,1,1,4,0,0,1,7,2,8,2,8,2,9,2,9,2,8,2,8,2,7,1,5,1,4,1,2,0,1,0,0,0,-2,-1,-4,-1,-4,-1,-5,-1,-6,-2,-7,-2,-7,-2,-7,-2,-7,-1,-6,-2,-5,-1,-5,-1,-4,0,0,0,0,0,0,0,0,0,0]"
CSI_DATA,38122,80:af:ca:27:52:2a,-55,11,1,1,1,1,1,0,0,0,0,-97,0,11,2,500194955,0,83,1,128,0,"[0,0,0,0,0,0,0,0,0,0,0,0,-4,0,-5,-2,-7,-2,-8,-3,-9,-4,-9,-4,-9,-4,-9,-4,-9,-4,-8,-4,-7,-4,-6,-3,-4,-2,-2,-2,0,-1,0,0,2,0,4,0,5,0,7,1,8,1,9,1,9,1,9,1,9,1,8,1,0,0,6,0,4,0,2,0,1,0,0,0,-2,-1,-4,-1,-5,-2,-7,-2,-8,-2,-9,-2,-9,-2,-9,-2,-9,-2,-8,-2,-7,-1,-6,-1,-4,0,-3,0,-2,0,0,0,0,0,1,1,2,1,3,2,4,2,0,0,0,0,0,0,0,0,0,0]"
CSI_DATA,38123,80:af:ca:27:52:2a,-55,11,1,1,1,1,1,0,0,0,0,-97,0,11,2,500202007,0,83,1,128,0,"[0,0,0,0,0,0,0,0,0,0,0,0,-3,0,-6,0,-7,0,-9,0,-9,-1,-11,-1,-12,-1,-11,-1,-11,-2,-9,-1,-9,-1,-7,-1,-5,-1,-4,0,-2,0,0,0,2,0,4,0,6,0,7,0,9,0,9,0,9,0,10,0,10,0,9,0,0,0,7,0,5,0,3,0,1,0,0,0,-2,0,-4,0,-6,-1,-7,-1,-8,-1,-9,-1,-9,-2,-9,-2,-9,-2,-8,-1,-8,-1,-6,-1,-5,0,-4,0,-2,0,0,0,0,0,1,1,2,1,3,2,4,2,0,0,0,0,0,0,0,0,0,0]"
CSI_DATA,38124,80:af:ca:27:52:2a,-54,11,0,0,0,0,0,0,0,0,0,-97,0,11,2,500212643,0,83,0,128,0,"[0,0,0,0,0,0,0,0,0,0,0,0,3,1,5,4,7,7,9,8,9,10,9,10,9,11,9,11,8,10,7,9,6,8,5,7,3,4,2,3,1,1,-1,-1,-2,-3,-4,-5,-5,-7,-6,-9,-7,-10,-8,-12,-9,-13,-10,-15,-10,-15,-9,-14,0,0,-7,-11,-5,-9,-4,-6,-3,-3,-2,0,0,3,0,5,1,7,1,9,2,10,2,11,2,11,2,12,2,12,1,11,1,10,1,9,1,8,1,5,1,3,1,0,2,-2,2,-5,3,-7,3,-8,3,-9,0,0,0,0,0,0,0,0,0,0]"
CSI_DATA,38125,80:af:ca:27:52:2a,-54,11,0,0,0,0,0,0,0,0,0,-97,0,11,2,500246769,0,83,0,128,0,"[0,0,0,0,0,0,0,0,0,0,0,0,3,0,6,3,7,6,9,6,11,8,11,9,11,9,11,9,10,8,9,7,7,6,6,6,4,3,2,2,0,0,-1,0,-3,-1,-5,-3,-7,-5,-9,-6,-11,-6,-13,-7,-14,-7,-16,-9,-16,-8,-15,-8,0,0,-12,-6,-9,-5,-6,-3,-2,-1,0,0,2,1,5,3,6,4,8,6,9,6,11,6,10,6,10,7,11,7,10,7,9,6,8,6,6,4,4,2,2,0,0,0,-1,-3,-3,-5,-5,-6,-6,-8,-6,-9,0,0,0,0,0,0,0,0,0,0]"
CSI_DATA,38126,80:af:ca:27:52:2a,-55,11,0,0,0,0,0,0,0,0,0,-97,0,11,2,500259568,0,83,0,128,0,"[0,0,0,0,0,0,0,0,0,0,0,0,-7,9,-7,9,-7,8,-5,6,-4,4,-3,2,-2,0,0,-2,0,-4,0,-5,2,-8,2,-9,2,-10,2,-10,2,-10,3,-11,2,-10,2,-10,2,-9,2,-8,1,-6,0,-4,0,-2,0,0,0,4,-1,6,0,0,-2,12,-3,14,-3,15,-3,15,-3,14,-3,14,-2,12,-2,10,-2,8,-1,5,0,4,0,2,0,0,1,-2,2,-5,2,-7,3,-9,4,-11,4,-12,5,-13,5,-13,5,-13,4,-12,4,-11,2,-10,2,-8,0,0,0,0,0,0,0,0,0,0]"
CSI_DATA,38127,80:af:ca:27:52:2a,-54,11,1,1,1,1,1,0,0,0,0,-97,0,11,2,500268422,0,83,1,128,0,"[0,0,0,0,0,0,0,0,0,0,0,0,-4,8,-4,7,-3,6,-3,5,-2,4,-1,2,-1,0,0,-1,0,-3,0,-4,1,-6,1,-7,1,-8,1,-9,1,-9,1,-9,1,-9,1,-8,1,-7,1,-6,0,-5,0,-3,0,-1,0,0,0,1,0,3,0,0,-1,6,-1,8,-1,8,-1,8,-1,9,-1,8,-1,8,-1,6,-1,5,0,4,0,2,0,1,0,0,0,-1,0,-3,1,-4,1,-5,1,-5,1,-6,1,-6,1,-6,1,-6,1,-6,1,-5,1,-4,0,-4,0,0,0,0,0,0,0,0,0,0]"
CSI_DATA,38128,80:af:ca:27:52:2a,-54,11,0,0,0,0,0,0,0,0,0,-97,0,11,2,500279754,0,83,0,128,0,"[0,0,0,0,0,0,0,0,0,0,0,0,1,3,-1,7,-2,10,-1,12,-2,13,-2,14,-2,14,-2,14,-2,13,-2,11,-1,10,-2,9,-1,6,-1,4,-1,1,-1,-1,-1,-3,-1,-5,-1,-8,-1,-10,-1,-12,-1,-14,-2,-15,-1,-18,-2,-18,-2,-16,0,0,-1,-12,-1,-10,-1,-7,-1,-4,-1,-1,-1,2,-1,5,-1,7,-1,9,0,10,-1,11,-1,11,-1,11,-1,12,-1,11,-1,10,0,9,0,8,0,5,0,3,1,0,1,-2,1,-4,2,-7,2,-8,3,-9,0,0,0,0,0,0,0,0,0,0]"
CSI_DATA,38129,80:af:ca:27:52:2a,-54,11,1,1,1,1,1,0,0,0,0,-97,0,11,2,500298595,0,83,1,128,0,"[0,0,0,0,0,0,0,0,0,0,0,0,-1,9,-1,9,-1,7,-1,6,-1,4,-1,2,-1,0,-1,-1,-1,-3,-1,-5,-1,-7,-1,-8,-1,-9,-1,-10,-1,-10,-1,-10,-1,-9,-1,-9,-1,-7,-1,-6,-1,-5,0,-3,0,-1,0,0,0,1,1,3,0,0,2,6,2,7,3,8,3,9,3,9,2,8,2,7,2,6,1,5,1,4,1,2,0,1,0,0,0,-2,-1,-3,-1,-4,-1,-6,-2,-6,-2,-6,-2,-6,-2,-7,-2,-6,-2,-6,-1,-5,-1,-4,-1,-3,0,0,0,0,0,0,0,0,0,0]"
CSI_DATA,38130,80:af:ca:27:52:2a,-55,11,1,1,1,1,1,0,0,0,0,-97,0,11,2,500317742,0,83,1,128,0,"[0,0,0,0,0,0,0,0,0,0,0,0,-3,-8,-3,-7,-2,-6,-2,-6,-1,-4,0,-3,0,-2,1,0,1,1,2,2,3,3,4,4,4,5,5,5,5,6,5,6,5,5,5,5,4,4,3,3,3,3,1,2,0,0,0,0,-2,-1,-3,-2,0,0,-5,-3,-6,-4,-7,-4,-7,-4,-7,-4,-7,-4,-6,-4,-6,-3,-5,-3,-4,-2,-3,-1,-1,0,0,0,0,1,2,1,3,2,4,2,4,2,4,2,5,2,5,2,5,2,4,2,4,2,3,1,3,1,0,0,0,0,0,0,0,0,0,0]"
CSI_DATA,38131,80:af:ca:27:52:2a,-55,11,0,0,0,0,0,0,0,0,0,-97,0,11,2,500329068,0,83,0,128,0,"[0,0,0,0,0,0,0,0,0,0,0,0,0,-4,2,-7,5,-10,5,-11,6,-12,7,-13,7,-13,7,-12,6,-12,6,-11,4,-10,4,-8,3,-6,2,-4,1,-2,0,0,-1,2,-2,5,-2,7,-3,9,-3,10,-4,13,-4,14,-5,16,-4,16,-4,15,0,0,-3,11,-3,9,-2,6,-1,2,0,-1,0,-4,1,-6,1,-8,2,-10,2,-11,2,-12,2,-12,2,-12,2,-13,2,-12,2,-11,1,-10,1,-8,0,-6,-1,-4,-1,-2,-2,1,-3,3,-4,6,-4,7,-5,8,0,0,0,0,0,0,0,0,0,0]"
CSI_DATA,38132,80:af:ca:27:52:2a,-54,11,1,1,1,1,1,0,0,0,0,-97,0,11,2,500338134,0,83,1,128,0,"[0,0,0,0,0,0,0,0,0,0,0,0,-1,-10,-1,-8,-1,-7,-1,-6,0,-5,0,-3,0,-1,0,0,0,1,1,3,1,5,1,6,2,7,2,8,2,8,2,8,2,7,2,7,2,6,2,5,1,3,1,2,0,1,0,0,-1,-1,-1,-3,0,0,-2,-6,-3,-7,-3,-7,-3,-8,-3,-8,-3,-7,-3,-7,-3,-6,-2,-5,-2,-4,-1,-3,-1,-1,0,0,0,1,0,2,0,3,1,4,1,5,1,5,1,5,1,5,1,5,1,5,1,4,0,3,0,3,0,0,0,0,0,0,0,0,0,0]"
CSI_DATA,38133,80:af:ca:27:52:2a,-54,11,0,0,0,0,0,0,0,0,0,-97,0,11,2,500349779,0,83,0,128,0,"[0,0,0,0,0,0,0,0,0,0,0,0,-5,2,-8,3,-11,3,-13,4,-15,4,-15,3,-16,3,-15,3,-14,2,-11,2,-10,1,-8,1,-6,0,-4,0,-1,-1,1,-1,3,-1,5,-2,8,-2,10,-2,11,-3,14,-3,15,-3,17,-2,16,-3,15,-2,0,0,10,-2,8,-2,5,-1,1,-2,-2,-2,-4,-2,-7,-2,-9,-2,-10,-3,-11,-3,-13,-3,-13,-3,-13,-3,-13,-3,-11,-3,-10,-3,-10,-2,-8,-2,-6,-1,-4,0,-2,1,1,3,2,4,4,5,5,6,6,7,0,0,0,0,0,0,0,0,0,0]"
CSI_DATA,38134,80:af:ca:27:52:2a,-54,11,0,0,0,0,0,0,0,0,0,-97,0,11,2,500364119,0,83,0,128,0,"[0,0,0,0,0,0,0,0,0,0,0,0,-4,3,-7,5,-10,6,-10,8,-12,8,-13,8,-13,8,-12,8,-11,7,-10,6,-9,6,-8,4,-5,3,-4,1,-2,0,0,-2,2,-3,3,-5,5,-6,6,-8,7,-10,9,-11,9,-12,11,-13,10,-13,10,-12,0,0,7,-10,5,-7,3,-5,1,-2,-1,0,-3,2,-5,4,-6,6,-7,7,-8,8,-9,9,-9,8,-9,8,-9,9,-9,8,-8,8,-7,7,-6,5,-4,4,-2,2,0,0,2,-1,4,-3,6,-4,8,-6,8,-6,0,0,0,0,0,0,0,0,0,0]"
CSI_DATA,38135,80:af:ca:27:52:2a,-54,11,1,1,1,1,1,0,0,0,0,-97,0,11,2,500373019,0,83,1,128,0,"[0,0,0,0,0,0,0,0,0,0,0,0,-2,-9,-2,-8,-2,-8,-1,-6,-1,-5,0,-3,0,-1,0,0,1,1,1,3,2,5,2,6,3,7,4,7,4,8,4,8,4,7,4,6,3,6,2,5,1,3,1,2,0,1,0,0,-1,-2,-2,-3,0,0,-4,-5,-5,-6,-5,-7,-5,-8,-5,-8,-5,-7,-5,-6,-4,-6,-4,-5,-3,-4,-2,-2,-1,-1,0,0,0,1,0,2,1,3,2,4,2,5,2,5,2,5,2,5,2,5,2,5,2,4,1,4,1,2,0,0,0,0,0,0,0,0,0,0]"
CSI_DATA,38136,80:af:ca:27:52:2a,-55,11,0,0,0,0,0,0,0,0,0,-97,0,11,2,500382951,0,83,0,128,0,"[0,0,0,0,0,0,0,0,0,0,0,0,3,-2,6,-1,9,0,11,-1,12,0,13,0,13,0,13,0,12,0,10,0,9,0,7,0,5,0,2,0,0,0,0,0,-3,0,-5,1,-7,1,-9,2,-11,2,-13,3,-14,3,-16,4,-16,4,-15,4,0,0,-11,3,-8,2,-6,1,-2,0,0,0,2,-1,5,-2,6,-2,8,-3,9,-3,11,-4,10,-4,11,-4,11,-4,10,-4,9,-4,8,-4,6,-3,4,-2,1,-2,0,-1,-2,0,-5,0,-7,0,-9,0,-10,0,0,0,0,0,0,0,0,0,0,0]"
CSI_DATA,38137,80:af:ca:27:52:2a,-55,11,1,1,1,1,1,0,0,0,0,-97,0,11,2,500391862,0,83,1,128,0,"[0,0,0,0,0,0,0,0,0,0,0,0,-5,6,-4,5,-4,4,-3,4,-3,3,-2,1,-1,0,0,-1,0,-2,1,-3,2,-4,2,-5,3,-6,3,-6,3,-7,3,-7,3,-7,3,-6,2,-6,2,-5,1,-4,1,-3,0,-1,0,0,-1,1,-1,2,0,0,-2,5,-3,5,-3,6,-3,6,-4,6,-3,6,-3,6,-3,5,-2,4,-2,3,-1,2,0,1,0,0,0,-1,1,-2,2,-3,2,-3,3,-4,3,-4,3,-4,3,-4,3,-4,3,-4,3,-4,2,-3,2,-2,0,0,0,0,0,0,0,0,0,0]"
CSI_DATA,38138,80:af:ca:27:52:2a,-54,11,1,1,1,1,1,0,0,0,0,-97,0,11,2,500400843,0,83,1,128,0,"[0,0,0,0,0,0,0,0,0,0,0,0,8,-5,6,-5,6,-4,5,-4,4,-2,2,-1,1,0,0,0,-1,2,-3,2,-4,4,-5,5,-6,5,-6,6,-6,6,-6,6,-6,6,-5,6,-5,5,-4,4,-3,3,-2,2,-1,0,0,0,1,-2,1,-3,0,0,3,-5,4,-6,4,-7,5,-8,5,-8,4,-7,4,-7,4,-6,2,-5,2,-4,1,-2,0,-1,0,0,-1,0,-2,1,-3,2,-4,3,-4,4,-4,4,-4,4,-4,4,-4,4,-4,4,-4,3,-3,2,-2,2,0,0,0,0,0,0,0,0,0,0]"
CSI_DATA,38139,80:af:ca:27:52:2a,-54,11,0,0,0,0,0,0,0,0,0,-97,0,11,2,500412578,0,83,0,128,0,"[0,0,0,0,0,0,0,0,0,0,0,0,3,3,3,6,4,9,5,10,5,13,5,13,4,13,4,13,4,12,3,11,3,9,2,8,1,5,0,3,0,1,-1,-1,-2,-3,-3,-5,-3,-8,-4,-10,-5,-11,-5,-14,-6,-14,-6,-16,-6,-16,-6,-15,0,0,-4,-11,-4,-9,-3,-6,-2,-3,-1,0,0,3,0,5,0,7,0,9,1,10,1,11,1,11,0,12,0,12,0,12,0,10,1,10,0,8,0,6,1,3,1,1,2,-2,2,-4,3,-7,3,-8,3,-9,0,0,0,0,0,0,0,0,0,0]"
CSI_DATA,38140,80:af:ca:27:52:2a,-55,11,1,1,1,1,1,0,0,0,0,-97,0,11,2,500434164,0,83,1,128,0,"[0,0,0,0,0,0,0,0,0,0,0,0,-3,0,-5,0,-6,0,-8,0,-9,0,-10,0,-10,0,-10,0,-10,-1,-9,0,-8,0,-6,0,-5,0,-3,0,-2,0,0,0,2,0,3,0,5,-1,6,-1,8,-1,8,-1,8,-2,9,-2,8,-2,8,-2,0,0,6,-1,4,-1,3,0,1,0,0,0,-2,0,-4,0,-5,0,-6,0,-8,0,-8,0,-8,0,-8,0,-8,0,-8,0,-6,0,-6,0,-4,0,-3,0,-2,0,0,0,0,0,2,0,3,0,4,0,4,0,0,0,0,0,0,0,0,0,0,0]"
CSI_DATA,38141,80:af:ca:27:52:2a,-54,11,1,1,1,1,1,0,0,0,0,-97,0,11,2,500442011,0,83,1,128,0,"[0,0,0,0,0,0,0,0,0,0,0,0,2,0,5,0,6,0,8,0,9,1,11,1,11,1,11,1,10,1,9,0,8,0,7,0,5,0,2,0,1,0,0,0,-2,0,-5,0,-7,0,-8,0,-9,0,-11,0,-11,1,-11,1,-11,1,-10,1,0,0,-8,1,-5,0,-4,0,-2,0,0,0,2,0,4,0,5,-1,7,-1,8,-1,8,-2,9,-2,9,-1,9,-1,8,-1,7,-1,5,-1,4,-1,2,-1,1,-1,0,0,-1,0,-2,0,-4,0,-5,0,-5,0,0,0,0,0,0,0,0,0,0,0]"
CSI_DATA,38142,80:af:ca:27:52:2a,-55,11,0,0,0,0,0,0,0,0,0,-97,0,11,2,500453486,0,83,0,128,0,"[0,0,0,0,0,0,0,0,0,0,0,0,-3,-4,-3,-8,-3,-11,-4,-12,-4,-14,-3,-14,-3,-14,-3,-14,-3,-13,-2,-11,-2,-10,-1,-9,-1,-6,-1,-4,0,-1,0,1,1,3,1,5,1,7,2,9,3,10,3,13,3,13,3,15,4,15,3,14,0,0,2,10,2,8,1,5,1,2,0,-2,0,-4,0,-7,0,-9,-1,-10,-1,-11,0,-13,0,-13,0,-13,0,-13,0,-12,0,-12,-1,-10,-1,-9,-1,-6,-2,-4,-2,-1,-3,1,-4,4,-4,6,-5,8,-5,8,0,0,0,0,0,0,0,0,0,0]"
CSI_DATA,38143,80:af:ca:27:52:2a,-54,11,0,0,0,0,0,0,0,0,0,-97,0,11,2,500467324,0,83,0,128,0,"[0,0,0,0,0,0,0,0,0,0,0,0,1,-5,3,-7,5,-9,6,-11,7,-13,8,-13,8,-14,8,-13,7,-11,7,-10,6,-9,5,-8,3,-5,2,-3,0,-1,-1,0,-2,2,-3,4,-5,6,-5,8,-6,10,-7,13,-8,14,-9,15,-9,15,-8,14,0,0,-6,10,-5,7,-4,5,-2,2,0,-1,2,-3,3,-5,4,-7,5,-8,6,-9,7,-10,7,-9,8,-9,8,-10,7,-10,6,-9,6,-8,4,-6,3,-5,1,-3,-1,-2,-3,0,-5,1,-7,2,-8,4,-9,3,0,0,0,0,0,0,0,0,0,0]"
CSI_DATA,38144,80:af:ca:27:52:2a,-55,11,1,1,1,1,1,0,0,0,0,-97,0,11,2,500476506,0,83,1,128,0,"[0,0,0,0,0,0,0,0,0,0,0,0,1,2,1,4,1,6,2,8,1,8,1,10,2,10,2,10,1,10,1,8,1,8,1,6,0,5,0,3,0,1,0,0,-1,-2,-2,-4,-2,-5,-2,-7,-3,-8,-3,-9,-4,-10,-4,-10,-4,-10,-4,-9,0,0,-2,-7,-2,-5,-2,-4,-1,-2,0,0,0,1,0,2,0,5,1,5,1,7,2,8,2,8,2,8,2,8,1,7,1,6,1,5,1,4,0,2,0,1,0,0,0,-1,0,-2,0,-3,0,-4,0,-5,0,0,0,0,0,0,0,0,0,0]"
CSI_DATA,38145,80:af:ca:27:52:2a,-54,11,1,1,1,1,1,0,0,0,0,-97,0,11,2,500500099,0,83,1,128,0,"[0,0,0,0,0,0,0,0,0,0,0,0,1,-8,1,-8,1,-7,1,-6,1,-4,0,-2,0,-1,0,0,0,2,0,3,0,5,1,6,1,7,1,7,1,7,1,8,1,7,1,7,1,6,1,5,1,3,0,2,0,1,0,0,-1,-1,-2,-3,0,0,-3,-5,-3,-6,-4,-6,-4,-7,-4,-7,-4,-7,-4,-6,-3,-5,-3,-5,-2,-3,-2,-2,-1,-1,0,0,0,1,1,2,1,3,2,3,2,4,3,5,3,4,3,5,3,4,2,4,2,3,2,3,1,2,0,0,0,0,0,0,0,0,0,0]"
CSI_DATA,38146,80:af:ca:27:52:2a,-55,11,1,1,1,1,1,0,0,0,0,-97,0,11,2,500509707,0,83,1,128,0,"[0,0,0,0,0,0,0,0,0,0,0,0,-4,0,-5,-1,-6,-2,-8,-2,-8,-2,-9,-3,-10,-3,-10,-3,-9,-3,-8,-3,-8,-2,-6,-2,-4,-2,-3,-1,-1,0,0,0,2,0,4,0,5,0,6,0,8,0,8,0,9,0,9,0,9,0,8,0,0,0,6,0,4,0,2,0,1,0,0,0,-2,0,-4,0,-6,-1,-7,-1,-8,-1,-8,-1,-9,-1,-8,-1,-8,-1,-8,-1,-7,-1,-6,0,-4,0,-3,0,-2,0,0,0,0,0,2,0,2,1,4,2,4,2,0,0,0,0,0,0,0,0,0,0]"
CSI_DATA,38147,80:af:ca:27:52:2a,-55,11,1,1,1,1,1,0,0,0,0,-97,0,11,2,500518897,0,83,1,128,0,"[0,0,0,0,0,0,0,0,0,0,0,0,-5,6,-4,6,-4,5,-3,3,-3,2,-2,1,-1,0,0,-1,0,-3,1,-4,2,-6,2,-7,2,-7,3,-8,2,-8,3,-8,2,-8,2,-7,2,-6,1,-5,1,-4,0,-2,0,-1,0,0,-1,2,-1,3,0,0,-2,6,-2,7,-2,8,-2,8,-2,8,-2,7,-2,7,-2,6,-1,5,-1,3,0,2,0,1,0,0,1,-1,1,-2,2,-3,2,-4,2,-5,2,-6,2,-6,2,-6,2,-6,2,-5,2,-4,1,-4,1,-3,0,0,0,0,0,0,0,0,0,0]"
CSI_DATA,38148,80:af:ca:27:52:2a,-55,11,1,1,1,1,1,0,0,0,0,-97,0,11,2,500526081,0,83,1,128,0,"[0,0,0,0,0,0,0,0,0,0,0,0,-3,0,-5,0,-7,0,-8,0,-9,0,-10,0,-11,0,-10,0,-10,0,-9,0,-9,0,-7,0,-5,0,-4,0,-2,0,0,-1,1,-1,3,-1,5,-2,6,-2,7,-2,8,-3,9,-3,9,-3,9,-3,8,-3,0,0,6,-2,4,-2,3,-2,1,-1,0,0,-2,0,-3,0,-5,1,-7,2,-7,2,-8,2,-9,2,-9,2,-8,2,-7,2,-7,2,-6,2,-4,1,-3,1,-2,0,0,0,0,0,2,0,2,0,4,0,4,0,0,0,0,0,0,0,0,0,0,0]"
CSI_DATA,38149,80:af:ca:27:52:2a,-55,11,1,1,1,1,1,0,0,0,0,-97,0,11,2,500534856,0,83,1,128,0,"[0,0,0,0,0,0,0,0,0,0,0,0,1,2,2,5,2,6,2,8,2,9,2,10,2,10,2,10,2,10,2,9,2,8,2,7,1,5,0,3,0,1,-1,0,-2,-2,-2,-4,-3,-5,-4,-7,-5,-8,-5,-8,-6,-9,-6,-9,-6,-8,-6,-8,0,0,-5,-6,-3,-5,-2,-3,-1,-2,0,0,0,1,2,2,2,4,4,5,5,5,5,6,5,6,5,6,5,6,5,5,4,5,3,4,2,2,2,1,1,0,0,0,0,-1,-1,-2,-2,-3,-2,-4,-2,-5,0,0,0,0,0,0,0,0,0,0]"
CSI_DATA,38150,80:af:ca:27:52:2a,-54,11,0,0,0,0,0,0,0,0,0,-97,0,11,2,500546840,0,83,0,128,0,"[0,0,0,0,0,0,0,0,0,0,0,0,-2,14,-3,13,-3,12,-2,10,-2,6,-1,3,-1,0,0,-2,0,-5,0,-7,0,-10,1,-11,1,-12,1,-12,1,-12,1,-13,2,-12,1,-11,1,-10,0,-9,0,-7,0,-5,0,-1,-1,0,-2,4,-3,7,0,0,-5,13,-5,15,-5,16,-6,16,-6,15,-5,15,-5,13,-5,10,-4,9,-2,6,-1,5,0,2,0,0,2,-2,4,-4,5,-5,7,-8,9,-9,10,-10,10,-10,10,-11,10,-10,10,-10,9,-9,7,-8,5,-6,0,0,0,0,0,0,0,0,0,0]"
CSI_DATA,38151,80:af:ca:27:52:2a,-54,11,1,1,1,1,1,0,0,0,0,-97,0,11,2,500556532,0,83,1,128,0,"[0,0,0,0,0,0,0,0,0,0,0,0,0,10,0,9,0,7,0,6,-1,4,0,2,0,0,0,-1,0,-3,0,-5,0,-7,0,-8,0,-9,0,-10,0,-10,0,-11,0,-10,0,-9,0,-8,0,-6,0,-5,0,-3,0,-1,0,0,-1,2,-1,3,0,0,-1,6,-1,8,-1,9,-2,9,-2,9,-2,9,-1,8,-1,7,-1,6,-1,4,0,3,0,1,0,0,1,-1,1,-3,2,-4,3,-5,3,-6,3,-6,3,-6,3,-6,3,-6,3,-5,3,-4,2,-4,1,-3,0,0,0,0,0,0,0,0,0,0]"
CSI_DATA,38152,80:af:ca:27:52:2a,-54,11,0,0,0,0,0,0,0,0,0,-97,0,11,2,500569730,0,83,0,128,0,"[0,0,0,0,0,0,0,0,0,0,0,0,12,4,12,4,11,5,9,3,6,2,3,1,0,0,-1,0,-3,0,-6,0,-9,0,-11,0,-11,0,-12,0,-11,0,-13,0,-12,0,-11,0,-11,0,-10,0,-8,0,-6,0,-3,0,0,-1,3,-1,6,-2,0,0,12,-3,14,-4,16,-4,16,-4,15,-4,15,-4,13,-4,11,-3,9,-3,6,-2,4,-1,1,0,0,0,-3,0,-5,0,-8,0,-11,1,-12,1,-13,1,-14,2,-15,2,-14,2,-13,2,-12,2,-11,2,-7,1,0,0,0,0,0,0,0,0,0,0]"
CSI_DATA,38153,80:af:ca:27:52:2a,-55,11,1,1,1,1,1,0,0,0,0,-97,0,11,2,500578458,0,83,1,128,0,"[0,0,0,0,0,0,0,0,0,0,0,0,-1,-8,-1,-7,0,-6,0,-6,0,-4,0,-3,0,-1,0,0,1,1,1,2,1,4,2,5,2,6,2,6,3,7,3,7,3,6,3,6,2,5,2,4,1,3,0,2,0,1,0,0,-1,-1,-2,-2,0,0,-3,-5,-4,-5,-4,-6,-4,-6,-5,-6,-4,-6,-4,-6,-4,-5,-3,-4,-3,-3,-2,-2,-1,-1,0,0,0,1,1,2,1,3,2,3,2,4,2,4,2,4,2,4,2,4,2,4,2,3,2,3,1,2,0,0,0,0,0,0,0,0,0,0]"
CSI_DATA,38154,80:af:ca:27:52:2a,-54,11,0,0,0,0,0,0,0,0,0,-97,0,11,2,500590545,0,83,0,128,0,"[0,0,0,0,0,0,0,0,0,0,0,0,-10,-10,-10,-10,-9,-10,-7,-7,-6,-7,-3,-4,-1,-3,0,0,3,0,4,1,7,3,8,3,9,3,10,4,10,3,11,4,11,3,10,3,9,3,8,3,7,2,5,1,2,0,0,0,-3,0,-7,0,0,0,-12,-1,-15,-2,-16,-2,-17,-2,-16,-2,-15,-2,-15,-1,-12,-1,-10,-1,-7,0,-5,0,-3,0,0,0,1,0,3,0,6,0,9,0,11,1,12,1,13,1,14,0,14,0,13,0,11,0,10,0,7,0,0,0,0,0,0,0,0,0,0,0]"
CSI_DATA,38155,80:af:ca:27:52:2a,-54,11,1,1,1,1,1,0,0,0,0,-97,0,11,2,500598447,0,83,1,128,0,"[0,0,0,0,0,0,0,0,0,0,0,0,5,-8,4,-7,3,-6,3,-5,2,-3,1,-2,0,-1,0,0,-1,2,-1,3,-2,5,-3,6,-3,7,-3,7,-3,8,-3,8,-3,8,-3,7,-2,6,-2,5,-1,4,-1,2,0,1,0,0,0,-2,0,-3,0,0,1,-6,1,-7,2,-8,2,-8,2,-8,2,-8,2,-7,1,-7,1,-6,0,-5,0,-3,0,-2,0,0,-1,1,-1,2,-2,3,-2,3,-2,5,-2,5,-2,5,-2,5,-2,5,-2,4,-2,4,-2,3,-1,2,0,0,0,0,0,0,0,0,0,0]"
CSI_DATA,38156,80:af:ca:27:52:2a,-55,11,1,1,1,1,1,0,0,0,0,-97,0,11,2,500606347,0,83,1,128,0,"[0,0,0,0,0,0,0,0,0,0,0,0,2,0,5,0,6,1,8,2,8,2,10,2,10,2,10,2,9,2,8,2,8,2,6,2,5,1,2,0,0,0,0,0,-2,0,-5,-1,-6,-1,-8,-1,-8,-1,-10,-2,-10,-2,-10,-2,-10,-2,-10,-1,0,0,-8,-1,-5,-1,-4,0,-2,0,0,0,1,0,3,0,5,1,5,1,7,1,8,1,8,2,8,2,8,2,7,1,6,1,5,0,4,0,2,0,1,0,0,0,0,-1,-2,-2,-2,-2,-3,-2,-4,-2,0,0,0,0,0,0,0,0,0,0]"
CSI_DATA,38157,80:af:ca:27:52:2a,-54,11,1,1,1,1,1,0,0,0,0,-97,0,11,2,500632513,0,83,1,128,0,"[0,0,0,0,0,0,0,0,0,0,0,0,-8,-4,-8,-4,-6,-3,-5,-3,-3,-2,-2,-2,-1,-1,0,0,2,0,3,0,5,1,6,1,7,2,8,2,8,2,8,2,8,2,7,2,6,2,5,1,3,1,2,0,1,0,-1,0,-2,-1,-3,-1,0,0,-6,-2,-7,-2,-8,-2,-8,-2,-8,-2,-8,-2,-7,-2,-6,-2,-6,-2,-4,-1,-3,0,-1,0,0,0,1,1,2,1,3,2,3,2,5,2,5,3,5,3,5,3,5,2,4,2,4,2,3,1,2,1,0,0,0,0,0,0,0,0,0,0]"
CSI_DATA,38158,80:af:ca:27:52:2a,-54,11,1,1,1,1,1,0,0,0,0,-97,0,11,2,500641146,0,83,1,128,0,"[0,0,0,0,0,0,0,0,0,0,0,0,0,-9,0,-8,0,-7,0,-6,1,-4,0,-2,0,-1,1,0,1,2,1,4,1,5,1,6,2,8,2,8,2,8,2,8,2,8,2,7,2,6,1,5,1,4,0,2,0,0,-1,0,-1,-2,-2,-4,0,0,-4,-6,-5,-7,-5,-7,-5,-8,-5,-8,-5,-7,-5,-6,-4,-6,-4,-5,-3,-4,-2,-2,-1,-1,0,0,0,1,1,2,2,3,2,4,3,5,4,5,4,5,4,5,4,5,3,4,3,4,2,3,2,2,0,0,0,0,0,0,0,0,0,0]"
CSI_DATA,38159,80:af:ca:27:52:2a,-55,11,1,1,1,1,1,0,0,0,0,-97,0,11,2,500648287,0,83,1,128,0,"[0,0,0,0,0,0,0,0,0,0,0,0,-3,2,-5,2,-7,2,-9,2,-9,2,-10,2,-10,3,-10,2,-10,2,-9,2,-8,2,-7,1,-4,0,-3,0,-1,0,0,-1,2,-2,4,-2,5,-3,7,-4,7,-4,8,-4,9,-4,9,-4,9,-4,8,-4,0,0,6,-3,4,-2,2,-2,0,-1,-1,0,-2,0,-4,0,-6,1,-7,2,-8,2,-9,2,-9,2,-9,2,-9,2,-8,2,-7,2,-6,2,-4,1,-3,1,-2,0,0,0,1,0,2,0,3,0,4,0,4,0,0,0,0,0,0,0,0,0,0,0]"
CSI_DATA,38160,80:af:ca:27:52:2a,-54,11,1,1,1,1,1,0,0,0,0,-97,0,11,2,500656176,0,83,1,128,0,"[0,0,0,0,0,0,0,0,0,0,0,0,-8,-2,-7,-3,-6,-2,-5,-2,-4,-2,-3,-1,-1,-1,0,0,1,0,3,0,4,0,5,0,6,0,7,0,7,0,7,0,7,0,7,0,6,0,5,0,4,0,2,0,1,0,0,0,-2,0,-3,0,0,0,-6,0,-6,0,-7,0,-8,0,-8,0,-8,0,-7,0,-6,0,-5,0,-4,0,-3,0,-2,0,0,0,1,0,2,0,3,0,4,0,4,0,5,0,5,0,5,0,5,0,4,0,4,0,3,0,3,0,0,0,0,0,0,0,0,0,0,0]"
CSI_DATA,38161,80:af:ca:27:52:2a,-54,11,1,1,1,1,1,0,0,0,0,-97,0,11,2,500667172,0,83,1,128,0,"[0,0,0,0,0,0,0,0,0,0,0,0,-9,-4,-8,-4,-7,-3,-6,-3,-4,-2,-3,-1,-1,-1,0,0,2,0,3,1,5,1,6,2,7,3,8,3,8,3,8,3,8,3,7,3,6,2,5,2,4,1,2,0,1,0,0,0,-2,-1,-3,-1,0,0,-6,-3,-7,-4,-7,-4,-8,-4,-8,-4,-7,-4,-7,-4,-6,-3,-5,-3,-4,-2,-3,-1,-1,0,0,0,0,1,1,1,2,3,3,3,3,4,4,4,4,4,4,4,3,4,3,4,3,3,2,3,1,2,0,0,0,0,0,0,0,0,0,0]"
CSI_DATA,38162,80:af:ca:27:52:2a,-54,11,0,0,0,0,0,0,0,0,0,-97,0,11,2,500677675,0,83,0,128,0,"[0,0,0,0,0,0,0,0,0,0,0,0,9,9,8,10,7,9,5,6,3,4,1,2,0,0,-1,-1,-3,-3,-5,-5,-6,-7,-7,-8,-8,-9,-8,-9,-8,-9,-9,-10,-8,-10,-7,-8,-6,-8,-6,-7,-5,-5,-3,-3,-1,-1,0,0,1,3,3,6,0,0,6,11,7,13,8,15,8,15,7,14,7,14,6,12,4,10,4,8,3,5,2,3,1,0,0,0,0,-3,0,-5,0,-8,0,-11,0,-13,0,-14,0,-15,0,-16,0,-15,0,-15,0,-13,0,-11,0,-8,0,0,0,0,0,0,0,0,0,0]"
CSI_DATA,38163,80:af:ca:27:52:2a,-55,11,1,1,1,1,1,0,0,0,0,-97,0,11,2,500688249,0,83,1,128,0,"[0,0,0,0,0,0,0,0,0,0,0,0,2,-3,3,-4,4,-5,6,-6,7,-7,7,-7,7,-7,7,-7,7,-7,6,-6,6,-5,4,-4,3,-3,2,-2,0,0,0,0,-2,2,-3,3,-4,4,-5,5,-5,7,-6,7,-6,7,-6,7,-6,7,-5,7,0,0,-4,4,-3,3,-2,2,-1,0,0,0,1,-2,2,-3,3,-4,4,-5,4,-6,5,-7,5,-7,5,-7,5,-6,4,-6,4,-5,3,-4,2,-3,1,-2,0,-2,0,0,-2,0,-2,0,-3,1,-4,2,-4,2,0,0,0,0,0,0,0,0,0,0]"
CSI_DATA,38164,80:af:ca:27:52:2a,-54,11,1,1,1,1,1,0,0,0,0,-97,0,11,2,500695493,0,83,1,128,0,"[0,0,0,0,0,0,0,0,0,0,0,0,-3,-8,-3,-8,-2,-7,-2,-6,-1,-4,-1,-3,0,-1,0,0,1,1,1,3,2,4,3,6,3,6,3,7,3,7,3,7,3,7,3,6,3,6,2,4,2,3,1,2,0,1,0,0,-1,-1,-2,-3,0,0,-3,-5,-4,-6,-4,-7,-4,-7,-4,-7,-4,-7,-4,-6,-3,-6,-3,-4,-2,-3,-2,-2,-1,-1,0,0,0,1,0,2,1,3,1,4,1,4,2,5,2,5,2,6,2,5,1,4,1,4,1,3,1,3,0,0,0,0,0,0,0,0,0,0]"
CSI_DATA,38165,80:af:ca:27:52:2a,-55,11,0,0,0,0,0,0,0,0,0,-97,0,11,2,500717831,0,83,0,128,0,"[0,0,0,0,0,0,0,0,0,0,0,0,7,-10,8,-10,8,-9,5,-8,4,-5,2,-3,1,-1,0,0,0,3,-2,5,-3,7,-4,8,-4,8,-5,9,-4,8,-5,10,-4,9,-4,9,-4,8,-3,8,-2,6,-1,4,-1,1,0,0,0,-4,0,-7,0,0,2,-12,3,-14,3,-16,3,-16,4,-15,3,-15,2,-13,2,-11,1,-9,0,-7,0,-5,0,-2,0,0,-2,1,-3,3,-3,6,-4,8,-6,9,-6,11,-6,11,-6,12,-6,12,-5,11,-5,10,-4,8,-3,7,0,0,0,0,0,0,0,0,0,0]"
CSI_DATA,38166,80:af:ca:27:52:2a,-54,11,1,1,1,1,1,0,0,0,0,-97,0,11,2,500738727,0,83,1,128,0,"[0,0,0,0,0,0,0,0,0,0,0,0,-7,7,-7,7,-6,6,-5,4,-4,3,-2,1,-1,0,0,-2,1,-3,3,-4,4,-6,4,-7,6,-8,6,-9,6,-9,6,-9,5,-9,5,-8,4,-7,3,-6,2,-4,1,-3,0,-1,0,0,-1,2,-3,3,0,0,-4,6,-5,7,-6,7,-6,8,-6,8,-6,7,-5,7,-4,6,-4,5,-3,4,-1,3,0,1,0,0,1,-1,3,-2,3,-3,4,-4,4,-4,5,-5,5,-5,5,-5,4,-4,4,-4,4,-4,3,-4,2,-3,0,0,0,0,0,0,0,0,0,0]"
CSI_DATA,38167,80:af:ca:27:52:2a,-54,11,1,1,1,1,1,0,0,0,0,-97,0,11,2,500763387,0,83,1,128,0,"[0,0,0,0,0,0,0,0,0,0,0,0,0,-4,0,-5,2,-8,2,-8,3,-10,3,-11,3,-11,3,-11,3,-10,3,-9,2,-8,2,-7,1,-5,1,-3,0,-1,0,0,0,2,0,4,-1,6,-1,8,-1,9,-2,10,-2,11,-2,11,-1,10,-1,9,0,0,-1,7,0,5,0,2,0,1,0,0,0,-2,0,-5,0,-6,0,-8,0,-8,0,-9,1,-10,1,-10,0,-9,0,-8,0,-8,0,-6,0,-5,0,-3,0,-2,0,0,-1,0,-2,2,-2,2,-2,4,-2,5,0,0,0,0,0,0,0,0,0,0]"
CSI_DATA,38168,80:af:ca:27:52:2a,-55,11,0,0,0,0,0,0,0,0,0,-97,0,11,2,500773528,0,83,0,128,0,"[0,0,0,0,0,0,0,0,0,0,0,0,11,4,11,5,10,5,8,4,5,3,3,2,1,1,-1,0,-3,0,-5,0,-8,-1,-9,-2,-10,-2,-10,-2,-10,-2,-12,-2,-11,-2,-10,-1,-10,-2,-9,-2,-7,-1,-5,-1,-2,0,0,0,2,0,6,0,0,0,11,0,13,0,16,0,16,0,15,0,14,0,13,0,10,0,9,0,6,0,5,0,2,0,0,-1,-2,-1,-5,-2,-7,-2,-9,-2,-11,-3,-12,-3,-13,-3,-14,-3,-14,-3,-13,-3,-12,-2,-10,-2,-8,-1,0,0,0,0,0,0,0,0,0,0]"
CSI_DATA,38169,80:af:ca:27:52:2a,-54,11,1,1,1,1,1,0,0,0,0,-97,0,11,2,500781169,0,83,1,128,0,"[0,0,0,0,0,0,0,0,0,0,0,0,4,-6,4,-6,3,-5,3,-4,2,-3,1,-2,0,0,0,0,0,2,-1,3,-2,4,-2,5,-2,6,-3,6,-3,7,-3,7,-2,7,-2,6,-2,5,-2,4,-1,3,-1,2,0,1,0,0,0,-2,0,-3,0,0,1,-6,1,-6,1,-7,1,-7,1,-8,1,-7,1,-7,1,-6,0,-5,0,-4,0,-3,0,-2,0,0,-1,1,-1,2,-1,3,-2,4,-2,4,-2,5,-2,5,-2,5,-2,5,-2,4,-2,4,-1,3,-1,3,0,0,0,0,0,0,0,0,0,0]"
CSI_DATA,38170,80:af:ca:27:52:2a,-55,11,1,1,1,1,1,0,0,0,0,-97,0,11,2,500789698,0,83,1,128,0,"[0,0,0,0,0,0,0,0,0,0,0,0,-3,0,-5,0,-8,0,-9,0,-10,0,-10,-1,-11,0,-11,-1,-10,-1,-10,-1,-9,0,-8,0,-5,0,-3,0,-1,0,0,0,2,0,4,-1,5,-1,7,-1,8,-2,9,-2,10,-2,10,-2,10,-2,9,-2,0,0,6,-1,5,-1,2,-1,1,0,0,0,-2,0,-4,0,-5,0,-7,0,-8,0,-9,0,-9,0,-9,0,-8,0,-8,0,-7,0,-6,0,-5,0,-3,0,-2,0,0,0,0,0,2,0,2,0,4,0,4,0,0,0,0,0,0,0,0,0,0,0]"
CSI_DATA,38171,80:af:ca:27:52:2a,-55,11,1,1,1,1,1,0,0,0,0,-97,0,11,2,500801813,0,83,1,128,0,"[0,0,0,0,0,0,0,0,0,0,0,0,1,-3,3,-4,5,-5,6,-5,7,-6,8,-6,8,-6,8,-6,8,-6,7,-5,6,-5,5,-4,3,-3,2,-2,0,0,0,0,-2,1,-3,2,-5,3,-5,5,-6,5,-7,6,-7,6,-7,6,-7,7,-6,6,0,0,-5,5,-4,3,-2,2,-1,0,0,0,1,-1,2,-2,3,-3,5,-5,5,-5,5,-5,6,-5,6,-5,6,-5,5,-5,5,-5,3,-4,2,-3,2,-2,0,-2,0,-1,-1,0,-2,0,-3,0,-4,0,-5,1,0,0,0,0,0,0,0,0,0,0]"
CSI_DATA,38172,80:af:ca:27:52:2a,-54,11,1,1,1,1,1,0,0,0,0,-97,0,11,2,500810612,0,83,1,128,0,"[0,0,0,0,0,0,0,0,0,0,0,0,6,-7,6,-7,5,-5,4,-4,3,-3,1,-1,0,0,0,1,-1,3,-3,4,-4,5,-5,6,-6,7,-6,7,-6,7,-6,7,-6,7,-5,7,-4,6,-4,4,-3,3,-2,2,0,0,0,0,1,-2,2,-4,0,0,4,-6,4,-7,4,-8,5,-8,5,-8,5,-8,4,-7,4,-6,3,-6,2,-4,1,-3,0,-1,0,0,-1,0,-3,1,-3,2,-4,3,-4,4,-5,4,-5,4,-5,4,-5,4,-4,4,-4,3,-4,3,-3,2,0,0,0,0,0,0,0,0,0,0]"
CSI_DATA,38173,80:af:ca:27:52:2a,-55,11,1,1,1,1,1,0,0,0,0,-97,0,11,2,500817951,0,83,1,128,0,"[0,0,0,0,0,0,0,0,0,0,0,0,3,0,5,1,7,2,7,2,9,3,9,4,9,4,9,3,9,3,8,3,7,2,5,2,4,1,2,1,0,0,-1,0,-3,0,-4,-1,-7,-1,-8,-1,-9,-1,-9,-2,-10,-2,-10,-2,-9,-2,-9,-1,0,0,-7,0,-5,0,-3,0,-2,0,0,0,2,0,3,0,5,0,6,0,7,0,8,0,8,1,8,1,7,0,7,0,6,0,4,0,4,0,2,0,0,0,0,-1,-1,-1,-2,-1,-3,-2,-4,-2,-4,-2,0,0,0,0,0,0,0,0,0,0]"
CSI_DATA,38174,80:af:ca:27:52:2a,-54,11,0,0,0,0,0,0,0,0,0,-97,0,11,2,500842428,0,83,0,128,0,"[0,0,0,0,0,0,0,0,0,0,0,0,-2,12,-2,12,-3,11,-2,9,-2,6,-1,2,-1,0,0,-2,0,-4,0,-7,0,-9,0,-11,0,-11,0,-11,0,-11,0,-12,0,-11,0,-11,0,-10,0,-9,0,-7,0,-4,0,-1,0,0,0,4,0,7,0,0,0,13,-1,14,0,16,-1,16,-1,15,-1,15,0,13,0,11,0,9,0,6,0,4,0,1,0,0,1,-2,2,-5,2,-8,3,-11,4,-11,5,-12,5,-13,5,-14,5,-14,5,-13,4,-11,3,-11,2,-8,0,0,0,0,0,0,0,0,0,0]"
CSI_DATA,38175,80:af:ca:27:52:2a,-55,11,1,1,1,1,1,0,0,0,0,-97,0,11,2,500850369,0,83,1,128,0,"[0,0,0,0,0,0,0,0,0,0,0,0,2,-1,5,0,6,0,8,0,9,0,10,0,11,0,11,0,10,0,9,0,8,0,7,0,5,0,3,0,1,0,0,0,-2,0,-4,0,-6,0,-8,0,-8,1,-10,1,-11,1,-11,1,-11,1,-10,1,0,0,-8,1,-6,0,-4,0,-2,0,0,0,1,0,3,0,5,0,6,-1,7,-1,8,-1,8,-1,8,-1,8,-1,8,-1,7,-1,5,-1,4,-1,2,0,1,0,0,0,-1,0,-2,0,-3,-1,-4,-1,-5,-1,0,0,0,0,0,0,0,0,0,0]"
CSI_DATA,38176,80:af:ca:27:52:2a,-54,11,1,1,1,1,1,0,0,0,0,-97,0,11,2,500889239,0,83,1,128,0,"[0,0,0,0,0,0,0,0,0,0,0,0,0,8,0,8,0,7,0,6,0,4,0,2,-1,0,-1,0,-1,-2,-1,-4,-1,-6,-2,-7,-2,-8,-2,-8,-2,-8,-2,-8,-2,-8,-2,-8,-2,-7,-2,-6,-1,-4,-1,-3,0,-1,0,0,0,1,1,3,0,0,2,5,3,6,3,7,3,7,3,7,3,7,2,6,2,6,2,5,1,3,1,2,0,1,0,0,0,-1,-1,-3,-1,-4,-1,-5,-2,-6,-2,-6,-2,-6,-2,-6,-2,-6,-2,-5,-1,-5,-1,-4,-1,-3,0,0,0,0,0,0,0,0,0,0]"
CSI_DATA,38177,80:af:ca:27:52:2a,-55,11,1,1,1,1,1,0,0,0,0,-97,0,11,2,500913827,0,83,1,128,0,"[0,0,0,0,0,0,0,0,0,0,0,0,-5,7,-4,6,-4,5,-3,5,-3,3,-2,1,0,1,-2,-1,2,-2,-2,-3,-1,-4,-1,-5,-1,-5,0,-6,0,-6,0,-11,0,-10,0,-6,0,-6,-1,-6,0,-4,-1,-3,0,-2,0,0,0,1,1,2,0,0,2,5,3,6,3,7,3,6,2,7,4,6,3,6,3,5,2,5,2,2,1,1,0,0,0,0,-1,-1,-1,-3,-2,-3,-3,-3,-3,-4,-3,-4,-4,-5,-4,-4,-4,-5,-3,-3,-2,-3,-2,-3,-1,-2,0,0,0,0,0,0,0,0,0,0]"
CSI_DATA,38178,80:af:ca:27:52:2a,-55,11,1,1,1,1,1,0,0,0,0,-97,0,11,2,500922313,0,83,1,128,0,"[0,0,0,0,0,0,0,0,0,0,0,0,-3,-1,-5,-2,-7,-3,-7,-4,-9,-5,-9,-6,-9,-6,-9,-6,-9,-6,-8,-6,-7,-5,-6,-4,-4,-3,-3,-2,-1,-1,0,0,2,0,3,2,4,2,6,3,7,4,8,4,9,4,9,4,8,4,8,4,0,0,6,2,4,2,2,1,1,0,0,0,-2,-2,-3,-2,-4,-4,-5,-4,-7,-5,-7,-5,-7,-6,-7,-6,-7,-6,-6,-5,-5,-4,-4,-4,-4,-2,-2,-2,-2,-1,-1,0,0,1,0,2,1,2,1,3,1,4,0,0,0,0,0,0,0,0,0,0]"
CSI_DATA,38179,80:af:ca:27:52:2a,-54,11,1,1,1,1,1,0,0,0,0,-97,0,11,2,500929700,0,83,1,128,0,"[0,0,0,0,0,0,0,0,0,0,0,0,7,-4,7,-4,6,-3,5,-2,3,-2,2,-1,1,0,0,0,-2,1,-3,1,-4,2,-5,3,-6,3,-6,4,-7,4,-7,4,-6,4,-6,4,-6,3,-4,3,-3,2,-2,1,-1,0,0,0,1,-1,2,-2,0,0,4,-3,4,-4,5,-4,5,-5,6,-5,5,-4,5,-4,4,-4,3,-3,2,-3,2,-2,1,-1,0,-1,-1,0,-2,0,-3,1,-3,1,-4,2,-4,2,-4,2,-4,2,-4,2,-4,2,-4,2,-3,1,-2,1,0,0,0,0,0,0,0,0,0,0]"
CSI_DATA,38180,80:af:ca:27:52:2a,-54,11,1,1,1,1,1,0,0,0,0,-97,0,11,2,500950727,0,83,1,128,0,"[0,0,0,0,0,0,0,0,0,0,0,0,-2,-9,-2,-9,-1,-8,-1,-6,0,-5,0,-3,0,-1,0,0,1,2,1,3,2,5,2,6,3,7,3,8,3,8,4,8,4,7,4,7,2,6,2,5,2,4,1,2,0,1,0,0,-1,-1,-2,-3,0,0,-4,-5,-4,-6,-5,-6,-5,-7,-5,-7,-5,-7,-5,-6,-4,-6,-4,-5,-3,-4,-2,-2,-1,-1,0,0,0,1,1,2,1,3,2,4,2,4,2,5,2,5,2,5,2,5,2,5,2,4,1,3,1,2,0,0,0,0,0,0,0,0,0,0]"
CSI_DATA,38181,80:af:ca:27:52:2a,-54,11,1,1,1,1,1,0,0,0,0,-97,0,11,2,500959500,0,83,1,128,0,"[0,0,0,0,0,0,0,0,0,0,0,0,1,-8,1,-8,1,-7,1,-6,1,-4,0,-3,0,-1,0,0,0,2,0,3,0,4,1,6,1,7,1,8,1,8,1,8,1,8,1,7,1,7,1,5,1,4,0,2,0,1,0,0,-1,-2,-2,-3,0,0,-3,-6,-3,-6,-4,-7,-4,-7,-4,-8,-4,-7,-4,-7,-3,-6,-3,-5,-2,-3,-1,-2,-1,-1,0,0,0,1,1,2,1,3,2,3,2,4,2,4,2,4,2,4,2,4,2,4,2,3,2,3,1,2,0,0,0,0,0,0,0,0,0,0]"
CSI_DATA,38182,80:af:ca:27:52:2a,-55,11,1,1,1,1,1,0,0,0,0,-97,0,11,2,500966937,0,83,1,128,0,"[0,0,0,0,0,0,0,0,0,0,0,0,0,-3,2,-4,3,-6,4,-7,4,-8,5,-8,5,-9,5,-8,5,-8,4,-7,4,-7,3,-6,2,-4,1,-2,0,0,0,0,0,2,-1,4,-2,5,-2,7,-2,8,-2,9,-2,9,-2,9,-2,9,-2,8,0,0,-1,6,-1,4,0,2,0,1,0,0,0,-2,0,-4,0,-6,0,-7,0,-8,0,-9,0,-9,0,-9,0,-9,0,-8,0,-7,0,-6,0,-4,0,-3,0,-2,0,0,-1,0,-1,2,-1,3,-2,4,-2,4,0,0,0,0,0,0,0,0,0,0]"
CSI_DATA,38183,80:af:ca:27:52:2a,-55,11,1,1,1,1,1,0,0,0,0,-97,0,11,2,500976237,0,83,1,128,0,"[0,0,0,0,0,0,0,0,0,0,0,0,0,2,-2,4,-3,5,-4,7,-5,7,-6,7,-6,8,-6,8,-6,7,-5,7,-4,6,-4,5,-3,3,-2,2,-1,0,0,0,0,-2,1,-4,2,-5,3,-7,4,-7,4,-8,4,-9,4,-9,4,-9,4,-9,0,0,2,-7,2,-5,1,-4,0,-2,0,0,-2,1,-2,2,-4,4,-4,4,-5,6,-5,7,-6,7,-6,7,-6,6,-5,6,-4,5,-4,4,-3,3,-2,2,-1,1,0,0,0,0,2,-1,2,-2,3,-2,4,-2,0,0,0,0,0,0,0,0,0,0]"
CSI_DATA,38184,80:af:ca:27:52:2a,-54,11,1,1,1,1,1,0,0,0,0,-97,0,11,2,500984301,0,83,1,128,0,"[0,0,0,0,0,0,0,0,0,0,0,0,-10,0,-9,0,-8,0,-7,0,-5,-1,-3,-1,-1,-1,0,-1,2,-1,4,-1,6,-1,7,-1,8,-1,9,-1,9,-1,9,-1,9,-1,8,-1,7,-1,5,-1,4,-1,2,0,1,0,0,0,-2,0,-4,0,0,0,-7,1,-8,1,-9,1,-9,1,-10,1,-9,1,-8,1,-7,1,-6,1,-5,0,-3,0,-1,0,0,0,1,0,2,0,4,0,5,0,5,0,6,0,6,0,6,0,6,0,5,0,5,0,4,0,3,0,0,0,0,0,0,0,0,0,0,0]"
CSI_DATA,38185,80:af:ca:27:52:2a,-54,11,1,1,1,1,1,0,0,0,0,-97,0,11,2,500991577,0,83,1,128,0,"[0,0,0,0,0,0,0,0,0,0,0,0,-1,3,-3,4,-4,6,-6,7,-6,8,-7,8,-8,9,-7,8,-8,8,-6,7,-6,6,-5,6,-3,3,-3,3,-1,0,0,0,1,-3,2,-4,3,-6,4,-6,5,-8,6,-8,6,-9,6,-9,6,-9,5,-8,0,0,4,-6,3,-5,1,-3,0,-2,0,0,-2,0,-3,2,-4,3,-6,4,-6,5,-6,6,-7,6,-7,6,-7,5,-6,4,-6,4,-4,3,-3,3,-2,2,-1,1,0,0,0,0,2,0,3,-1,3,-1,4,-1,0,0,0,0,0,0,0,0,0,0]"
CSI_DATA,38186,80:af:ca:27:52:2a,-54,11,1,1,1,1,1,0,0,0,0,-97,0,11,2,501015743,0,83,1,128,0,"[0,0,0,0,0,0,0,0,0,0,0,0,8,2,8,2,6,2,5,1,4,1,2,1,0,0,-1,0,-2,0,-4,0,-6,0,-7,-1,-8,-1,-8,-1,-9,-1,-9,-1,-8,0,-8,0,-7,0,-6,0,-4,0,-3,0,-1,0,0,0,1,0,3,0,0,0,6,0,6,0,8,-1,8,-1,8,0,8,0,7,0,6,0,5,0,4,0,2,0,1,0,0,0,-1,0,-2,0,-4,0,-5,0,-5,0,-6,0,-6,0,-6,0,-6,0,-5,0,-5,0,-4,0,-3,0,0,0,0,0,0,0,0,0,0,0]"
CSI_DATA,38187,80:af:ca:27:52:2a,-54,11,1,1,1,1,1,0,0,0,0,-97,0,11,2,501043868,0,83,1,128,0,"[0,0,0,0,0,0,0,0,0,0,0,0,5,-7,5,-7,4,-5,4,-5,2,-4,1,-2,1,0,0,0,-1,2,-1,3,-2,5,-2,6,-3,6,-3,7,-3,8,-3,8,-2,8,-2,7,-2,6,-2,5,-1,4,-1,2,0,1,0,0,0,-2,0,-4,0,0,0,-6,0,-7,0,-8,0,-8,1,-9,1,-8,0,-8,0,-6,0,-6,0,-4,0,-3,0,-1,0,0,0,1,-1,2,-1,3,-1,4,-1,5,-1,5,-1,5,-1,5,-1,5,-1,5,-1,4,-1,4,0,3,0,0,0,0,0,0,0,0,0,0]"
CSI_DATA,38188,80:af:ca:27:52:2a,-55,11,1,1,1,1,1,0,0,0,0,-97,0,11,2,501052333,0,83,1,128,0,"[0,0,0,0,0,0,0,0,0,0,0,0,1,2,1,5,1,7,0,8,0,9,0,10,0,11,0,11,0,10,0,10,0,8,0,7,0,5,0,3,0,1,0,0,-1,-2,-1,-5,-1,-6,-2,-8,-2,-9,-2,-10,-2,-11,-2,-11,-2,-11,-2,-10,0,0,-2,-8,-1,-5,-1,-4,0,-2,0,0,0,1,0,3,0,5,0,6,0,8,0,8,0,8,0,8,0,8,0,8,0,7,0,5,0,4,0,2,0,1,0,0,0,-1,0,-2,0,-3,1,-4,1,-5,0,0,0,0,0,0,0,0,0,0]"
CSI_DATA,38189,80:af:ca:27:52:2a,-54,11,0,0,0,0,0,0,0,0,0,-97,0,11,2,501064222,0,83,0,128,0,"[0,0,0,0,0,0,0,0,0,0,0,0,-14,-1,-14,-2,-13,-3,-10,-2,-7,-2,-4,-1,0,-1,1,-1,4,-1,7,0,8,0,11,0,11,0,12,0,11,-1,13,0,12,0,10,-1,10,0,8,0,6,0,4,0,1,0,-2,0,-5,0,-8,0,0,0,-14,1,-16,1,-17,1,-17,1,-17,1,-16,1,-14,0,-12,0,-9,0,-7,0,-4,0,-2,0,0,0,2,0,4,0,7,0,10,0,12,1,13,0,13,1,14,0,13,0,13,0,12,0,9,0,7,0,0,0,0,0,0,0,0,0,0,0]"
CSI_DATA,38190,80:af:ca:27:52:2a,-55,11,0,0,0,0,0,0,0,0,0,-97,0,11,2,501076654,0,83,0,128,0,"[0,0,0,0,0,0,0,0,0,0,0,0,3,-13,4,-12,4,-11,2,-8,2,-6,1,-3,0,0,0,1,0,3,-1,5,-2,8,-2,9,-2,10,-2,10,-2,10,-2,11,-2,10,-2,10,-2,9,-2,8,-1,5,0,4,0,1,0,-1,0,-4,1,-8,0,0,2,-13,2,-14,2,-16,2,-16,2,-15,2,-14,2,-13,2,-10,1,-9,0,-7,0,-5,0,-2,-1,0,-2,2,-2,4,-3,5,-5,8,-5,9,-6,10,-7,10,-6,12,-6,11,-6,10,-5,10,-4,8,-3,6,0,0,0,0,0,0,0,0,0,0]"
CSI_DATA,38191,80:af:ca:27:52:2a,-54,11,1,1,1,1,1,0,0,0,0,-97,0,11,2,501084142,0,83,1,128,0,"[0,0,0,0,0,0,0,0,0,0,0,0,5,7,5,7,3,6,3,5,2,3,1,2,0,1,-1,0,-2,-1,-3,-2,-5,-3,-6,-5,-6,-5,-7,-5,-7,-6,-7,-6,-7,-6,-7,-5,-6,-5,-5,-3,-3,-2,-2,-2,-1,-1,0,0,1,0,3,1,0,0,5,2,6,3,7,3,7,3,8,3,7,3,7,3,6,2,5,2,3,1,2,1,1,0,0,0,-1,-1,-2,-2,-3,-2,-4,-3,-5,-3,-5,-3,-6,-3,-6,-3,-5,-3,-5,-3,-5,-3,-4,-2,-3,-2,0,0,0,0,0,0,0,0,0,0]"
CSI_DATA,38192,80:af:ca:27:52:2a,-54,11,0,0,0,0,0,0,0,0,0,-97,0,11,2,501096267,0,83,0,128,0,"[0,0,0,0,0,0,0,0,0,0,0,0,10,-7,10,-7,10,-6,7,-5,6,-3,3,-2,2,0,0,1,-1,3,-3,5,-4,6,-5,8,-6,9,-6,9,-6,9,-6,10,-6,10,-5,9,-5,8,-4,7,-3,5,-3,3,-1,1,0,-1,0,-5,0,-7,0,0,2,-13,2,-15,2,-16,2,-17,2,-16,2,-16,1,-13,1,-12,0,-10,0,-7,0,-5,0,-2,0,0,-1,3,-1,5,-1,7,-2,10,-3,11,-3,13,-3,13,-2,14,-2,14,-1,13,-1,11,0,10,0,7,0,0,0,0,0,0,0,0,0,0]"
CSI_DATA,38193,80:af:ca:27:52:2a,-55,11,0,0,0,0,0,0,0,0,0,-97,0,11,2,501107340,0,83,0,128,0,"[0,0,0,0,0,0,0,0,0,0,0,0,0,-5,3,-7,5,-9,5,-11,6,-12,7,-12,8,-12,7,-12,7,-11,6,-10,5,-9,4,-8,3,-5,2,-3,1,-2,0,0,-1,2,-2,4,-4,7,-4,8,-4,10,-6,12,-5,13,-7,15,-6,15,-6,14,0,0,-4,10,-4,8,-3,5,-1,2,0,-1,1,-4,2,-6,3,-8,4,-9,4,-10,5,-11,5,-11,5,-11,5,-12,5,-11,4,-10,4,-10,3,-8,2,-6,0,-4,-1,-2,-3,0,-4,3,-6,4,-7,6,-8,6,0,0,0,0,0,0,0,0,0,0]"
CSI_DATA,38194,80:af:ca:27:52:2a,-54,11,0,0,0,0,0,0,0,0,0,-97,0,11,2,501119317,0,83,0,128,0,"[0,0,0,0,0,0,0,0,0,0,0,0,-4,13,-5,13,-5,12,-3,9,-3,6,-2,3,-1,0,-1,-1,0,-3,0,-6,0,-9,0,-10,0,-11,0,-12,0,-12,0,-13,0,-12,0,-12,0,-11,0,-9,0,-7,0,-5,0,-2,0,0,0,2,0,6,0,0,1,12,1,14,2,16,1,16,1,15,1,15,1,13,1,11,0,9,0,6,0,4,0,1,0,0,0,-2,0,-5,0,-7,-1,-10,0,-12,-1,-13,0,-14,-1,-14,-1,-14,-1,-13,-1,-12,-1,-10,-1,-7,0,0,0,0,0,0,0,0,0,0]"
CSI_DATA,38195,80:af:ca:27:52:2a,-54,11,0,0,0,0,0,0,0,0,0,-97,0,11,2,501131206,0,83,0,128,0,"[0,0,0,0,0,0,0,0,0,0,0,0,0,-5,1,-8,3,-11,3,-13,4,-15,5,-15,5,-15,5,-14,5,-13,4,-10,3,-9,3,-8,2,-5,1,-3,0,-1,-2,1,-3,2,-4,4,-5,6,-6,8,-7,9,-8,11,-9,11,-10,13,-10,13,-9,11,0,0,-7,8,-6,6,-3,4,-1,2,1,0,3,-2,5,-3,7,-4,8,-5,9,-5,10,-6,10,-5,11,-5,11,-5,10,-5,9,-4,8,-4,7,-4,5,-3,2,-3,0,-3,-3,-3,-5,-3,-7,-3,-9,-3,-10,-3,0,0,0,0,0,0,0,0,0,0]"
CSI_DATA,38196,80:af:ca:27:52:2a,-54,11,0,0,0,0,0,0,0,0,0,-97,0,11,2,501143164,0,83,0,128,0,"[0,0,0,0,0,0,0,0,0,0,0,0,4,2,6,5,8,7,10,7,10,9,10,9,11,10,10,9,9,9,8,7,7,6,6,5,3,3,2,2,0,0,-2,-1,-3,-2,-5,-3,-7,-5,-9,-6,-10,-7,-12,-8,-13,-8,-14,-10,-15,-9,-14,-9,0,0,-10,-6,-8,-5,-5,-3,-2,-1,0,1,2,2,4,4,6,5,7,6,8,6,9,7,9,7,9,7,10,7,9,7,8,6,7,5,6,4,4,2,2,1,0,-1,-2,-4,-3,-5,-4,-7,-6,-8,-6,-9,0,0,0,0,0,0,0,0,0,0]"
CSI_DATA,38197,80:af:ca:27:52:2a,-54,11,1,1,1,1,1,0,0,0,0,-97,0,11,2,501151951,0,83,1,128,0,"[0,0,0,0,0,0,0,0,0,0,0,0,-5,8,-5,8,-4,6,-3,5,-3,3,-2,2,-1,0,0,-1,0,-3,1,-5,1,-6,2,-7,2,-8,2,-9,2,-10,2,-10,2,-9,2,-9,2,-8,1,-6,1,-5,0,-3,0,-1,0,0,-1,2,-1,3,0,0,-2,7,-2,8,-2,8,-2,9,-2,9,-2,8,-2,8,-2,7,-1,6,-1,5,0,3,0,1,0,0,1,-1,1,-3,2,-4,2,-5,2,-6,2,-6,2,-6,2,-6,2,-6,2,-6,2,-5,1,-5,1,-3,0,0,0,0,0,0,0,0,0,0]"
CSI_DATA,38198,80:af:ca:27:52:2a,-54,11,0,0,0,0,0,0,0,0,0,-97,0,11,2,501163470,0,83,0,128,0,"[0,0,0,0,0,0,0,0,0,0,0,0,10,6,10,6,10,7,7,5,5,4,3,3,0,1,-1,0,-3,0,-6,-1,-8,-2,-9,-3,-10,-3,-11,-3,-10,-3,-12,-3,-11,-3,-10,-2,-10,-3,-9,-2,-6,-1,-5,-1,-3,0,0,0,3,0,6,0,0,0,12,0,14,0,16,0,16,0,15,0,15,0,13,0,11,0,9,0,6,0,4,0,2,0,0,0,-2,-1,-5,-1,-6,-1,-10,-2,-11,-2,-13,-2,-13,-3,-14,-2,-14,-2,-13,-2,-13,-2,-11,-1,-8,0,0,0,0,0,0,0,0,0,0,0]"
CSI_DATA,38199,80:af:ca:27:52:2a,-55,11,0,0,0,0,0,0,0,0,0,-97,0,11,2,501173144,0,83,0,128,0,"[0,0,0,0,0,0,0,0,0,0,0,0,-2,-13,-2,-13,-2,-12,-2,-10,-1,-8,0,-5,0,-2,0,0,1,2,2,5,2,6,2,8,3,9,3,9,4,9,4,10,4,10,4,9,3,8,3,7,2,5,1,4,0,1,0,0,-2,-3,-3,-6,0,0,-6,-10,-7,-13,-8,-14,-8,-14,-7,-13,-7,-13,-6,-12,-5,-10,-5,-8,-3,-6,-2,-4,-2,-2,-1,0,0,2,0,4,1,6,2,9,2,10,2,11,2,13,3,13,3,13,2,12,2,10,2,9,2,7,0,0,0,0,0,0,0,0,0,0]"
CSI_DATA,38200,80:af:ca:27:52:2a,-54,11,1,1,1,1,1,0,0,0,0,-97,0,11,2,501182985,0,83,1,128,0,"[0,0,0,0,0,0,0,0,0,0,0,0,-2,-2,-2,-5,-3,-7,-4,-8,-4,-10,-4,-11,-4,-11,-4,-11,-4,-11,-4,-10,-3,-8,-3,-8,-2,-5,-1,-4,0,-2,0,0,1,2,2,3,2,5,3,6,4,8,5,8,5,8,5,8,5,8,5,8,0,0,3,5,2,4,2,2,0,1,0,0,-1,-2,-2,-4,-2,-5,-3,-7,-4,-8,-4,-8,-4,-8,-4,-8,-4,-8,-4,-8,-3,-7,-3,-5,-2,-4,-2,-2,-1,-1,-1,0,0,0,0,2,0,2,0,4,0,5,0,0,0,0,0,0,0,0,0,0]"
CSI_DATA,38201,80:af:ca:27:52:2a,-55,11,1,1,1,1,1,0,0,0,0,-97,0,11,2,501191360,0,83,1,128,0,"[0,0,0,0,0,0,0,0,0,0,0,0,8,-1,7,0,6,0,5,0,4,0,2,0,1,0,0,0,-2,0,-3,1,-5,1,-6,1,-7,1,-8,2,-8,2,-8,2,-8,2,-7,2,-6,2,-5,1,-4,1,-3,0,-1,0,0,0,1,-1,2,-1,0,0,5,-2,6,-3,6,-3,7,-3,7,-3,7,-3,6,-3,5,-2,5,-2,3,-2,2,-1,1,-1,0,-1,-1,0,-2,0,-3,0,-4,1,-5,1,-5,1,-5,1,-5,1,-5,1,-5,1,-4,1,-4,1,-3,0,0,0,0,0,0,0,0,0,0,0]"
CSI_DATA,38202,80:af:ca:27:52:2a,-54,11,0,0,0,0,0,0,0,0,0,-97,0,11,2,501202233,0,83,0,128,0,"[0,0,0,0,0,0,0,0,0,0,0,0,-10,9,-10,9,-10,7,-7,6,-5,3,-3,1,-1,0,0,-2,2,-4,3,-6,4,-7,6,-9,7,-9,7,-10,6,-10,7,-11,7,-10,6,-9,6,-8,4,-7,3,-6,2,-3,0,-2,-1,0,-3,3,-5,6,0,0,-8,11,-9,12,-11,14,-11,14,-10,13,-10,12,-8,11,-7,9,-6,7,-4,5,-3,3,0,1,0,0,2,-1,3,-3,6,-5,7,-7,9,-7,10,-8,11,-9,11,-10,11,-9,10,-9,9,-8,7,-7,5,-5,0,0,0,0,0,0,0,0,0,0]"
CSI_DATA,38203,80:af:ca:27:52:2a,-54,11,1,1,1,1,1,0,0,0,0,-97,0,11,2,501211436,0,83,1,128,0,"[0,0,0,0,0,0,0,0,0,0,0,0,-3,1,-5,1,-8,1,-9,1,-11,1,-11,1,-11,1,-11,1,-11,1,-10,1,-9,1,-8,0,-5,0,-3,0,-1,0,0,0,2,-1,3,-2,5,-2,7,-3,8,-3,8,-4,9,-4,9,-4,9,-4,8,-4,0,0,6,-3,5,-2,2,-2,1,-1,0,0,-2,0,-4,1,-5,1,-7,2,-8,2,-8,2,-9,2,-9,2,-8,2,-8,2,-7,2,-6,2,-5,1,-3,0,-1,0,0,0,0,0,2,0,3,0,4,0,5,0,0,0,0,0,0,0,0,0,0,0]"
CSI_DATA,38204,80:af:ca:27:52:2a,-54,11,1,1,1,1,1,0,0,0,0,-97,0,11,2,501218688,0,83,1,128,0,"[0,0,0,0,0,0,0,0,0,0,0,0,0,8,0,7,0,7,0,6,-1,4,0,2,-1,0,-1,0,-1,-2,-1,-4,-1,-5,-2,-7,-2,-7,-2,-8,-2,-8,-3,-8,-3,-8,-3,-7,-2,-7,-2,-6,-1,-4,-1,-3,0,-1,0,0,1,1,1,2,0,0,3,5,3,6,3,6,4,7,4,7,4,7,3,6,3,5,2,4,2,3,1,2,0,1,0,0,0,-1,-1,-2,-2,-3,-2,-5,-2,-5,-3,-5,-3,-5,-3,-5,-3,-5,-2,-5,-2,-4,-2,-3,-2,-3,0,0,0,0,0,0,0,0,0,0]"
CSI_DATA,38205,80:af:ca:27:52:2a,-55,11,0,0,0,0,0,0,0,0,0,-97,0,11,2,501231401,0,83,0,128,0,"[0,0,0,0,0,0,0,0,0,0,0,0,4,-11,5,-11,4,-11,3,-8,2,-5,2,-3,0,-1,0,1,0,3,-1,5,-2,7,-2,8,-2,9,-3,10,-2,9,-3,11,-3,10,-2,9,-2,8,-2,7,-1,5,-1,4,0,1,0,-1,0,-4,1,-7,0,0,2,-12,3,-14,3,-15,4,-15,4,-15,3,-14,3,-13,2,-11,2,-9,1,-7,0,-5,0,-2,-1,0,-2,1,-3,3,-5,5,-5,7,-7,8,-8,9,-8,10,-8,11,-8,11,-8,11,-7,9,-5,8,-4,5,0,0,0,0,0,0,0,0,0,0]"
CSI_DATA,38206,80:af:ca:27:52:2a,-55,11,1,1,1,1,1,0,0,0,0,-97,0,11,2,501241562,0,83,1,128,0,"[0,0,0,0,0,0,0,0,0,0,0,0,-1,2,-3,3,-5,5,-6,5,-7,6,-8,6,-8,7,-8,7,-8,6,-7,6,-6,5,-5,5,-4,3,-2,2,-1,0,0,0,1,-2,2,-3,4,-4,5,-5,5,-6,6,-7,6,-8,7,-8,6,-8,6,-7,0,0,5,-5,3,-4,2,-3,0,-2,0,0,-2,0,-3,1,-5,2,-6,3,-7,4,-8,5,-8,4,-8,4,-8,4,-7,4,-6,3,-5,2,-4,2,-2,1,-1,1,0,0,0,0,2,0,2,0,4,0,5,0,0,0,0,0,0,0,0,0,0,0]"
CSI_DATA,38207,80:af:ca:27:52:2a,-54,11,0,0,0,0,0,0,0,0,0,-97,0,11,2,501253757,0,83,0,128,0,"[0,0,0,0,0,0,0,0,0,0,0,0,14,0,14,0,13,1,10,0,7,0,4,0,1,0,0,0,-3,0,-6,0,-8,0,-11,0,-11,0,-12,0,-12,0,-14,0,-13,0,-12,0,-11,0,-10,0,-8,0,-6,0,-3,0,0,0,2,0,6,0,0,0,12,0,14,0,16,0,16,0,16,0,15,0,14,0,11,0,9,0,7,0,4,0,2,0,0,0,-2,-1,-4,-2,-6,-2,-9,-3,-10,-4,-12,-4,-13,-5,-14,-5,-14,-5,-13,-5,-12,-5,-10,-4,-7,-3,0,0,0,0,0,0,0,0,0,0]"
CSI_DATA,38208,80:af:ca:27:52:2a,-54,11,1,1,1,1,1,0,0,0,0,-97,0,11,2,501261569,0,83,1,128,0,"[0,0,0,0,0,0,0,0,0,0,0,0,-3,2,-5,2,-7,3,-8,3,-10,3,-11,3,-11,3,-11,3,-10,2,-9,2,-8,2,-6,2,-5,1,-2,0,0,0,0,0,2,-1,4,-1,6,-2,8,-2,8,-2,9,-2,10,-2,10,-2,9,-2,8,-2,0,0,6,-2,5,-1,2,-1,1,-1,0,-1,-2,-1,-4,-1,-6,-1,-8,-2,-8,-2,-9,-2,-9,-2,-9,-2,-9,-2,-8,-2,-7,-2,-6,-1,-5,-1,-3,0,-2,0,-1,0,0,1,0,2,2,2,2,3,2,3,0,0,0,0,0,0,0,0,0,0]"
CSI_DATA,38209,80:af:ca:27:52:2a,-55,11,1,1,1,1,1,0,0,0,0,-97,0,11,2,501270271,0,83,1,128,0,"[0,0,0,0,0,0,0,0,0,0,0,0,0,-4,0,-5,1,-7,2,-8,2,-9,2,-9,3,-10,2,-9,2,-9,2,-9,2,-7,2,-7,0,-4,0,-3,0,-1,0,0,0,2,-1,4,-2,5,-2,7,-2,7,-2,8,-2,9,-2,9,-2,9,-2,8,0,0,-2,6,-1,4,0,2,0,1,0,0,0,-2,1,-4,2,-4,2,-6,2,-7,2,-8,2,-8,2,-8,2,-7,2,-7,2,-6,2,-5,1,-4,0,-2,0,-2,0,0,-1,0,-2,1,-2,2,-3,2,-4,2,0,0,0,0,0,0,0,0,0,0]"
CSI_DATA,38210,80:af:ca:27:52:2a,-54,11,1,1,1,1,1,0,0,0,0,-97,0,11,2,501283298,0,83,1,128,0,"[0,0,0,0,0,0,0,0,0,0,0,0,5,-7,5,-6,4,-5,3,-4,2,-3,1,-2,0,0,0,0,-1,2,-1,3,-2,5,-3,6,-3,6,-3,7,-3,7,-3,7,-3,7,-3,7,-3,6,-2,5,-2,3,-1,2,0,1,0,0,0,-2,0,-3,0,0,1,-6,2,-7,2,-7,2,-8,2,-8,2,-8,2,-7,1,-6,1,-5,0,-4,0,-3,0,-1,-1,0,-1,1,-1,2,-2,3,-2,4,-2,5,-2,5,-2,5,-2,5,-2,5,-2,5,-2,4,-1,3,-1,2,0,0,0,0,0,0,0,0,0,0]"
CSI_DATA,38211,80:af:ca:27:52:2a,-55,11,1,1,1,1,1,0,0,0,0,-97,0,11,2,501308264,0,83,1,128,0,"[0,0,0,0,0,0,0,0,0,0,0,0,3,0,5,0,7,0,8,2,9,2,9,2,10,2,10,2,9,2,8,2,8,2,6,2,4,1,2,0,0,0,-1,0,-2,0,-5,0,-6,-1,-8,-1,-9,-1,-10,-1,-10,-1,-10,-1,-10,-1,-10,-1,0,0,-8,-1,-5,0,-4,0,-2,0,0,0,1,0,3,0,5,0,6,0,8,1,8,1,8,1,8,1,8,1,8,1,6,0,5,0,4,0,2,0,1,0,0,0,-1,-1,-2,-1,-3,-2,-4,-2,-5,-2,0,0,0,0,0,0,0,0,0,0]"
CSI_DATA,38212,80:af:ca:27:52:2a,-55,11,0,0,0,0,0,0,0,0,0,-97,0,11,2,501319946,0,83,0,128,0,"[0,0,0,0,0,0,0,0,0,0,0,0,-4,-3,-5,-6,-7,-9,-8,-9,-9,-12,-9,-12,-9,-13,-9,-12,-8,-11,-8,-10,-7,-9,-6,-8,-4,-5,-3,-4,-1,-2,0,0,2,1,3,3,5,5,7,6,8,7,10,8,11,9,12,11,12,10,11,9,0,0,9,7,7,6,5,4,2,2,0,-1,-2,-2,-4,-4,-6,-5,-7,-7,-8,-7,-9,-8,-9,-8,-9,-9,-9,-9,-9,-9,-8,-8,-8,-7,-6,-6,-5,-4,-3,-3,-2,-1,0,1,1,4,3,5,4,7,4,7,0,0,0,0,0,0,0,0,0,0]"
CSI_DATA,38213,80:af:ca:27:52:2a,-54,11,0,0,0,0,0,0,0,0,0,-97,0,11,2,501344920,0,83,0,128,0,"[0,0,0,0,0,0,0,0,0,0,0,0,7,11,7,11,6,11,4,8,3,6,1,3,0,1,-2,0,-3,-2,-5,-3,-7,-5,-8,-7,-9,-7,-9,-7,-10,-7,-11,-7,-10,-7,-9,-6,-8,-6,-7,-5,-6,-3,-4,-3,-2,-1,0,0,3,0,7,2,0,0,11,4,13,5,15,5,15,5,15,5,14,5,13,4,11,3,8,3,6,1,4,0,2,0,0,0,-3,-2,-4,-3,-7,-3,-10,-4,-11,-6,-12,-6,-13,-7,-14,-6,-14,-6,-13,-5,-12,-4,-10,-3,-7,-3,0,0,0,0,0,0,0,0,0,0]"
CSI_DATA,38214,80:af:ca:27:52:2a,-54,11,0,0,0,0,0,0,0,0,0,-97,0,11,2,501355132,0,83,0,128,0,"[0,0,0,0,0,0,0,0,0,0,0,0,-3,3,-6,4,-9,5,-10,6,-12,7,-12,6,-13,6,-12,6,-11,6,-10,5,-9,5,-8,4,-5,2,-4,1,-2,0,0,-2,1,-3,3,-4,5,-6,6,-7,7,-9,9,-11,9,-11,11,-12,10,-13,10,-12,0,0,7,-9,5,-7,3,-5,1,-3,-1,0,-3,2,-5,4,-6,5,-8,7,-8,7,-9,8,-9,8,-10,8,-10,9,-9,8,-8,7,-7,7,-6,5,-4,4,-2,2,0,1,2,-1,4,-3,7,-4,8,-5,9,-5,0,0,0,0,0,0,0,0,0,0]"
CSI_DATA,38215,80:af:ca:27:52:2a,-54,11,1,1,1,1,1,0,0,0,0,-97,0,11,2,501370674,0,83,1,128,0,"[0,0,0,0,0,0,0,0,0,0,0,0,-9,-2,-8,-2,-7,-1,-6,-1,-5,-1,-3,-1,-1,-1,0,-1,1,-1,3,0,4,-1,6,-1,7,-1,7,-1,8,-1,8,-1,7,-1,7,-1,6,-1,5,-1,4,-1,3,-1,1,0,0,0,-1,0,-3,1,0,0,-5,2,-6,2,-7,2,-7,3,-8,3,-7,3,-7,2,-6,2,-5,2,-4,1,-3,1,-2,0,0,0,1,0,2,-1,3,-1,4,-2,4,-2,5,-2,5,-2,5,-2,5,-2,5,-2,4,-2,3,-2,3,-1,0,0,0,0,0,0,0,0,0,0]"
CSI_DATA,38216,80:af:ca:27:52:2a,-54,11,0,0,0,0,0,0,0,0,0,-97,0,11,2,501401363,0,83,0,128,0,"[0,0,0,0,0,0,0,0,0,0,0,0,-10,-9,-10,-9,-8,-9,-7,-7,-4,-5,-2,-3,0,-1,1,0,3,2,5,3,7,4,7,6,8,6,8,7,8,6,9,7,8,6,8,5,7,5,6,4,5,3,3,2,0,0,-1,-1,-4,-3,-6,-5,0,0,-11,-8,-12,-9,-14,-10,-13,-10,-13,-10,-12,-9,-11,-8,-9,-7,-7,-6,-6,-3,-3,-3,-2,0,0,0,0,2,2,4,3,6,6,7,6,9,7,10,7,11,7,11,7,11,7,10,6,9,5,7,3,5,0,0,0,0,0,0,0,0,0,0]"
CSI_DATA,38217,80:af:ca:27:52:2a,-54,11,0,0,0,0,0,0,0,0,0,-97,0,11,2,501426024,0,83,0,128,0,"[0,0,0,0,0,0,0,0,0,0,0,0,2,-4,5,-6,8,-7,9,-9,11,-9,11,-9,12,-8,11,-8,10,-7,9,-7,8,-6,7,-5,4,-3,3,-2,0,-1,-2,0,-3,1,-5,3,-8,4,-9,5,-11,6,-13,7,-13,7,-15,8,-15,9,-14,8,0,0,-11,6,-8,4,-6,3,-2,1,1,0,4,-1,6,-2,8,-2,10,-3,11,-3,12,-3,12,-3,12,-3,13,-3,12,-2,11,-2,10,-2,8,-2,5,-2,3,-2,0,-2,-2,-3,-5,-3,-8,-4,-10,-4,-10,-5,0,0,0,0,0,0,0,0,0,0]"
CSI_DATA,38218,80:af:ca:27:52:2a,-55,11,1,1,1,1,1,0,0,0,0,-97,0,11,2,501435096,0,83,1,128,0,"[0,0,0,0,0,0,0,0,0,0,0,0,0,2,0,5,-1,6,-2,8,-2,8,-2,10,-2,10,-2,10,-2,10,-2,9,-2,8,-2,7,-1,5,-1,3,0,1,0,0,0,-2,0,-4,0,-6,0,-8,0,-9,0,-10,0,-11,0,-11,0,-11,0,-10,0,0,0,-8,0,-6,0,-4,0,-2,0,0,0,1,0,3,-1,5,-1,6,-1,7,-1,8,-1,8,-2,8,-1,8,-1,8,-1,7,-1,5,0,5,0,2,0,1,0,0,0,0,0,-2,1,-3,1,-4,2,-5,0,0,0,0,0,0,0,0,0,0]"
CSI_DATA,38219,80:af:ca:27:52:2a,-54,11,1,1,1,1,1,0,0,0,0,-97,0,11,2,501444586,0,83,1,128,0,"[0,0,0,0,0,0,0,0,0,0,0,0,1,-10,1,-9,1,-8,1,-7,1,-4,1,-2,-1,-1,2,0,-1,2,2,2,2,3,2,4,2,5,2,5,2,6,4,10,4,9,2,6,2,6,3,5,1,4,1,2,0,1,0,0,-1,-1,-2,-2,0,0,-5,-4,-6,-5,-7,-5,-6,-5,-6,-6,-8,-5,-6,-5,-6,-3,-5,-4,-4,-2,-2,-1,-1,-1,0,0,1,0,1,1,3,2,4,1,4,2,5,1,5,2,5,1,6,2,4,1,3,1,2,1,2,1,0,0,0,0,0,0,0,0,0,0]"
CSI_DATA,38220,80:af:ca:27:52:2a,-55,11,1,1,1,1,1,0,0,0,0,-97,0,11,2,501454011,0,83,1,128,0,"[0,0,0,0,0,0,0,0,0,0,0,0,-2,-3,-3,-5,-3,-7,-3,-9,-3,-9,-3,-10,-3,-10,-2,-10,-2,-10,-2,-9,-2,-8,-2,-7,-1,-4,0,-3,0,-1,0,0,0,2,1,4,0,6,1,7,1,8,2,9,2,9,2,9,2,9,2,8,0,0,1,6,0,4,0,2,0,0,0,0,0,-2,0,-4,0,-6,0,-7,0,-8,0,-9,0,-9,0,-9,0,-9,0,-8,0,-7,0,-6,0,-4,0,-3,0,-2,-1,0,-1,0,-2,1,-2,2,-2,3,-3,4,0,0,0,0,0,0,0,0,0,0]"
CSI_DATA,38221,80:af:ca:27:52:2a,-54,11,0,0,0,0,0,0,0,0,0,-97,0,11,2,501465586,0,83,0,128,0,"[0,0,0,0,0,0,0,0,0,0,0,0,5,11,5,12,4,11,3,8,1,5,0,3,0,0,-1,-2,-3,-4,-4,-6,-5,-8,-5,-10,-5,-10,-5,-10,-5,-10,-7,-11,-5,-10,-5,-10,-5,-10,-5,-8,-4,-6,-2,-4,-1,-1,0,0,1,4,2,6,0,0,5,11,5,14,7,15,6,15,5,15,5,14,5,12,4,10,3,8,2,5,1,4,0,1,0,0,0,-3,0,-5,0,-8,-1,-10,0,-12,-1,-14,0,-15,-1,-15,-1,-15,0,-14,0,-13,0,-10,0,-8,0,0,0,0,0,0,0,0,0,0]"
CSI_DATA,38222,80:af:ca:27:52:2a,-54,11,0,0,0,0,0,0,0,0,0,-97,0,11,2,501477872,0,83,0,128,0,"[0,0,0,0,0,0,0,0,0,0,0,0,4,1,6,4,8,7,9,7,10,9,10,9,10,10,9,10,8,9,7,8,7,7,5,6,3,4,2,2,0,0,-2,-1,-3,-2,-5,-4,-7,-6,-8,-7,-10,-8,-11,-10,-12,-10,-14,-11,-14,-11,-12,-10,0,0,-9,-8,-7,-6,-5,-4,-2,-2,0,1,2,2,3,4,5,6,6,7,7,8,8,9,8,9,8,9,8,9,7,9,6,8,6,7,5,6,3,4,2,1,1,-1,0,-4,-1,-6,-2,-8,-3,-10,-3,-10,0,0,0,0,0,0,0,0,0,0]"
CSI_DATA,38223,80:af:ca:27:52:2a,-55,11,1,1,1,1,1,0,0,0,0,-97,0,11,2,501488183,0,83,1,128,0,"[0,0,0,0,0,0,0,0,0,0,0,0,0,2,0,4,-1,6,-2,8,-2,8,-2,10,-3,10,-3,10,-3,9,-2,8,-2,8,-2,6,-2,5,-1,2,0,0,0,0,0,-2,0,-4,0,-6,0,-8,0,-9,1,-10,0,-10,0,-10,0,-10,0,-10,0,0,0,-8,0,-6,0,-4,0,-2,0,0,-1,1,-1,3,-2,5,-2,6,-2,7,-2,8,-2,8,-2,8,-2,8,-2,8,-2,7,-2,5,-1,5,0,3,0,2,0,0,0,0,1,-2,2,-2,2,-3,2,-4,0,0,0,0,0,0,0,0,0,0]"
CSI_DATA,38224,80:af:ca:27:52:2a,-55,11,1,1,1,1,1,0,0,0,0,-97,0,11,2,501495949,0,83,1,128,0,"[0,0,0,0,0,0,0,0,0,0,0,0,2,1,4,2,4,4,5,5,6,6,6,7,7,7,6,7,6,7,5,7,4,6,4,4,3,3,2,2,0,0,0,0,-2,-2,-3,-3,-4,-4,-5,-5,-7,-6,-7,-7,-8,-7,-8,-7,-7,-7,-7,-6,0,0,-6,-4,-4,-4,-3,-2,-2,-1,0,0,0,1,2,2,2,4,4,4,4,6,5,6,5,7,5,7,5,7,4,6,4,5,4,4,2,3,2,2,1,0,0,0,0,-1,0,-2,-1,-3,-1,-4,-1,-5,0,0,0,0,0,0,0,0,0,0]"
CSI_DATA,38225,80:af:ca:27:52:2a,-54,11,1,1,1,1,1,0,0,0,0,-97,0,11,2,501504464,0,83,1,128,0,"[0,0,0,0,0,0,0,0,0,0,0,0,5,8,4,7,4,6,2,5,1,4,1,2,0,1,-1,0,-2,-1,-4,-2,-5,-4,-6,-5,-7,-5,-7,-5,-8,-6,-8,-6,-8,-5,-7,-5,-6,-4,-5,-4,-4,-2,-2,-2,-1,-1,0,0,1,0,3,1,0,0,5,2,7,2,7,2,8,3,8,3,8,3,7,2,6,2,5,1,4,1,2,0,1,0,0,0,-1,-1,-2,-1,-4,-2,-5,-2,-5,-2,-6,-2,-6,-2,-6,-3,-6,-2,-5,-2,-5,-2,-4,-2,-4,-1,0,0,0,0,0,0,0,0,0,0]"
CSI_DATA,38226,80:af:ca:27:52:2a,-54,11,1,1,1,1,1,0,0,0,0,-97,0,11,2,501513146,0,83,1,128,0,"[0,0,0,0,0,0,0,0,0,0,0,0,-2,2,-4,3,-6,4,-7,5,-9,5,-10,6,-10,5,-10,5,-10,5,-9,4,-8,4,-6,3,-5,2,-3,1,-1,0,0,0,2,-1,3,-2,5,-3,6,-4,7,-4,8,-5,9,-5,9,-5,9,-5,8,-5,0,0,6,-3,4,-3,3,-3,1,-1,0,-1,-2,0,-4,0,-6,0,-6,1,-8,1,-9,1,-9,1,-9,1,-9,1,-8,1,-7,0,-6,0,-5,0,-3,0,-2,0,0,0,0,0,1,0,3,0,3,0,4,0,0,0,0,0,0,0,0,0,0,0]"
CSI_DATA,38227,80:af:ca:27:52:2a,-54,11,1,1,1,1,1,0,0,0,0,-97,0,11,2,501536733,0,83,1,128,0,"[0,0,0,0,0,0,0,0,0,0,0,0,3,-8,3,-7,3,-6,2,-5,2,-4,1,-2,0,-1,0,0,0,2,-1,3,-1,5,-1,6,-2,7,-2,8,-1,8,-2,8,-1,8,-1,7,-1,6,-1,5,-1,4,-1,2,0,1,0,0,0,-2,0,-3,0,0,0,-6,0,-8,0,-8,0,-8,0,-8,0,-8,0,-8,0,-7,0,-6,0,-5,0,-3,0,-1,0,0,0,1,0,2,0,3,0,5,0,5,-1,6,-1,6,-1,6,-1,6,-1,5,0,5,0,4,0,3,0,0,0,0,0,0,0,0,0,0]"
CSI_DATA,38228,80:af:ca:27:52:2a,-54,11,0,0,0,0,0,0,0,0,0,-97,0,11,2,501547460,0,83,0,128,0,"[0,0,0,0,0,0,0,0,0,0,0,0,13,1,13,1,12,2,9,1,6,1,3,0,1,0,-1,0,-3,0,-6,0,-8,0,-10,0,-11,0,-12,0,-11,1,-13,1,-12,1,-11,1,-10,0,-9,1,-6,1,-5,0,-2,0,0,0,3,-2,6,-2,0,0,12,-4,14,-4,15,-5,16,-5,15,-5,14,-5,13,-4,11,-3,9,-3,6,-3,4,-2,2,-1,0,0,-3,0,-5,0,-7,0,-10,1,-12,1,-13,1,-14,1,-15,2,-15,1,-14,2,-13,1,-10,1,-8,0,0,0,0,0,0,0,0,0,0,0]"
CSI_DATA,38229,80:af:ca:27:52:2a,-54,11,1,1,1,1,1,0,0,0,0,-97,0,11,2,501568208,0,83,1,128,0,"[0,0,0,0,0,0,0,0,0,0,0,0,6,-7,5,-6,5,-5,3,-4,3,-3,1,-1,0,0,0,0,-1,2,-2,3,-3,4,-4,5,-5,6,-5,6,-5,6,-5,7,-5,6,-5,6,-4,5,-3,4,-2,3,-1,2,0,1,0,0,1,-1,2,-3,0,0,3,-5,4,-6,4,-6,5,-7,5,-7,5,-6,4,-6,3,-5,3,-5,2,-3,1,-2,0,-1,0,-1,-1,0,-2,1,-3,1,-4,2,-5,2,-5,3,-5,3,-5,3,-5,3,-5,2,-4,2,-3,2,-3,1,0,0,0,0,0,0,0,0,0,0]"
CSI_DATA,38230,80:af:ca:27:52:2a,-55,11,1,1,1,1,1,0,0,0,0,-97,0,11,2,501576362,0,83,1,128,0,"[0,0,0,0,0,0,0,0,0,0,0,0,-2,-2,-4,-4,-5,-5,-6,-7,-7,-8,-7,-8,-7,-9,-7,-8,-6,-8,-6,-8,-5,-7,-5,-6,-3,-4,-2,-2,-1,-1,0,0,1,1,2,2,3,4,4,5,5,6,5,7,6,7,6,7,6,7,5,6,0,0,4,5,3,3,2,2,1,0,0,0,-1,-2,-2,-3,-2,-5,-3,-6,-4,-7,-4,-8,-4,-8,-4,-8,-4,-8,-4,-7,-3,-6,-3,-5,-2,-4,-2,-2,-1,-1,-1,0,0,0,0,2,0,2,0,3,0,4,0,0,0,0,0,0,0,0,0,0]"
CSI_DATA,38231,80:af:ca:27:52:2a,-54,11,1,1,1,1,1,0,0,0,0,-97,0,11,2,501587574,0,83,1,128,0,"[0,0,0,0,0,0,0,0,0,0,0,0,2,9,2,8,1,7,1,5,0,4,0,2,0,0,-1,-1,-1,-3,-1,-5,-2,-7,-2,-8,-2,-8,-2,-9,-2,-9,-2,-10,-2,-9,-2,-8,-2,-7,-1,-6,-1,-4,-1,-2,-1,-1,0,0,0,2,0,4,0,0,0,7,0,8,0,8,0,8,0,8,0,8,0,8,0,7,0,6,0,4,0,2,0,1,0,0,1,-1,1,-2,1,-4,1,-5,2,-5,2,-6,2,-6,2,-6,2,-6,2,-5,2,-5,1,-4,1,-4,0,0,0,0,0,0,0,0,0,0]"
CSI_DATA,38232,80:af:ca:27:52:2a,-54,11,1,1,1,1,1,0,0,0,0,-97,0,11,2,501609990,0,83,1,128,0,"[0,0,0,0,0,0,0,0,0,0,0,0,-2,2,-3,3,-6,4,-7,5,-8,6,-9,6,-10,6,-10,6,-10,6,-9,6,-8,5,-6,4,-5,3,-3,2,-1,0,0,0,0,-2,2,-3,3,-5,4,-6,5,-7,6,-8,6,-9,6,-9,6,-9,6,-9,0,0,4,-6,3,-5,2,-3,0,-2,0,0,-1,0,-3,2,-4,4,-5,5,-6,6,-6,6,-6,7,-6,6,-6,6,-6,6,-5,6,-4,5,-3,3,-2,2,-1,1,0,0,0,0,1,-1,3,-2,3,-3,4,-3,0,0,0,0,0,0,0,0,0,0]"
CSI_DATA,38233,80:af:ca:27:52:2a,-55,11,1,1,1,1,1,0,0,0,0,-97,0,11,2,501617224,0,83,1,128,0,"[0,0,0,0,0,0,0,0,0,0,0,0,2,-1,4,0,6,0,8,1,9,1,9,2,9,2,9,2,9,2,9,1,7,1,7,1,4,0,2,0,0,0,0,0,-2,0,-4,0,-6,0,-7,1,-9,1,-9,2,-10,2,-10,2,-9,2,-9,2,0,0,-7,2,-5,1,-4,0,-2,0,0,0,2,-1,3,-2,4,-2,6,-2,7,-3,7,-4,8,-4,8,-4,7,-4,7,-4,6,-3,4,-3,4,-2,2,-2,0,-1,0,-1,-1,0,-2,0,-4,0,-4,0,-5,1,0,0,0,0,0,0,0,0,0,0]"
CSI_DATA,38234,80:af:ca:27:52:2a,-54,11,1,1,1,1,1,0,0,0,0,-97,0,11,2,501642819,0,83,1,128,0,"[0,0,0,0,0,0,0,0,0,0,0,0,-3,0,-6,-2,-8,-3,-10,-3,-10,-4,-10,-5,-11,-5,-11,-6,-10,-5,-10,-5,-8,-4,-7,-3,-5,-3,-3,-2,-1,0,0,0,2,1,3,2,5,3,6,3,8,4,9,4,10,5,9,5,9,5,8,4,0,0,6,3,5,2,3,1,2,0,0,-1,-1,-2,-3,-3,-4,-4,-5,-6,-6,-6,-6,-6,-6,-7,-6,-7,-6,-6,-6,-6,-5,-6,-5,-5,-3,-3,-3,-3,-2,-1,-1,0,0,1,0,2,0,3,0,4,0,4,0,0,0,0,0,0,0,0,0,0]"
CSI_DATA,38235,80:af:ca:27:52:2a,-54,11,0,0,0,0,0,0,0,0,0,-97,0,11,2,501650803,0,83,0,128,0,"[0,0,0,0,0,0,0,0,0,0,0,0,3,3,4,6,5,10,6,11,6,12,6,13,5,13,5,13,4,12,3,10,3,9,2,7,1,4,0,2,0,0,-1,-2,-1,-4,-2,-6,-2,-9,-3,-11,-3,-12,-3,-14,-4,-15,-3,-18,-4,-18,-3,-15,0,0,-3,-11,-2,-9,-2,-6,-2,-3,-2,0,-2,3,-2,6,-3,8,-3,9,-3,10,-4,11,-4,11,-4,11,-4,12,-4,11,-4,10,-3,9,-3,7,-2,5,0,3,1,1,3,-1,4,-3,6,-4,7,-6,8,-6,0,0,0,0,0,0,0,0,0,0]"
CSI_DATA,38236,80:af:ca:27:52:2a,-54,11,0,0,0,0,0,0,0,0,0,-97,0,11,2,501667243,0,83,0,128,0,"[0,0,0,0,0,0,0,0,0,0,0,0,4,-1,8,1,11,2,12,2,13,3,15,4,15,4,13,4,12,4,11,3,10,3,8,2,5,1,3,1,0,0,-2,0,-4,-1,-6,-1,-9,-2,-11,-2,-12,-1,-16,-1,-16,-1,-18,-2,-18,-1,-17,-2,0,0,-12,-1,-10,-1,-6,-1,-3,0,0,0,3,0,5,0,8,1,10,0,11,0,12,1,12,1,12,1,13,1,12,1,11,1,10,0,8,0,5,0,3,-1,0,-1,-2,-2,-5,-3,-8,-4,-10,-4,-10,-4,0,0,0,0,0,0,0,0,0,0]"
CSI_DATA,38237,80:af:ca:27:52:2a,-54,11,1,1,1,1,1,0,0,0,0,-97,0,11,2,501694107,0,83,1,128,0,"[0,0,0,0,0,0,0,0,0,0,0,0,-9,0,-8,0,-7,0,-6,0,-4,0,-3,0,-1,-1,0,-1,1,-1,3,-1,4,-2,5,-2,6,-2,7,-3,7,-3,7,-3,7,-3,6,-3,5,-3,4,-2,3,-2,2,-1,1,-1,0,0,-1,0,-2,1,0,0,-5,3,-5,3,-6,4,-6,4,-6,4,-6,4,-6,4,-5,3,-4,3,-3,2,-2,1,-1,1,0,0,1,0,2,-1,2,-1,3,-2,4,-2,4,-3,4,-3,4,-3,4,-3,4,-3,3,-2,3,-2,2,-2,0,0,0,0,0,0,0,0,0,0]"
CSI_DATA,38238,80:af:ca:27:52:2a,-54,11,1,1,1,1,1,0,0,0,0,-97,0,11,2,501704180,0,83,1,128,0,"[0,0,0,0,0,0,0,0,0,0,0,0,6,8,5,8,4,7,3,6,2,4,1,2,0,1,-1,0,-2,-1,-3,-2,-5,-3,-6,-5,-7,-6,-7,-6,-8,-6,-8,-6,-8,-6,-7,-5,-6,-5,-6,-3,-4,-3,-3,-2,-1,-1,0,0,1,0,3,1,0,0,6,2,7,2,8,3,8,3,8,3,8,3,7,2,6,2,5,1,4,1,2,0,1,0,0,0,-1,-1,-2,-1,-3,-2,-5,-2,-5,-2,-6,-2,-6,-2,-6,-2,-6,-2,-5,-2,-5,-2,-4,-2,-3,-1,0,0,0,0,0,0,0,0,0,0]"
CSI_DATA,38239,80:af:ca:27:52:2a,-54,11,0,0,0,0,0,0,0,0,0,-97,0,11,2,501713620,0,83,0,128,0,"[0,0,0,0,0,0,0,0,0,0,0,0,-13,5,-13,5,-12,3,-9,3,-6,1,-4,0,-1,0,0,-2,3,-3,5,-4,7,-5,9,-6,9,-6,10,-6,9,-6,10,-6,10,-6,9,-6,8,-5,6,-4,4,-3,3,-3,0,-1,-2,0,-4,2,-7,3,0,0,-11,6,-13,6,-15,7,-14,7,-14,6,-13,6,-12,6,-10,5,-8,4,-6,3,-4,2,-1,1,0,0,3,0,4,0,6,-1,9,-2,10,-2,12,-3,13,-3,13,-3,13,-3,13,-3,11,-2,10,-2,7,-2,0,0,0,0,0,0,0,0,0,0]"
CSI_DATA,38240,80:af:ca:27:52:2a,-54,11,0,0,0,0,0,0,0,0,0,-97,0,11,2,501726837,0,83,0,128,0,"[0,0,0,0,0,0,0,0,0,0,0,0,-13,5,-13,4,-12,3,-9,2,-6,0,-4,0,-1,0,0,-2,3,-3,5,-4,7,-5,9,-5,9,-5,10,-5,9,-5,10,-6,10,-5,9,-5,8,-5,6,-5,5,-4,3,-2,0,-1,-1,0,-5,2,-6,3,0,0,-11,6,-13,7,-14,8,-14,8,-14,7,-13,7,-11,6,-10,5,-8,4,-5,3,-4,2,-1,1,0,0,2,0,5,-1,6,-2,9,-3,10,-3,11,-4,12,-4,13,-5,12,-4,12,-4,10,-3,9,-3,6,-3,0,0,0,0,0,0,0,0,0,0]"
CSI_DATA,38241,80:af:ca:27:52:2a,-55,11,1,1,1,1,1,0,0,0,0,-97,0,11,2,501736265,0,83,1,128,0,"[0,0,0,0,0,0,0,0,0,0,0,0,-1,-3,0,-5,0,-7,0,-9,0,-9,1,-10,1,-11,1,-10,1,-10,1,-9,1,-8,1,-7,0,-5,0,-3,0,-1,0,0,0,2,0,4,0,5,0,7,0,8,0,9,0,9,0,9,0,9,0,8,0,0,0,6,0,4,0,2,0,1,0,0,0,-2,0,-4,0,-5,0,-7,0,-8,0,-9,0,-9,0,-9,0,-9,0,-8,0,-7,0,-6,0,-4,0,-3,0,-2,-1,0,-1,0,-2,2,-2,2,-2,3,-2,4,0,0,0,0,0,0,0,0,0,0]"
CSI_DATA,38242,80:af:ca:27:52:2a,-54,11,0,0,0,0,0,0,0,0,0,-97,0,11,2,501763430,0,83,0,128,0,"[0,0,0,0,0,0,0,0,0,0,0,0,10,9,9,10,8,9,6,6,3,5,2,3,0,0,-2,0,-4,-2,-6,-3,-7,-5,-9,-6,-9,-6,-10,-6,-10,-6,-10,-7,-10,-7,-10,-6,-9,-6,-7,-5,-6,-3,-4,-3,-2,-1,0,0,3,1,6,3,0,0,11,6,12,7,14,7,13,7,13,8,13,7,11,6,9,5,7,4,6,2,3,1,2,0,0,-1,-2,-3,-3,-4,-5,-5,-7,-7,-8,-9,-10,-9,-10,-10,-10,-10,-10,-10,-10,-10,-9,-8,-8,-6,-6,-5,0,0,0,0,0,0,0,0,0,0]"
CSI_DATA,38243,80:af:ca:27:52:2a,-54,11,1,1,1,1,1,0,0,0,0,-97,0,11,2,501772417,0,83,1,128,0,"[0,0,0,0,0,0,0,0,0,0,0,0,-2,3,-3,4,-5,5,-6,6,-7,6,-8,7,-9,7,-9,7,-9,7,-8,6,-7,6,-6,5,-4,3,-3,2,-1,0,0,0,1,-2,3,-3,3,-5,5,-6,6,-7,6,-7,6,-8,6,-8,6,-8,6,-7,0,0,4,-6,3,-4,1,-3,0,-2,0,0,-2,0,-3,2,-4,3,-6,3,-6,4,-7,5,-7,5,-7,5,-7,5,-6,4,-6,4,-5,3,-3,3,-3,2,-1,1,0,0,0,0,1,0,3,0,3,-1,4,-1,0,0,0,0,0,0,0,0,0,0]"
CSI_DATA,38244,80:af:ca:27:52:2a,-54,11,0,0,0,0,0,0,0,0,0,-97,0,11,2,501783392,0,83,0,128,0,"[0,0,0,0,0,0,0,0,0,0,0,0,-4,3,-7,5,-10,6,-11,7,-14,7,-15,7,-15,7,-14,6,-13,5,-11,4,-9,4,-8,3,-5,1,-3,0,-1,0,1,-1,3,-2,5,-3,7,-4,9,-5,10,-6,14,-6,14,-7,16,-7,15,-7,14,-6,0,0,10,-5,7,-4,4,-3,1,-2,-2,-1,-5,0,-7,0,-9,0,-10,0,-11,1,-14,1,-13,0,-14,0,-14,0,-14,0,-11,0,-11,1,-9,0,-6,1,-4,1,-1,1,1,2,4,2,6,3,8,4,8,4,0,0,0,0,0,0,0,0,0,0]"
CSI_DATA,38245,80:af:ca:27:52:2a,-54,11,0,0,0,0,0,0,0,0,0,-97,0,11,2,501797899,0,83,0,128,0,"[0,0,0,0,0,0,0,0,0,0,0,0,0,13,-1,13,-1,12,-1,9,-1,7,-1,3,-1,1,-1,-1,-1,-3,-1,-6,-2,-8,-1,-11,-2,-11,-2,-11,-2,-11,-3,-13,-2,-11,-2,-11,-2,-10,-2,-9,-2,-7,-1,-5,0,-2,0,0,0,3,2,7,0,0,3,11,3,14,4,15,4,15,4,15,4,14,3,12,3,10,3,8,1,6,1,3,0,1,0,0,0,-3,0,-5,-1,-7,-2,-10,-1,-11,-2,-13,-2,-14,-3,-15,-2,-15,-3,-14,-2,-12,-2,-10,-1,-7,0,0,0,0,0,0,0,0,0,0]"
CSI_DATA,38246,80:af:ca:27:52:2a,-54,11,1,1,1,1,1,0,0,0,0,-97,0,11,2,501806291,0,83,1,128,0,"[0,0,0,0,0,0,0,0,0,0,0,0,3,-1,5,-1,7,-1,9,0,10,0,10,0,11,0,11,0,11,0,10,0,9,0,7,0,5,0,3,0,1,0,0,0,-3,0,-5,0,-6,1,-8,2,-10,2,-10,3,-11,3,-11,3,-11,3,-10,3,0,0,-7,2,-6,1,-4,0,-2,0,0,0,1,0,3,-1,5,-2,6,-3,8,-3,8,-3,9,-3,9,-3,9,-3,8,-3,6,-3,6,-3,4,-2,3,-1,1,-1,0,0,-1,0,-3,0,-4,0,-5,0,-6,0,0,0,0,0,0,0,0,0,0,0]"
CSI_DATA,38247,80:af:ca:27:52:2a,-55,11,1,1,1,1,1,0,0,0,0,-97,0,11,2,501815827,0,83,1,128,0,"[0,0,0,0,0,0,0,0,0,0,0,0,0,2,0,4,0,6,-1,8,-1,9,-2,9,-2,10,-2,9,-2,9,-2,9,-2,7,-1,6,-1,4,-1,2,0,0,0,-1,0,-2,0,-4,0,-6,0,-8,0,-9,0,-9,0,-10,0,-10,0,-10,0,-9,0,0,0,-7,0,-5,0,-4,0,-2,-1,0,-1,2,-1,3,-1,4,-2,6,-2,7,-2,8,-2,8,-2,8,-2,8,-2,7,-1,7,-1,5,0,4,0,2,0,2,0,0,0,-1,1,-2,2,-3,2,-4,2,-4,0,0,0,0,0,0,0,0,0,0]"
CSI_DATA,38248,80:af:ca:27:52:2a,-54,11,0,0,0,0,0,0,0,0,0,-97,0,11,2,501843991,0,83,0,128,0,"[0,0,0,0,0,0,0,0,0,0,0,0,-11,8,-11,8,-10,7,-8,5,-6,3,-4,1,-1,0,0,-2,2,-4,4,-6,5,-8,7,-8,7,-9,8,-9,7,-9,8,-10,8,-8,7,-8,7,-8,5,-6,4,-5,2,-4,0,-1,-1,0,-4,3,-6,5,0,0,-9,9,-11,11,-12,12,-13,12,-12,11,-11,10,-10,9,-8,8,-7,6,-4,4,-3,3,-1,1,0,0,3,0,4,-2,6,-4,8,-5,10,-5,11,-6,12,-7,13,-7,12,-7,11,-7,10,-6,8,-5,6,-4,0,0,0,0,0,0,0,0,0,0]"
CSI_DATA,38249,80:af:ca:27:52:2a,-54,11,1,1,1,1,1,0,0,0,0,-97,0,11,2,501852706,0,83,1,128,0,"[0,0,0,0,0,0,0,0,0,0,0,0,-9,-3,-8,-2,-7,-2,-6,-2,-4,-2,-2,-1,0,-1,1,0,2,0,4,0,6,1,7,1,8,2,9,2,9,2,9,2,8,2,8,1,6,1,5,1,4,0,2,0,1,0,-1,0,-2,-1,-4,-1,0,0,-6,-2,-8,-2,-8,-2,-9,-2,-9,-3,-9,-2,-8,-2,-7,-2,-6,-2,-5,-1,-3,-1,-2,0,0,0,0,1,2,1,2,2,4,2,4,2,5,3,5,3,5,3,5,3,4,3,4,2,3,2,2,1,0,0,0,0,0,0,0,0,0,0]"
CSI_DATA,38250,80:af:ca:27:52:2a,-55,11,1,1,1,1,1,0,0,0,0,-97,0,11,2,501857534,0,90,1,128,0,"[0,0,0,0,0,0,0,0,0,0,0,0,-2,-4,-2,-5,-2,-6,-3,-8,-3,-9,-3,-10,-3,-11,-2,-10,-2,-10,-2,-8,-2,-8,-2,-6,-1,-4,0,-3,0,-1,0,0,0,2,1,4,1,5,2,6,2,8,2,8,2,8,2,8,2,8,2,7,0,0,2,5,1,4,1,2,0,0,0,-1,0,-2,0,-4,-1,-5,-1,-6,-2,-8,-2,-8,-2,-8,-2,-8,-2,-8,-2,-7,-1,-6,-1,-6,-1,-4,-1,-3,-1,-2,-1,0,-1,0,-1,2,-1,2,-1,4,-1,4,0,0,0,0,0,0,0,0,0,0]"
CSI_DATA,38251,80:af:ca:27:52:2a,-54,11,1,1,1,1,1,0,0,0,0,-97,0,11,2,501868343,0,83,1,128,0,"[0,0,0,0,0,0,0,0,0,0,0,0,9,-1,8,-1,7,-1,6,-1,4,0,2,0,1,0,-1,1,-2,1,-4,2,-5,2,-7,2,-8,3,-8,4,-8,3,-9,4,-8,4,-8,4,-7,3,-5,2,-4,1,-2,1,-1,0,0,0,1,-1,2,-2,0,0,5,-4,6,-5,6,-5,7,-6,7,-6,7,-5,6,-5,5,-5,4,-4,3,-3,1,-2,0,-1,0,0,-1,0,-2,1,-4,1,-4,2,-5,3,-5,3,-5,3,-5,4,-5,3,-5,3,-4,2,-4,2,-2,2,0,0,0,0,0,0,0,0,0,0]"
CSI_DATA,38252,80:af:ca:27:52:2a,-54,11,0,0,0,0,0,0,0,0,0,-97,0,11,2,501880497,0,83,0,128,0,"[0,0,0,0,0,0,0,0,0,0,0,0,1,4,0,7,-1,10,-1,11,-2,13,-3,13,-3,13,-3,13,-3,12,-3,10,-2,9,-2,7,-2,4,-2,3,-1,0,-1,-2,-1,-4,0,-6,1,-8,1,-10,0,-12,1,-14,1,-15,2,-18,1,-18,1,-15,0,0,1,-12,0,-9,0,-6,-1,-3,-2,0,-2,3,-3,5,-3,7,-4,9,-4,10,-5,11,-5,11,-5,11,-5,11,-5,11,-4,10,-4,9,-3,7,-2,5,-1,3,1,1,2,-1,4,-3,5,-5,6,-7,7,-7,0,0,0,0,0,0,0,0,0,0]"
CSI_DATA,38253,80:af:ca:27:52:2a,-55,11,1,1,1,1,1,0,0,0,0,-97,0,11,2,501951540,0,83,1,128,0,"[0,0,0,0,0,0,0,0,0,0,0,0,-7,-1,-7,-1,-6,-1,-5,-1,-3,-1,-2,-1,0,0,0,0,1,0,2,0,4,0,5,0,6,0,6,0,7,0,7,0,6,0,6,0,5,0,4,0,3,0,2,0,0,0,0,0,-1,0,-3,0,0,0,-5,0,-6,1,-6,1,-7,1,-7,1,-7,1,-6,1,-6,1,-5,0,-4,0,-2,0,-1,0,0,0,0,0,1,0,2,0,3,0,4,0,4,0,5,0,5,0,5,0,4,0,4,0,3,0,2,0,0,0,0,0,0,0,0,0,0,0]"
CSI_DATA,38254,80:af:ca:27:52:2a,-54,11,1,1,1,1,1,0,0,0,0,-97,0,11,2,501960371,0,83,1,128,0,"[0,0,0,0,0,0,0,0,0,0,0,0,-4,8,-4,8,-4,6,-3,5,-2,3,-2,1,0,1,-2,-1,1,-3,-3,-3,-2,-4,-2,-5,-2,-5,-2,-6,-1,-6,-2,-11,-3,-10,-1,-6,-1,-6,-2,-6,-1,-4,-1,-3,-1,-1,0,0,1,1,1,2,0,0,4,4,5,5,6,5,5,5,5,5,7,5,5,5,5,3,4,3,3,1,1,1,0,0,0,0,-1,0,-2,-2,-4,-2,-4,-2,-5,-2,-5,-2,-6,-2,-5,-2,-6,-2,-4,-1,-4,-2,-3,-2,-2,-1,0,0,0,0,0,0,0,0,0,0]"
CSI_DATA,38255,80:af:ca:27:52:2a,-54,11,1,1,1,1,1,0,0,0,0,-97,0,11,2,501968671,0,83,1,128,0,"[0,0,0,0,0,0,0,0,0,0,0,0,7,-6,6,-6,6,-5,5,-4,4,-2,2,-1,1,0,0,0,-1,1,-2,2,-4,4,-5,5,-6,5,-6,6,-6,6,-6,6,-6,6,-5,6,-5,5,-4,4,-3,3,-2,2,-1,1,0,0,1,-1,1,-2,0,0,4,-5,4,-6,4,-6,5,-7,5,-7,5,-6,4,-6,4,-6,3,-5,2,-4,1,-3,0,-2,0,0,-1,0,-2,1,-3,2,-4,2,-4,3,-4,4,-4,4,-5,4,-4,4,-4,3,-4,3,-3,2,-2,2,0,0,0,0,0,0,0,0,0,0]"
CSI_DATA,38256,80:af:ca:27:52:2a,-55,11,1,1,1,1,1,0,0,0,0,-97,0,11,2,501988567,0,83,1,128,0,"[0,0,0,0,0,0,0,0,0,0,0,0,3,0,4,2,6,3,7,4,8,4,8,5,9,5,8,5,8,4,7,4,6,4,5,3,3,2,2,1,0,0,-1,0,-2,-1,-4,-2,-6,-2,-7,-3,-8,-3,-9,-3,-9,-4,-9,-4,-9,-4,-9,-3,0,0,-7,-2,-4,-2,-3,-1,-2,0,0,0,2,0,3,1,4,2,6,2,7,2,7,2,7,3,7,3,7,2,7,2,6,2,4,1,3,1,2,0,1,0,0,0,-1,-1,-2,-2,-3,-2,-3,-3,-4,-3,0,0,0,0,0,0,0,0,0,0]"
CSI_DATA,38257,80:af:ca:27:52:2a,-55,11,1,1,1,1,1,0,0,0,0,-97,0,11,2,502000082,0,83,1,128,0,"[0,0,0,0,0,0,0,0,0,0,0,0,-2,-2,-3,-4,-4,-6,-4,-7,-4,-9,-5,-9,-5,-10,-5,-9,-5,-9,-4,-9,-4,-8,-3,-7,-2,-5,-2,-4,0,-2,0,0,1,1,2,2,4,4,4,5,5,6,6,7,7,7,7,7,7,7,7,7,0,0,4,4,3,3,2,2,1,0,0,0,-1,-2,-3,-3,-4,-4,-5,-5,-6,-6,-7,-7,-7,-7,-7,-7,-7,-7,-6,-6,-5,-5,-4,-4,-4,-3,-2,-2,-2,-1,-1,0,0,0,0,2,1,2,2,3,2,4,0,0,0,0,0,0,0,0,0,0]"
CSI_DATA,38258,80:af:ca:27:52:2a,-55,11,1,1,1,1,1,0,0,0,0,-97,0,11,2,502009892,0,83,1,128,0,"[0,0,0,0,0,0,0,0,0,0,0,0,-2,1,-5,1,-7,1,-8,1,-10,1,-10,0,-11,0,-10,0,-10,0,-10,0,-9,0,-8,0,-5,0,-3,0,-1,0,0,0,2,0,4,-1,5,-1,7,-1,8,-2,9,-2,10,-2,10,-2,10,-2,9,-2,0,0,7,-2,5,-1,3,-1,1,-1,0,-1,-2,0,-4,0,-6,0,-8,0,-8,0,-9,0,-10,0,-10,0,-9,0,-9,0,-8,0,-7,0,-5,0,-4,0,-2,0,-1,0,0,0,1,1,2,1,3,2,4,2,0,0,0,0,0,0,0,0,0,0]"
CSI_DATA,38259,80:af:ca:27:52:2a,-54,11,1,1,1,1,1,0,0,0,0,-97,0,11,2,502020454,0,83,1,128,0,"[0,0,0,0,0,0,0,0,0,0,0,0,0,-3,0,-6,1,-7,2,-9,2,-10,3,-10,3,-11,3,-11,3,-11,3,-10,2,-9,1,-8,1,-6,0,-4,0,-2,0,0,0,2,0,3,0,6,0,7,0,9,0,10,0,10,0,10,0,10,0,10,0,0,0,7,0,5,0,3,0,1,0,0,0,-2,0,-4,0,-6,0,-7,0,-8,0,-10,0,-10,0,-10,0,-10,0,-9,0,-8,0,-6,0,-5,0,-3,0,-2,0,0,0,0,-1,2,-1,3,-1,4,-1,4,0,0,0,0,0,0,0,0,0,0]"
CSI_DATA,38260,80:af:ca:27:52:2a,-55,11,1,1,1,1,1,0,0,0,0,-97,0,11,2,502029576,0,83,1,128,0,"[0,0,0,0,0,0,0,0,0,0,0,0,0,-3,0,-5,0,-8,1,-9,1,-10,1,-11,1,-11,1,-11,1,-11,1,-11,1,-9,1,-8,0,-5,0,-4,0,-2,0,0,0,2,0,4,0,5,0,7,0,8,0,9,0,10,0,10,0,10,0,9,0,0,0,7,0,5,0,3,0,1,0,0,0,-2,0,-4,0,-5,0,-7,0,-8,0,-8,0,-9,0,-9,0,-8,-1,-8,0,-7,-1,-6,-1,-5,0,-3,0,-2,0,0,0,0,-1,2,0,2,-1,4,-1,4,0,0,0,0,0,0,0,0,0,0]"
CSI_DATA,38261,80:af:ca:27:52:2a,-54,11,1,1,1,1,1,0,0,0,0,-97,0,11,2,502038861,0,83,1,128,0,"[0,0,0,0,0,0,0,0,0,0,0,0,9,-5,9,-5,8,-4,6,-2,4,-2,2,-1,0,0,-1,1,-3,1,-4,2,-6,3,-8,4,-9,5,-9,5,-9,5,-9,5,-9,5,-8,4,-7,4,-6,3,-4,2,-3,1,-1,0,0,0,2,-1,4,-2,0,0,6,-4,8,-4,8,-5,8,-5,8,-5,8,-5,7,-5,6,-4,5,-4,4,-3,2,-2,0,-1,0,-1,-2,0,-4,0,-5,0,-6,1,-6,1,-7,1,-7,1,-7,1,-7,1,-6,1,-6,1,-5,1,-4,1,0,0,0,0,0,0,0,0,0,0]"
CSI_DATA,38262,80:af:ca:27:52:2a,-54,11,1,1,1,1,1,0,0,0,0,-97,0,11,2,502061836,0,83,1,128,0,"[0,0,0,0,0,0,0,0,0,0,0,0,3,9,2,8,2,6,1,6,0,4,0,2,0,1,-1,0,-2,-2,-2,-4,-4,-5,-4,-6,-4,-7,-5,-8,-5,-8,-5,-8,-5,-8,-5,-7,-4,-6,-3,-5,-2,-4,-1,-2,-1,-1,0,0,1,1,2,2,0,0,4,5,4,5,5,6,5,6,5,6,5,6,5,5,4,5,4,4,2,2,1,1,1,0,0,0,0,-2,-1,-2,-2,-4,-2,-5,-3,-5,-3,-5,-4,-5,-4,-6,-4,-5,-3,-5,-3,-5,-2,-4,-2,-3,0,0,0,0,0,0,0,0,0,0]"
CSI_DATA,38263,80:af:ca:27:52:2a,-55,11,0,0,0,0,0,0,0,0,0,-97,0,11,2,502074084,0,83,0,128,0,"[0,0,0,0,0,0,0,0,0,0,0,0,-1,-4,0,-7,1,-10,1,-12,2,-14,3,-14,3,-14,3,-14,3,-13,3,-12,2,-11,2,-9,2,-6,1,-4,0,-2,0,0,-1,2,-2,4,-2,7,-3,9,-3,10,-3,13,-4,14,-5,16,-4,16,-4,15,0,0,-3,11,-3,9,-2,6,-1,3,1,0,1,-3,2,-5,3,-7,4,-9,4,-10,5,-11,5,-11,5,-11,6,-12,6,-12,5,-11,4,-10,4,-9,2,-7,1,-5,-1,-3,-3,-1,-5,1,-7,3,-8,4,-9,5,0,0,0,0,0,0,0,0,0,0]"
CSI_DATA,38264,80:af:ca:27:52:2a,-55,11,1,1,1,1,1,0,0,0,0,-97,0,11,2,502086383,0,83,1,128,0,"[0,0,0,0,0,0,0,0,0,0,0,0,-8,3,-7,3,-6,3,-5,2,-4,1,-3,0,-1,0,0,-1,1,-2,2,-2,4,-3,5,-4,5,-4,6,-5,6,-5,6,-5,6,-5,6,-4,5,-4,4,-3,3,-3,2,-2,1,-1,0,0,-1,1,-3,2,0,0,-5,3,-6,4,-6,4,-6,4,-7,5,-6,4,-6,4,-5,3,-4,3,-3,2,-2,2,-1,1,0,0,1,0,2,-1,3,-1,4,-2,4,-2,5,-2,5,-2,5,-2,5,-2,4,-2,4,-2,3,-2,3,-2,0,0,0,0,0,0,0,0,0,0]"
CSI_DATA,38265,80:af:ca:27:52:2a,-55,11,0,0,0,0,0,0,0,0,0,-97,0,11,2,502099755,0,83,0,128,0,"[0,0,0,0,0,0,0,0,0,0,0,0,-4,2,-7,2,-11,2,-12,2,-14,2,-15,2,-15,2,-15,1,-14,1,-13,1,-11,1,-9,0,-7,0,-5,0,-2,-1,0,-1,2,-1,5,-2,7,-2,9,-3,11,-3,13,-4,14,-4,16,-4,15,-5,14,-4,0,0,11,-4,8,-3,5,-3,2,-2,-1,-1,-3,0,-6,0,-8,0,-10,1,-11,1,-12,1,-12,1,-12,1,-13,1,-12,1,-11,1,-11,1,-8,1,-6,1,-4,1,-2,1,1,1,3,1,6,2,7,2,8,2,0,0,0,0,0,0,0,0,0,0]"
CSI_DATA,38266,80:af:ca:27:52:2a,-54,11,1,1,1,1,1,0,0,0,0,-97,0,11,2,502124942,0,83,1,128,0,"[0,0,0,0,0,0,0,0,0,0,0,0,3,9,2,9,1,7,1,6,0,4,0,3,0,1,-1,0,-2,-2,-3,-4,-4,-5,-4,-6,-6,-7,-6,-7,-6,-8,-6,-8,-6,-7,-6,-7,-5,-6,-4,-5,-3,-4,-2,-3,-1,-1,0,0,1,1,3,2,0,0,5,4,6,4,7,5,7,5,7,5,7,5,6,4,6,4,5,3,4,2,2,1,1,0,0,0,-1,-1,-3,-2,-3,-3,-4,-3,-5,-4,-6,-4,-6,-4,-6,-4,-6,-4,-5,-4,-4,-3,-4,-3,-3,-2,0,0,0,0,0,0,0,0,0,0]"
CSI_DATA,38267,80:af:ca:27:52:2a,-54,11,1,1,1,1,1,0,0,0,0,-97,0,11,2,502134429,0,83,1,128,0,"[0,0,0,0,0,0,0,0,0,0,0,0,2,9,2,8,1,7,1,6,0,4,0,2,0,1,-1,0,-2,-2,-3,-3,-4,-5,-5,-6,-5,-7,-6,-8,-6,-8,-6,-8,-6,-7,-6,-7,-5,-6,-4,-5,-3,-4,-2,-2,-1,-1,0,0,1,1,2,2,0,0,5,4,6,5,7,5,7,6,7,6,7,5,6,5,6,4,5,3,3,2,2,1,1,0,0,0,-1,-1,-2,-2,-3,-3,-4,-4,-5,-4,-5,-5,-5,-5,-6,-5,-5,-5,-5,-4,-5,-3,-4,-3,-3,-2,0,0,0,0,0,0,0,0,0,0]"
CSI_DATA,38268,80:af:ca:27:52:2a,-55,11,1,1,1,1,1,0,0,0,0,-97,0,11,2,502155446,0,83,1,128,0,"[0,0,0,0,0,0,0,0,0,0,0,0,0,2,0,5,-1,7,-1,8,-2,10,-2,10,-2,10,-2,10,-2,10,-2,9,-2,8,-1,7,-1,5,-1,3,0,1,-1,-1,0,-2,0,-5,0,-7,0,-8,-1,-9,-1,-10,-1,-10,-1,-10,-1,-10,-1,-10,0,0,-1,-8,0,-5,0,-4,0,-2,0,0,0,2,0,3,0,5,0,7,0,8,0,8,0,8,0,8,0,8,0,8,0,7,0,5,0,4,0,2,0,1,0,0,0,-1,0,-2,0,-4,0,-5,0,-5,0,0,0,0,0,0,0,0,0,0]"
CSI_DATA,38269,80:af:ca:27:52:2a,-54,11,1,1,1,1,1,0,0,0,0,-97,0,11,2,502163682,0,83,1,128,0,"[0,0,0,0,0,0,0,0,0,0,0,0,-3,0,-6,-1,-7,-2,-9,-3,-10,-3,-11,-3,-11,-3,-11,-3,-11,-3,-10,-3,-9,-3,-7,-3,-6,-2,-3,-1,-1,0,0,0,2,0,3,1,5,2,7,2,8,3,9,3,10,3,10,3,10,3,9,3,0,0,6,2,5,1,3,0,1,0,0,0,-1,-1,-3,-3,-4,-3,-6,-4,-6,-5,-7,-5,-7,-6,-7,-6,-7,-6,-7,-5,-6,-5,-5,-4,-4,-3,-3,-2,-2,-1,-1,0,0,0,0,2,0,3,1,3,1,4,0,0,0,0,0,0,0,0,0,0]"
CSI_DATA,38270,80:af:ca:27:52:2a,-54,11,0,0,0,0,0,0,0,0,0,-97,0,11,2,502195556,0,83,0,128,0,"[0,0,0,0,0,0,0,0,0,0,0,0,-5,-13,-5,-13,-4,-13,-3,-10,-2,-8,-1,-5,0,-2,0,0,1,1,3,3,4,5,5,7,6,8,6,8,6,8,7,9,7,9,7,7,6,7,5,6,4,4,2,3,1,1,0,0,-3,-2,-5,-5,0,0,-10,-9,-12,-10,-13,-11,-14,-12,-13,-11,-13,-10,-12,-9,-10,-8,-8,-6,-6,-4,-4,-3,-2,-1,0,0,0,1,2,3,4,4,6,7,7,8,8,9,9,10,10,10,9,10,9,9,8,9,7,7,5,5,0,0,0,0,0,0,0,0,0,0]"
CSI_DATA,38271,80:af:ca:27:52:2a,-54,11,0,0,0,0,0,0,0,0,0,-97,0,11,2,502209206,0,83,0,128,0,"[0,0,0,0,0,0,0,0,0,0,0,0,-4,12,-4,12,-4,11,-4,8,-3,5,-2,2,-2,0,-1,-2,0,-4,0,-7,0,-9,0,-11,0,-11,0,-12,0,-11,0,-13,0,-11,0,-10,0,-9,0,-8,0,-6,0,-4,0,-1,0,1,0,4,0,8,0,0,0,13,0,14,0,16,0,16,0,15,0,14,0,13,0,11,0,8,0,6,0,4,0,1,0,0,0,-3,1,-5,1,-8,2,-10,3,-12,3,-13,4,-14,3,-15,3,-15,3,-14,2,-13,1,-11,0,-8,0,0,0,0,0,0,0,0,0,0]"
CSI_DATA,38272,80:af:ca:27:52:2a,-54,11,1,1,1,1,1,0,0,0,0,-97,0,11,2,502216796,0,83,1,128,0,"[0,0,0,0,0,0,0,0,0,0,0,0,3,-8,2,-7,2,-6,2,-5,1,-4,1,-2,0,-1,0,0,0,2,-1,3,-1,4,-2,5,-2,6,-2,7,-2,7,-2,7,-2,7,-2,6,-1,6,-1,5,-1,4,-1,2,0,1,0,0,0,-2,0,-3,0,0,1,-6,1,-7,1,-7,1,-7,1,-8,1,-7,1,-7,1,-6,1,-5,0,-4,0,-3,0,-2,0,-1,-1,0,-2,1,-2,2,-2,3,-2,4,-3,4,-3,4,-3,5,-3,4,-3,4,-2,4,-2,3,-2,2,0,0,0,0,0,0,0,0,0,0]"
CSI_DATA,38273,80:af:ca:27:52:2a,-54,11,1,1,1,1,1,0,0,0,0,-97,0,11,2,502223514,0,83,1,128,0,"[0,0,0,0,0,0,0,0,0,0,0,0,-9,-2,-8,-2,-7,-2,-6,-2,-4,-2,-2,-1,-1,-1,0,-1,2,0,4,0,5,0,6,0,8,0,8,0,8,1,8,1,8,0,8,0,6,0,5,0,4,0,2,0,1,0,-1,0,-2,0,-4,0,0,0,-6,0,-8,0,-8,0,-8,0,-9,0,-8,0,-8,0,-6,0,-5,0,-4,0,-3,0,-1,0,0,0,1,0,2,0,3,0,4,0,5,1,5,1,5,1,5,1,5,1,5,0,4,0,4,0,3,0,0,0,0,0,0,0,0,0,0,0]"
CSI_DATA,38274,80:af:ca:27:52:2a,-55,11,0,0,0,0,0,0,0,0,0,-97,0,11,2,502233161,0,83,0,128,0,"[0,0,0,0,0,0,0,0,0,0,0,0,2,-2,6,-2,9,-2,11,-3,13,-3,13,-2,14,-2,13,-2,12,-1,10,-1,9,-1,7,0,5,0,2,0,0,0,-1,0,-3,0,-5,0,-7,0,-10,1,-11,1,-13,2,-14,2,-16,1,-16,2,-15,2,0,0,-11,1,-8,1,-5,0,-2,0,0,0,2,0,5,0,6,0,8,0,9,0,11,0,11,0,11,0,11,0,10,0,10,0,9,0,7,0,5,0,2,-1,0,-1,-1,-2,-3,-2,-6,-3,-7,-4,-8,-4,0,0,0,0,0,0,0,0,0,0]"
CSI_DATA,38275,80:af:ca:27:52:2a,-55,11,1,1,1,1,1,0,0,0,0,-97,0,11,2,502241443,0,83,1,128,0,"[0,0,0,0,0,0,0,0,0,0,0,0,2,-2,4,-2,6,-3,8,-3,8,-3,9,-3,10,-3,9,-3,9,-2,8,-2,7,-2,6,-2,4,-1,2,0,0,0,-1,0,-3,1,-4,1,-6,2,-7,2,-8,2,-9,3,-9,3,-9,3,-9,3,-8,3,0,0,-6,2,-4,1,-3,1,-1,0,0,0,2,0,4,-1,5,-1,6,-2,7,-2,8,-2,8,-2,8,-2,7,-2,7,-2,6,-2,4,-2,4,-1,2,-1,0,-1,0,-1,-1,-1,-2,0,-4,0,-4,0,-5,-1,0,0,0,0,0,0,0,0,0,0]"
CSI_DATA,38276,80:af:ca:27:52:2a,-54,11,0,0,0,0,0,0,0,0,0,-97,0,11,2,502259213,0,83,0,128,0,"[0,0,0,0,0,0,0,0,0,0,0,0,0,-14,0,-13,0,-12,0,-10,0,-7,0,-4,0,-1,0,0,1,3,1,5,2,7,2,9,2,10,2,11,3,10,3,11,3,10,3,10,2,9,2,7,2,6,0,3,0,1,0,-1,-2,-4,-3,-7,0,0,-6,-11,-7,-14,-7,-15,-7,-15,-7,-15,-7,-14,-6,-12,-5,-11,-4,-8,-3,-6,-3,-4,-1,-2,0,0,0,2,0,4,1,7,3,9,3,11,3,12,3,13,4,13,4,13,3,12,3,11,3,9,2,7,0,0,0,0,0,0,0,0,0,0]"
CSI_DATA,38277,80:af:ca:27:52:2a,-54,11,1,1,1,1,1,0,0,0,0,-97,0,11,2,502285099,0,83,1,128,0,"[0,0,0,0,0,0,0,0,0,0,0,0,9,3,8,2,7,2,5,2,4,1,2,1,0,1,-1,0,-3,0,-4,0,-7,0,-8,-1,-8,-1,-10,-1,-10,-1,-10,-1,-9,-1,-8,0,-7,0,-6,0,-5,0,-3,0,-1,0,0,0,2,0,4,-1,0,0,7,-1,7,-1,8,-1,8,-1,8,-1,8,-1,7,-1,7,-1,5,-1,4,-1,2,-1,1,-1,0,-1,-1,0,-3,0,-4,0,-5,0,-6,0,-7,0,-7,0,-7,0,-7,0,-6,0,-5,0,-5,0,-4,0,0,0,0,0,0,0,0,0,0,0]"
CSI_DATA,38278,80:af:ca:27:52:2a,-54,11,1,1,1,1,1,0,0,0,0,-97,0,11,2,502298031,0,83,1,128,0,"[0,0,0,0,0,0,0,0,0,0,0,0,-9,0,-8,0,-7,0,-6,0,-5,0,-2,0,-1,-1,0,-1,2,-1,3,-1,5,-1,6,-2,7,-2,7,-2,8,-2,8,-2,7,-2,7,-2,6,-1,5,-1,3,-1,2,-1,0,0,-1,0,-2,0,-3,0,0,0,-6,1,-7,1,-7,2,-8,2,-8,2,-7,2,-7,2,-6,1,-5,1,-4,1,-2,1,-1,0,0,0,1,0,2,0,3,0,4,0,5,0,5,-1,5,-1,5,-1,5,-1,5,-1,4,-1,3,-1,3,-1,0,0,0,0,0,0,0,0,0,0]"
CSI_DATA,38279,80:af:ca:27:52:2a,-54,11,1,1,1,1,1,0,0,0,0,-97,0,11,2,502318540,0,83,1,128,0,"[0,0,0,0,0,0,0,0,0,0,0,0,-7,-6,-7,-5,-6,-5,-5,-4,-3,-3,-2,-2,-1,-1,0,0,2,0,3,1,5,2,6,2,7,3,7,3,7,3,8,3,7,3,7,3,6,2,5,2,3,1,2,1,1,0,0,0,-2,-1,-3,-1,0,0,-6,-2,-7,-2,-8,-2,-8,-2,-8,-3,-8,-2,-8,-2,-7,-2,-6,-1,-5,-1,-3,-1,-1,0,0,0,1,0,2,1,3,1,4,2,5,2,5,2,5,2,6,2,5,2,5,2,4,2,3,1,3,1,0,0,0,0,0,0,0,0,0,0]"
CSI_DATA,38280,80:af:ca:27:52:2a,-54,11,0,0,0,0,0,0,0,0,0,-97,0,11,2,502331560,0,83,0,128,0,"[0,0,0,0,0,0,0,0,0,0,0,0,-12,-3,-12,-3,-11,-3,-8,-2,-6,-2,-3,-2,0,-1,1,0,3,0,6,0,7,0,9,0,10,0,11,0,10,0,11,0,11,0,10,0,9,0,7,0,6,0,3,0,1,0,-2,0,-5,0,-7,0,0,0,-13,0,-15,0,-17,0,-17,0,-16,0,-15,0,-14,0,-11,0,-10,0,-7,0,-5,0,-3,0,0,0,2,1,4,1,7,2,9,3,11,3,12,3,13,4,14,3,13,3,13,3,11,3,9,3,7,2,0,0,0,0,0,0,0,0,0,0]"
CSI_DATA,38281,80:af:ca:27:52:2a,-54,11,0,0,0,0,0,0,0,0,0,-97,0,11,2,502363209,0,83,0,128,0,"[0,0,0,0,0,0,0,0,0,0,0,0,-8,11,-9,11,-9,10,-6,7,-6,5,-4,2,-2,0,0,-2,0,-5,1,-6,2,-9,4,-10,4,-11,4,-12,3,-11,4,-12,4,-12,3,-11,3,-10,2,-8,1,-6,0,-5,0,-1,0,0,-1,4,-2,6,0,0,-4,12,-5,14,-5,16,-5,16,-5,15,-4,14,-3,12,-3,11,-2,9,-1,6,0,4,0,1,0,0,1,-2,2,-5,3,-6,4,-9,5,-11,5,-12,6,-12,6,-13,5,-13,5,-12,4,-12,3,-10,2,-7,0,0,0,0,0,0,0,0,0,0]"
CSI_DATA,38282,80:af:ca:27:52:2a,-54,11,0,0,0,0,0,0,0,0,0,-97,0,11,2,502372325,0,83,0,128,0,"[0,0,0,0,0,0,0,0,0,0,0,0,-14,-4,-14,-4,-12,-4,-9,-3,-6,-3,-3,-2,0,-1,1,0,3,0,6,0,8,0,10,0,11,0,12,0,11,0,13,0,11,0,10,0,10,0,8,0,6,0,3,0,1,0,-1,0,-5,0,-8,0,0,0,-14,0,-16,-1,-17,0,-17,-1,-16,-1,-16,-1,-15,0,-12,0,-10,0,-7,0,-5,0,-2,0,0,0,2,0,4,1,7,1,10,2,11,3,12,3,13,4,14,3,14,3,13,3,11,2,9,1,7,0,0,0,0,0,0,0,0,0,0,0]"
CSI_DATA,38283,80:af:ca:27:52:2a,-54,11,0,0,0,0,0,0,0,0,0,-97,0,11,2,502385605,0,83,0,128,0,"[0,0,0,0,0,0,0,0,0,0,0,0,-4,-3,-5,-6,-6,-9,-8,-10,-8,-12,-8,-12,-8,-13,-8,-12,-7,-11,-6,-10,-6,-9,-5,-8,-3,-5,-2,-4,-1,-2,1,0,2,1,3,3,5,5,6,7,7,8,9,9,10,9,11,11,11,11,10,10,0,0,8,8,6,6,4,3,2,1,-1,-1,-3,-3,-5,-5,-6,-7,-7,-8,-8,-9,-9,-10,-8,-10,-8,-10,-9,-10,-8,-10,-8,-9,-7,-8,-6,-6,-5,-4,-3,-2,-2,0,0,2,1,4,2,7,3,8,3,9,0,0,0,0,0,0,0,0,0,0]"
CSI_DATA,38284,80:af:ca:27:52:2a,-54,11,1,1,1,1,1,0,0,0,0,-97,0,11,2,502393771,0,83,1,128,0,"[0,0,0,0,0,0,0,0,0,0,0,0,-7,-6,-6,-6,-5,-5,-4,-4,-3,-3,-2,-2,0,-1,0,0,2,0,3,1,4,2,6,3,6,3,7,3,7,3,7,3,7,3,7,3,6,2,4,2,3,1,2,1,1,0,0,0,-2,-1,-3,-1,0,0,-6,-2,-7,-2,-8,-3,-8,-3,-8,-3,-8,-3,-8,-3,-7,-2,-6,-2,-4,-1,-3,-1,-2,0,0,0,1,0,2,1,3,1,4,2,4,2,5,2,5,2,6,2,5,2,4,2,4,2,3,2,3,1,0,0,0,0,0,0,0,0,0,0]"
CSI_DATA,38285,80:af:ca:27:52:2a,-55,11,1,1,1,1,1,0,0,0,0,-97,0,11,2,502401226,0,83,1,128,0,"[0,0,0,0,0,0,0,0,0,0,0,0,2,1,3,2,4,4,5,6,5,7,5,7,6,7,5,7,5,7,4,7,4,6,3,4,2,3,1,2,0,0,-1,0,-2,-2,-3,-3,-4,-4,-5,-5,-6,-7,-7,-7,-7,-7,-7,-7,-7,-7,-7,-7,0,0,-5,-4,-4,-4,-3,-2,-2,-1,0,0,0,1,2,3,2,4,3,5,4,6,4,7,4,7,4,7,4,7,4,6,4,5,3,4,2,3,2,2,1,0,0,0,0,-1,0,-2,0,-4,0,-4,0,-5,0,0,0,0,0,0,0,0,0,0]"
CSI_DATA,38286,80:af:ca:27:52:2a,-54,11,0,0,0,0,0,0,0,0,0,-97,0,11,2,502411932,0,83,0,128,0,"[0,0,0,0,0,0,0,0,0,0,0,0,-1,-3,0,-7,0,-10,0,-12,0,-14,0,-14,0,-15,0,-14,0,-13,0,-12,0,-11,0,-9,0,-6,0,-4,0,-1,0,0,0,1,0,4,0,6,0,9,0,10,0,13,0,14,0,16,0,16,0,15,0,0,0,11,0,9,0,6,0,2,0,0,0,-3,0,-5,0,-7,0,-10,0,-11,0,-13,0,-13,0,-13,0,-13,0,-13,0,-12,0,-11,0,-9,0,-7,0,-4,0,-1,-1,0,-2,3,-3,5,-3,7,-4,8,0,0,0,0,0,0,0,0,0,0]"
CSI_DATA,38287,80:af:ca:27:52:2a,-54,11,0,0,0,0,0,0,0,0,0,-97,0,11,2,502431828,0,83,0,128,0,"[0,0,0,0,0,0,0,0,0,0,0,0,-4,-4,-5,-8,-6,-10,-7,-11,-7,-13,-7,-14,-6,-14,-6,-14,-5,-13,-4,-11,-4,-10,-3,-8,-2,-5,-1,-3,-1,-1,0,1,1,3,1,5,1,8,2,10,3,11,3,13,3,14,2,16,3,15,2,14,0,0,2,10,1,7,1,5,1,1,1,-2,1,-5,1,-7,1,-9,1,-10,2,-11,2,-13,2,-12,2,-13,3,-13,3,-12,2,-11,2,-10,1,-8,0,-6,-1,-4,-2,-2,-4,0,-5,2,-7,4,-8,5,-9,5,0,0,0,0,0,0,0,0,0,0]"
CSI_DATA,38288,80:af:ca:27:52:2a,-54,11,0,0,0,0,0,0,0,0,0,-97,0,11,2,502443746,0,83,0,128,0,"[0,0,0,0,0,0,0,0,0,0,0,0,-6,12,-7,12,-7,11,-4,8,-4,5,-3,2,-2,0,0,-3,0,-5,0,-7,0,-9,1,-11,2,-12,2,-13,1,-12,2,-13,2,-12,1,-11,1,-10,0,-8,0,-7,0,-4,0,-2,0,1,0,4,0,8,0,0,0,13,0,15,0,17,0,17,0,16,0,15,0,13,0,11,0,8,0,6,0,4,0,1,0,0,0,-3,0,-5,0,-8,1,-11,2,-13,1,-13,2,-14,1,-15,1,-15,1,-14,1,-13,0,-11,0,-8,0,0,0,0,0,0,0,0,0,0]"
CSI_DATA,38289,80:af:ca:27:52:2a,-55,11,0,0,0,0,0,0,0,0,0,-97,0,11,2,502469706,0,83,0,128,0,"[0,0,0,0,0,0,0,0,0,0,0,0,9,-8,10,-8,9,-6,6,-5,5,-3,3,-1,0,0,0,2,-2,3,-3,4,-5,6,-6,6,-7,7,-7,7,-6,7,-8,8,-7,7,-6,6,-6,6,-5,5,-3,3,-3,2,0,0,0,-1,3,-4,4,-6,0,0,7,-10,9,-12,10,-13,10,-13,9,-12,9,-12,7,-10,6,-9,5,-8,3,-6,1,-4,0,-2,-1,0,-3,0,-5,2,-6,3,-9,5,-10,6,-11,6,-12,7,-12,8,-12,7,-11,7,-10,6,-9,6,-6,4,0,0,0,0,0,0,0,0,0,0]"
CSI_DATA,38290,80:af:ca:27:52:2a,-55,11,0,0,0,0,0,0,0,0,0,-97,0,11,2,502483340,0,83,0,128,0,"[0,0,0,0,0,0,0,0,0,0,0,0,3,2,5,5,6,8,7,9,8,11,8,11,8,12,8,12,7,11,6,10,5,8,4,7,3,5,1,3,0,1,-1,-1,-3,-3,-4,-5,-5,-7,-7,-8,-8,-9,-10,-12,-10,-12,-11,-14,-11,-13,-11,-13,0,0,-8,-9,-6,-7,-4,-5,-2,-2,-1,1,1,3,3,5,4,6,4,8,5,9,6,10,6,10,6,10,6,10,5,10,5,9,5,8,4,6,3,4,2,2,1,-1,0,-3,0,-6,-1,-8,-2,-9,-2,-10,0,0,0,0,0,0,0,0,0,0]"
CSI_DATA,38291,80:af:ca:27:52:2a,-55,11,1,1,1,1,1,0,0,0,0,-97,0,11,2,502491400,0,83,1,128,0,"[0,0,0,0,0,0,0,0,0,0,0,0,-4,7,-4,7,-4,6,-3,5,-3,3,-2,2,-1,0,0,0,0,-2,1,-3,1,-5,2,-6,2,-7,2,-7,3,-7,3,-8,3,-7,2,-7,2,-6,2,-5,1,-4,1,-3,0,-1,0,0,-1,1,-1,2,0,0,-2,5,-2,6,-2,6,-2,7,-3,7,-3,6,-2,6,-2,5,-2,5,-1,4,-1,2,0,1,0,0,0,-1,1,-2,1,-3,2,-3,2,-4,2,-4,2,-5,2,-5,2,-5,2,-4,2,-4,2,-3,1,-3,0,0,0,0,0,0,0,0,0,0]"
CSI_DATA,38292,80:af:ca:27:52:2a,-54,11,1,1,1,1,1,0,0,0,0,-97,0,11,2,502522793,0,83,1,128,0,"[0,0,0,0,0,0,0,0,0,0,0,0,5,6,4,6,4,5,3,4,2,3,1,2,0,1,-1,0,-2,-1,-3,-2,-4,-3,-6,-4,-6,-4,-7,-5,-7,-5,-7,-5,-7,-5,-7,-4,-6,-4,-5,-3,-3,-2,-2,-2,-1,-1,0,0,1,0,3,1,0,0,5,2,6,2,7,3,7,3,7,3,7,3,7,2,6,2,5,1,3,1,2,1,1,0,0,0,-1,-1,-2,-1,-3,-2,-4,-2,-5,-2,-5,-3,-6,-3,-6,-3,-5,-3,-5,-2,-4,-2,-4,-2,-3,-1,0,0,0,0,0,0,0,0,0,0]"
CSI_DATA,38293,80:af:ca:27:52:2a,-55,11,1,1,1,1,1,0,0,0,0,-97,0,11,2,502529968,0,83,1,128,0,"[0,0,0,0,0,0,0,0,0,0,0,0,-2,1,-4,2,-7,2,-8,2,-9,2,-10,2,-11,2,-10,2,-10,1,-9,1,-9,1,-7,1,-5,0,-4,0,-2,0,0,-1,1,-2,3,-2,5,-2,6,-3,7,-4,8,-4,9,-4,9,-4,9,-4,8,-4,0,0,6,-3,4,-2,2,-2,1,-1,0,0,-2,0,-4,0,-5,1,-7,2,-7,2,-8,2,-9,2,-9,2,-8,2,-8,2,-7,2,-6,2,-4,2,-3,1,-2,1,0,0,0,0,2,0,2,0,4,0,4,0,0,0,0,0,0,0,0,0,0,0]"
CSI_DATA,38294,80:af:ca:27:52:2a,-54,11,0,0,0,0,0,0,0,0,0,-97,0,11,2,502542552,0,83,0,128,0,"[0,0,0,0,0,0,0,0,0,0,0,0,4,-13,5,-14,4,-13,3,-10,2,-7,1,-4,0,-1,0,0,0,3,0,5,0,8,-1,9,-1,11,-1,11,-1,11,-1,12,-1,12,-1,10,-1,10,0,8,0,6,0,4,0,1,0,0,0,-4,0,-7,0,0,-1,-14,-1,-16,-1,-17,-1,-16,0,-16,-1,-16,-1,-15,-1,-12,-1,-10,0,-7,0,-5,0,-2,0,0,0,1,-1,4,0,6,0,9,-1,11,0,13,-1,14,0,14,0,14,0,13,0,12,0,10,0,7,0,0,0,0,0,0,0,0,0,0]"
CSI_DATA,38295,80:af:ca:27:52:2a,-54,11,0,0,0,0,0,0,0,0,0,-97,0,11,2,502554696,0,83,0,128,0,"[0,0,0,0,0,0,0,0,0,0,0,0,-3,3,-6,4,-9,6,-10,8,-12,8,-13,8,-13,8,-13,8,-12,7,-11,6,-10,6,-9,4,-6,3,-4,2,-2,0,0,-1,2,-2,4,-4,6,-5,8,-6,9,-7,11,-9,12,-9,14,-10,14,-10,13,-9,0,0,9,-7,7,-6,5,-4,2,-3,-1,-1,-4,0,-6,1,-8,2,-9,3,-10,3,-12,4,-12,4,-12,4,-12,4,-12,4,-11,4,-10,4,-8,3,-6,2,-4,2,-1,1,2,1,4,1,6,1,8,0,9,1,0,0,0,0,0,0,0,0,0,0]"
CSI_DATA,38296,80:af:ca:27:52:2a,-54,11,0,0,0,0,0,0,0,0,0,-97,0,11,2,502566916,0,83,0,128,0,"[0,0,0,0,0,0,0,0,0,0,0,0,9,-11,10,-10,9,-9,7,-7,5,-4,2,-2,0,0,0,1,-2,3,-4,5,-5,7,-7,9,-7,9,-7,10,-7,10,-8,11,-7,10,-6,9,-6,8,-5,7,-3,5,-2,3,-1,0,0,-1,1,-5,2,-8,0,0,5,-13,6,-14,7,-16,7,-16,7,-15,7,-14,5,-13,4,-11,3,-9,2,-7,0,-4,0,-2,-1,0,-2,1,-4,3,-5,6,-7,8,-8,9,-9,11,-10,11,-10,11,-9,11,-9,11,-8,10,-6,8,-4,6,0,0,0,0,0,0,0,0,0,0]"
CSI_DATA,38297,80:af:ca:27:52:2a,-54,11,0,0,0,0,0,0,0,0,0,-97,0,11,2,502578268,0,83,0,128,0,"[0,0,0,0,0,0,0,0,0,0,0,0,-10,-10,-10,-11,-8,-10,-6,-7,-5,-6,-3,-4,0,-2,0,0,3,1,4,3,6,4,7,5,8,6,9,6,9,6,10,6,10,6,9,5,8,5,7,4,6,3,3,2,1,0,-1,0,-4,-1,-7,-3,0,0,-12,-6,-13,-6,-16,-7,-16,-7,-15,-7,-14,-6,-13,-6,-11,-5,-9,-4,-6,-3,-5,-2,-3,0,0,0,1,1,3,3,6,3,8,5,9,6,10,6,11,7,12,7,12,7,11,6,10,6,9,5,6,3,0,0,0,0,0,0,0,0,0,0]"
CSI_DATA,38298,80:af:ca:27:52:2a,-54,11,1,1,1,1,1,0,0,0,0,-97,0,11,2,502584610,0,83,1,128,0,"[0,0,0,0,0,0,0,0,0,0,0,0,9,-1,8,-1,7,-1,6,0,4,0,2,0,0,0,-1,0,-2,1,-4,1,-6,1,-7,2,-8,2,-9,2,-9,2,-9,2,-9,2,-8,2,-7,2,-6,2,-4,1,-3,1,-1,0,0,0,1,-1,3,-2,0,0,5,-4,6,-4,7,-4,8,-4,8,-4,8,-4,6,-4,6,-4,5,-3,4,-2,2,-2,0,-1,0,0,-2,0,-3,0,-4,1,-5,1,-6,1,-6,2,-6,2,-6,2,-6,2,-5,2,-5,1,-4,1,-3,1,0,0,0,0,0,0,0,0,0,0]"
CSI_DATA,38299,80:af:ca:27:52:2a,-55,11,1,1,1,1,1,0,0,0,0,-97,0,11,2,502594172,0,83,1,128,0,"[0,0,0,0,0,0,0,0,0,0,0,0,6,-2,6,-2,5,-2,4,-1,3,-1,2,0,0,0,0,0,-1,1,-2,1,-3,2,-4,3,-5,3,-5,3,-6,4,-6,4,-5,4,-5,3,-4,3,-4,2,-3,2,-2,1,-1,0,0,0,0,-1,1,-2,0,0,3,-4,3,-4,4,-5,4,-5,4,-5,4,-5,4,-5,3,-4,3,-4,2,-3,1,-2,0,-1,0,0,-1,0,-2,0,-2,1,-3,2,-3,2,-4,2,-4,3,-4,3,-4,2,-3,2,-3,2,-3,2,-2,1,0,0,0,0,0,0,0,0,0,0]"
CSI_DATA,38300,80:af:ca:27:52:2a,-54,11,0,0,0,0,0,0,0,0,0,-97,0,11,2,502606917,0,83,0,128,0,"[0,0,0,0,0,0,0,0,0,0,0,0,-8,10,-9,10,-8,8,-6,7,-5,5,-4,2,-2,0,0,-1,0,-3,1,-5,2,-8,3,-9,3,-10,4,-10,3,-10,4,-11,3,-11,3,-11,3,-10,2,-8,1,-7,1,-5,0,-2,0,0,0,3,-1,6,0,0,-2,11,-3,14,-3,16,-3,16,-3,15,-3,14,-2,13,-2,11,-2,9,-2,7,-1,5,0,2,0,0,0,-2,1,-5,2,-7,2,-9,3,-11,3,-12,4,-13,4,-14,4,-14,4,-13,3,-12,2,-10,2,-8,0,0,0,0,0,0,0,0,0,0]"
CSI_DATA,38301,80:af:ca:27:52:2a,-54,11,1,1,1,1,1,0,0,0,0,-97,0,11,2,502615893,0,83,1,128,0,"[0,0,0,0,0,0,0,0,0,0,0,0,3,-9,3,-8,2,-7,2,-6,2,-5,1,-3,0,-1,0,0,0,2,0,3,-1,5,-1,6,-1,7,-1,8,-1,8,-1,8,-1,8,-1,7,-1,7,0,6,0,4,0,2,0,1,0,0,0,-2,0,-3,0,0,-1,-6,-1,-7,-1,-8,-1,-8,-1,-8,-1,-8,-1,-8,-1,-7,-1,-6,-1,-5,0,-3,0,-2,0,0,0,1,0,2,0,3,0,4,0,5,0,5,0,5,0,6,0,5,0,5,0,4,0,3,0,3,0,0,0,0,0,0,0,0,0,0]"
CSI_DATA,38302,80:af:ca:27:52:2a,-54,11,1,1,1,1,1,0,0,0,0,-97,0,11,2,502626037,0,83,1,128,0,"[0,0,0,0,0,0,0,0,0,0,0,0,4,-2,6,-1,8,-1,10,0,11,0,12,0,12,0,11,0,11,0,10,0,9,0,6,0,4,0,3,0,0,0,-1,0,-3,0,-6,0,-8,0,-9,0,-10,0,-11,0,-12,0,-12,0,-11,0,-10,0,0,0,-8,0,-6,0,-3,0,-2,0,0,0,2,0,4,0,6,1,7,2,8,1,9,2,10,2,9,2,9,2,8,2,7,2,6,1,4,0,3,0,1,0,0,-1,0,-2,-2,-2,-3,-3,-3,-4,-4,-4,0,0,0,0,0,0,0,0,0,0]"
CSI_DATA,38303,80:af:ca:27:52:2a,-54,11,0,0,0,0,0,0,0,0,0,-97,0,11,2,502648939,0,83,0,128,0,"[0,0,0,0,0,0,0,0,0,0,0,0,0,-5,2,-8,4,-11,4,-13,6,-14,6,-14,7,-14,7,-13,7,-12,6,-11,5,-10,4,-8,3,-5,2,-3,0,-1,-1,1,-2,3,-3,5,-5,7,-6,8,-7,10,-8,12,-8,13,-10,14,-9,14,-8,13,0,0,-6,9,-5,7,-3,4,-1,2,1,-1,3,-3,5,-5,6,-6,7,-7,8,-8,9,-9,9,-9,9,-9,9,-9,9,-9,8,-8,7,-8,5,-6,3,-5,1,-4,-1,-3,-4,-2,-6,0,-8,0,-10,1,-11,1,0,0,0,0,0,0,0,0,0,0]"
CSI_DATA,38304,80:af:ca:27:52:2a,-55,11,1,1,1,1,1,0,0,0,0,-97,0,11,2,502671574,0,83,1,128,0,"[0,0,0,0,0,0,0,0,0,0,0,0,-5,-7,-5,-7,-4,-6,-3,-5,-2,-4,-1,-3,0,-2,0,0,2,0,3,1,4,2,5,3,6,3,6,3,7,4,7,4,7,4,6,3,6,3,4,2,3,1,2,1,1,0,0,0,-2,0,-3,0,0,0,-6,-1,-7,-1,-7,-1,-8,-1,-8,-1,-8,-1,-7,-1,-6,-1,-5,-1,-4,0,-3,0,-1,0,0,0,1,0,2,0,3,0,4,0,5,0,5,0,5,0,5,0,5,0,5,0,4,0,4,0,3,0,0,0,0,0,0,0,0,0,0,0]"
CSI_DATA,38305,80:af:ca:27:52:2a,-54,11,0,0,0,0,0,0,0,0,0,-97,0,11,2,502679838,0,83,0,128,0,"[0,0,0,0,0,0,0,0,0,0,0,0,3,1,5,4,7,7,8,7,9,9,9,10,9,10,9,10,9,9,8,8,7,7,6,6,4,4,2,3,0,1,-2,0,-3,-1,-5,-2,-7,-3,-9,-4,-11,-4,-14,-5,-15,-5,-17,-6,-17,-5,-16,-5,0,0,-11,-4,-9,-3,-6,-2,-3,-2,0,-1,3,0,5,0,7,1,9,1,10,1,11,1,11,1,11,1,11,1,11,1,10,0,9,0,7,0,5,-1,3,-1,0,-1,-3,-2,-5,-2,-7,-2,-9,-2,-10,-2,0,0,0,0,0,0,0,0,0,0]"
CSI_DATA,38306,80:af:ca:27:52:2a,-53,11,0,0,0,0,0,0,0,0,0,-97,0,11,2,502690701,0,83,0,128,0,"[0,0,0,0,0,0,0,0,0,0,0,0,-17,-2,-16,-3,-15,-3,-12,-3,-8,-3,-5,-2,-2,-2,2,-2,4,-2,7,-2,10,-2,12,-1,13,-2,14,-2,13,-2,14,-2,13,-2,13,-2,11,-1,8,-2,7,-1,4,-1,1,-1,-2,0,-6,1,-8,2,0,0,-15,3,-19,4,-19,4,-20,4,-19,4,-17,4,-15,4,-13,3,-10,2,-7,2,-5,1,-2,1,0,0,3,-1,5,-1,7,-1,11,-2,12,-2,14,-2,15,-2,15,-3,15,-3,14,-3,12,-3,10,-3,7,-3,0,0,0,0,0,0,0,0,0,0]"
CSI_DATA,38307,80:af:ca:27:52:2a,-54,11,1,1,1,1,1,0,0,0,0,-97,0,11,2,502700651,0,83,1,128,0,"[0,0,0,0,0,0,0,0,0,0,0,0,-2,-10,-2,-9,-1,-8,-1,-6,0,-5,0,-3,0,-1,0,0,1,2,1,4,2,5,2,7,3,8,3,8,4,8,4,8,4,8,4,7,3,6,2,5,2,4,1,2,0,0,0,0,-1,-2,-2,-3,0,0,-4,-6,-5,-7,-5,-7,-5,-8,-5,-8,-5,-8,-5,-7,-4,-6,-4,-5,-3,-4,-2,-2,-1,-1,0,0,0,1,1,2,1,3,2,4,2,5,2,5,3,5,3,5,3,5,2,5,2,4,2,4,1,2,0,0,0,0,0,0,0,0,0,0]"
CSI_DATA,38308,80:af:ca:27:52:2a,-54,11,1,1,1,1,1,0,0,0,0,-97,0,11,2,502707726,0,83,1,128,0,"[0,0,0,0,0,0,0,0,0,0,0,0,5,7,5,6,4,6,3,5,2,4,1,2,0,1,-1,0,-2,-1,-4,-2,-5,-4,-5,-5,-6,-5,-7,-5,-7,-6,-8,-6,-7,-5,-7,-5,-6,-4,-5,-4,-4,-2,-2,-2,-1,-1,0,0,1,0,2,1,0,0,5,2,6,3,7,3,8,3,8,4,8,3,6,3,6,2,5,2,4,1,2,1,1,0,0,0,-1,-1,-2,-1,-4,-2,-5,-2,-5,-2,-5,-3,-6,-3,-6,-3,-5,-3,-5,-3,-5,-2,-4,-2,-3,-2,0,0,0,0,0,0,0,0,0,0]"
CSI_DATA,38309,80:af:ca:27:52:2a,-54,11,1,1,1,1,1,0,0,0,0,-97,0,11,2,502717446,0,83,1,128,0,"[0,0,0,0,0,0,0,0,0,0,0,0,1,-3,3,-3,5,-4,6,-5,7,-6,8,-6,9,-6,9,-6,9,-6,8,-6,7,-6,6,-5,4,-3,3,-2,1,-1,0,0,-1,1,-3,3,-4,4,-5,6,-6,6,-6,7,-6,8,-6,9,-6,8,-6,8,0,0,-4,6,-3,4,-3,3,-1,1,0,0,0,-2,2,-3,3,-5,3,-6,4,-7,4,-8,5,-8,5,-8,5,-8,4,-7,3,-6,3,-6,2,-4,1,-3,0,-2,0,0,-1,0,-2,1,-3,2,-3,3,-4,3,0,0,0,0,0,0,0,0,0,0]"
CSI_DATA,38310,80:af:ca:27:52:2a,-54,11,1,1,1,1,1,0,0,0,0,-97,0,11,2,502726179,0,83,1,128,0,"[0,0,0,0,0,0,0,0,0,0,0,0,-8,3,-8,3,-7,2,-6,2,-4,1,-3,0,-1,0,0,-1,1,-1,2,-2,4,-3,5,-3,6,-4,7,-4,7,-4,7,-5,7,-4,6,-4,6,-4,4,-3,3,-3,2,-2,1,-1,0,0,-1,0,-3,1,0,0,-5,3,-6,3,-7,4,-7,4,-8,4,-7,4,-7,4,-6,3,-5,3,-4,2,-3,1,-1,1,0,0,1,0,2,-1,3,-1,4,-2,5,-2,5,-2,6,-2,6,-2,6,-2,5,-2,4,-2,4,-1,3,-1,0,0,0,0,0,0,0,0,0,0]"
CSI_DATA,38311,80:af:ca:27:52:2a,-55,11,1,1,1,1,1,0,0,0,0,-97,0,11,2,502734682,0,83,1,128,0,"[0,0,0,0,0,0,0,0,0,0,0,0,0,7,0,6,0,5,0,4,0,3,0,2,0,0,0,0,0,-2,0,-3,0,-4,0,-5,-1,-6,-1,-7,-1,-7,-1,-7,-1,-7,-1,-7,-1,-6,0,-5,0,-4,0,-2,0,-1,0,0,0,1,0,2,0,0,0,5,0,6,0,6,0,7,0,7,0,7,0,6,0,6,0,5,0,3,0,2,0,1,0,0,0,-1,0,-2,0,-3,1,-4,1,-4,1,-5,1,-5,1,-5,1,-5,1,-4,1,-4,1,-3,0,-3,0,0,0,0,0,0,0,0,0,0]"
CSI_DATA,38312,80:af:ca:27:52:2a,-54,11,1,1,1,1,1,0,0,0,0,-97,0,11,2,502760935,0,83,1,128,0,"[0,0,0,0,0,0,0,0,0,0,0,0,-11,1,-10,1,-8,0,-7,0,-5,0,-3,-1,0,-1,1,-2,3,-2,5,-3,7,-3,8,-3,9,-4,10,-4,10,-4,10,-4,9,-4,8,-4,7,-3,5,-3,3,-2,1,-1,0,0,-1,0,-3,1,-5,2,0,0,-8,3,-8,4,-9,4,-9,4,-10,4,-9,4,-8,4,-7,3,-6,3,-4,2,-2,1,-1,1,0,0,2,0,3,0,5,-1,5,-1,6,-2,6,-2,6,-2,6,-2,6,-2,5,-2,5,-2,4,-1,3,-1,0,0,0,0,0,0,0,0,0,0]"
CSI_DATA,38313,80:af:ca:27:52:2a,-54,11,0,0,0,0,0,0,0,0,0,-97,0,11,2,502772527,0,83,0,128,0,"[0,0,0,0,0,0,0,0,0,0,0,0,9,-10,10,-10,9,-10,6,-7,5,-5,3,-3,1,0,0,0,-1,3,-2,5,-4,7,-5,8,-5,9,-5,10,-5,10,-5,11,-5,10,-4,10,-4,9,-4,8,-2,6,-2,4,-1,1,0,-1,0,-5,0,-7,0,0,1,-13,1,-15,1,-16,2,-17,2,-16,1,-15,1,-14,1,-11,0,-10,0,-7,0,-5,0,-2,0,0,0,1,-1,4,-1,6,-2,10,-3,10,-3,12,-3,13,-3,14,-3,13,-2,12,-2,11,-1,9,-1,6,0,0,0,0,0,0,0,0,0,0]"
CSI_DATA,38314,80:af:ca:27:52:2a,-54,11,1,1,1,1,1,0,0,0,0,-97,0,11,2,502788999,0,83,1,128,0,"[0,0,0,0,0,0,0,0,0,0,0,0,2,0,5,1,6,2,8,4,8,4,8,5,9,5,9,5,9,5,8,5,8,4,6,3,4,2,2,2,0,0,-1,0,-2,0,-5,0,-7,-1,-8,-1,-10,-1,-11,-1,-11,-1,-11,-1,-11,-1,-11,0,0,0,-8,0,-6,0,-4,0,-2,0,0,0,2,0,3,0,5,0,7,0,8,0,9,0,10,0,10,0,9,0,8,0,8,0,6,0,5,0,3,0,1,0,0,0,-1,0,-2,0,-4,0,-5,-1,-5,-1,0,0,0,0,0,0,0,0,0,0]"
CSI_DATA,38315,80:af:ca:27:52:2a,-54,11,1,1,1,1,1,0,0,0,0,-97,0,11,2,502796820,0,83,1,128,0,"[0,0,0,0,0,0,0,0,0,0,0,0,-4,0,-6,0,-7,0,-9,0,-10,0,-10,-1,-11,-1,-10,-1,-10,-1,-9,-1,-8,-1,-7,-1,-4,-1,-3,0,-1,0,0,0,2,0,4,0,6,0,7,0,9,0,9,0,10,0,10,0,9,0,9,0,0,0,7,0,5,0,3,0,2,0,0,-1,-2,-1,-4,-2,-5,-2,-7,-2,-8,-3,-9,-3,-9,-4,-9,-4,-9,-4,-9,-3,-7,-3,-7,-2,-5,-2,-4,-1,-2,0,-1,0,0,1,0,2,2,2,2,3,2,4,0,0,0,0,0,0,0,0,0,0]"
CSI_DATA,38316,80:af:ca:27:52:2a,-54,11,0,0,0,0,0,0,0,0,0,-97,0,11,2,502808834,0,83,0,128,0,"[0,0,0,0,0,0,0,0,0,0,0,0,-4,-4,-4,-7,-4,-11,-6,-12,-6,-14,-5,-14,-5,-15,-5,-14,-4,-13,-4,-12,-3,-11,-2,-9,-2,-6,-1,-4,-1,-2,0,0,1,3,1,5,2,7,2,9,3,11,4,13,4,13,4,16,5,15,4,15,0,0,3,11,2,8,2,5,1,2,0,-1,0,-4,0,-7,-1,-9,-1,-11,-1,-11,-1,-13,-1,-13,-1,-13,-1,-14,-1,-13,-1,-12,-1,-11,-1,-9,-1,-7,-2,-4,-2,-2,-3,1,-3,4,-4,6,-5,8,-5,8,0,0,0,0,0,0,0,0,0,0]"
CSI_DATA,38317,80:af:ca:27:52:2a,-54,11,0,0,0,0,0,0,0,0,0,-97,0,11,2,502842819,0,83,0,128,0,"[0,0,0,0,0,0,0,0,0,0,0,0,7,-11,8,-11,8,-10,6,-8,5,-5,3,-3,1,0,0,1,-1,4,-2,5,-4,7,-5,9,-5,10,-5,10,-5,10,-5,10,-5,10,-5,9,-5,8,-4,7,-3,5,-2,3,0,0,0,-1,1,-5,2,-7,0,0,5,-12,5,-14,6,-15,6,-15,5,-15,5,-14,5,-12,4,-10,3,-9,1,-6,0,-5,0,-2,-1,0,-3,1,-4,3,-5,5,-6,7,-8,9,-8,10,-9,10,-9,11,-9,10,-8,10,-7,10,-5,8,-5,6,0,0,0,0,0,0,0,0,0,0]"
CSI_DATA,38318,80:af:ca:27:52:2a,-54,11,1,1,1,1,1,0,0,0,0,-97,0,11,2,502860036,0,83,1,128,0,"[0,0,0,0,0,0,0,0,0,0,0,0,5,7,4,7,4,6,2,5,1,4,0,2,0,1,-1,0,-2,-1,-4,-3,-5,-4,-5,-5,-6,-6,-7,-7,-7,-7,-7,-7,-7,-7,-6,-5,-5,-5,-4,-4,-3,-3,-2,-2,-1,-1,0,0,1,1,2,2,0,0,5,4,6,4,7,5,7,5,7,5,7,5,6,4,5,4,4,3,3,2,2,1,1,0,0,-1,-1,-1,-1,-2,-2,-4,-4,-4,-4,-5,-4,-5,-4,-5,-5,-5,-4,-5,-4,-5,-4,-4,-3,-4,-2,-2,0,0,0,0,0,0,0,0,0,0]"
CSI_DATA,38319,80:af:ca:27:52:2a,-54,11,1,1,1,1,1,0,0,0,0,-97,0,11,2,502866763,0,83,1,128,0,"[0,0,0,0,0,0,0,0,0,0,0,0,-2,8,-2,7,-2,6,-1,5,-1,4,-1,2,-1,1,-1,0,0,-2,0,-3,0,-5,0,-6,0,-7,0,-7,0,-8,0,-8,-1,-8,-1,-7,-1,-7,0,-6,0,-4,0,-3,0,-1,0,0,0,1,0,2,0,0,1,5,1,6,1,6,1,7,1,7,1,7,1,6,1,6,1,5,1,4,0,2,0,1,0,0,0,-1,0,-2,0,-3,-1,-4,-1,-5,-1,-5,-1,-5,-1,-5,-1,-5,-1,-5,-1,-4,-1,-4,-1,-3,0,0,0,0,0,0,0,0,0,0]"
CSI_DATA,38320,80:af:ca:27:52:2a,-55,11,1,1,1,1,1,0,0,0,0,-97,0,11,2,502875175,0,83,1,128,0,"[0,0,0,0,0,0,0,0,0,0,0,0,0,3,0,5,0,8,-1,9,-1,11,-2,11,-2,13,-2,12,-2,12,-2,11,-2,9,-2,8,-1,6,-1,4,0,1,0,-1,0,-3,0,-5,0,-7,0,-9,0,-11,0,-11,0,-12,0,-12,0,-12,0,-11,0,0,0,-8,0,-6,0,-4,0,-2,0,0,-1,2,-2,4,-2,5,-2,7,-3,8,-3,9,-4,9,-4,9,-4,9,-3,8,-3,7,-2,6,-2,5,-1,3,0,2,0,0,1,0,2,-2,2,-2,3,-4,4,-4,0,0,0,0,0,0,0,0,0,0]"
CSI_DATA,38321,80:af:ca:27:52:2a,-54,11,0,0,0,0,0,0,0,0,0,-97,0,11,2,502884668,0,83,0,128,0,"[0,0,0,0,0,0,0,0,0,0,0,0,-3,4,-5,6,-8,8,-9,9,-10,10,-11,9,-11,9,-11,9,-10,8,-9,7,-8,6,-7,4,-5,3,-3,1,-1,0,1,-1,3,-3,4,-4,7,-5,8,-6,9,-8,11,-8,12,-9,14,-9,13,-10,12,-9,0,0,9,-7,7,-5,4,-4,1,-3,-2,-2,-5,0,-6,0,-9,1,-10,1,-11,2,-13,2,-13,1,-13,1,-13,1,-13,1,-12,1,-11,1,-9,1,-7,1,-4,1,-2,2,1,2,3,3,5,3,7,4,8,4,0,0,0,0,0,0,0,0,0,0]"
CSI_DATA,38322,80:af:ca:27:52:2a,-55,11,1,1,1,1,1,0,0,0,0,-97,0,11,2,502912059,0,83,1,128,0,"[0,0,0,0,0,0,0,0,0,0,0,0,2,-3,5,-4,7,-4,8,-5,10,-5,11,-5,11,-5,11,-5,11,-5,10,-5,8,-5,7,-3,5,-2,3,-1,1,0,0,1,-1,2,-2,5,-4,5,-5,8,-5,9,-5,10,-6,11,-5,11,-5,11,-5,10,0,0,-3,7,-2,5,-2,3,-1,1,0,0,0,-3,0,-5,0,-7,0,-9,0,-10,0,-11,0,-11,0,-11,0,-11,0,-10,0,-8,0,-8,0,-5,0,-3,0,-2,0,0,0,1,0,2,0,4,0,5,0,5,0,0,0,0,0,0,0,0,0,0]"
CSI_DATA,38323,80:af:ca:27:52:2a,-54,11,0,0,0,0,0,0,0,0,0,-97,0,11,2,502924384,0,83,0,128,0,"[0,0,0,0,0,0,0,0,0,0,0,0,-13,6,-14,5,-13,4,-10,3,-8,1,-5,0,-3,-1,0,-2,0,-4,3,-6,4,-8,6,-8,7,-9,7,-9,6,-9,8,-11,7,-9,6,-9,5,-8,4,-8,2,-6,1,-4,0,-1,0,0,-1,4,-2,7,0,0,-5,12,-6,15,-6,16,-6,16,-6,16,-5,15,-4,14,-3,11,-2,9,-2,7,-1,5,0,1,0,0,0,-2,1,-5,2,-8,3,-11,4,-12,4,-14,5,-15,4,-16,4,-15,3,-14,3,-13,2,-11,1,-8,0,0,0,0,0,0,0,0,0,0]"
CSI_DATA,38324,80:af:ca:27:52:2a,-54,11,1,1,1,1,1,0,0,0,0,-97,0,11,2,502932684,0,83,1,128,0,"[0,0,0,0,0,0,0,0,0,0,0,0,-1,1,-5,2,-6,3,-8,3,-10,4,-10,4,-11,5,-11,5,-10,5,-10,5,-9,5,-8,4,-6,2,-5,1,-3,0,-1,0,0,-2,1,-4,3,-5,4,-7,5,-8,5,-9,5,-10,5,-10,5,-10,4,-10,0,0,3,-8,2,-6,1,-5,0,-3,0,0,0,0,-1,3,-1,5,-2,6,-2,8,-2,9,-2,10,-2,10,-2,10,-1,9,-1,8,-1,6,0,5,0,3,0,1,0,0,0,0,0,-2,0,-4,0,-5,0,-5,0,0,0,0,0,0,0,0,0,0]"
CSI_DATA,38325,80:af:ca:27:52:2a,-55,11,1,1,1,1,1,0,0,0,0,-97,0,11,2,502949060,0,83,1,128,0,"[0,0,0,0,0,0,0,0,0,0,0,0,2,0,5,0,6,0,8,1,9,1,10,2,11,2,11,2,11,2,10,2,8,2,7,1,5,1,3,0,1,0,0,0,-2,0,-4,-1,-6,-1,-8,-1,-9,-2,-10,-2,-11,-2,-11,-2,-11,-2,-11,-1,0,0,-8,-1,-7,-1,-5,0,-3,0,-1,0,0,0,2,0,4,1,6,2,7,2,8,2,8,2,8,2,8,2,8,2,7,2,6,2,5,1,3,1,2,0,0,0,0,0,-1,-1,-2,-2,-3,-3,-4,-4,0,0,0,0,0,0,0,0,0,0]"
CSI_DATA,38326,80:af:ca:27:52:2a,-54,11,1,1,1,1,1,0,0,0,0,-97,0,11,2,502957045,0,83,1,128,0,"[0,0,0,0,0,0,0,0,0,0,0,0,1,-3,3,-5,5,-5,6,-6,7,-7,8,-7,8,-7,8,-7,8,-6,7,-6,6,-5,5,-4,3,-3,2,-2,0,-1,-1,0,-2,1,-4,2,-5,2,-7,4,-8,5,-8,5,-9,5,-9,5,-8,5,-8,5,0,0,-6,4,-5,3,-3,2,-1,1,0,0,2,0,3,0,5,-1,6,-2,7,-2,8,-2,8,-2,8,-2,8,-2,8,-2,8,-2,6,-2,5,-1,3,-1,2,-1,0,-1,0,-1,-2,-1,-3,-1,-4,-2,-5,-2,0,0,0,0,0,0,0,0,0,0]"
CSI_DATA,38327,80:af:ca:27:52:2a,-54,11,0,0,0,0,0,0,0,0,0,-97,0,11,2,502965392,0,83,0,128,0,"[0,0,0,0,0,0,0,0,0,0,0,0,3,12,2,13,1,12,1,8,0,6,0,3,0,0,0,-2,0,-4,-1,-7,-1,-9,-1,-11,-1,-12,-1,-12,-1,-11,-1,-13,0,-12,-1,-10,0,-10,0,-8,-1,-7,-1,-4,-1,-1,-1,0,-1,4,-2,7,0,0,-2,12,-3,13,-3,16,-3,16,-4,15,-3,14,-3,13,-3,11,-2,9,-1,7,-1,5,0,2,0,0,2,-1,3,-3,4,-5,6,-7,8,-8,8,-9,9,-10,10,-10,10,-10,10,-9,9,-8,8,-8,6,-6,0,0,0,0,0,0,0,0,0,0]"
CSI_DATA,38328,80:af:ca:27:52:2a,-55,11,1,1,1,1,1,0,0,0,0,-97,0,11,2,502975750,0,83,1,128,0,"[0,0,0,0,0,0,0,0,0,0,0,0,-10,-4,-8,-4,-7,-4,-6,-3,-3,-2,-2,-1,0,-1,1,0,3,1,4,2,6,3,7,4,7,5,8,5,8,6,7,6,7,5,7,5,6,4,5,3,3,2,2,1,0,0,0,-1,-1,-3,-3,-4,0,0,-5,-6,-5,-7,-6,-8,-6,-8,-6,-8,-6,-8,-5,-7,-5,-6,-4,-6,-3,-4,-2,-2,-2,-1,-1,0,-1,1,-1,3,0,5,0,5,0,6,0,7,0,7,0,7,0,7,0,6,0,6,0,5,0,3,0,0,0,0,0,0,0,0,0,0]"
CSI_DATA,38329,80:af:ca:27:52:2a,-55,11,1,1,1,1,1,0,0,0,0,-97,0,11,2,502983277,0,83,1,128,0,"[0,0,0,0,0,0,0,0,0,0,0,0,-11,-3,-9,-3,-7,-3,-6,-3,-4,-2,-1,-2,0,-1,2,-1,4,-1,6,0,8,0,9,0,10,0,11,0,11,0,10,0,9,0,9,0,7,0,5,0,3,0,1,0,0,0,-2,0,-4,0,-6,0,0,0,-9,1,-10,1,-11,1,-11,1,-11,1,-10,1,-9,1,-7,1,-6,1,-4,1,-3,1,-1,0,0,0,2,0,4,0,5,0,6,0,7,0,7,0,7,0,7,0,7,0,6,0,6,0,4,0,3,-1,0,0,0,0,0,0,0,0,0,0]"
CSI_DATA,38330,80:af:ca:27:52:2a,-54,11,1,1,1,1,1,0,0,0,0,-97,0,11,2,502996900,0,83,1,128,0,"[0,0,0,0,0,0,0,0,0,0,0,0,9,-1,8,-1,7,-1,6,0,4,0,3,0,1,0,0,1,-2,1,-3,2,-5,3,-6,3,-7,3,-7,4,-7,4,-7,4,-7,4,-7,4,-6,3,-4,3,-3,2,-2,1,-1,0,0,0,1,-2,2,-3,0,0,4,-5,4,-6,4,-6,4,-7,4,-7,4,-7,4,-6,3,-6,3,-4,2,-4,1,-3,0,-1,0,0,-1,0,-2,1,-3,3,-3,3,-3,4,-3,4,-3,4,-4,4,-3,4,-3,4,-3,3,-2,3,-1,2,0,0,0,0,0,0,0,0,0,0]"
CSI_DATA,38331,80:af:ca:27:52:2a,-53,11,0,0,0,0,0,0,0,0,0,-97,0,11,2,503016908,0,83,0,128,0,"[0,0,0,0,0,0,0,0,0,0,0,0,10,-11,10,-11,10,-10,7,-7,5,-5,3,-2,1,0,0,2,-2,4,-5,5,-5,8,-7,9,-8,10,-8,10,-7,10,-9,10,-8,10,-7,9,-7,8,-5,6,-4,5,-3,3,0,0,0,-1,3,-4,5,-7,0,0,8,-12,10,-13,10,-15,10,-15,10,-14,10,-13,8,-12,6,-10,5,-9,3,-6,2,-5,0,-3,-1,-1,-3,0,-5,2,-7,4,-10,5,-11,6,-12,7,-13,7,-13,8,-13,8,-12,7,-11,7,-10,6,-7,5,0,0,0,0,0,0,0,0,0,0]"
